exact_hash,n,labels,periods,first_date,last_date
000757d3be4c6711d50005213d3533afb30d734968a2cdc666600e316c35572d,2,1,1,2024-07-16,2024-07-16
000c70dc555dd866e17284d775754d6e45cd7e03756bf9a0212c83a0903ba474,2,1,1,2025-08-22,2025-08-22
001af6745db375b441ceee4ebae0bcc5899592ce12bb8053b18c5d4cb80f157f,2,1,1,2025-11-24,2025-11-24
00276ccfa66d550a3bb030b56450a6391c0d45a155029c98d2965292add5ea3d,2,1,1,2025-07-29,2025-07-30
0030535c5984244f3c94bafd585a41f23d13044f6a2242214ea51c2d9363a146,2,2,1,2025-02-09,2025-02-09
003551b2d06a8b1a192511ea91ca1bed98175c5813cd7eb758eaea84c26098a0,2,1,1,2025-12-23,2025-12-25
0076800b717457e71adb30234df237eef3ef25a309eb7fa97a8213add5cf7fda,2,1,1,2024-08-31,2024-08-31
0083401d31ae8f08917d2fdce0f0a75c0fa6791c3c049fd0f69eead8830fd73b,2,1,1,2024-01-26,2024-01-26
00a07a4f6aa03552a7ea5eec247151cb091840a2e6d5c50c733275600bed49b0,2,1,1,2025-05-22,2025-05-22
00ab3e20b6a64a4543a8ac1fb8f6d09f909e13b53867755155d5c02db05d6947,2,1,1,2025-03-10,2025-03-10
00afe02cfc01a18a3ff414c39fe9519ee0ae2daf41e12c8e62ca8f523f000a4d,2,1,1,2026-04-15,2026-04-15
00b0c374acb09c8e5d9929fac7775b5ce3f39afb17676d04d7975edf3ab15959,2,1,1,2025-08-14,2025-08-14
00b4abaace0ccc10edb7092cc37cd8d88655f3c75e68f96fe4b97133dd89c1f1,4,1,1,2025-12-23,2025-12-27
00c058fd0474aff1e85746be443c46c650646a0fd17627c2570771ff6b6ae168,2,1,2,2026-02-20,2026-04-06
00c3e7ea520201acb430af67334bf0b900d64170dde1f4c881dfb555bcf75575,2,1,1,2024-10-23,2024-10-23
00cf4ce11a8713143aa5a6b4c0c9ada9d6f0422b5625cdaeb45850cf7d348168,2,1,1,2024-09-22,2024-09-22
00d50a7ebb6af893db674670b274a11805fe158324bc3aebd0ab656cebc71e93,2,1,1,2025-08-12,2025-08-13
00d58bec820039f7e9703bef86288c30b2edc3a13042ad1e960500df62966494,3,1,1,2026-03-06,2026-03-06
00ff569e2f66d1de50cf845f5c0bc11b28bc89c2ca03cbda7491cb2490e35fa1,2,1,1,2024-05-27,2024-06-01
01061ce6d0d3aa9a3f254d3d98c1435ca30f1725d2774a336257783046fa85ec,3,2,1,2025-07-08,2025-07-10
0106c3b470f5fb59b01f22ec1a9345db89949f25efebd556690331ccd213e5e7,3,1,2,2025-10-16,2026-01-21
010a1911a5a4281341f808aec7d693c50781300485cc853962dcd928c7511c5c,6,1,1,2025-11-01,2025-11-01
01159f90324b92212077b1788c5c06d84b09beeb40004baa8cd183a2a36ca512,3,1,2,2024-06-03,2025-02-18
0116bfe7d02018f11bbce1a0f1be72fcfde747dbc2b06440b9d8a8e3e7a77188,3,1,1,2025-01-22,2025-01-22
0122891c6c5245a6665a5ff69a31e5cb0ff24170b3779d9ff3b33b81a52ae1ae,8,1,2,2024-05-15,2024-08-05
01234894b22ade406564edf0e3806e25864c29038c69cdeefa010645944a961d,2,1,1,2025-03-01,2025-03-01
01311f1f5ae69de8f786f30c6e229d264fa3bc4247eb0867827fdf281673e107,2,2,1,2025-03-15,2025-03-15
0135ad098ebbc580535116ed7e9c261ce5b93f7e37486adea0b5f89e6c13f3ab,2,1,1,2024-08-25,2024-08-25
013a2c538360abf34e181d17935a25b190b57800ccc2b33aa0f0332a9db4a191,3,1,1,2025-09-12,2025-09-12
0143b37d25533ab10db833e6215c587ff93e5b306ce90048c1f90a2a7d99858c,2,1,1,2024-12-25,2024-12-25
01489fa77c5b6646c950868bf8a0c91d7ddf7777971c6e4270307c7635e8517d,2,1,1,2024-05-03,2024-05-03
015941f8c817ec50bd1f5754f6d66d5e5a5a1c5ff653312717ecb4ac1384e403,3,1,1,2025-10-15,2025-10-15
015c1f7bd1b67717d83262449c0096ab48ba49ccbc437387337a0b0e336a6eda,2,1,1,2024-07-17,2024-07-17
016a81d54b4b1cfe40136428c27adadf4a0fe74a4fb99ec1bce2db42fe2c1c9d,3,1,1,2024-02-06,2024-02-06
017395dc9fc2bb2c90c95d05b8a7d064526991d90b7ccea028826c4de9bc8696,2,1,1,2025-12-09,2025-12-09
017ed75cd154b286934c78c283f3ea8e3f1a4c9badd18bd1d3e8b1d20f63d798,3,2,3,2024-09-18,2025-05-24
019072765ed161b069d0f17aa35bc9fa5c75d676b7c2ffc8c1211bf2d748bf38,2,1,1,2024-10-18,2024-10-18
019145007034fc700b4bd9bb151ebf00f3eafe956248a8bc1b77dbbe38cab3b6,3,1,1,2025-08-18,2025-08-19
01952338da388b45078e3a0de62a411057d0ddeb4e5a20c38b4da79f744cbd16,6,1,3,2025-07-29,2026-03-11
019b4e96e23d09bd9f32faf27db76b3d2fb130a1d2a4f94eabdffdf0716a2b29,2,1,1,2023-12-05,2023-12-05
01a04987ede84a89cd52fe94eb1b38fd69412424ec580d45d59fd0d178b6ce03,2,1,1,2025-12-22,2025-12-22
01a73810ee737e11d55b4f6b295673627164fe8133c678ce6b17814bf7012919,2,1,1,2025-06-12,2025-06-16
01ad45d6070ef40e52a43bd0e15bc5491ca3e9ae763acc5aac320ae9e0f78fa6,2,1,1,2025-04-08,2025-04-08
01baeaca288b1fff5a5de429a2f12ea7524cb48204fe7a9eb706c9db968290e8,2,1,1,2025-04-27,2025-04-27
01be03defff858424598efffe17af71b72c2a64c9d1d7a7d326f758a3b0df06a,2,1,1,2024-05-05,2024-05-05
01c00809122ff9e168d46f181822f94e26d209f0d64a382fe0b005f74cb5d186,2,1,1,2024-01-22,2024-01-22
01d956fd053c1cfcdc1c8dfba68976548736a44baa37706518c1509f59e75eca,3,1,1,2024-04-01,2024-04-01
01de371d6272af86bc909de025afeed698ff413d60ca252289e29df23c63ab33,3,1,1,2024-03-26,2024-03-26
01e4de8c59c9f1d70ad2537c73fb2693cfff387787aa925b13f0034a3692f8d3,5,1,1,2024-01-25,2024-02-08
01ed8fb019fb92f91a5258489600b54b9bae797f7e040d19b79561cb6704023c,3,1,1,2024-10-03,2024-10-04
020675c0c82dea6dda5407364c2272994db3fc3125335cacaf2dfe9649ea27dd,3,1,1,2024-08-21,2024-08-21
020ac6a1ab75a0529c45f726bbaa30fcf6f1cb05a8eac7189ca22929f7da3fe7,2,1,1,2023-11-21,2023-11-21
020adc684e2b43cccc9b18c5a2037bf7cc51c8c098ab073cd39ddf04569dce0a,2,1,1,2024-11-04,2024-11-04
020da56c1292c590961237c4f572127418a10a3ab30c4a9090daca7d18f54d7a,2,1,1,2025-04-02,2025-04-02
020f65004769f7af8770a9ec209e8e5023e2c697163acd06304d46f299dcc112,2,1,1,2025-10-08,2025-10-09
0210a3de0ae0756ce5fe8f096fac2875981d6300affe4f6ce88707b6c98d44ae,8,1,3,2025-07-07,2026-03-06
0214dbc67de2c548f42363a7fa2e2dc37beda197601fc94f4e9af0c4ea750905,2,1,1,2023-11-28,2023-11-28
0218f58d29e8bd60d2590064e7d8d85b11dff45e8ac1c66912c5a9d0fe2bf9ff,2,1,1,2023-11-15,2023-11-15
0222581ff06feb41ddac4a54e967511388f5c97a77155bc6e60ccc23bee0d141,2,1,1,2025-04-17,2025-04-17
0227afa61a16d222c7579ea2e25c2ff6221fd7e7b0d3f4641a6ab03ec4ebad3c,81,1,2,2024-10-02,2025-01-03
0228efe4fb47fbde2ccb99214137eefba8e72e0a825c69fd17337c8473bf92a7,2,1,1,2025-12-16,2025-12-16
022ba613c158d6fe0d8243941623ce40fd141333df947e28184480da15a7da3b,2,1,1,2024-03-29,2024-03-29
02392d5a9328d4f90567354717b1b5b492e816e46a6f9fa89896bcb8a1bf4e25,2,1,1,2024-12-28,2024-12-28
0247593c33b098068ebda2749c2b02dd7e088c58d12f4581a9f3a2a6a8ce082c,5,1,2,2025-06-14,2025-09-19
0248254d8aab84a32afc22ff11850ffb4b680bba51fab1e89d4ca3c3208bea2e,2,1,1,2025-05-13,2025-05-13
024bb0f2df771308f573d72452aac92798dc9c97673a7d6b2cfda4ec189ea08b,4,1,1,2025-07-30,2025-07-30
024d6a6d79c77633232354b52e8764f780304113950bd4fc9a19151f9ae8ea08,3,2,1,2024-09-28,2024-09-28
0258d580a023492c719c702fb7121d93a0c8851fc547588f1158023382308303,3,1,1,2026-01-02,2026-03-24
025fea11ad4202842b9eee6b22446e326a65e85d22da1b2de483a21b44a85599,4,1,1,2024-12-23,2024-12-26
026811319293c37c705e82e59e617aa5e5286589a101d3ba6dbd1a6440069a7d,2,1,1,2025-03-29,2025-03-29
0284f41183b01d81a7d2e53cd7d03aebbf8b28ade5d0ebf44ba6141c9c6536b9,20,1,1,2024-07-17,2024-09-04
028d5d436e6a9ca1388d3ebc88cfd1f2a0195a0ad9b3f8259cef5f9d52a683a2,2,1,1,2025-10-15,2025-10-15
02950f98158d4d70d9bb7664525044d70efcb4e935079ca0fcc62fe9866a898a,2,1,1,2024-11-05,2024-11-05
029585654a6f7245ad964b294c064fe57da81abd921326725bb9941d2bb40855,25,1,4,2024-06-21,2025-01-03
029c6f2b0eb89dc01afc0e726103d907f9aa8b9a8e0ab670d1899593b7dfe48c,2,1,1,2023-10-16,2023-10-16
02a6d2e6f6c4322ec0f3f1a6c89a97e6965a74a4b9b105fe10b6a6d9d07e60c6,2,1,1,2025-09-25,2025-09-25
02ada4b46ffdcded2ab9735a41aebc4bcf37743e23d3bfb7acdb423f26e861b4,7,1,1,2024-04-12,2024-06-13
02c0cf185dbfc5f432e32a1aa0ca169a37b7bfcb7a75bd408580796f2832cec5,2,1,1,2026-01-22,2026-02-05
02c99dc8efaa7f99806764598356cf34a84b33805c2de4f418a216b9d1fac64e,6,2,2,2024-12-29,2025-04-02
02d692e7bfd9048a76d227c58e6f9d730cb84ef92dfff9b01149423f66ed4f83,2,1,1,2025-07-24,2025-07-24
02ddc6873e8004e598956555392a598aee24b675069191744c553e1ce23caea7,2,1,1,2024-10-04,2024-10-18
02df1775cb7a6d42e16d93cc542cb256c6554c6d62409a6416afcd65eab15fc7,2,1,1,2024-10-27,2024-10-27
02df6500d400441a0785cbadeb1d61bb69db2af78c3fb7b917d5bea3f92dc569,2,1,1,2025-06-20,2025-06-20
02e0051345aa67111b76b267ad91133fd8966b06e607b360eaf35e30d3b582f4,3,1,1,2023-11-30,2023-12-01
02e02b5de9377db5d00a2362be0197b83dcfe4ae7f8d43d2f84da122e39a5eef,6,1,1,2024-07-02,2024-07-30
02f05f307a5c378b83e0a657bddf0717d4682425699de7ce8cd20ff59003e2f0,2,1,1,2025-04-13,2025-04-13
02f946021c3a00a61b8e0e23e679b0b6da6e84c5df3d26e653ec226c610ff1d7,4,1,1,2024-11-04,2024-11-04
0301fb2bbd147e7fe9c0b85e0bcd9f3c0e662744af53d3c603c189c632183342,2,1,1,2025-10-15,2025-10-15
03103668daa501a285215cfb112e75f9ec724e2a712f7d1198c96ad77310eb8f,2,1,1,2025-10-09,2025-12-03
031c7f7b7cba456af081b068507b3f8ec879714f5d864c6d0c4a4749ff593e05,5,1,1,2024-01-22,2024-01-23
031ca3f75bc90ffa71104c896faed3334e8c4c600e755a7b32be97cf0ae94ddb,3,1,1,2025-08-13,2025-08-25
033faf0a1732d05d89c0a5fc4e14049b6f0358b5ee7ebc55f002fc042037877f,2,1,2,2024-12-18,2025-05-19
034518207f43ce3beccfdbd012e7c24efc4a819e1dfe805f1102e4b39849a792,2,1,1,2024-05-13,2024-05-13
03461a352edf925b006d5cd91e539ccaf2c3656201d8fa1559315477b20bf9b0,2,1,1,2026-05-01,2026-05-01
03476b39b518c92118cdd8da2b9364a36f9b2a669766fc3f050d9d8aacc43f1f,2,1,1,2024-11-15,2024-11-15
03537c3a5dca05eb206df4f424708a95d60c95b0f1210f52e4ed6cc774fba355,2,1,1,2024-01-12,2024-01-12
0353ccedc7cc1dc79b267b6887bbfd80c79f37d1144a9fabd52d4d239cb110ac,4,1,1,2026-06-15,2026-06-15
035e117d1a192dd35868c29a75eca02f71854e3db1daf953062c1322cfd5292c,3,1,1,2025-08-19,2025-08-19
0363baa89fc3d48d43155590d958485bee7ef1134aa538d99193fc39f98e041d,2,1,1,2026-03-04,2026-03-18
0368c52367ecf90d9ac1fc523ffb3743819db709ba3e2550d67f51f723009ccb,2,1,1,2024-07-26,2024-07-26
0375699ab00d59df9ed52e94f882e859551b42898b603164246899bd00fc87e0,2,1,1,2025-08-12,2025-08-13
03893c341430ed870c62a2997dc43425defb6e91b1cb8f61e5c322901558f53f,2,1,1,2024-11-20,2024-11-21
03914ad52d877d87290ba2d1e8627973cc26b30e9c1f3a29921100726c995180,3,1,1,2025-02-08,2025-02-08
039b8590a1e82519c85b883616c2e3f7d5c200e7b8314dd10020cd0a46f4440d,2,1,1,2024-01-23,2024-01-23
03a753b28eb25e9d6a7c2e71703b224dcbec70e1d70a443da7563dd1cb199c5b,3,1,1,2025-03-03,2025-03-07
03b181036cce94b0ce0d44ae909de11089353b59410efd94a427b3fb4fe2be32,2,1,1,2026-04-06,2026-06-02
03bf349bcc949ad4a6d995e6373c3738c1fb6f4b50a5c5cd58a6cdeefff73ab0,2,1,1,2025-09-09,2025-09-09
03c1e6602040c6b3b3b7dbc7e60ba643eb2bd084e351b38fb316258234bc1034,2,1,1,2024-09-16,2024-09-16
03c6365e5366bfdd425acbb01231006a2415f43d465f1239376b9a4c7fb9fc50,2,1,1,2025-04-30,2025-04-30
03d7eff98dc106b032d70b6634de8c97e34faca6b85297d533e6da856767f630,2,1,1,2025-10-08,2025-10-08
03df9f5ba15061f71cbf83ae1d92b6b2a449c7cabb81488b5ea7a3ef147bec6e,2,1,1,2023-10-24,2023-10-24
03e5c3849dab68c3e50d03037fe4dc9fd5327c1b364aac052d596f3b9c81e9a7,2,1,1,2024-07-05,2024-07-05
03f032bc55bed10a151afeebed74775ee84c6d96edfe482c30e5b616f7b72af6,2,1,1,2024-04-23,2024-04-23
03f97d7abc1b5917a9ef6bfcc7e3c46724de9a2478c56f8483e4bea0e4948b5a,6,1,1,2024-12-30,2024-12-30
04029aadd0abeed5ffc9507c8e1dbfa4844553bfa09f36ca180d03d3cea0fe53,3,1,1,2025-11-18,2025-11-18
0414a1f625b2f9fd15c5525f696b3925df1e6e148218311ef0b9c2e7afc6d21f,2,1,1,2026-02-19,2026-02-25
041600b5887f089b484d0932d8acb9c3432cd2b82d4992aad0217b04eb70b23b,5,1,3,2025-11-11,2026-05-19
041c85262ccab950e0bbbef5d492c41681d28ecb1e582127d4e0d6d8dd013c03,7,1,1,2024-04-10,2024-04-10
041fc7db83d3bddafe262f6755ef02bcacd5b18d967834c570cf7ccb67e0b017,2,1,1,2026-03-08,2026-03-08
042021aaf88562b89490190d78cc7442d03734d74ef7b9f9f1ce460e24c4375c,5,1,1,2024-04-03,2024-04-19
042197bbb024bb83f87ac35fb3370a29a3284895aa3eefa309803301b07f102f,2,1,1,2025-10-13,2025-10-15
042fe62a442da739febc803ec59fb1b9c2c2639b8fdd643a39ef7c153f406385,2,1,1,2025-02-11,2025-02-11
0432e87ee042d22a2d64ecb2c0d79af16d1048c88d39d8fee66c233f71749e1d,3,1,1,2024-09-30,2024-09-30
04477d3cce5d05cc7c33e86489ad436e76c208b3c2553dc1d403567d3af2f76b,2,1,1,2024-06-11,2024-06-11
04575881721148b10c6cb9e098dbaba8df31f30f5901fcd323eedf724882fd74,2,2,1,2024-11-17,2024-11-17
045a1c0c32bc6cfc0cb7e875197f2db52ddaaec3cac1e6dc23c408b3e6f87482,2,1,1,2025-04-15,2025-04-15
045fa209617e4ada485b75cc8f7340c471b3432a2821cda5cf2005580ec3568f,3,1,1,2024-10-08,2024-10-08
04700e9f48a1e9be11b649bc68176130fc3b68f9d6e29775adc295b3d08c0c28,2,1,1,2025-12-02,2025-12-02
047074d428b11c874b9a432581fcba495ad71f1c2fd6077e2c4467dfe1584686,2,1,1,2025-01-23,2025-01-23
0474b9c21652392952b93097ad9fa411eae5d064c9df9e0da965882a06281681,2,1,1,2025-02-18,2025-02-26
049252d7932c4bf79678760a8f61b41998458b3382080074ecc6e9b521f4a8df,2,1,1,2024-09-20,2024-09-26
0497c61441f6359a9b6128ba011025361b2b466c9f402c8ae132429b85854d6c,52,1,1,2025-12-03,2025-12-26
04a38c38206bc2db49f0c150941525871d5ef64d967b9f004a664d20d188f01d,2,1,1,2024-12-17,2024-12-18
04b57fa61aa1bb10c868a7a3947c6b2f4be7743973fe614fcb317fc4bd36c99f,2,1,1,2024-09-28,2024-09-28
04b7e30a00da9ba366538cdd35b3b17b8533a630118dd49e58e532341f6c8a37,4,1,1,2025-08-13,2025-08-13
04bc8579de06256dd41cc40b76318a1f670478e2c1fbb366230d829f16401078,2,1,1,2025-12-26,2025-12-26
04c3f24e95afeeb5b98f7f9393cf900c4603dc1b7c87e64ae819279f6122cfce,11,1,4,2025-06-17,2026-02-05
04ce6aab46f81b3336cfb0a8321a87a134808154cad5cde404f47925d4a82289,2,1,1,2025-08-13,2025-08-13
04da640b6dfc3089fb234dd1971c45e987ec59fa16ba448ece429521fdee2c0a,2,1,1,2026-03-18,2026-03-18
04dfc2355cf70b32f37db109f158f27c4b2bd9d734f4e4ca4c8544a436cb4f91,2,1,1,2026-01-07,2026-01-07
04e10a7301d3ac5f22a2702c7704f634f993dcb5d456dd01af8f172c4bbf13e2,2,1,1,2025-08-15,2025-09-26
04ed72152c2d185790e908ab652ef40021fa1074b602812ec9931fce08aa688c,2,1,1,2026-05-26,2026-05-26
04fc7cd66fedd1bb482ff9f54a3a03cc4a066274d7ca0f48faa5b302e0be4ab9,3,1,1,2024-12-05,2024-12-05
051326af6acba959a184110bd0f5112fb637fc89116d561a6f4fea6cdc1f98ef,3,1,1,2024-04-05,2024-04-05
051fadf5c71487c48a16b719d03aa127070e200b0d6f0336f022aa3478d869cd,2,1,1,2025-09-05,2025-09-05
0532b43c29f094d2b91c30048bdc9e61a6b40863e2545613e316086754ba1516,17,1,2,2025-09-24,2025-10-14
0538882758b2bec063749a24280a5f5ce53127e80d34fcc51a0356cfca7380a2,6,1,1,2026-04-29,2026-06-24
053b7baededf8c7b069494c8663f6dbdce3db0b1ff177791dc860722af3250ba,2,1,1,2024-01-28,2024-01-28
053d97aa69a87243ccb7cd7bfaf42b29a6b8cacdc7ebc93c6e9a7f5ba560d0fe,3,1,2,2024-12-31,2025-01-07
0546375bf3fa18202c25ba3dab3149cbb90229712a44607e222e0cb186822077,7,1,2,2026-02-11,2026-06-08
055354282e8ec5167e7dc2eeb69fc69a849b8645ffc560a1b62f8cdac3329543,4,1,2,2026-03-02,2026-04-09
0560f955cadbf48fbaf2eef63b00f3117dafa307dece96e38e0edf0888155f6d,2,1,1,2024-02-20,2024-02-20
056ce179c0cbbc7e6887fdb166c04b4449322e8944eb01761d35d207ade40e99,2,1,1,2025-06-06,2025-06-06
0579ff920e6c7dc5c041cd1b753773f321905fc195519952b2a46fb16520e2dc,2,1,1,2026-07-07,2026-07-14
057ae784714f9491b87745a2172ad230d7d0836879398ef3f354406035ef6591,2,1,1,2024-01-16,2024-01-16
058035574a7e01d571535e7d7b0cbc9d543b62f0867154f52ee4229fead48043,2,1,1,2026-02-19,2026-02-19
05831a547e2db4b3c1991360b7075aafefdb8a5c601ed6ac448505d0af542954,2,1,1,2024-10-23,2024-10-23
059f869faa31e3ca3af93285e4e0fe5a853bd12c3990cb0c98d30f096bd1635e,2,1,1,2025-07-13,2025-07-13
05ae0765c7d585c6f55372116916a3d8225f2954e529cf9c63a8f4aa39c57352,2,1,1,2025-01-17,2025-01-17
05b49984c2e4efab3fa6d12f21bb352766ff985cd6a0821c850178ce03f321e2,5,1,2,2024-12-20,2026-01-26
05b80e1cd867bb3dbed9e680cf3e3a041188694c73a1c21bab0af0a117e5b603,3,1,1,2026-02-04,2026-02-10
05b9ec2c34ce1bcd64a42122c97789b8a35099ee660d172364cd71a25f83d868,2,1,1,2025-05-21,2025-05-23
05c7a3d1a5e3395c489fa8e55b2c664e5ae7698e08dfcde6bd79d83cfe9430dd,3,1,1,2025-09-23,2025-09-24
05c904a8788e2528ad7ad1555302029d28e760cd5d5e679ac537705f710742b7,2,1,1,2025-05-07,2025-05-10
05ccdc8768ba54a00d53223c40d6eda33892531c2fc8230801d18782155dac60,2,1,1,2025-04-16,2025-04-16
05cd5d94fea1cd987db4d7f890cd192b3b81f41c2803e3bca0a5cbe9b56834e3,2,1,1,2025-09-15,2025-09-15
05d2c45a1751cd8658e4d895f12e3232beac03526eb05b798554db107dad6c4d,2,1,1,2025-10-01,2025-10-01
05d7e517e697cdcb992619c294625eef46e0a7a104f6c2cabed79d02f17256a6,2,1,1,2024-12-20,2024-12-20
05d7ea2411c0cf7fec30f0c14bb0b4933bc3cf6d5dc1ec100f41998e59fdb97b,3,1,2,2026-04-14,2026-07-01
05dd05b00259aba84041a6e9df650b09d7f29450d49b5903e38ae0f7920d06b9,108,1,1,2024-04-12,2024-06-13
05e04704d4dd970ca418a0a59d33bb00fe766cb47d5f84067afc1d1b437f27da,2,1,1,2024-06-01,2024-06-01
05f5ac30bac5116cf78c2cb1ae8db43dbae2808bbd38bb0a5b57461ca844287f,2,1,1,2025-07-28,2025-07-28
06133944405392e04db6d9f7bd6fd8d056413e4ed408c1655e983c828dfde25c,2,1,1,2026-03-26,2026-03-26
061cee01ce26fbc05bdf5b575da3faea754d749eb669608fa12b47cad0943254,2,1,1,2025-09-23,2025-09-23
06350302b56f2c192cd71d4aba5aa38acf0c14db2a3f064b519b96b212310f9c,3,1,1,2025-06-30,2025-06-30
063576067cd70ca34a604ee9340864b50ef793f1d70b4d383a8623ab42ad477d,4,1,3,2025-06-17,2026-02-20
06431feba0d5bdb1cd2efa26d5ed0f6019011a4753c85b5bf8a9b7628efecafd,3,1,1,2024-08-12,2024-08-12
06444ec740b66bfb2a19b306fcff259fc02d843674ce16d74e1ab5a7b064fd1f,2,1,1,2024-07-26,2024-07-26
065072d101cf18e0cd9cc4c6d19f50d2bb3d7e385784fc949b888d68d2cf3ce1,2,1,1,2023-12-28,2023-12-28
065484a76386e5eddbede9783920a0634b558c55ee933818514b5b7b23bdc881,2,1,1,2024-04-23,2024-04-23
066d75fe1ce2cf814ca3d3e24474c68785bf7c84da3780b8c6cd7c0c8f836df2,2,1,1,2025-09-11,2025-09-11
06715cf7f21a2f080f679bea6aaf1c3c919fb58ca3f6911af41147014f0d095e,2,1,2,2024-04-23,2024-10-01
06bb3550eb3de1644ef2773b5b69141700c0aa5af4a4d7ede81e6544c010f8a9,2,1,1,2024-07-02,2024-07-02
06c35ac4494abbe4e1530174aec5c8432b4e956d779c175540eb325cd08cedcf,6,1,1,2026-02-25,2026-03-30
06c7bd930ff7e74eadb9cb089955e23cdcc95d008df927f452cc0ca7afa4e0d4,12,1,3,2025-08-10,2026-01-29
06cfc71ece6cc5e6c3487712592d7152d871cafd2322ab3c104c0f6730b45cf1,3,1,1,2024-07-15,2024-07-15
06d3679b32a3df8df08cd1c9402862fdfbe195006c8d5bee4f6784a4f3cd3b24,2,1,1,2025-06-27,2025-06-27
06edbbed011e0c3af123a93f61d07587ca8dab8e2db1f78ad998b7062ff16c06,2,1,1,2024-01-29,2024-01-29
06f9d34ddba35f6366aee338699258e27e2429b050ff2c82f44d5b24748b61ce,3,1,1,2025-10-20,2025-11-13
06fee64e6fd14d1ce4e979fab9f82ffe4fc8eb37e4247bd4000acaa4a40ebb51,2,1,1,2026-03-04,2026-03-18
070bd38e02e246eba565dd53a868e4c0286fabf90dd5fa8a7d84939f1521aaa0,2,1,1,2024-10-29,2024-10-29
0710db3f06b841424f617dc170e8b4f7b8b14d60c3db23a0384fea011e1db33e,2,1,1,2026-06-01,2026-06-01
07255454155e13d7e47b73bf42018a9997c523dfdb0cceeae34ffe73fa3c87ca,2,1,1,2023-12-15,2023-12-15
073da4ba585e45bb203ccab263d6d1898914d7a607cf6fd27c1d46fde294e78c,2,1,1,2024-02-06,2024-02-06
074011df7f74937fa029cf8f2bfeb398cd00f9cd95455313abf0d0e37a2ec8e7,3,1,1,2025-07-13,2025-07-13
07477c3f0e6583a4c5a0e634daa5d8d028b411b6d25a7b8228f0d97d0ec4764b,4,1,1,2025-12-15,2025-12-22
075866397e738266b45fbb42403faff91ff1d2347ee180f819a67b202a8bdcb2,2,1,1,2024-08-20,2024-08-20
0766b425046e6733e5d9365957eedd70fe8bc5216d9acd37b33773779832e178,2,1,1,2024-04-28,2024-04-28
0776f17920a25c513db19315d31fba0c49187b0afbf86b281b70746995766193,2,1,1,2026-04-16,2026-04-16
07784f2d0772f3af53d3a8925cc0552e6fd6d2b55ef78b01e27b90c8f0cd27f9,3,1,2,2026-06-16,2026-07-29
0781fb7aa81d98a9a36a1c3928315be0d70b254136611971b88d10d117086c06,2,1,1,2024-10-23,2024-10-23
0783e371ecd033d3066bf37c2da1c1cacdd452267257a80fa140d906bd905783,2,1,1,2025-09-17,2025-09-17
0789954475dc479aafe2e5e27a56004e942ecb47276b782566dd895f5f71eebe,2,1,1,2025-10-10,2025-10-10
07aaf36cb35821dc017df0696fd0c07ae461d47f469ed1f7fc4ad1eed9ed34e8,9,1,1,2025-08-08,2025-09-15
07ad9c278f319202e9de2cf16a265c7a546550638d011e21d89b389f00c38009,2,1,1,2025-02-06,2025-02-06
07af83b9a98d8b4b843cb77850ba126c8b28d02cb93f8c5fdd614fff404cb98a,3,1,1,2024-09-27,2024-09-27
07c79b569908a9e789881ef5df97ad70898de046c3855584ba6575b77f2d6315,2,1,1,2024-03-07,2024-03-07
07cb681a558859ec3c84a6042a6ec9166234b4e03934afdd5d10239515297958,2,1,1,2024-01-24,2024-01-24
07cd4b5dcf05e62ea6cd4f6fd265630a94a6c5a5103b914e4d6edbe53f9d1414,5,1,1,2024-01-03,2024-01-22
07d034f89963921d0353e1ff3b0f669cce001732738560b565ac540e34a5b0be,4,2,1,2026-02-02,2026-02-02
07df4da890ca53b2467112d1e72a4f8a4b6be1bcd5480574926830e6c75f09e1,2,1,1,2026-04-21,2026-04-21
07ea06455fa0415ea43537a33f679c7a2421ac88d0d5095f8abb178fbdfcbe1f,2,1,1,2024-12-13,2024-12-13
07eeb9ccbcdd466ae0314a454e0d76d655e4618bf8dc32df4745f6553d395cc5,2,1,1,2024-02-20,2024-02-20
07f9a8a5cc7f95909adca82ba81c414b3b2bb7b95f78762db01f389e2e95689a,2,1,1,2024-09-11,2024-09-11
08085a4198afb0e13792d7c7d1fd18424d979377bca58e64f5c7386cd253c7d4,2,1,1,2025-10-15,2025-10-30
080c62a767b296716764bc8c05893005b2060a24500f65e2d95716b5569ad356,2,1,1,2025-03-24,2025-03-24
0824d10e9034be18fb10693911d2d5645c2a5ca8c41a8782f48dc43381a08a6b,2,1,1,2025-09-16,2025-09-16
082a62e131e0e91b25a45c6f56fbddadc41e17cbe46175eb5482e473d8a75129,2,2,1,2025-09-03,2025-09-06
082b4caaaaa83ca7b87f65cc0ebab07d4e47e7a9fa33a747d1b3df65dec73503,2,1,1,2025-01-05,2025-01-05
0848688e261796806621878f7673975bddf1757cb90c5b114dbb50d8cbbb52fc,3,1,1,2025-08-07,2025-09-25
0873b719f34dcae73fa3c160736a149ba598af11302c5691093b4f786f62f321,2,1,1,2023-11-16,2023-11-16
0889700f6d97fa323016f634f5fbb71727514e083a826c7384702a758daf035a,3,1,1,2025-06-05,2025-06-13
088bdf56c9577d57870aa48766821eeefe48add42e6aa52f2a71743ada0f0c18,2,1,1,2024-04-24,2024-04-24
088dca3a2ba9d3f5d13904be1cbaf43aae7b350f7c6c71db7c01a836ad93df7b,2,1,1,2024-05-21,2024-05-21
088fb81e144c4fb113c27d0c24e3d2a6963f876e2c050b6f76e9f14b3f9d7ed1,3,1,1,2024-10-14,2024-10-14
089a0490689bf2ca513b78d7aabc91fcf531549e43695ba2c752fb2dffc85262,2,1,1,2026-07-06,2026-07-06
089df89f1a0f6ac120ed58a6e1e773038e4011b40fef295b805c085690dc8f64,2,1,1,2025-06-03,2025-06-03
08d08d329635d87b48d41d4e7667d8fca3f2c7cf86b7336ca19b45fd58ef0620,2,1,1,2025-07-16,2025-07-16
08d8a26fa1c0abbc67ed6f233db6500b8897e27bed9b07c03f7c77d1a77e4443,3,1,1,2024-01-09,2024-01-09
08dd30db80edb06a7ee5317bf1d14db17db1412fa6a6149b260a2ed8a5c5fadc,3,1,1,2025-06-11,2025-06-11
08f178cf264bfd2229ee70e571e724660fc1d14b37e5ca2a2c98317088c11d95,2,2,2,2025-09-12,2025-10-01
08f4bfdc99a909161a7a64e03308bbb4eea108d136d5413863467feda13cf3d0,2,1,1,2025-03-17,2025-03-17
090ddcb8bed76c0f6815f248c7d5eba6e3bc019ba1b72b1dc23207b105b556d9,2,1,1,2026-03-01,2026-03-10
0913b254bcdc695f6e9283a8217d316a6c219a10d4fe0547c0ca477e609e6095,2,1,1,2024-08-12,2024-08-12
09149aef8a1a2e157208d86478af5a3f5c2522ce8f9fa6db0dd9a68ed528cd92,2,1,1,2025-01-19,2025-01-20
0927fe1d065e9a4b16aacb4580bcf5169d2d2f3b60ba4b856c145fdceeaddbe7,2,1,1,2025-02-20,2025-02-20
0938c5f3a4936cf0722dd5760a527e591d788cf41847214083a17df3c84fe522,2,1,1,2025-08-15,2025-08-15
0944f76d2da972008430c8ee08e026165311bc34829c10a26bf128640c03cfb8,7,1,3,2025-07-22,2026-03-03
0944fffdc1e1ed6ccb75cce510c1f52b90c5719238e9d87168b684fb5343acca,2,1,1,2024-04-27,2024-04-27
0946717c8355f91980e0450649aecc85a67b305a16c6fcf7e46e1fd272ce3f63,3,1,1,2025-07-26,2025-07-26
095403de9dea865f2ffd1f7d68dd32c8ad60a7f8b4e04354eab39c262541adab,3,1,1,2025-08-07,2025-08-07
09587068c9a30c1faae6add9fc45618c0ac5e87c0da5d735d84296e76c515abb,2,1,1,2026-03-09,2026-03-25
09614db757a4caa47b57d2b8b95cefcd6e9858b3342fe2c2be145a5f0c77d2f4,3,1,1,2025-03-21,2025-03-21
0968b1b63514aa92bd063d607b1c5a9900e98ee316e5732c384ea900fcee273f,2,1,1,2026-03-12,2026-03-16
096b24237efefe8b808bdcf191a8af9645b8e56cac565ecf1b34e22f38106f5a,4,1,2,2026-03-26,2026-04-10
0977b94e223f070a96ca94c427900fabf74a27f12758bd1a29ef5cdc5ddd0fc9,3,1,1,2024-04-18,2024-04-18
09810c8f1405edb5dab141a372ba25bd3785c4ef44b280c22b3c5c575ab1fe74,2,1,1,2023-11-08,2023-11-08
09aee84b62345f65b97f7df6fa8274d1cf6ef253452230171a0fa56e8d02ba73,2,1,1,2023-11-27,2023-11-27
09b6ae07db2dccf759a9d17df946c883258b5def329c62a5da6a155cbe2c1d16,2,1,1,2026-03-01,2026-03-01
09bff41826f9f9f7c6ab870fb747c75b10246193de25d07d3baa83b8514c1c63,7,1,2,2025-11-11,2026-01-23
09c14f845b240634c21fb61e5bdcfda78e4bf99b30ddde0cc9dacef3acf9840d,10,3,2,2024-10-01,2026-03-09
09c3aefebf66e6c1284a8816aab037698e807ca9529d2713a7fa3f3ee31b444e,2,1,1,2024-10-28,2024-10-28
09c78c5b25cb0a7eece7a582d97f5ee88d808ef0e4bb87500aa3391f2d76b07b,3,1,1,2024-12-24,2024-12-24
09ca3054c772c32b469f623caa7dcde758ea884df6b56c60cd1eefbd55a4010b,2,1,2,2025-10-28,2026-01-22
09de9fb0b52b7e56242b710efb259762614fd94359943f65778d60a354517409,85,1,4,2025-08-27,2026-07-13
09e3fec0fdf2a94da55ba5a23dd575eee9fc9ff9daa67d45e26de63d43c12ee0,2,1,1,2024-02-20,2024-02-20
09ede85d447cba6523d9dbf19a5c8ca28f23e9744a67443444c4ce10a5640344,2,1,1,2025-10-01,2025-10-01
09f2a77a505d381b3e92d9f8076a3b257a973892f1f2d7fb0b10730fae18d036,2,1,1,2026-04-06,2026-04-06
09f36270407e106e05b734df3f0c5b277b22336e75e4db841886c7171363526f,2,1,1,2025-07-29,2025-07-29
09fb6f34e8119c33ae4013808cd866c6276090b660e47f4c95066d7afe0df2ad,2,1,1,2026-06-29,2026-06-29
0a0457d6caa01ec9e0ac75eed985d8ad1cfc8faa99608036e526314fde6d5204,3,1,1,2026-04-15,2026-04-15
0a0660e86843310340e4564fa46fd292690bdf9052368b4b3f1c2d41c3db9a8a,18,1,4,2025-06-20,2026-05-29
0a0d2818116f887409d30b63e7625100142e4a28b196b19052ced615f844da23,2,1,1,2024-07-09,2024-07-09
0a2267f00802e94e7d22ec9870897ad652e9d7d0f3f009c1d49960487290d202,2,1,1,2025-03-20,2025-03-20
0a28022bc374398e2c996db9fcf74ce3159c6a3817c28481f35703d9fce7acd4,2,1,1,2026-03-24,2026-03-26
0a60bafc18bc3aa789d0aa2efd18fa89bbdb06e5fc6ca56f2dd9e3a333c0d3a1,2,1,1,2024-09-11,2024-09-11
0a73faf6d74840840fa4cc27a1a68f6d1609878dec4da5d1307fe1043a33b610,4,1,2,2026-03-26,2026-04-14
0a80f26606a693b38208ffebd79918d7e30266385315344a36401ea4ce273a79,6,1,1,2024-03-15,2024-05-18
0a86a35c61fe0c37b43e2ab6bedeab1b4526420dabb11f3bf4f20a778dbf19b4,2,1,1,2024-03-11,2024-03-11
0a895595dd7631e3d259fde74b8a536d13cff66b6ec4f91b99e9197940626963,2,1,1,2025-02-18,2025-02-18
0a8b7001f18c0cf6cc6374b4c42c0be21c5cd0940b8d3be65845e5e32a2d9e22,3,1,1,2026-04-16,2026-04-16
0a96a21bb53ebb1db2b37e45a983a2b79f0e51e63c00cbdc9cd90ebad08651c0,3,1,2,2025-08-06,2025-12-26
0a9fb146622424dc0f642c7359fa03369e19e143b7b89fd64611821cbdeed3a5,4,1,1,2025-11-01,2025-11-01
0aaa8e3e25e81c1cf2158f67ef01e855e9fbf68a25eed098ee7e096e25ffcf36,2,1,1,2024-01-05,2024-01-05
0abb20ab19515ca919013590c04017d550ba31dc5226f501b84360c2dd47c337,2,1,1,2025-10-10,2025-10-10
0ac0d64ef87af0525176995b29cd8e3532546d9934149974d7e95ffb71dad5ed,6,1,2,2025-07-02,2025-11-20
0ad4d6c07da0fe37c1d29b069927cedbc0a2a3e89ba5c6e5d242cd54d65c2720,2,1,2,2026-05-15,2026-07-08
0adfa73dc5fb88f09be86843c941f39e04be30344c3e67dccbc1e0dbffe50ce6,2,1,1,2026-04-01,2026-04-01
0ae34e5d51874c7cd02e2ac71db8b0452f2fef7a9215c797b7b9fc6e205b8c1d,2,1,1,2025-09-09,2025-09-09
0af693c602beb5eef44a0c6bc6e14cdfb9f334275b0cf27503c6b21c9d252a5e,2,1,2,2025-11-21,2026-05-12
0afbe9220172c3ad577fee981586a9a3b8b0020275f3079bbce43c12965455f8,2,1,1,2024-06-17,2024-06-17
0afd4b4d02c316cb5c90db0958d03f26a9e4fb980a284953b106d8a4cb0b2f4d,2,1,1,2024-03-18,2024-03-27
0afea191665decd29e021f6b9dd2642fddc8489d0216a6c2be9ec49812f43f72,2,1,1,2024-09-07,2024-09-07
0b1568e3a11085e7eb60a443f62dcbc49648efc6007855471731dcfe8de1af65,2,1,1,2025-09-17,2025-09-17
0b46d8d6883da2a91e0660a8a4b8f7044fcd0cc13f626e88f0238779419c7bb6,2,1,1,2025-08-18,2025-08-18
0b54d20b933ba429c1bafd97172532c0b16628689acd0f55887fb8621e5cf12b,3,1,1,2025-09-15,2025-09-15
0b597cfd73c14728ba3c3f5edbe0d2c15f505211cc8fbf7e0bccd5ebe0e65543,2,1,1,2026-01-25,2026-01-25
0b5e0a1662d3f4ac092a0a69b04c5a377ffe290bba00e3b84ffb3dc5e6371797,2,1,1,2023-12-09,2023-12-09
0b6ed2cbbe0b9179f808236e3596a190b46054be877742e79327a7483215eb6d,2,1,1,2024-07-29,2024-07-29
0b733c461c9db856fe0a330512ee920ae81c8ce47aae403a28d0b819688b4d34,13,1,1,2026-02-24,2026-03-23
0b7ae462b98ddbab74e7d1dac092e9500fd53a04a82c6aed5fd2899eb56e2581,3,1,1,2023-10-06,2023-10-06
0ba116db3e094eeec6dc492cb0918ff2ac5d1d4c2f28a9e8d8fa12d9bb3ff48e,2,1,1,2025-05-09,2025-05-09
0ba2c82ed9f64ccc23bb17fd1d242d50eea77a373739e36cfafba7943b0ce207,2,1,1,2026-03-25,2026-03-26
0ba2ec6c56b7b3cfb322875dd30db75b74d0034684d4de9eae02f32a26de2009,3,1,1,2024-03-20,2024-03-20
0bc43237781269d61b93689325024ce5b0e04220c01fbce3b36cd549f48e9e21,2,1,1,2025-07-14,2025-07-14
0bc46638a89d52f1873e0cc149e7f490a7407f947d00f6c4cce81c150a5945c1,2,1,1,2024-01-09,2024-01-09
0bdee843b0d4a07684b77bcdbd7460733b1f50dc0d3422c6cc0787165d67cb94,2,1,1,2024-04-10,2024-04-11
0bed4f23763be9a566aab58040a8fd2a72f70ab41f737ae4a346222b7962d275,3,1,1,2025-01-14,2025-01-14
0bf52ded3358063dbe51297af6e7fb181cac3033d36186c385f3ef4df6e11df3,4,1,1,2025-06-18,2025-06-18
0bfd079794e3829dcacb6aaaa35fab1742bcaf54a9a4767073e801c84026bf67,2,1,1,2026-05-28,2026-05-28
0bfe40ce00c248535fa05cb85ede10311a038664260056ce9ce4f13b4cb8e82e,2,1,1,2025-11-03,2025-11-03
0c1166daef8a31e9c519835b2cd344ff4f7958f23a9ccc7e9b84f3e4a3e7862b,3,1,1,2025-06-16,2025-06-16
0c1e836c55526d0fa047b6acfb1cc7c2d6e55708e2918727901bd0501b9f0752,16,5,2,2023-11-27,2024-09-10
0c23dd04cb630acb78000730457308a77beff2ede7e276984c2a930fe30c72cd,2,1,1,2025-05-24,2025-05-24
0c283bedfbed8c6db21c0aa68582ab1cf2372f419d104078af919200a53bee29,2,1,1,2026-03-09,2026-03-09
0c2a5cd980c8dd748639c51aa545bf658a5b9d287afed2202d263707bf7871ca,3,1,2,2025-10-09,2026-01-28
0c45242c366e747dd5e99fc824899a92e957f3fdb421c3059d9c7b4f15e75104,2,1,1,2024-08-27,2024-08-27
0c4b24488845c1e25548a52d3f6679e5a23106be5606e23c77535682514e648e,2,1,1,2024-01-07,2024-01-07
0c578671234058cb3f779718624017d3e9e1b6a09ede67e47576aefcb1274d5b,2,1,1,2025-10-03,2025-10-03
0c662fcebe9adbfc8aee8e16f3011241e0a60b4c6304d3a0b0547153dbca9c11,2,1,1,2025-10-06,2025-10-06
0c835cbf75c5452eae6cc04bf5e8f614fcec8b8d1b480fd7618e1049416507da,3,1,1,2025-10-27,2025-10-27
0c886e6fa14229b35573502cfa02f55e12171bc2b37018e78a4473313678f536,2,1,1,2025-12-30,2025-12-30
0c97308be42fa33393a90d16489e92dec964a5d5684f0737d0ec04d76003a009,2,1,1,2023-12-06,2023-12-06
0c9e5ea139b1ee816213819e0a9bb80771ab6877c2dc2307a3e991490d7b175a,6,1,1,2024-07-01,2024-07-23
0ca9175c3d3e89d8beaddd009c44f997bf35d5cbac2bf2a382446fd03a300fb4,2,1,1,2024-01-29,2024-01-29
0cb9eeb3c23f5e7fe5a555c0f688d4bff51caac3a2c802b91679373f0268179a,3,1,1,2024-02-12,2024-02-12
0cbd4bc49b9ad9c885f6ca89cb9e2c362c5cc763ef64424e328d617450c306d5,2,1,1,2025-06-20,2025-06-20
0cc63067acd8d903fa3d942043f4f442a6c142fc263f8d15d81e1c18fdf90019,2,1,1,2026-02-02,2026-02-02
0ccbe0ee778c5b8be4c5d98fde450720c321ca4ddf4f0032f3b65953d77f74a4,5,1,1,2024-11-18,2024-11-18
0cdce8587008942cffa184e127fa91e219ac3a25b7cfb0bf8cbc9fdbdbab91f2,7,1,3,2025-08-08,2026-01-07
0ce0a48e9d898c32007c5b457faece1e25eb2365329296bf0a797364ad49a004,2,1,1,2024-07-31,2024-07-31
0cef631423061f9e63caacc7d25157e624eed37518082a4a3af3c63a4e38858e,5,1,1,2025-11-27,2025-11-27
0cf1afc3704385ced1d05a0573b17c7618e6161ab51a05f21bca6e17a99656d8,11,1,2,2024-06-05,2024-12-02
0cf98edbd9ea1663b05476bc1fc500860c24b5a39311fa6786b4ab0a846e11ef,3,1,1,2024-12-07,2024-12-07
0d1add3a74404497a4c4c693e61c2c66a0c9964106452b838deaeae432d33b6a,2,1,1,2025-09-05,2025-09-05
0d1bc5aa727d568ec027bdc20af11f2afbf2509d6d140f994f2dcd26c5d53108,2,1,1,2025-08-27,2025-08-27
0d2248bfb7b7ca98047c47b640423d7859fc4dd0f1162564ad6b766a770a179b,935,1,1,2024-04-17,2024-06-20
0d25a21b952d590c7b7ad964ec953108540c3f953f9976fa24c25c84a2bc4e89,2,1,1,2025-02-06,2025-02-06
0d2f1a2f12bc1a50c9399a625bfe7c1578eb39a2adb23cd93a7d2810895afddb,100,1,6,2024-06-04,2026-07-01
0d30cccb17a69264564a8285bae0e76b032f7f72168511fe542a5eb3fdb3ab98,90,1,5,2025-07-14,2026-07-07
0d4855d61917af4bf174bcd397d89f731af9a7e4f25b0cf1707010fdf2c3bcc2,2,1,1,2024-09-16,2024-09-16
0d4b4906259328b784d85eb4c19508f7cb33def5ca6bae94250d7b2185dcdef2,2,1,1,2025-08-12,2025-08-12
0d53165d100b2d64c38c8e22aab4896d6d7ab5047fd8884ea990e70fafc7f487,2,1,1,2024-03-21,2024-03-21
0d6388ce5f6d0cd4cfd1a625103e8e1b9cea0d6c5bb0478d596b237da8efe64a,2,1,1,2024-10-10,2024-10-10
0d6637cf63d12be8a92d0af174ad9ee088c53319b0a262a7649f31d7da0f2f07,4,3,1,2024-11-27,2024-12-11
0d6a360ae24bca6b4b66f026eb88c0f9fd0fcf84057bfebba492e4d60871c035,2,1,1,2024-03-04,2024-03-04
0d723cf554546d063c34220cefe9fc039c49a37ab038748bba0900f0fe2dceee,2,1,1,2024-09-07,2024-09-07
0d96beea7287638bd6f704e38412bc5208cd637266d5cf9a99c94fec494cced4,2,1,1,2025-06-13,2025-06-13
0d9b3542c3b8de9ae44e8768c7b6004b2255822a971d075f2dfba0550ed78a8e,2,1,1,2023-10-07,2023-10-07
0da30587c23aee25898d59e2a1e41f76faaf8f8ccd126fe6d8a5a5c2e2b5e0a7,3,1,1,2024-02-23,2024-02-23
0db0018b98009c3e43163c70372b0970769d7de2e76ddedde712e08643feb751,2,1,2,2025-09-23,2026-07-01
0db591c96455196ec31311ce258045e2740c1737575fdf261e4df335dd95aa60,2,1,1,2025-07-30,2025-07-30
0dbadd724a4cdd758b52aeeae8c9dbd7f6b227b83545cd0925bd63c054b3e4b3,2,1,1,2025-03-04,2025-03-04
0dbc035188d7c44b38b268954cf01003dd8fb3541142f8c915ba815bf4bfc1b2,2,1,1,2024-08-16,2024-08-16
0dbdb6389667edcdabacd77b6b46f39a6bab03354ef85ecdef3f292be4e33ffb,2,1,1,2026-06-09,2026-06-18
0dd8720327e96cb90fa9be93a5eca5fb72f3992aaec7f6e830fa7caa34160c18,253,1,2,2025-10-08,2026-02-10
0df081affe07423bd2c55b344a704087bc2427fe4f916fbdeda799c8d3066493,2,1,1,2025-09-18,2025-09-18
0df8914b47e59ad2578239f0361627d8022841823454ae4f7eadec1ca179d854,2,1,1,2024-10-16,2024-11-22
0e0de8de97a6cdb3634d58d56d56a79ec4ef86bf53f04b5304a82096a10b409f,2,1,1,2026-06-08,2026-06-08
0e119075c1de84a15fcb95f4763b954c5aa6e9e35d103dcdd502db76ceeb7d6e,2,1,1,2025-08-11,2025-09-26
0e12a784f7e885795f66228bc46d341162a2620720392ec822c261f836b4c07e,3,1,2,2025-08-21,2026-01-29
0e1c3686077cd5254628b489bf56539cf1f4b34d73fd281fce7fb4f41d97c517,22,1,2,2024-06-17,2024-09-11
0e2b3f2f693ab7883b0ea7fb553079e50c7977dcf1c61173883b88192f7a5236,2,1,1,2025-05-07,2025-05-07
0e2b9f7c9b5254b87d7746efd78f98e640e177df833c17e5ee402229af077710,2,1,1,2025-06-11,2025-06-11
0e4cc6a902738e11ff40df7b50fb57b7b5986e54d1bd255e9ab66441357155db,5,1,1,2025-11-09,2025-11-09
0e518439d3073cfb229a39a3aa7723a5dc79b6f414d4adf897356ec27568e465,2,1,1,2026-01-19,2026-03-04
0e52881bc3e787448aee0a680a16558a5feda9fd7313cf4552ca4be3c8b7c10e,2,1,1,2025-10-19,2025-10-19
0e5c797f140822f007a878db40db51f5b38794de3a743e9af61e910330a6db83,2,1,1,2025-03-24,2025-03-24
0e624d5f5ac6458b97d8527789cb12089ddd95dbf96fd7b8d4af55d6078b0b3b,2,1,1,2025-01-29,2025-01-29
0e6caeca322f9f8a7efb21d1261ccb31615f2a8506671d0f1cbb5222d189d1ea,2,1,1,2024-04-12,2024-04-12
0e6e3c5520e10f64255c783b282521e7bcf480816dc6ac4945d63b6c32e64147,2,1,1,2025-07-11,2025-07-11
0e70c0c5e011cd2f76e28b08b24abe6c7214e10fb24c0562c6fcf0135c0ddeba,2,1,1,2024-03-13,2024-03-13
0e80754ba998fe1b673845f44e3c5433ae4e802bb7556db77d90ff0ef24a615b,2,1,1,2026-01-21,2026-01-21
0e830c3a356f2174f4938f60994143474713c074e5bd7b4aba21980bf1dd554a,4,1,1,2025-07-06,2025-07-06
0e86d48371742eda4d4c80dbcaa85b3b66e98b478e9926d42c5b0065d0091497,2,1,1,2024-10-25,2024-10-25
0e8b95768901c76592aa9d6cfa68e8e3c0fb3b40db858258a2bb88433919b567,2,1,1,2024-01-04,2024-01-04
0e94a864c9c3a3b8dda72d50d11e8947d3bb5027280bf22ee8ebf4d518a73d9d,4,1,1,2025-09-25,2025-09-26
0e9f3cb8257f872d8ed978f4b9549a2fe0eb0049b98581f30570f33cb3794dc7,3,1,1,2024-08-12,2024-08-12
0ea3cc41164f332c434b7675c0a92f39793c699462dc73d1ebb2a03d833f7a34,5,1,1,2025-06-01,2025-06-01
0ec3bac62b8a9811aa15c07313caf1e03c420ccec726c3e411ac0bec228c8d61,2,1,1,2025-09-25,2025-09-25
0ec511b12b57f3d8d7c9fe82cb021992a598ef02278200034e5c494ef345c171,2,1,1,2025-11-17,2025-11-17
0ec7056951de6681ec3442dea39e722120c6093e0db5e3385147392215c4659b,13,1,4,2025-07-28,2026-05-13
0ecaf7d67c226313bcb233406051f24d16f18433ce4116fa1447387e591124eb,2,1,1,2024-12-06,2024-12-06
0ece1558d0e1bee66701953a53fc472b5b25f25dbff7cec8260c143bd3939d56,2,1,1,2026-06-15,2026-06-15
0ed7f9d4df9dbaa97d15038d52fa029a0594cc1b4b47a366f7b616784cfa2d8c,2,1,1,2024-04-09,2024-04-09
0ee1823373c3be732e5de4824ab521f8b7e33c034aba534c2f76a4dc4525e770,3,1,1,2025-01-24,2025-01-24
0ee900cb9597a085150160aa54f88592f538b07e2852b836338fa9ab48ce20b1,2,1,1,2026-01-19,2026-03-23
0f027b8fa13a66ae201fd37bebdaa0850a6b7bce2ee9f774f92f648d3a7b9ab3,2,1,1,2025-12-29,2025-12-29
0f0fc95a95a80a27593e987663d6218a86a69229127b4ec1dab636e96819b577,2,1,1,2024-08-30,2024-08-30
0f103b5855d239f7543dee829b025c95a8781ff53494615c157bb8ee10cfa6ee,2,1,1,2025-07-03,2025-07-03
0f120fcf7644b79ecfc94f04350e970fe81371eb2899d44e0b419d06dd5df169,2,1,1,2025-08-07,2025-08-07
0f17060d3744b8cae5b80e2ce9f05ed40b80f19f4b058620c5e2f3effd906b18,2,1,1,2024-06-02,2024-06-02
0f179338b4bdb455d098410ee2e60929844742b5b15d91a83327836c449a29d9,2,1,1,2024-12-22,2024-12-22
0f264c6e3233fe7347c895571b1b6ac540926b2ecda2b2b8840a2400baa570f8,2,1,1,2026-05-27,2026-05-27
0f29b2b30d6b7ef2aac6fd4483daf935b0cfd8bb6ec090022ad361068b247165,2,1,1,2024-05-30,2024-05-30
0f374b1787f8e8ddcb9cff087f4b8e55b9793dd892246b258e777fc0b3e14e41,71,1,5,2025-07-23,2026-07-21
0f41384976496b88e0d8b10b79a9c151cb407ffdba77fdfea4938ff56ebf7adb,2,1,1,2025-08-07,2025-08-07
0f4962930b5758e648b0dfc64d7d0f5ac4b9d865ec0a59a0f1269b9b09bb12e3,4,1,1,2025-04-08,2025-04-22
0f4a5e094680b2fcd82514bc4637543ca5951e3b4d05750c5a131eb8eb5455a4,2,1,1,2025-03-28,2025-03-28
0f4f9ea1d9f8f52978557a45ae930495aac36d33e0210cf56b2e06c968571091,2,1,1,2025-09-02,2025-09-02
0f5bd49c499c84f7bc05ca3a5de660e63c49543b6fe40603f9d5cf602158968e,2,1,1,2025-01-13,2025-01-13
0f75e41e8f14702898bf845fce4145509a902d09a51ebaed1aba4840da6fc96c,2,1,1,2024-09-13,2024-09-13
0f84d3ade6037878fc8ae8537c1041463ebe69f7ee87ffdbee8598b741392d8c,3,1,2,2025-09-17,2025-11-09
0f8d02335c7e5978f62c6aecb883358442dfa81c133f92f43fae51dc18b04319,2,1,1,2024-01-02,2024-01-02
0f8fa005d4d6fbdc5b4551c77abd9f1dbe689fc3206261a49db23a5c39471b9a,3,1,1,2025-04-23,2025-04-23
0f91c238b5cbf54ba3ca2cbdfeff1f8ae4aa3e7ba457182ffaf6064326337fec,2,1,1,2025-01-08,2025-01-08
0f9e2f2ef6c6b17a109a2b1996d33d4a300c919b27ee52b711030ab23165ba0a,2,1,1,2025-07-24,2025-07-24
0fa11041f0c1a0f3cabddba87f6899890b55c05b0513766d91f01aa5fd6645d1,4,2,1,2026-01-03,2026-03-16
0fa6d091237129c3c83e8fb76dcf1d10187bc7654c8046611b73e1259c03d282,2,1,1,2024-12-07,2024-12-07
0faa1500d8c37ec67c2a288954cd42870bad6c123a8145e3ce422befedd79d35,2,1,1,2025-09-24,2025-09-24
0fb5ac14d32b8bbdb4bfd5a522302ffda424e016d39b0bd882dfde40c1b8a27a,2,1,1,2024-05-02,2024-05-02
0fb738f5748cc3a896dbce9ee508ffe4936b5d38de63dbf36cfc286d95e423b5,4,1,1,2026-06-11,2026-06-11
0fc0e324ac86e2b5cbaf7b200061fad2cef603694c152a6fbbdcc4426942cffd,7,1,1,2024-03-05,2024-03-07
0fc283e71c891c59736b66745c5942da9278590194e42963fd3c976a2801b856,2,1,1,2024-04-27,2024-04-27
0fd1ac9b058988e1ce7fe14e3214ba044a3bf509a16f189a015002d2fc7aa33e,2,1,1,2024-12-13,2024-12-14
0fe3f7d04e89cd49d210fd41bcaeca6cdc5cadd1d14401fe66514bc7585bbf4f,3,1,1,2024-03-14,2024-03-16
0fe5ae805cb2b89667905a52acf380adfe4f7065de10812837b57e49dded3bc1,37,1,1,2024-03-26,2024-03-28
0ff52b9e2efaa63f0fe2bee3fef598e55b0d374e79ae6fe26b06ef7eee527f3c,2,1,1,2026-03-05,2026-03-05
0fffff4601ce7b7de4dea7cb60f958db13beda7b94123417245f7c4c4136dc83,3,1,1,2024-05-25,2024-05-25
101a87569c53960908d277575eba8961b59d49ad9d20099b1fd142d593a2e0a1,2,1,1,2025-03-24,2025-03-24
101bc21829d22e681040f44d9bc7abe63058fd37a35955ca0f0782233b935f53,2,1,1,2025-09-12,2025-09-12
101de4a6297d047d874fcac354a8984ce2abcc03ad1fafc28446653db3fd4970,2,1,2,2025-08-04,2025-11-05
101f7f594fe461d3706c0e2581f8e5c24e48255a20da5643a8ad19b4f006c59d,2,1,1,2025-02-19,2025-02-19
1025b230a781e866a00539589298320198b0cbe6f5240399a4bad1a08221d18d,11,1,2,2025-10-09,2026-01-28
10326d289e57c71ed225843add7198802f7ba1089457c0dec5fe73210f8db10d,2,1,1,2024-08-07,2024-08-07
105fde238f29f29188549c5e34e9505c2ab07455b64163e6f877d64c8b1d2fcc,2,1,1,2025-04-03,2025-04-03
107883bc1e65dd4eb1b3b1cea949549536855e5bb8f9dac923e01278ea69aded,11,1,1,2024-03-07,2024-03-30
107e0b165c32676defdd8c2076576e79ee802a8b95bf6368375c817ed4d27dbc,11,1,2,2025-08-20,2025-11-10
10a42db5ba59d8f630fc242ff59bd5c0d0d5d28476d1aa19eb23c105b4ea904a,2,1,1,2024-09-05,2024-09-05
10a57f38d8f9ef08a84857e10aed85541a2938ecbb34bae99a1c3d0464a8303e,2,1,1,2024-12-09,2024-12-11
10b3d5c553d4fe8dd76b6d25728a46a39f6aa6e68f596bc137194f13250090c3,2,2,2,2024-11-15,2025-01-28
10b645848b24e53c30bbdef85b445ca2a0f930e13a0a4cbdc5a43ca96e57d0d5,2,1,1,2024-10-31,2024-10-31
10c0fa11bfc7c51cfcd43489d33aad62006cc4bcbf3f13ae1b21813e246faa64,2,1,1,2026-04-20,2026-04-20
10c2f1edeb44c3d4ed73205c32604818e8cab0f674d391e1b35f65596fa8e25b,2,1,1,2025-09-23,2025-09-23
10c9efd736222e26682129fad1adeb79b8f9c8a1efbddfb961463580c97169ce,2,1,1,2025-08-21,2025-08-21
10d22d01c7f45e28f3e424fac581f26cc2e8a77a2619cd204038a3d9d252b364,2,1,1,2024-10-30,2024-10-30
10d768bc36e1444cd18cebcdb2f9c2c788ade1bbde29e64236783d56940c0e9c,2,1,1,2025-08-30,2025-08-30
10dde568032252013317013883e8c57667f5bb837c251da8ef5a5f67b69964c2,2,1,1,2024-05-15,2024-05-15
10ea942daeac91f31c4b0b0665f659e5be2602f2085425610c37c421e0c72349,9,1,4,2025-06-20,2026-03-05
10eb2e6c3de375118c13a07db895fc4c5bed6cd92602a80781d6b1cef79f2e42,3,1,1,2025-04-08,2025-04-08
10fa5e72d8557a494d440ed5dee3b46c5cf0baed675033c8c23aed34d26ca723,2,1,1,2025-02-24,2025-02-24
1102385a93c464e6320379ebcc72b7036c973480af95b83d5cb7e69e0bdb3cd0,2,1,1,2023-11-22,2023-11-22
112c360a8688309070a856bf8da9c13eaf7b9bbab54dcd2b80940fe9447bc4cf,2,1,1,2026-05-21,2026-06-21
11538348144ea6e6842be6c01fa35741635118188f6526e65df480c1a67794ce,3,1,1,2025-11-21,2025-11-21
115df39d3cf729f5716c5fa61eccf01dc5816c3487b3a49e8b070fa1c4c3acae,2,1,1,2025-08-19,2025-08-21
11610f87c51db6e17a68dd6e0d95b3615871e37b00c190d8828184d94ec79cb3,2,1,1,2024-02-05,2024-02-05
117016d098c5b54077864ebd77ff0ef409a2bb30d15092a54d619bbf4543c4a6,2,1,1,2024-11-03,2024-11-03
1182943e9f084503b7d8051c314476cfcdc5120b23121086722923c9668d7208,2,1,1,2024-03-07,2024-03-07
118b8944b2bd73ff5964412470d9edecb8341620df54344543c79ce74af708a6,2,1,1,2024-04-09,2024-04-09
119138f3b55040b75edf4e4d6ec1b50c5c154c82ab63ac05d312fb60b9c75229,5,1,1,2026-05-29,2026-05-29
119fcbe5cf2c128a3e2c22133884d8d8395932d706b366f82bcca5a34fd0ccb3,2,1,1,2024-07-10,2024-07-10
11b1d661d876e70b6e16a11461023844267be66ac263f342940baee2e9c9187c,2,1,1,2025-08-20,2025-08-20
11ceab0629a7c3eb4f89067fc0158870165798fa9a2075bc286f70a3b7f202b0,2,1,2,2026-03-05,2026-06-09
11d53fd37397fe8c6bdbb6d9ec33cf3c3acb769320b87d181c9b500fa71950a7,2,1,1,2026-01-03,2026-01-03
11dc2a92ddeae32ef6ebe0693422de0f96facf745f87cc6f7eb27c42c34fcc95,3,1,1,2024-05-22,2024-05-24
11ecb45598c50267d5c60f7fe598359695a38672fd211d47816a083331919d04,2,1,1,2025-08-14,2025-08-14
11ed3661acaf576e0e16f98169ecf08b6918b202826785d1ced523e4f7da8e3c,2,1,1,2026-04-07,2026-05-29
11fa79d2e397fcdc095c4274d15f1bb20b752c4a993855cb180a857eaee18cba,3,1,1,2024-11-13,2024-11-13
120523eb8264d8a740d245903d3f63a42577c76396faad604b2720a54db6aee1,2,2,1,2024-09-22,2024-09-28
120634ce9ad31757841e559bf47d64c4977ce2b9595d3c20d4e0e97f3eb0033c,3,1,1,2024-04-08,2024-04-12
1207906e8210ae115554e6b4cd09961e25b365a17f21efcd6288dfea07b1d4f7,3,1,1,2025-01-30,2025-01-30
1212df13d4b716598f9f331c03e433121997b7b684829a7cae94f7c89bb53804,2,1,1,2025-12-14,2025-12-14
121cfd7cf362e17f5486aa4f51456c3818e652311e0b86fe5ec78ed61f249c75,2,1,2,2025-07-31,2026-01-22
121dee9a4a66e244fd5fa63733e7fa80c8594730f309240d7b1aa6609b26b5df,2,1,1,2025-10-15,2025-10-15
1229188de00e1f675b3b18125240853e843bdbabed0ee53c3107dcd38cefe933,2,1,1,2024-09-13,2024-09-13
123485d67870005c6f8d46e624e6d0dd2dbe4f06f635c0c60142beb8a971392e,2,1,1,2026-06-25,2026-06-26
124e52029fc81d4b7d5a697e26b0b8121459993189b7b23f7100dc91caf8ea4e,2,1,2,2024-11-03,2025-04-21
125a363a1b6879ba822dc3bc097452ea2b2794efcc296c8935ee1bd1669be95a,3,1,2,2026-06-17,2026-07-07
12666afb609ca3fdc06d1f1febd3fb98a8af002fde150504a8385209d3fb4b1f,3,1,1,2026-03-04,2026-03-12
12677bcc540bd8ba70c38a6101b1614a3298716942c4595610c78b4bc4550a2f,3,1,1,2026-01-13,2026-01-13
1285af08c004d424101e6202654924d9c54f35fb2aa9d9cce91a088424bdce12,2,1,1,2024-09-16,2024-09-16
128a5c34a8bd9e1c03169e32897ac9cb21637d7aaa8183147b39897b0cefb161,5,1,1,2025-05-23,2025-05-23
12926be269cf3cd9844a520e8d170d3409aef8e744e274653a1239f38bc5fec0,4,1,1,2024-03-26,2024-04-18
12aea77ac0e0930220536540ca61773a24527993379d27f697f01bbb63655769,2,1,1,2024-11-18,2024-11-19
12b40e866b167018daef23708fddf43957f958d2e5faacb5c0a775708add6d3e,2,1,1,2025-06-05,2025-06-05
12c068485236cc2fe7a1320726bfbd15cd21255fc64f86c7f453f97eba2bb629,2,1,2,2025-08-07,2026-02-16
12e2c4ba825c224a184521159246938d3bb76d8cb9afc39446a071d1c67f51ff,2,1,1,2025-09-28,2025-09-28
12e6529dc9b8d74ef0eb8814d36409d65e62721573caef3921ff5c63b7f2b32a,4,1,1,2025-09-02,2025-09-02
12f55bdab2c7fdc52acf0bc41eed37b422abb9069479943278786dfcf982ac64,4,1,2,2025-06-27,2025-08-12
12f7718d06772f021dfc16995ab73e04afef25f809796c69d6350230863e36e6,2,1,2,2024-12-17,2025-01-22
1303c88a5812e75f1e515bfa27d14371a847fd39564e0a5f90cfa9d767e0b0cc,2,1,1,2025-08-28,2025-08-28
130438d51000a3d7aff4cc160c4c0abd819edc20cf856ea72eb26817ea6e0690,2,1,2,2024-12-12,2025-01-11
130823f7260f7e6fa730c9ea7176e5b6a204bc70dcdd25cb75175ce3ea1bc9c5,8,1,2,2025-11-10,2026-01-12
1322769a380bf614a12178e69be9fca03f70cd8c86aa368b901c17963fe529b8,2,1,1,2025-05-12,2025-05-12
132a77e1bc07acd2eb9136cc3da95b4f13066a8114801a73f3858cd5757f16f0,2,1,1,2024-10-10,2024-10-10
132d1a4b1cc6107774f741ff1eefdaa684df5513c8286550aefd39837b7cb4ba,2,1,1,2025-02-17,2025-02-17
132fac321a6234c9790d84987d9ba16986c5a78a0727131d69a16c9596cbf0d4,2,1,1,2024-06-03,2024-06-03
133343c9598a56adc650fbb054d4ce1d1e2ab33184eaa7e2e8bf4c8f25ce9eb7,3,1,1,2025-10-26,2025-10-26
13517888b636dd35bc77475926a296872d0ac170dc5464dca8f4eb27e2383703,2,1,1,2023-12-12,2023-12-12
137539cc78d4ed70f816bf3c2d4d5673a0db3ec07d9143b94285a800b68b28d7,2,1,1,2024-06-04,2024-06-04
137a372e02615199cf96c4f530d07b82a48928e675e21b8815b1c7cdea0654d7,2,1,1,2025-02-06,2025-02-06
1380c75b0156edfb786fe4d9a326d2645848a13ed9dd4d67461a4054d776f385,2,1,1,2025-01-24,2025-01-24
13874b1c5a69b658883f83c848715264d6d19c574e2d7b01ed943cdfca7f2d09,9,3,2,2025-07-01,2025-10-21
1393dbc1f95de23f64c291f834ecccf27a1b98fdbb309712953d978ff5713636,2,1,1,2025-11-10,2025-11-10
13b297c244034220d651e9a14d7cafc2d01fa6cb4a75ade2019af3115581af5f,2,1,1,2025-10-09,2025-10-09
13b59b155e97991e3399ea458a90eaae0bd45d3dd6d327882ab9ea81bc51ed8a,4,1,2,2024-09-22,2025-07-16
13bc7d0f5c19d2be3a14cb58f0ea9959fa6fa2983cbe87f5a63659020e22f93f,2,1,1,2025-05-13,2025-05-13
13c34208194205313e0d67bf099086f6e20021fa8be552f1af14225cff8d5621,2,1,1,2025-05-15,2025-05-15
13d549788d7924f15bd5051cbc7fa1b9d20e3546ca26e2f090c48e3e087467f8,2,1,1,2024-01-26,2024-01-26
13ec5866151938497bacde1721ccd26dc8557acf625b66ddcb9d7bd2ae1b2f0c,44,1,1,2024-03-06,2024-03-09
13eede9298cafabc2740f7d5380ab74fbe420cc305754872c894ce69e9dbaaed,3,1,1,2025-10-31,2025-11-03
13fbd18f2fae50863c3bc766a00455be8b635947c90ae2800b1d6026885b36f6,2,1,1,2026-01-02,2026-02-03
143b001d7fb335ec10be39d560f3ac57650a6d236cd5a8d65993ca535110ba82,2,1,1,2026-06-01,2026-06-01
143b24c9935017a15387914279cd10f982eae57c5056b525723e46effe226aa4,247,1,1,2024-03-11,2024-04-09
144738c8468aa042a92bdc5b8140394c411aa145c8d2b3e74dadf40c5203c6fe,2,1,1,2024-02-20,2024-02-20
144c15296aee2104a291eedaa136cbb30aa0ab955087c26746b424eadfebfa32,5,1,2,2026-03-17,2026-06-09
1450f2d04a53b25b34a439cc61878d4e4f4c046fe87f4741e13ed4d53c33803c,3,1,1,2025-10-17,2025-10-17
1453dc0b7f8c683dd1939fc591418307a63af61934778cfeb2f8cb9c9eb59ba2,2,1,1,2024-10-14,2024-10-14
146105361270708f37c420d232527ba7f609bf6318c59b876a614057d6ed0471,2,1,1,2025-02-01,2025-03-08
1461d5cc883f37cc2eafdfc25fe156898a9251e28135a942254df47485481c0d,2,1,1,2025-09-16,2025-09-16
1471e86af063bbb793ba48133eb67f387faa7dd7d8e0fcc2ba71f75058bf629b,9,1,2,2025-03-31,2025-04-08
1473f689c217a446a8fb7abcd6bac04671512695f845a259ca0624e14ba0e3ff,2,1,1,2026-01-24,2026-01-24
14768f7d738057ac1de36844a55f1965c0a7e7816695e330640a4320dfea8bab,2,1,1,2024-05-19,2024-05-19
148fe0d63580a1aa36fbcb717c5231e9086423bb7121b982a6311fd4197e583d,25,1,1,2026-02-19,2026-03-30
14941bc6678997c7450e2f89a1ff0ebdc1c4a91b1a4b4bbae6b59d6ebc5b6c9e,3,1,2,2026-03-10,2026-06-11
149597784b26e1c4294c017dcffa4dff9c85d1e7e349508bc82a88d0d297738f,14,1,2,2026-05-07,2026-07-15
14a7b2295de6e1a2b4ef3a82809409e8e328dae150f9e081aa0552d1f5813d11,2,1,1,2024-05-14,2024-05-14
14b326f732688ce5878ae06a2977934e02365bdf2b617650fcf71c70c5fe0830,2,1,1,2025-12-27,2025-12-27
14d1fe267cb15159aa730f3dfec92b628de5e3aaf4a8ef7049ff672b8b57cb2a,2,1,1,2025-08-20,2025-08-21
14d80906f63b621ee1d543f7f9051f1aa97d05db1f228273277e39f7e593f153,3,1,1,2024-05-08,2024-05-08
14d880e05f25c76669906e16e5878c194f459745040d73b6a5cfbdba446184ae,2,1,2,2025-05-05,2025-07-11
14df25887b4cda14c4da672d27dcc2236dfbd24fc571346e8b258dc3a4c35d9a,3,1,1,2024-09-03,2024-09-03
14e6069400a2eeea5ca46b5f4533fcbaae483a9c42a163f4decb41be63da1790,2,1,1,2025-08-07,2025-08-07
1509b8302d8716b80b48715df361138afc0c13d58e563319dbec3849c0285535,4,1,1,2024-03-11,2024-03-11
1516af77201231e39daeb5a3bc76e9fc64dc8e7af4eed20db75b14211906ea4b,2,1,1,2026-04-06,2026-04-06
152db8f0bf7675d415a3b5600d438343b1630df51d0f9a1c4d7e14bb90dc31e3,2,1,1,2024-11-09,2024-11-09
152dc794089e223896d935331721da5161ac0df27f758193ae65546227507267,2,1,1,2024-12-17,2024-12-17
1538ec6f632189b1f96c3f4aa5235ae22e473a9e4c6d7ccdb8ba665c7e1822d0,2,1,1,2025-08-04,2025-08-04
153dcfbb313304e28fa29458a3d9848f289abdad30517cc271da1f9aef04b771,4,1,1,2025-09-04,2025-09-18
1551460a6260b8343c26a0b6cb04642cec8bf17228f5080d4bf03441e58f00ae,2,1,1,2025-09-26,2025-09-26
1551765067388a3b4978abd996820e91f46286e8b0dc876f87d4b9d0520a1681,2,1,1,2025-10-16,2025-10-16
155a239b1b7a070e8f9b5d9995d78f53bd7efdd13895b7494e3781a4113f40ed,20,1,7,2023-10-14,2026-04-11
155d04e18c92d7cc3894b77b4f631043089f29d31390d4dbd0dca7720e57bc07,2,2,1,2025-01-26,2025-02-02
15708045116f488048275f73ae429a01adbbcb44231cb1b092602edc4d8f0e09,3,1,1,2024-04-17,2024-05-02
15711a2c53e11d8ca5254472101f692613892056d680af4afacb6d6ba95f87ce,4,1,1,2026-04-12,2026-04-12
15840714c474182b06a42f4f657371dfb5501a746341775fc424a7332eb0c549,4,1,1,2023-11-09,2023-11-09
158ccb20c8d0907bc8c19f6b8d51fd387a85f30821ba2b11dc27b1bdfe19b243,2,1,1,2024-12-07,2024-12-07
159d184d9c3cbee1189bded2b9cb5051d8a3b72bb893b10e59c830d00e86c71c,2,1,1,2025-02-05,2025-02-05
15a8a7746b28170e6f30eca5be18119102b681481aef2a7c2e9fc633c8e9c7e3,2,1,1,2025-05-08,2025-05-08
15b738e84b3a66c622b7236c794b2f5bf81c35eb283ea72c8a74225193538945,3,1,2,2026-01-13,2026-06-17
15bb9cf06c5c82ab0a3ddbf576be9cc229ba5575fa11504e384528cd68733093,2,1,1,2025-02-10,2025-02-10
15be5ff3544a8d9551f4c6520a639f31a0f66202938b7b74ecd4f782121ddeab,2,1,2,2025-10-22,2026-01-20
15ce0d483c9258d2e0fd71de51d39a4fa1ff752523cdf61f184af02c9340f108,2,1,1,2025-06-09,2025-06-09
15d5144a1aa76e73c7756fb3ce97d5180a5603ad455948db0b1b18a5b5fd4369,16,1,3,2025-07-29,2026-03-11
15d710a2cd344f87cf002722363b3e035a2ee281863204e400171e4c35478e69,3,1,1,2026-05-26,2026-05-26
15dd8914fdd81c9b23e4d91a840cae57e51a3725baf6fd7c42b6bd77d41611f2,15,1,3,2025-07-28,2026-03-17
15e65e00c5991c97de73a5c5f2c84b298b3493888492dfc22af05c370ab87f5e,10,1,1,2025-06-02,2025-06-04
15ee5f8442abc7fe751a8cbdbe5ddbe5bfe494bd6010d05ca82ce74a2f5a15f2,2,1,1,2026-03-07,2026-03-07
15f9bbde4006598ea537c86b08b831ee651a07d0354dbab9f54c1d5805ea7f96,2,1,1,2024-05-08,2024-05-08
16259856d5eed1046f2fb27c912d350a9756dc3fc4e100368ffd82e10dd02797,2,1,1,2024-11-06,2024-11-06
162e71951c206b96aadd2d5057a77b77ec28c557a9b457e707794f92a0d7b484,3,1,1,2025-10-08,2025-10-08
1632cd82cf60149929792b00f86107f8f8c44d69125463ab540b892ff98ee47d,2,1,1,2024-05-16,2024-05-16
163a9570a902189cbd64d1f95dbb862897d568a6c7b3c201a4725ceb859266a3,3,1,1,2025-02-20,2025-02-21
163dfdbbe8f6185cad4027e5448dd79826ae928065f58c2f9e81ccccaf1dea99,36,1,4,2025-07-09,2026-06-09
165e11db4010a8ccd1adc1077f4598fafcbefd030110db33344b70f4946ed556,3,1,1,2024-11-13,2024-11-13
165f5cfe7aae13cea9106eff544f361a614a2d3a87091b4ded91cefb54811a40,2,1,1,2024-01-24,2024-01-24
166f827d5f82aeedf0eb3c3782c5b4a60552f0004a622063f1aa4dd89c486bef,2,1,1,2025-03-07,2025-03-07
168a051dbca25800125005d25ab5581bb0dc0723b69425ea535ad2868a6863ae,2,1,1,2024-03-05,2024-03-05
16944769b7427594bbba375555300e1caf0d61b13eba567731c129f204031fcd,2,1,1,2024-03-30,2024-03-30
169c30ec69010e853c3609d0fb78f4874e51e37f7d6521cb0e199b146346e5c2,2,1,1,2024-03-14,2024-03-18
16b6e7a77ad81b6b5649291fdf97c032e84c013060935d616e5ff9a2baaf6ed4,3,1,1,2025-09-17,2025-09-17
16be0210fcd0e340cc54678c27e8a5faad3ef68688a5b22d1581d2ba7777b423,2,1,1,2023-10-18,2023-10-18
16c0dd1a14e14ad07d846e2ec945a7633e9504c1c89c8278d006554076590009,2,1,1,2025-01-12,2025-01-12
16c89ce0f864a049d384916a3c875869382c1b13527e734a74ae4858f5f8e4a3,5,1,1,2024-11-23,2024-11-25
16ce4378f0e0faa94733a195dfdfb0b18da0f618fb6bb23398c5de72291eea46,3,1,2,2023-11-27,2024-11-04
16d6195c0c449a27aa7329da68ea08b7873dc8646fc2a4f175d9ae3c0015f4b1,3,1,1,2026-02-24,2026-03-05
16db83c5adb8a54ac7b81fb10fe8c72dbaa2b91fddd7d7fe1e59c7ccb2e5b1e6,3,1,1,2024-12-25,2024-12-25
16dcac9c8a8092c8fa63690d93763a55df4b677fa0c5e9f31e9d35e6803cc30a,2,1,1,2024-03-20,2024-04-18
16dcec888d15fc4c7825ba39106ef336538814afb8b883ea75179cee8b3e83b4,2,1,1,2024-12-22,2024-12-22
16ec6609de4347247b0124f5fba82fc3cb2b2f1402d695b2b94f4d7a318ef4c9,2,1,1,2024-11-02,2024-11-02
16ecf8a52f4d07abf2cad48bbc6092c5ac450a3d884826c151a4b9ba022afa99,2,1,1,2025-09-03,2025-09-04
1705cf3358c0a728f6ac505261c12aec5974bbec1e351230d6efbe6ccfbf5e29,2,1,1,2024-03-18,2024-03-18
17082bd7f90ee605d6624bdfb6a2615d9a1bcee7dc1e54d46c82bb1cbc1e68ef,3,1,1,2025-10-01,2025-10-01
1711492d1f1ae0db5e05d65e77e5f1ebb713ff7a65a39fdca7c3cbad147cb7b2,2,1,1,2025-10-02,2025-10-02
1711cfe761dce325dccbef329a17ce9a06e6a1f46d114546fe9fa49ddd34ff64,3,1,1,2024-02-12,2024-02-12
171def2ca4d5d9268026377a81ca44dcf0d2ffbb2379dab6bd41df791eb18104,33,1,4,2025-06-19,2026-05-06
17233170bf48f161873ff567fe40ea4a895d9e773917bbaf8d5a4385fa6639d2,2,1,1,2023-12-09,2023-12-09
173031137d0ed20a0fb17017e0534e5395b50edcfcccba9f631fe6858373d5b3,2,1,1,2025-02-21,2025-02-21
17560554be594dea213a782671fc1e4da2d562d152939173d25fb4021b186d97,5,1,1,2024-03-12,2024-05-22
175fcae35604f37a145393202e7ce473c7489246c898e65854db5541730d635c,2,1,1,2025-08-26,2025-08-26
17612ce128c1c5012749a0c98671cdf76cea910573935a8f6eec1de7ab09d1b2,2,1,1,2025-09-04,2025-09-04
17699d503c35f82d3bb3028449c7eedd7ca7f913902b9c5cfa54903feebb32b2,2,1,1,2025-09-03,2025-09-03
177465abac8eecc5fead01820b14f8668509b61f1e7a1ac470ab62719aebbbd7,3,1,1,2024-10-28,2024-10-29
17746ab509160f0bad580939ece34d8377da59fffb868ab1b1902b3a23f323ec,2,1,1,2025-11-14,2025-11-14
1777383d58b161d87420eb682cbd3d8c22a173bebae45d2c838cd91376a9ccef,2,2,2,2024-09-24,2024-10-30
177bca0e032402b177c242cfd15404706a011a802efe59393a81ff13bf7fadda,2,1,1,2025-08-26,2025-08-26
17825f08e5fe58b6d81d02cbaa1fe357f820c9c28d1265706850ae565900c0ff,2,2,1,2025-12-19,2025-12-30
17873879e550ab4a6bb1b5e988c061c707119ac21c5439bd2f8be1a28fae290c,9,1,2,2025-08-19,2025-11-04
17c433464058362605387834f022d26af363d7cb21ca2dd49b6ce368dcfdf246,2,1,1,2025-12-27,2025-12-27
17c6865282771216e589868de821340cfc629f6fa33cabc1cbf3c05f0fb1cf70,2,1,1,2023-10-16,2023-10-16
17c9dad0e41e7160c4c4434fc855b9cd2e7ce628bdfac49ea930baba27b83d11,2,1,1,2025-08-15,2025-08-15
17d12b05bf69d27f433d75b292769e6dc0fe613ca7aeba033660f92ba55543cd,2,1,1,2025-09-23,2025-09-23
17dd9091c3201848cd1eaea91a1b2992f6b18c4753ad7bfa0ee41a9e7d80159e,3,1,1,2024-02-05,2024-02-05
17e46a21badb1133e732a340abe4039060c65d2f202d537501c5e4ced92c2f04,2,1,2,2025-06-27,2025-09-10
17f1a2605afe77b000755c3455039ab3002c4ed942e9db4c309326b22623b05d,12,1,1,2025-07-04,2025-07-21
180c5d53dac206a139307c04e080f8751aad7130baa51f912ae3777b7eb45873,2,1,1,2023-12-26,2023-12-26
1822b155ba559032b826f8ac6e9f0468275e51ab4d255718ddcc7903471a4b48,3,1,1,2024-01-23,2024-01-23
182c7900e38e4e0646e41beaa79b303f5fd7780f52ab1142cbcc85b58601669e,5,1,1,2024-11-20,2024-11-20
18327fa4b11e4d5cfcb0a3a7a381d0e711ecfa34bcf8590813b1b28e5b626dcd,3,1,1,2023-10-18,2023-10-18
1832b5e7359261e599424cb7aaa68e576b3835231b0f7e32493deeabd95dcedb,3,1,1,2025-09-24,2025-09-24
18404d0e11c97b763d140627f78b7183423d9e6698b65ce9a8a7ec706ffae540,2,1,1,2025-08-19,2025-08-19
184ef2ff6d31373bb2db5993060bc3d9d446000c3f1d8967d835aa1b606e2ef0,2,1,1,2025-10-08,2025-10-08
18516fc364020126b55b9726044b54af111516a11b91d55e443a54dbaec78bb4,2,1,1,2025-11-06,2025-11-06
1852084060f1a10e1ec8d0af5414c7aea3dd455103d3e6dba3fcc22de8549cda,2,1,1,2025-09-27,2025-09-27
187172a41e0e7578dfa13ac24a705bfa46ff060ca8b32d0a8808b40edd539db7,2,1,1,2025-01-07,2025-01-07
187db2814a11c608f1ecb51f2648f9f6971a3bbfdaa0b7c749d9903399a3280d,3,1,1,2024-03-13,2024-03-13
187ec939d5ac727d957c8b0f7e67fad596c1212cb6456e580ece64de40475be0,2,2,1,2025-11-02,2025-11-02
1882ff4ad67072b82af5aa38cb65e25337e7b50b63b578ee545fa7a4b359ba31,3,1,2,2025-06-12,2025-07-17
189156fac2aed8edb141b4e90dfa30585dd73be636dc7399927abd1b37d08f5d,2,1,1,2026-03-23,2026-03-23
18b09b6af26c11b28f0327098bf88c0af794c74b03db5bc3bd42f790642e8e8b,2,1,1,2025-09-17,2025-09-17
18bc666a4da2b4b8b538203827a8cba3a1303c9cabd095682941b6fd14c37c06,2,1,1,2025-08-22,2025-08-22
18bf2fd531f4c351b44294daf1d80affb71ed906fdc18826cc0bb2d4105f8e5a,8,1,1,2024-12-26,2024-12-27
18c170e21574dee8c760333be694887ee87c8da0cbd745c7f57f92c1b64a243d,2,1,1,2026-05-25,2026-05-25
18c6764db0ee3eb13586607f131fab4ee75c754ae3efbb7fe88c4ea9d6ed13ba,2,1,1,2025-03-08,2025-03-08
18d3d9bc6bb190b6ae2fb8171aa955e13a8af79e2c26c72ad6f09220490c4f89,2,1,1,2025-01-20,2025-01-20
18f5f45ee24887d4e6ac73c37c634d5dc2052a1a4f8a8eaf6786071f519fbeac,2,1,1,2025-12-23,2025-12-23
18fb04b38ca3d6d80bd6bab2b54c06956b143a3df64af318ffe7d8733bf6ae38,2,1,1,2025-09-04,2025-09-04
1916fdbcaa71631391febd3685f74f699e6404b49534d7f4a40757a8385275d0,2,1,1,2025-12-30,2025-12-30
191a057c7eee68bce03a6094378aeb364eab17ffc0060dca6cfe1810ddc07c1e,2,1,1,2025-08-02,2025-08-02
1922244a1d1512afcfb549dc3eafa3ba446e09c5923a650316000053d0184869,2,1,1,2025-07-01,2025-07-01
192cc3142c6edd71107eb1507099b3274762f8e568411bc8d588a2e58d761cae,2,1,1,2024-08-01,2024-08-02
192fe9c945990c49eb20e0d6b31376a4522ea93e2b6a89c121cf2236e40bac20,2,1,1,2025-10-05,2025-10-05
1941d6f84519ec390dc013f4aee8eadbad183434b22204a628289c2eb4d0feb0,2,1,2,2025-10-14,2026-02-17
1943ceb90046dd013bb7bcbccf2200ce542c4ddadd8d091f9d9ad98d919eb311,2,1,1,2025-07-13,2025-07-13
194b2e99d808527d5e1d49e6b2189ce70266aef09f3a7fe551c902431446632d,2,1,2,2024-08-16,2024-10-07
194e2d724bd9579a71ca9edf57c12e2aebb3ce85ba247fe777ca585fbf56cfb6,2,1,1,2025-10-09,2025-10-09
19551c979213033428f8b5575de18976cb43696f47853c2d23f947137f5d13f9,2,1,1,2026-01-26,2026-01-26
195892c3e2f57ecd18048588bafeec7b4112f7a985745afe44b144b9cd2f9841,2,1,1,2024-01-25,2024-01-25
195ef0dcc4053621bf915eb74559f3eab10358c6f00bc5f17b009e36958e47ff,3,2,2,2024-12-30,2025-01-09
196e29cd53eb03a1567933b573958c90f9992dafdda910e89a75b6fd9a4faffc,2,1,1,2025-06-03,2025-06-04
1970545733a0885b21503e7e2d78fc681381574202ecf6eca21d2465d6818488,4,1,1,2024-12-23,2024-12-26
197e9333eb58d946b8dc06a1537ed0b2400f701671673c5ecb1b9981f3e6a68b,2,2,1,2024-08-14,2024-08-14
1992eece4cd6a1ca298842dc4849557863a9576c790d4c3e2e2adcb6d95a05ee,2,1,1,2024-04-29,2024-04-29
1994135ace70fdcaf01e0bccecf94afc51f75033de58dd418b88abb5725ea1fc,2,1,1,2024-03-06,2024-03-06
1997a72868b640c0d05f0a63ef1020cdde740ccbb6cdf0047b945c086e89b0bd,3,1,2,2024-03-07,2025-05-19
199aca8f7f9c897b48b027a0489ccfba0af4a2bc78f13aacaf02ef51cc1571b6,3,2,3,2024-11-20,2026-01-21
19a99aac5e62dd6c526520c077148d26c967048f01ff3193439caa461bd1720c,2,1,1,2026-01-07,2026-01-07
19cf15eae44102a9805f36c05baa9d3081c7fb979ce92dffe5d56d705841f03a,2,1,1,2026-01-13,2026-01-13
19d65357c5e4a36f86dba3b826c997cde939ab3ca7855c28f2095bba92b4d189,2,1,1,2024-03-16,2024-03-16
19dd4ee8cafcfd8767707c4cd647337af46ad8e33e108cf70dbc42474ae1ccbb,2,2,1,2025-04-01,2025-04-01
19ddc4a2706a9a26a008328781c5118b4e33d342fba96ba38c9e366c551c3259,2,1,1,2025-10-03,2025-10-03
19de31884d54cd302409a3244ff2c73707b57d4bf73a5bf823bcdfb6b28c1df3,9,1,1,2025-04-04,2025-06-24
19e4f5aebb6668b8cadc0e14daa59e1e6eaa988c1b8a816bad1d61edc5ed9361,2,1,1,2026-01-01,2026-01-01
19fe2d3c1d1b674e7b608710fca38fedcddd8075a86780e9a4c51d05fa86a356,2,1,1,2025-09-03,2025-09-03
1a044cf94474184ea0b393d64a8407e7a985bbed6874eff238c0a05dc471fd94,2,1,1,2026-03-15,2026-03-15
1a065a0b8c2475f65d78697f347e1926c78b733d54980511a9ba7e5a16713c95,2,1,1,2025-07-26,2025-07-26
1a0daf2cb899f36c8ee9ccb2823c6bd723e12f4d66940658761d4b65a33c4cf4,2,1,1,2024-05-14,2024-05-14
1a1322135b81c532b4b822a7bc098e9f8d8876207311b4bed16ffb103c21bc4e,5,1,2,2024-06-06,2024-07-31
1a15abf5846e824570ba2c71e07daac4a0fdf8026039d3f81aaf46aac5cbc46e,2,1,1,2026-07-03,2026-07-03
1a172e8cd951eef738317d57b1f72c561b31694dab2ef31bd9e44ef458c0ea76,3,2,1,2025-03-21,2025-03-21
1a35f6afc14d045b129a1959c3de27f97647866d252b14a8b6951047a19ddcaf,2,1,1,2025-07-27,2025-07-27
1a38f6eb2277096e58fbbb38c74c9ecc246f244a76e01a9dc15d93b687f2f9fa,2,1,1,2025-07-25,2025-07-25
1a3a68e7fc068b2edad4246418d952c9720057043636b4e220d8b0c25456fd5d,3,1,1,2024-12-13,2024-12-14
1a3fffd31ee850d2e7eab424ebaeac152d299b642625c0af1a3aca92077daaaf,2,1,1,2025-08-19,2025-08-19
1a41552521d53b7f12dbe6c30ab1b7feca3554e99f1ad58943d898d171bccd0d,3,1,1,2025-10-21,2025-10-21
1a48d92d61ac9c8d8fa434a931f68575a5b303fb2daf1adf0533e81f815816bb,4,1,1,2026-06-29,2026-06-29
1a4abdea1e29dda64c5c9e11e9a61e0112ce0d5fc19d5f24211176f7ea88a019,2,1,1,2024-01-29,2024-01-29
1a59cbbc6244deeaaa41ddfa9784cfe961595b94672545c053ab5e577243a20b,3,1,1,2025-12-09,2025-12-15
1a5d4b676c50c9eba0f90cf6f1c06b90fbe3e74def5cddf38ada936b79863f26,2,1,1,2025-10-31,2025-10-31
1a60f0d7f5958991478858a05c19fdfc406f5140fcd1acaa0d416ad986d73f97,2,1,1,2025-01-29,2025-01-29
1a6638e1636518a8b50cd4414c405167d1023b8885d6838598f5b2085855d81a,2,1,1,2025-08-20,2025-08-20
1a66f6fb7e1df9dbf90a87ba75aa304b8ab4d3d91557fc3afe1bab124cc4fd92,2,1,2,2025-12-08,2026-03-06
1a6ab1e5e6c266fdcb195b7517eb5f6c1855ff06975ceab2b19077b8fc87db67,2,1,1,2025-08-20,2025-08-21
1a7426caaf44ce81fe4532f1913859c0eb3db5ff660e9fb2b362b3ba5c61265b,3935,2,6,2024-06-14,2025-09-27
1a811d72cb0e5472d618d16976e7a1bc7bfae5b8b0319d0dcb16acbdd40922ef,2,1,1,2025-02-20,2025-02-20
1a89b90eb3b0e59794005b513ac54f7c9be4fd2d09485be07c5ec5b1b09bd4f7,2,1,1,2025-02-12,2025-02-12
1a8b47cdc5f43dbd5c36315c2ec12f19df1884932ac1cfb235ffac298b2918fb,5,2,1,2024-09-09,2024-09-26
1a92d5432342f34095c8bb582a3f36cf22d7425b3d7da1bc915fa65936466472,2,1,1,2025-10-12,2025-10-12
1aa7c8df2611334ab287afccae6aba738664df8d89d72342b576bad02f07cb9f,10,1,1,2024-10-27,2024-10-27
1ab3e97e568078f1fd5159a9ee4cd640d95052aea219e57242969e0ecc601591,2,1,1,2025-08-01,2025-08-01
1aba67bbd28c31ea4c03adfdcec83dfdf3538830fb2e06e43e0023a51ef0545b,2,1,1,2025-12-01,2025-12-01
1ac0a61595d4870fa5b2e1af996021ee5a14a6cdcbe687c264bd8867618a387b,3,1,1,2024-03-06,2024-03-06
1ad58b8e5002bbb10786040776c571de095ab0f039811dac2e6074557e9a1d83,2,1,1,2025-08-18,2025-08-18
1af9f34170398be27b139e43f724e30ce3501d613003b32bb61e842d0ad72d5b,2,1,1,2024-01-02,2024-01-02
1aff15f64e73b4e26529ac0359386949fc183a43dc6955de75e040c1c279b074,2,1,1,2024-03-21,2024-03-21
1b00a569efc9b9056bde71f4382dc4f9b601415e67dc568bf78b01c2a475d477,5,1,1,2024-10-04,2024-10-04
1b04274f7c9cf5e49924940756050bdfcae5f9570d9531872ec51855b59ea02d,2,1,1,2025-09-19,2025-09-19
1b0887489372a70b77e941ae2b802325739effb95d1d73555d5dbafe53b4e97a,2,1,1,2025-08-14,2025-08-14
1b14bed7e4a71b44db4c716f04eb6af524b469329b8fd33554132cfc27267575,2,1,1,2025-09-16,2025-09-16
1b1af179a6306c662f856957852820d6dd10fd6c31fc69f8fbd7d8c3bd8a68b4,2,1,1,2024-09-23,2024-09-23
1b3ba21f3f3cfa84b38d5d39b72a4b108cdb11a14054fad24ac86e8f5e822ce1,2,1,1,2025-09-09,2025-09-10
1b51c8a0d30973abc5341f03d66434f4b1d059dcbfef387b9a84e00a95ccfda9,3,1,1,2025-07-27,2025-07-27
1b541768a39df713969597b125e303051e4035e9885227140d86508eb53c702f,2,1,1,2025-08-12,2025-09-02
1b5470d0e699ac4e0c66fa19b14053642a934437f600472ad0bbaae4653f2fdf,9,1,4,2025-06-19,2026-01-14
1b6366a5eeb0a7a423415744414efbd9fac88811b21720dc4a17e118af285f04,3,1,1,2023-09-22,2023-09-22
1b6a9f10d4d22e6532bf837a056760499ce2ede9607a2ef8e3b80e6b12af11f7,2,1,1,2024-05-02,2024-05-02
1b6d5135a6aea78451750526ea23b34b72a67409097569f4b1dba3dc90c02425,2,1,1,2023-11-20,2023-11-20
1b70f4973f9c6d058684c49f277b7d3a0863be76b7ab0e30f09c0dba2c6ce835,3,1,1,2026-03-31,2026-03-31
1b7ddfd74ba5d1870b66287d2b52d65cdb469166cda5503c6756138c2445bb39,2,1,1,2025-03-10,2025-03-10
1b84e92bc4ef009caef95e7a80b7052c39c4c9b77887ae4a9c5fd73119084132,2,1,1,2025-06-09,2025-06-09
1b9451ac0ddbef44dde13e36a4ed73d03824a127c8206a7565e7439ebc70769c,2,1,1,2023-09-20,2023-09-20
1b9f950f14a41d5c4a1bd1a69a054316eff0e9e9cfa39ba9d88fa2e4d575766e,2,1,1,2025-05-20,2025-05-21
1bacb7aad3bf3d07cb2243e3eb4f393047af7185b51a62b8ece533a8d9220f2e,4,1,1,2025-04-08,2025-04-08
1baf000c23577b551434633df93e68c524ec9ef96ff6a65e2b8ce8211f8ca4a2,2,1,1,2025-11-24,2025-11-24
1bb060d0d459ca7ba057da0c8952e1f123ae33134a2c5e089f7d0c54a2530633,2,1,1,2023-10-09,2023-10-09
1bb2222adbb9ec9c2d76eb5dc357c771cc81304837f7cd3bf9f62dd387ca1008,2,1,1,2025-11-10,2025-12-01
1bb292c39bee4433527df5c91a53b9316bce4d2f0b03d760d7fb5fc90dcf55b8,2,1,2,2026-02-12,2026-05-04
1bc2c2a7c1795217cbd5fd1dff7367a1d939ae9c615dea65c8555a6f5693bb7a,4,2,2,2024-09-07,2024-10-03
1bc4778d237cd7e5e21658b55cad1584830298fab4c7961e0994c36b407936a6,2,1,1,2025-07-08,2025-07-08
1bcc5908d7ff777818339f9569523aac38617b58890fa3159e4e24dbe6b5adbf,2,1,1,2024-04-01,2024-04-04
1bd05c8be1146d72110ba0d0d36f0dc58b603b4d3f7fec31c03da6f88d2d6b14,7,1,5,2025-06-27,2026-05-07
1bea5ac36b12d49ce67231d212c4436b70f7184280d7665934459d583d785435,3,1,1,2024-11-09,2024-11-09
1beca49346269cb4e2ce105e7da41640b17053395f3c0d9a094dae559a5f7e50,4,1,1,2026-02-22,2026-02-22
1bee6b701671aff8804d3c005481fc4095031ca86455badf0994a57324966083,2,1,1,2026-04-20,2026-05-01
1bf03d61ddefe4ea7efe19761e7106980a87606a3f258fd3470f5a00d6e60724,2,1,1,2025-01-14,2025-01-14
1c1809c030c31b4871531cdfaecc219778081930cf13e528a5d2f47eb0586b1d,3,1,1,2024-10-31,2024-10-31
1c243a1cf7958e9fc9fcddac623a1f631aa9fcf166d8835039564cc207c75cba,4,1,1,2024-04-09,2024-04-10
1c2ce679381323eb1fbc28c6982da2fa2dcfa8a09053ffe4456ca4650d167ae8,2,1,1,2025-06-19,2025-06-19
1c44a178e9034e8d94671b7ced2c9662251fdbee9acd1d4e7a9166226b5c0494,2,1,1,2026-03-26,2026-03-26
1c4f14ae60bc6fc0ee6fa3545c2ef94db282c46d7819b8b8d8c50ea2bc481815,2,1,1,2025-03-12,2025-03-12
1c55796064a6dba7be81d4afa4c0bd191f57f89cd8456ce6b478f26a1f6fa2ce,3,2,1,2025-04-21,2025-04-21
1c728e62b174302bc43a5d4585bb3e32b8adcf2642631e141b7d223521ae2440,3,1,1,2024-04-23,2024-06-28
1c7baa737e9fcef4546135dd8b52e908f223519add61c1c041d6de22bfa1965e,2,1,1,2026-04-30,2026-04-30
1c810a76f8e1adff1afe576c8a0dedf5a9b396f3a624ef0bfba4b1e64d5dfd2f,4,1,1,2025-12-25,2025-12-25
1c8449d97ccccb7357fb0b29325611f7edb7bdf27a19a49761cf810c2618b107,2,1,1,2025-06-01,2025-06-03
1c8efeb1affffd4529c18d5e6c60cd77104a9064dad40ae76ecd66eecaeffaad,2,1,2,2024-06-18,2024-07-15
1c93d1c9559a39f7283f777073e3971f9d5e29b121b22ba8e3ab11bf663551a0,5,1,2,2025-05-08,2025-07-14
1c99a39060c0ff1660252153df4168744c58ce53b85997253aa248432787d3d1,2,1,1,2026-01-15,2026-01-15
1c9c058ea4fcadacf1bc0defd666112229c8eccbefa8c560e4e0d47d1f3f74fd,2,1,1,2025-09-03,2025-09-03
1ca62f09e122b76fc35d70dc438d77a8db4e096b1dd75ca5f7ef5077d6896b60,2,1,1,2025-09-24,2025-09-25
1cae7676514460c123d6df74cb4ddaac69f8573b3a28670466970d86ab0def70,3,1,1,2024-01-24,2024-01-24
1cb3c83431202d6af9b6b91ba8cd45ee861527356ab09ab879267b2997207217,2,1,1,2025-01-25,2025-01-25
1ccbe6617475910f3b21d953ea2b3ac2fabced8809248bc01e35f56107057bb7,2,1,1,2025-08-22,2025-08-22
1ccceec497c87b663988194a9e1b6dcff6ab05e60301bd0c3a7b951acc4ed06c,2,1,1,2025-03-17,2025-03-18
1cda0129a73221e9a013834a605f72a6e1bebe6df0c6f6b04ef125ad9abe9293,3,1,1,2025-08-26,2025-08-26
1cde14f8e4a7c218939fe560ee90e21922819c05d1d6724349ad8b0603ea6f3b,2,1,1,2025-01-05,2025-01-05
1cf606f5c5b63ded1906132ce079e3f013660baf352d9fb7d4dc07e0b639618a,2,1,1,2026-03-09,2026-03-17
1cfc322dfd932dc61183b6c9e2c8eef1d8a5e4f80396f8f72761885c03b28ae5,2,1,1,2026-04-05,2026-04-07
1d0c0cb668399892a29bc3f98096b3da34106cce6ddea6756ab59f14b67d0a43,4,1,1,2025-08-05,2025-09-17
1d14a0a55a64757701ef123bc0018a73ea11f1bc0ed8b7dc304ba56468b191a0,2,1,1,2025-09-05,2025-09-05
1d175685ac8a63f26173c13f602d5935960186e8b27fd8fbf6de4462e05ee036,2,1,1,2025-09-09,2025-09-10
1d1a0cc06f83025381d16ffcba29d99c64f59c67369a62f4ac50d2fc46d03581,3,1,1,2025-05-13,2025-05-13
1d1ff120ed53485c96db6c5124f899e491e256d2bd5b49c495ddc28c06f87e55,2,1,1,2023-12-05,2023-12-05
1d20b98a2e5ca85644267d50c10150fc06e63d876ae9b95635424af53dd51845,2,1,1,2024-12-17,2024-12-17
1d22e8d32bb85ae2af1357374762ea44afe666a224df749c4228cc8b6f4787b1,21,1,2,2024-11-24,2025-01-22
1d3053c89c8d976b0654b4f5d48845d1aba51f182786ffe709cee4f2dc0b5774,2,2,1,2024-04-09,2024-06-07
1d328e9e6a0d9f4d6953991e2c034c56c78f3d68c8a7d7b5c38901781a3877d6,3,1,1,2024-01-29,2024-01-29
1d53510d5ca527cb4ed8506494bd10bbd96d99793895dee1722773c9d4c84307,3,1,1,2025-10-24,2025-11-30
1d7ce04d6872b7e5fdaa5a8858d98eb16cfc93a304387860d7468e94d57da63e,2,1,1,2025-06-20,2025-06-20
1d86c0d6e89be52793d46a16ec04956e9b8f43e670317568c6d2fb7dafecbdce,2,1,1,2025-07-26,2025-07-26
1d977e4692faf7e563c9816e87165fc8a4bba82309e16161c71accc8f4fbe707,2,1,1,2024-04-20,2024-04-20
1d9908cd732eae32f39d6f97304cc7e49f15ab6ae8d335026a5c8aec48d048fa,2,1,1,2025-10-14,2025-10-14
1da4d53a731191db58b4138617fe55ac6cd6f6010a6819ab948c43bfa9127cc4,2,1,1,2025-09-25,2025-09-25
1db0a9b439e4dc8a31efdf963efed6e4ec26275a62ed3781a6ce562f67735b01,2,1,1,2026-07-02,2026-07-02
1dcf9235c4165c615aa6933df47bc40a648800fcf0f66a98972531aed25b825e,2,1,1,2025-07-15,2025-07-16
1dd0d7e978a6d7742bee9222a11e363accb6abea2e07e6ef9739f2ef599dbc06,2,1,1,2025-09-09,2025-09-09
1dd843df0a921610f01ecb24521e6cc2762bb2801d89339581ff0f260dafa7ca,2,1,1,2026-04-23,2026-04-23
1e095c154737fa2c4647b361c7156111ecc874b60a67a2067f382dc0d630f6df,2,1,1,2025-02-09,2025-02-09
1e0c7df94d6bb2d3813afa9ea3039c3e7e8d9d7d6938f5149ec2c46b13c11184,2,1,1,2026-05-18,2026-05-18
1e0caa50d96992e67af1352a62b0c3d4808b51a9e95c3c2a385e8e516b84a0c5,2,1,1,2024-08-30,2024-08-30
1e13e6f88d96e9eb0ef8ab1d50baaf98c0a04bd9b3ef5c65f5e1ffa17eb41b7f,3,1,1,2025-04-12,2025-04-12
1e17e5f237e2b654cd5d89dcac752f189c06af8f4883c36b7a0376ac9d45aa26,2,1,1,2025-08-09,2025-08-09
1e1a38ecf8e586ea3334171a85670b27b12c3a07b2c5b141ec178104f525f9a6,3,1,2,2025-11-04,2026-01-21
1e1baeb529ba339494e1ad837edc1192f243673d176a57e4d250e3934d52a3c0,2,1,1,2026-06-03,2026-06-03
1e2c39ede4282990d6d3e68dbf080bb90636ff962339802b89685ffcfb57a924,15,1,1,2024-01-18,2024-01-24
1e3b10308e15b698b098ec5d712557c1b5d5c1da58cb869989c72649cf6618d7,2,1,1,2024-03-18,2024-03-19
1e3d2c39894427d8cd42935187818441f07343222e83b99eaf01b1b3ec20935e,3,1,1,2023-11-16,2023-12-06
1e439661f6690b3d33cc3976281af2234a3bc5a1221162a163d9f638901926ac,94,1,3,2025-07-22,2026-02-18
1e43ac5d0aee0a2451bbdd0d448fc28a9150835d9851b31d05808f0253504f28,2,1,1,2023-09-27,2023-09-27
1e4c2aab6309eef6c610f5dd7e396fb0c572ce6eae8f08a0043b4f9a6a67e26e,2,1,1,2024-04-03,2024-04-04
1e4fc3985ca1de67a7ae1b50bd5c09764bbca872608607960966abb5cc4cea73,2,1,1,2024-02-08,2024-02-08
1e6b9ec0809dee1529fa47f3e55d5c6a457be622c1bd117a2bf55cfd9cc75631,6,1,1,2024-12-04,2024-12-04
1e7b3434aa4a3628fe9bcf0c9b60eec4103ad6d3a47ea4ac9d50f23d08c88166,24,1,1,2024-04-26,2024-06-12
1e8471394677d72312c8a45d09a5a8642357853d03e63a97e0406e60e64558fa,3,1,1,2025-08-22,2025-08-22
1e87cbbbcfd3f9f0545bc92b2acd2b387103f768a8d3748e63212557e87eacad,2,1,1,2024-02-01,2024-02-01
1e92a51695311d74dba2dc6f7293bb0879d728e64942f40fd790c39d2e57fe77,2,1,1,2026-06-22,2026-06-22
1ea3d0663483856e7147ee5cabab4d609dae36f1980b08db19aad2fcdd873add,3,1,1,2025-07-17,2025-07-18
1ea73093609ec669f0451ddaa7b72d792266a9c12c85a6161a0f9da5ae4b50b5,5,1,1,2025-01-31,2025-01-31
1eb0e87bde44d9bcd0afb9481fab14d6edc1e43f3456c05b3e47e6c3b114e358,9,1,2,2025-09-02,2025-11-12
1eb9e50e6fbb5d9484367f383dacf05d4acd8a000a6f05c04ef7f8efe0dea0fb,4,1,1,2024-10-25,2024-11-05
1ec39da0feed5f67b48d69d5fc190e91a76918526ca9784941c871b420d0d1de,2,1,1,2026-03-25,2026-03-25
1ec3a01da9eb6f7da153b73f04ade6c951e993fbe867851a0a2cd538c0a1d63a,12,1,1,2024-03-04,2024-03-07
1ef01ff82c8456b8f78a60220c197fc156c7831df3788e9891ac6aa017af29f0,2,1,1,2025-05-22,2025-05-22
1f00f982bbee98d52353c987cecb46466f10b35e7e92633d9751388276ff8a18,2,2,1,2024-04-29,2024-04-29
1f0ab1c43d8e7b740aad09d3617f42982a9c1b1767508fcc622cbbfd866feacf,3,1,1,2023-12-07,2023-12-07
1f13c12797a1516f2419c12f7466e9c2599e7e2626b4d84a7ff6b13d85fce6a1,2,1,1,2026-03-19,2026-03-19
1f158a1f4e09a4211c8716ec3b5354f5da2908a938329b8f28fe44b90620282e,11,1,2,2025-01-08,2025-05-30
1f1b1c9ef1a70482b586da6280ab12ef9f11e7b9897ed8b742195f9880d1c2f2,3,1,1,2024-05-16,2024-05-16
1f20b3fa6e8a9976867f0389480430cb8a180336447215fa01f067e78db7ba7d,2,1,1,2025-02-06,2025-02-06
1f34f90b130a5082636c73546d09e835be9e9ed83d525e2f70b202850995c1c8,2,1,1,2023-10-25,2023-10-25
1f3da83ee2a67910ed886738109edf96f8e9e10d004392cdb565b41fe749f371,3,1,2,2026-05-17,2026-07-29
1f54504556bff6f57f1ad201896fc669d4bc10c9f9b8247e8f9654c5094b90c0,3,1,1,2025-09-04,2025-09-04
1f55da60abf6db12d6d7e4ecf2beafe8e7d0411dc1b394d186a78ca31414636f,2,1,1,2025-08-10,2025-08-10
1f5c9ba598e73d7e9a6bba1ea91c00a6c5cac7d00a856c0f704a98ba2312fffe,2,1,1,2025-09-06,2025-09-06
1f6105fde50a975f41388c322b00f1a30cca2fc71337bd1550585d59eddd2358,2,1,1,2025-09-10,2025-09-10
1f796bfb44b2d40b1510a0dcf93462d5679b4864533193144e1307030e1cce9e,3,1,1,2024-01-10,2024-01-10
1f7a9b89d814b00dcb4621b1d90c510ebc6fdc6d7fc0b6da0e6f17f63252eb3b,2,1,1,2025-04-30,2025-04-30
1f88c42b680bafd7641c5c25c4f224a379a7d222dfcf5993c1b781034aca58c5,2,1,1,2024-10-10,2024-10-18
1fb0666c2f609a19f8117e931d5905a7944e4fcddda08a660468db52256c3809,3,1,1,2023-11-16,2023-11-16
1fb8877cc1d3b697bb44a8a4231b465134df44eace9c78df38c4fea7c8e40d4b,4,1,1,2025-08-18,2025-08-19
1fba37668d2b002903571d35b754a1b5f1998714ece0478f390fa49d22377762,2,1,1,2023-12-26,2023-12-26
1fd3048e58437e0a38890efbef16caa7f9998680283e99464a3786ca190b9ecc,2,1,1,2026-01-20,2026-01-30
1fdcea92bf35bf539f8aaa8c5451fe86db979530afc8a6c76af8ea3b08d9dbe8,2,1,1,2024-12-04,2024-12-04
1fecc2b7eaa61dcfd10c04579f2db3c1a69fa42b62f64584a92d0330162f76ab,2,1,1,2024-08-09,2024-08-09
1fef262c609e9717f49cbe7d4724d4073bfdb3572b2ae3b58a093650bb8fe173,2,1,1,2025-09-03,2025-09-03
1ff310c2ec112662bb7eae4b2d03afbf46cc8f79b6778d0cbd20830aafc6520e,3,2,1,2025-04-28,2025-04-28
1ff727739eb7496d80f6c87d48dc3f9f0d2d987e1992aa8f7c4051224c0074a2,3,1,1,2024-10-30,2024-10-30
1fff82467c33d0938ff926f2087b0ac8e4655bd56ac802597ca05d033563984c,5,1,1,2026-05-19,2026-05-20
202ec9039efed688d029beaa25c7ce498dc0b67c111a8e1098897f9341442111,2,1,2,2025-09-01,2025-10-17
2030c3c2c1e00adead40876108379a09cedb40571c98e4e929a317d1dd6f4ec7,6,1,3,2024-08-22,2025-06-16
203560333648b97e46d2547c1f8c386c40ddd967d29b033b63289ec9899d0bfb,2,1,1,2025-04-09,2025-04-09
204583f64b446cc1bd8621157546b8e7f8ce78321327b86afe5c62acadca5142,2,1,1,2024-11-05,2024-11-05
205b99491e1618029c7ac8e0cc835a389e7563845157b500466030a17337e655,2,1,1,2026-05-28,2026-05-28
20631639f8b57f8fa896804af434e95ce6c1400f82cf4513fcc1b24a4b41f40f,2,1,1,2026-06-25,2026-06-25
207c91f1c3a4b1f247706e6daa77080f3b349f607393fe60914597ff3da16227,2,1,1,2024-10-30,2024-10-30
2087dd6910e277b09c2bd72163d4009d4f1d27bafb95495dc0bf623bbe7726b8,2,1,1,2025-09-28,2025-09-29
20978870058ef1f961465ee2c90be1c3ff89b9a92c63450e290a3590c5b637a2,2,1,1,2025-09-24,2025-09-24
209ae870971d46e8ded634586ffd9311f01d385d085c75b693eb2dffd6b4d35e,2,1,1,2025-08-20,2025-08-20
209d386bae7b13406e442e45616a630b48aa9af0be6299aee52cefc8ecb0f581,2,1,1,2026-01-11,2026-01-11
20b27633626b24a73bd41819db0b63310dcd22fc060968c12764394d07c3bdac,2,1,1,2025-03-18,2025-03-18
20b9a5f16ae51c48869c1f42f2dc38f5ea4e5826bca859f76bbc6c2c939b19e9,2,1,1,2024-02-14,2024-02-14
20bfe41b7b1fab61d010739c07687feae89730ae9912bbc7ba89767fe2753418,3,1,1,2024-12-12,2024-12-12
20c1d279221cdbbc7f7c741ee3e0189da09af04ec2ed72e4a124063decdeda5e,2,1,1,2024-11-05,2024-11-05
20c7cceb7fac1f1915a7b209904d8f0c396de9311e3c99b54c6f190b792a8abd,4,1,2,2026-01-02,2026-04-30
20f60ccf33358fce5c9733fa800db487d1ed89f81eef400bbbb4e3c9bb60a7b7,2,1,1,2024-01-08,2024-01-08
210736e146e7592a2d9a5779eab29e2db8b8d1efac5e3faa09519772f2cb7a9c,3,1,1,2024-02-22,2024-02-22
210989f80a9f4c03a6590a0e42089cff9ba698e5995582aa012cf245a42ca942,2,1,1,2024-08-19,2024-08-19
210c65e64a57a9a61dbc5e2d3f8b1d8b36304bb161975d345e9ed15427dc7405,2,1,1,2025-09-23,2025-09-23
211010e3f345270efdd557f6dc33871132ae6335c9da16fea8488d8ee4d46660,6,1,1,2025-09-30,2025-09-30
211142678ee155cb82236fef0014015c58aecd31e635783f86e604a5b0511a25,2,1,1,2025-11-25,2025-11-25
212f2e120fc894c401ef5ac7d6640b5af14e1d85ac390e083d82fdb96618d4f1,2,1,2,2025-06-19,2025-08-05
21360cf18e4cc8ef41b50541a7cffc9b57a93e4658922ffed63ee234fa4b2a5a,2,1,1,2026-03-09,2026-03-09
213d5a75573b107f31e9ba29c985fc5a0ca61742ff726de5548ada8c29bc9bfe,4,1,1,2026-06-07,2026-06-07
21655a25c7c9b5f62be956792b1936eb8b1d979abdcbad983a72b7192fdd0bf2,3,1,1,2026-02-25,2026-03-01
216830417b08702c20f2ce4c95f5cc9c7839aa13c1b78a4c8dcaf02be557c232,2,1,1,2023-10-06,2023-10-06
2174aba714d4de440e202fe0963cddad68a95c385e4afff8fe8b572a1c6baef1,2,1,1,2026-02-19,2026-03-10
21909d52cca8d999c30f6f1587c16068803647e60c1839b45f0b0cdb00e31d03,3,1,2,2026-03-26,2026-06-16
21a360ecb988ea803cc6347b6d4efb3b8513d42e2c2f5746bbb493c7be7885c5,3,1,1,2024-05-09,2024-05-09
21a82223538ddb61f6e719a78b51be49519f732aa8e5cfa857a6c44a484eb875,2,1,1,2026-02-11,2026-03-11
21afc7abc9163de2aafcd62b0363ef43f37621db442684d9abe4494ef9b2d86c,128,1,5,2025-05-29,2026-04-26
21b5b944ba7251e0c8aed0921c587e2fae3e4028950e0a9494323ab839d4c723,2,1,1,2026-04-01,2026-04-01
21b93eaf00edc538f05e8ef72faf0821d09a386af11dc8ef84018d7d17a2081e,2,1,1,2024-08-19,2024-08-21
21d25a1eab322586769fc6dcaab1002be47089ae5c89c7d874b801585e6680b4,183,1,1,2024-03-08,2024-04-23
21e15bff2b411d1fed1009b842672158cd0aea063a97245cb492ac8797c04a0b,4,1,2,2026-03-11,2026-04-15
21e200a2ef30e3a841aad3bd804c74b87e1aaf137168c5dd02468e2d9f66a463,2,1,1,2023-11-27,2023-11-27
21ee13341598bffa8b330ee058f1043d3e49941c4546153f4182b27e4acb728c,2,1,1,2026-06-23,2026-06-23
21ef417f7e5494b580471bb8f1d5696373a06b8da5c4e212e3cb4c0b353cc4db,2,1,1,2025-05-28,2025-05-29
21f41b3b3f14fbe7593801b48fbb0755219285f7afc11e92e4305b836a95f58d,3,1,1,2026-03-18,2026-03-18
21f554bc72c7e19b7713d3abc38b682bbabfe7f854453b752cd2b1686ef6218b,3,1,1,2025-10-09,2025-10-10
21fdf2d017c3c298f4dc5052c67eb24fe1b268458a3d9d544b3bca3fa12ad7ad,2,1,1,2025-11-24,2025-11-28
22035bcb932395ade85852b6bbf61c093296e00847a6e8294a2b8ef817b6ec15,2,1,1,2024-12-01,2024-12-01
2205b59da7f1f8017ec22ea7eef4e8d843da21dc6cd004d2a74ea42e3df6db0d,2,1,1,2023-12-12,2023-12-12
2207fe2040e7581096aea15c17f9ae652e9b39ca5a29e971e40e4477a546d796,2,1,1,2025-05-02,2025-05-02
2208c3488400a1dcae0110035ad04405f923b6077f46d17a58db6a481d73de5f,2,1,1,2024-09-23,2024-09-24
221155805027c4915e21d722df8613d0f60621a80743fb16d9d079a21339810e,2,1,1,2025-12-27,2025-12-27
22177523b8ef2c458e2954e674787be217ca9bb95489490108dd979da9a624c4,11,1,2,2025-10-16,2026-01-14
221e5437a0399d4fd09374e82884650106e7c089d7388766fc99e41fd1d75cf2,3,1,1,2024-03-26,2024-03-26
222b429193ce9b479980df1a542057ec63fc6b6a11e8b5b585fb08d11b81f814,45,2,1,2024-07-19,2024-08-29
222bb0faae92b8596587f9aee7ec57ccadffd48e3b9c5435d2c009a318aa04cf,4,1,2,2025-07-10,2026-03-05
22309eb024b7db2cfd60997888e44d9ec32ecdfd821775a53a67970cce7e12f5,2,1,1,2024-03-15,2024-03-18
2236acf65a974444650ed7c59b41744b84fbed883c109e8380d60041b5c92d2d,2,1,1,2026-03-06,2026-03-06
223e42b0b721a34b5d92dd1e23a465fa06b007013899b8d54646f88c904a3edb,2,1,1,2024-05-26,2024-05-26
2242c3e64bc739e316fa12ed238dbaaefb9cff581f62a0e41053891b92e72437,2,1,1,2024-04-18,2024-05-22
2248e3b96dd57c3e17a99dba6b44f8323fffc53289ef54eaa5f72f11151cb159,3,1,1,2025-08-15,2025-09-26
224a5f5db842fbd68e836adee9dc2289b09ff19337155f7f8519e7676f5e3402,2,1,1,2025-06-12,2025-06-12
2256f24abe33d52e82bbca744b9ce41c8341df5270de801de7f2df453f2a9092,6,1,2,2025-06-26,2025-07-02
225b42189aa5076735813b51dbc7a27a92f092fa4b89080e08eaa5499db70298,2,1,1,2025-10-08,2025-10-08
22719b910911c75d949f761152213b1ea8968260d04600284b9b9a09055bf349,3,1,1,2025-09-17,2025-09-17
2276b729840a992a7a3de38628c61c30c6b1d5fcece96fe60da76e4756142030,2,1,1,2024-01-23,2024-01-23
2291dfe270efa81daba09f6a1df838bc1dd880fc4ed585874b414cc9cb386464,2,1,1,2024-03-06,2024-03-06
22a375d78a6d141dd6ee50fe8c12f102f06a6a5852ef3b7dcb8d3d96c06d3772,2,1,1,2026-03-09,2026-03-09
22ad0d3872872757a8f295ab34ba3bca216310487e197ab73d989b20630a79ad,2,1,1,2025-03-02,2025-03-02
22aebd5ce3df25144d65dc8f842f221e8d55c657a0f1c000a8ee88ddbc8cd43c,6,1,1,2026-05-24,2026-05-24
22b7bbab666a4babd2cf31df4053c0c9e54df95b0c49d3d01782ae5567fd45d0,2,1,1,2024-02-12,2024-02-12
22b9343d85eaa638e7e0fc32bda478b92b560140f52bbc19b82e5f4c86f22cc4,2,1,1,2026-07-13,2026-07-14
22cdc21652056ae7394b4704ac9a3625f62f568c946e61dd7ec6c19e15ac42ec,2,1,1,2026-03-04,2026-03-04
22d85286d1eceb9a8b46c850ce152321b756f92413df81d779f58d2581a6f59c,2,1,1,2025-07-02,2025-07-02
22dd6387e9fcc69499a4bdc2e79c3e0ed3d98f6b770a6a8f45ca1dec8b92b698,2,1,1,2023-10-02,2023-10-02
22df1bfc3561dacc91f49de012c5c327d9b90bfc7f87463381a047b304c7ada4,2,1,1,2025-11-09,2025-11-09
22e48138caed38026554c9de9d64bcd2fd033241025592bb2314dac548bd26c3,2,1,1,2026-04-02,2026-04-02
2309cebbc55250f4aeab2183b63c53aa95022b515bf29f264ce6d6b9a3b1bb86,3,1,1,2024-02-13,2024-02-13
2317367356bf0130f78757be8d52652e98765f1707ed1398d60a4c72a95d7380,3,1,1,2025-11-14,2025-11-14
231fdbad22b91a757e760b1ef06a1be02131bd732d0f78982db033e3383f6ca1,2,1,1,2025-09-23,2025-09-23
233040f07cbba55ef57a9d546e5e1b0cd84c3b1e59ce13a26ad5a68579821aa1,2,1,1,2023-09-23,2023-09-23
233a69510805970022f94e928eaf60b36c58a40c9bc721b2f39d72054912689f,2,1,1,2025-02-18,2025-02-18
2353d207d103e88190bcd49f6b6bb3ca4e9be6cd5379bed56e1a22b9362f1dfd,3,1,1,2026-02-18,2026-02-18
23766d77e4068af0de00f847a38cab6a8a16dc3522194f7cf48908cf1a818255,2,1,1,2025-11-19,2025-11-19
237e0d1f92b9a5de97dfd8c7cb13604eaa9d35ab5e35efc9e72f676429b31420,2,1,1,2025-09-09,2025-09-10
23c164bb9ca35ddf0fe754a8831aea824fb9e7cdc9481facc9c1edfc74586c91,2,1,1,2024-03-15,2024-03-15
23c200157fe185340f4bbd936d45fb7a05723c9ec5c60ab4c0176421b2159953,5,1,1,2025-09-22,2025-09-22
23c27a0bc17848c5acea32600f2a5a350153d57d45da1ac2d341085733999812,2,1,1,2024-10-08,2024-10-08
23ce71e74e6c9e35097c216b94225f6f258870e833fde94a648e60c0db73f521,220,1,6,2025-04-07,2026-07-29
23d502582721750686c16dee278c3468d37f5db4e1d0f4aad8315facc2858051,2,1,1,2026-01-12,2026-01-12
23ea4260262082cbb9cb8e60f511445955e861000afb79559d5300e2fd73652e,2,1,1,2025-09-12,2025-09-12
23f595d413f67ee640f4b46c34fe983756e6a3e9968cb0897bf9b97900634817,2,1,1,2025-03-04,2025-03-04
23fb412508e148f26db67690defa134777ce8a4ebe0302f426c0abaa3b3ac1f5,2,1,1,2025-01-15,2025-01-15
2401cce287d676ed060d9919bfc6a171d8b42d94b7460c5f060921a76c9a1967,2,1,1,2024-11-20,2024-11-20
2416c57f55cbc7d79068731b76415cc39c81b17f782efbc766feaa8f0996c6e6,78,1,5,2025-06-19,2026-06-24
241b645b43a57521c5e1adbbd62b90fc6b1419e5c68234c10adfbfa6452df824,2,1,1,2026-02-05,2026-03-09
241e171681a02bffa850b1d2987ba269cf77b8558cfd123d83b261beca909441,6,1,3,2024-09-25,2025-06-21
2420cfd8283460b0ba2addd0bfa816dac4535239c3edc26b3b400d6162a96e63,3,1,1,2024-07-12,2024-07-12
2435253b8148f33099f39cfcb31a7533d87f2d0aa3c396912f2deb0e018a8f8f,2,1,1,2025-09-05,2025-09-05
24396ab73780a5fcd1db999df4b6c3798ef0c7316c38ae34173840ce991aaeb7,2,1,2,2025-05-31,2025-07-30
24708c5ee2905abea7c7a87d9986b49ea38cb66b98b5d1d2d45a8fbf1f19f7ed,4,1,2,2026-03-23,2026-05-04
24862cde04e9809e85e6c969648beb4062b45c0beaaf6a94e0a2f075c03ee0a3,2,1,1,2026-04-11,2026-04-11
248c26b8ca15722e40543cb7e7413afeaf44f3a1bc208f0104584e37a2aff7eb,5,1,1,2025-08-11,2025-08-11
249253006e9c6f046977610974c72840acee99899b6b60054ef4bff28f0e799d,2,1,1,2025-08-15,2025-08-15
24a30af25a68bdd091a3f5e6fae5ce24643da9135ce3613caf65c1b2b4770e5a,2,1,1,2023-10-31,2023-10-31
24a4f9d0c4f2c4c43a71c86ed02d09ec4b80dcd73c1e52cb8268c836c506e6d9,9,1,1,2024-01-17,2024-01-24
24a77b8a12fce5c846867f1713ee715e29e3e767fb9ce03447325eb329df1993,2,1,1,2025-04-22,2025-05-08
24b2faae356dc631003978b53100c7779faeb133e17c5902a2060972ad7aa773,2,1,1,2025-03-20,2025-03-20
24b5c232e341647e354ac934f37d49ee47037395e3ba4f012839f92265992d9d,3,1,1,2025-10-21,2025-10-21
24c93cbb02a2d863147b9471d6272ca1309d4f7bc30ee738f18d708bca49e9f0,2,1,1,2025-09-19,2025-09-19
24d7154b8d8bb70335e1ec5cb9b39faacc491e4f2856af3e1d77ed387938fd45,2,1,1,2025-08-26,2025-08-26
24f942c3dd1338668e1637d1617a59dc9c28506d1669b5f5cd1426081ce88a6d,3,1,1,2025-10-14,2025-12-09
24fe96b44aca676419288101294dec2a83dc2ad46c331a45e7373e7a4e872367,3,1,1,2024-07-08,2024-07-08
2501783064dccafbf32f3166ee8811afc2307477a67436602b90ea5ef78a1ca8,2,1,1,2025-03-19,2025-03-19
25037ab8854dba938d05c15435ae9c023c987bfd86fb94e11388442b91586883,2,1,1,2024-08-02,2024-08-02
2505e4bf459189f1211cf4b871f1fd34aec4e8c39e916f0180181f5a25803860,2,1,1,2025-11-06,2025-11-06
251b0e7c1e42f4ecaa7e9095743dcfff602606a20406e299d36a190f89953006,4,1,1,2024-10-04,2024-10-07
25222a9df594ef5456e85d61cc6fb84df13ca6bfb746e1b06208a5c26a4468fe,5,1,1,2025-10-17,2025-10-17
2528ed029a7137de87cfc59b20b1042b6a20fcc96bcef493b084acd972ef4ff9,2,1,1,2024-10-22,2024-10-22
25388bbc692c90472c28e1485656f16435b99d70a29f4038a15b7448cc3e233d,2,1,1,2025-11-21,2025-11-21
254ebd97758afff0fc3b08bcfce146f6507f45bd399ed741c62280512afca14b,2,1,1,2023-12-19,2023-12-19
2559fdac5848004e54b5cf67fd98225df97536858785695ecf5ec1dfbe48f38e,2,1,1,2026-02-26,2026-03-12
2560cbae33d17676081ec5ed0160a2bfdaf3d12142173acee7a2c262a067bce5,2,1,1,2024-09-26,2024-09-26
256919970fa47ef916ce41670d6c46756d97dc94365a1bf9d4b7a1420d3e1034,2,1,1,2024-05-06,2024-05-06
256f34f97bf2f5041114573d0cdfc74b7f07e5935ec25cb91746d15882420923,2,1,2,2025-10-15,2026-01-13
256f5791400efd8d6c81a90f951bef7d73cbf88583ca3830b3785253be83d54a,4,2,2,2025-12-29,2026-01-07
257e2008c4dc9841c2abcc5ec9ecbbff54542439be9d3c4d776d8312a20d3200,4,1,1,2024-10-17,2024-10-17
259177bc749b99c3444eb767c8c29509f5031513b17ebe13c8c91e4220c98b93,2,1,1,2024-09-16,2024-09-16
259971a5db60ba776c97af73af4c6806d819ac28b3bf677d88a23266d0672048,204,1,6,2025-06-18,2026-07-13
259c438b1d0f4cfbe290b1e5d2ef99f36f73aef5ebf26fc70b35c14004c76682,2,1,1,2023-12-14,2023-12-14
25ab126ce7a9db70d538fa8ab1b504ac0107d9eda6739e72078ca6cfd1dfb037,4,1,2,2025-09-10,2025-10-07
25ab59edb2c4179a7c899cf2cb43fcd45c7beae91bd2660004ed51111bce4a10,2,1,1,2024-09-11,2024-09-12
25b5023647810eabd37d264f2da0666ae42fe4ab45669dfba0796d2a4c1f98a4,2,1,1,2026-03-09,2026-03-18
25b53d672dabdf7020ffe4f11f42556f6ceb011221ded04d6fb6be7150250bf0,2,1,1,2025-09-09,2025-09-09
25d3079abb2a7be157eda140823db0aecb1fbf444b578355a784bf89b72e78c9,2,1,1,2024-10-31,2024-10-31
25da187db7cebd11d369724e7652b140e12e0a657489b6b97d64f1369c867320,2,1,1,2024-12-15,2024-12-15
25e5aa46446058b92203d7b663e8f6054d84786dee85b4dbc1e2e9e19d410c83,2,1,1,2025-09-24,2025-09-24
25eeb0db38cb0b0c02239f00137bc8220667ffb6d12a1d1b1e5dc1e202bfb8ba,2,1,1,2025-10-18,2025-10-18
2604022e633403c33a7f38645a3d813c92a2fda991d1eb52751b5b1630c67394,3,1,1,2024-07-06,2024-07-06
26193a95ad794b722fbaa847371547f337663930c85b4c5a058f65900403edce,2,1,1,2026-04-02,2026-04-02
262e8f37613b35804b7e5f5664db0ee7508a0f8926f40e0251cd4196b26dca97,2,1,1,2024-08-15,2024-08-15
26604dc8ce3459990c440c584900f70c904194847f6bb81245460a16b5b6ab3c,2,1,1,2024-10-26,2024-10-26
2663a1ff22d8549c0aeccfbcf971088d0766c142285cbf3c4b931467a09cf89a,2,1,1,2024-10-30,2024-10-30
2665bc53c29fcac6210fa2c4cdbe9339587eb80ff5926aa47ad236633cfda99f,2,1,1,2026-01-19,2026-01-23
268ad101f5d2124b775373b57d5acb0fc83dda8079c53308116a76c16971c71f,2,1,1,2025-07-12,2025-07-12
268db0ecb32a8f0359e1628ed5d13ef23f1619dd6746dffca4d8005b94583825,3,1,1,2025-08-09,2025-08-09
269eb86f911fc04558d2ab6d3f9bd3f662323bf3f622bb88d11c3652f9af9e41,2,1,1,2025-10-03,2025-10-03
26a92779ec56468baee505ee4f64ad854221495ba058f537885513892f5472de,2,1,1,2024-11-13,2024-11-13
26aacdd60b166d074de21085b236d28f05abe342263a51608c154085bb66b1ff,2,1,1,2025-01-16,2025-01-16
26b115cf4bcb68e3d8a26d8a81fdb5203b35b4dc0715dba37b3abda683a28774,2,1,1,2026-01-30,2026-01-30
26b21a954826e1c21241cce2665b5483069c415593695f8a350a971bd6a2d428,2,1,1,2024-05-05,2024-05-05
26cc6c25b3481ac93ed9862a2f739b9be5e3963dee3ccd05445b5edd932a1bce,3,1,1,2026-04-27,2026-05-27
26d0f6056e13bfba2a7ab559f68a4014aa72d71dde457d4f7ad2f2a369f718b5,2,1,1,2025-11-04,2025-11-04
26d1ae43bf789205a5008727283414d32f4c56f1a6d09572e03d24cd8b25ae9d,2,1,1,2025-09-17,2025-09-17
26d937aa29c90063288f3afbc4f1eeefff8f4f6392d902eadf1e217b759a7724,2,1,2,2026-03-24,2026-06-17
26ebb0382830a8e98536ef356d963d6f38c32fd25e194af23eebbdfad266e163,2,1,1,2025-11-16,2025-11-16
26f2e298be4efde182eda0a4995c2382d7d06ea8e50545965da4f26e3510bd73,3,1,1,2024-10-28,2024-10-28
26f39b2774660a9ddefa73d60222dc6dc4b8d8e0c3787527cfb11d512a1be514,4,1,1,2025-09-22,2025-09-22
27063dba05a3c19575b5d651ebe63d2d6bef35ec95656805492870867988f1a2,2,1,1,2025-09-15,2025-09-15
27069b7690efbdf65a92308fbbceceb68974868fd44ebb2e6c901ddfd8654c01,2,1,1,2025-02-14,2025-02-14
27118db6ab4ed1a8b8cf503cfab3b9fb779c5031c4b5b18864ecb3d9d1f66c79,2,1,1,2026-02-23,2026-02-23
272cb81a834de428a4f6044dc04e8a1c21cf144db3429cf58d93efe44fa42428,2,1,1,2025-09-09,2025-09-09
272e67c9089c7bde88454eb7a369fe9dfafd35a21d145f41fba545982a0c2e8f,2,1,1,2026-03-10,2026-03-31
2730ba6a7307393a64c5b47623422f80fd2c7bd6f14b0ab08667fc798e785bec,2,1,1,2026-03-30,2026-03-30
273cbfe67e3681a22d6296c20eca8c14a2f444c102131293302f195fa88cf898,2,1,1,2025-12-18,2025-12-18
275373ca18c04a5ca59506540ca9b88d696e4f790eb8e859bee5f4066be6a767,5,1,1,2024-09-30,2024-09-30
278c6aea6e68c52a2f6878e401d8ecae0909d88856edcf76c16d7a34da42bee9,3,1,1,2024-03-25,2024-03-25
279379d77f1aba2c047fdacada2c111803c0f9b0ffb1283e2e0ec7a48c7c379a,2,1,1,2025-10-30,2025-10-30
2793eb185224d65d359dc481322a018eaa79cb5c981b4737c2b864b0debbcb2c,29,1,2,2025-03-20,2025-04-07
27a85ba17c4f9690eb3676689fd8003aa0b7ac73513146a0663f85aa9650600b,9,1,3,2024-12-08,2025-10-06
27aa866945624d5a5b42944a4192c55979c3ed6d7733cb6e755d06ee04fb234d,48,2,3,2024-05-23,2026-06-01
27c3893824eeae1df11db6e90cb40a418cd93e1f1c2b50d160e24f16194a5a82,2,1,1,2026-03-01,2026-03-01
27c68c230e0c6ff1b02d5d64ed92ce63d33d701a9825c7541c84d57b3d94bee7,2,1,1,2024-07-18,2024-07-18
27dff804a729f35ea940ab5c6b867d8063d5bcdfef141ea2f1a781bc1d4baa59,5,1,1,2025-10-06,2025-10-06
27ed865388a6e4e7c73ad689f47c170349e3faba7eab21c1461bfcaf3508c9fa,3,1,2,2025-07-22,2026-03-03
27fb761f690809db131194d981ea6efb9e4e658889940fb87a9f397805204896,112,1,2,2025-11-26,2026-02-04
2810ade9ca3db968a810473c82b39e9ef3a0ae9aeb9f13645ea436fbeaafb373,3,1,1,2024-09-08,2024-09-08
281b2eae26d3a03a28d9fa0561400f938392869912c629a108c3a90aae09af5a,2,1,1,2024-08-18,2024-08-18
2824e7760ca01cc4789875b4693533d8bd5e256ee72a8fe18d6e071991d1191b,2,1,1,2025-09-12,2025-09-12
2829bd5ee3ca8b31b558a6575527d13446a132bce8b1be4d8178f6d09b40c077,2,1,1,2025-10-29,2025-10-30
284c5fbd916b0e2b60e01250b1d15f42ab11e8a8a61278dd3673549bfcd2a3b5,17,1,1,2026-06-10,2026-06-17
2850ee80aed5d65473c7b14c3fbe4eeb7b6db4f025e36e61255146a37cb4453f,2,1,1,2025-01-17,2025-01-17
285981ceef9af9511e2d92ee2480ba1bf28dff023e8f7ce074d63a023847b95f,2,1,1,2023-09-20,2023-09-20
2871ce8809ba9412215b0c380fd66d47be2b232d17f7d451557588a59fe39e5a,2,1,1,2024-07-09,2024-07-09
28798592c3f702107f4a3c60224c9b93784d398750e3041653377b9535043fce,2,1,1,2024-10-13,2024-10-13
287becaf32e9d5a6edfdb6d3af80835b658eeb315c225771622d6cf0b76d8dd4,2,1,1,2025-03-05,2025-03-05
2887c8b8264b3f386969bbfacbe5122369a2b19a0b70da7f0a79622131a55ce2,6,2,3,2024-12-04,2026-05-21
288aa31086d82df4567c08d58bf7695eb568e1bf22f9763d53b8304ef389e50b,2,1,1,2024-03-02,2024-03-02
289808f6f213b87e9083ef7ad517d4e5e6801fccae6d9ba3e60ca238b05aa4b2,2,1,1,2025-11-02,2025-11-02
28a26c148a77d07b7d06183ea6994d4c05d47d665883c33990f5cbe3866ba7b2,2,1,1,2025-05-01,2025-05-01
28a66c74e61c30156a2a937545e4039d1dce3658997125972712fe33400149eb,2,1,1,2025-08-11,2025-08-11
28acec42b47f3097d1a008c2c4e9359171c1ab41e91c3c074d8f281ed8679679,3,1,1,2024-02-12,2024-02-12
28ada778c4371715d0f251f4273a846970556f2829661bede302c9f33e0018bf,7,1,1,2026-01-26,2026-03-10
28cc3a69781a2e248a1b70b5178cbba240593cc3ad1bc70f0cbb73487f55e23f,12,1,2,2026-01-23,2026-05-19
28cf543e1430db5da2ce342847caadb2007a69b93176795ec7092cb5abccd2b8,2,1,1,2024-09-18,2024-09-18
28d242f373661751f0ba0e49e05a37cded3a0f4f1fb3db9da5320dc18868ff3c,4,1,1,2025-08-04,2025-08-04
28daf317870e6808f917422826ee9babbcc91d468032586136331a747ac5821e,2,1,1,2026-05-11,2026-05-11
28dc5d1adc11ccb7fba3e9009cbe90e5a580a74ed82ece89e958178ac1c23811,4,1,1,2026-06-26,2026-06-26
28e2a03bcb38d8c12d415b5551b5e2d44bf3fd08026663278e3c559e7efbe762,3,1,1,2026-05-13,2026-06-11
28e75381a1258c90f98b81c7869a9bb97b1f109d513da8ccc2383d2d855b6447,2,1,1,2026-05-28,2026-05-28
28e904de293d5c3e3f093f3ecce6fe137f6358ad936f0a303ce384736d3299fe,2,1,1,2024-11-05,2024-11-13
28ef7102bc62f58ece655f6d069ee75600fd075c8e60a0c5564f7a955a8fe3c5,2,1,1,2024-01-10,2024-01-10
290358f17efcc385d245bf483a4529f3055141fc89545ef460bbfe92671bd496,2,1,1,2025-07-01,2025-07-01
290411a4c613c7ce128bb3fd3756e35e24b1fb0451fb682654b1d9b90f8f1f31,4,2,2,2025-05-19,2025-08-16
2906f6744204c72fedb325e006793edf36780862e4c5d7f672e26908271afd66,2,1,1,2024-04-14,2024-04-14
290a1b4cbbeaf948868821fab90acc49fbd7fb7314c30af866894074675cdf4e,3269,1,7,2024-06-06,2025-11-14
291ad0ca025012227392c2d67e7e4a412406540ab8a967aef7a64a33b7592264,5,1,2,2026-05-14,2026-07-15
292a00d9de7efdfd3b0d2f04d871dcbd847521d161aa48315c30bf236ff92f13,4,1,3,2026-03-12,2026-07-22
292a05ad09743a38d4f19d861593ac563e74930f7e74a72c619b33b4343ef70d,2,1,1,2025-02-28,2025-02-28
293a9e5b84b5c40545023f0ef8153f6326fa51ee992688bc0eae12d60ba3523a,2,1,1,2024-11-19,2024-11-19
29453f276f9fb34c28b11fe6fe0a981a69eeecddcd4e34e3cd908fe6d690f3d4,3,1,1,2025-09-04,2025-09-04
2946bb565be81afeb742daef110c4c2c90623359a794871750d96640da24f13c,2,1,1,2025-10-05,2025-10-05
294e069d5fd390dee122ce956b905973f66e05885a086354141a74729c885041,2,1,1,2026-01-27,2026-01-27
29697c504f46ffe6e9a526172bde785624176a2346fbc5747b7c7a78db39e997,3,1,1,2025-08-07,2025-09-25
296ad1b0d4e988307163ab33c467b8a340487637a7c8950f726058ccde32c042,2,1,1,2024-06-25,2024-06-26
29772040e7b91c16e8f2bda6302873b57f9a3ae904bc90b4e1dd3c540f2d664e,2,1,1,2024-08-29,2024-08-29
29974fc8a2eb8b8889e116c8496aff49cf78950c65cb4afb3150675123483a6f,2,1,1,2024-12-26,2024-12-26
299d3f5e716ee52ef90f73bae130e7f3eb7a299ce5ff0db1757596ab2ad2e82f,2,1,1,2025-10-13,2025-10-14
29a81395d4a984762d3da1b95768fb7e652dcdd09c5777fb0278b813ca3e7ce0,2,1,1,2025-07-10,2025-07-10
29abcce21771ac7f1c27bb395454d324bff7987429cc1825350d008362fbc93f,2,1,1,2025-05-13,2025-05-13
29b402d095eb48bc2fbd3d466681930d40337926439bf514f6d7b37e075d48b1,3,1,1,2024-03-05,2024-03-05
29b87609fb984d186e7784f987001d07fdbfefe1a19f00df24d0e2caad874970,2,1,1,2023-12-06,2023-12-06
29d307220ac64320c31eaafcfe23f2ad52116379c6acd1e55c555879f8ad54ec,2,1,1,2026-04-22,2026-04-22
29ece00c5f00d4bba7c4d8297b48629f6df81cdca074f50cb7d59f9c6c676e42,3,1,2,2026-02-25,2026-06-09
29f467a5504ea7e0162b9b32a3778050abcf14e03fdb7d119b63c3b26da6eb97,2,1,1,2026-03-09,2026-03-09
29f60d36a54666227a76c6db70a2e36120d923d4c327289d1c7b7e570a4b130b,2,1,1,2024-03-05,2024-03-05
29f9426f7739375fdfc02b85fc1e387f4f2f1f9e2a1996438212634282ccfb30,2,1,1,2026-05-17,2026-05-17
29f9b6f4c9422fe48188fc1e7c8a86f83b262761e172f8e90f4cf373870532a0,2,1,1,2024-04-05,2024-04-05
2a03fe2e9b402036c8dd343d3f6f44b426b75020bf28e6883ff407817479a087,2,1,1,2024-08-18,2024-08-18
2a11269606462c20c9e06bc5382c8b060b8bfb07c2300dff7e9053c147061d6c,4,1,1,2024-04-03,2024-04-03
2a16eb83edc0a2ed95e5bcc3383e1bfb3413e36c39a18ed4214cf3917d150546,2,1,1,2024-12-21,2024-12-21
2a1fb6076d19e945cf694523fca19a8f3af7d3c26ca3d785a5ebc395c917ea24,2,1,1,2024-02-06,2024-02-06
2a21485d85f1b88e95d1f103f5882ec9e5d09aee17ef8ac062491f067a8527e4,3,1,1,2025-09-03,2025-09-03
2a2aa9ef9f3bb56add8388fd9843983b14416e770edbdee51bdfbee27125bed6,3,1,1,2025-09-08,2025-09-08
2a3b390c551d4944b4c57cc1f3300d6e3c48115dc65b9ec59008c060cece4b5a,3,1,1,2025-10-27,2025-10-27
2a43c94e730e358453e2d0918a058437789334a32749d3fa0569a6606932bffb,4,1,1,2024-10-23,2024-11-07
2a49c6cfdae74514fe1a8c2301f87027fb105bd183bded1c5359b97e3d52e341,2,1,1,2025-11-05,2025-11-05
2a5be7b517fb56181de4500cb90c90ce1e08578998f1d4311bbc2a899d51e28f,5,1,1,2026-06-15,2026-06-16
2a5ff83c9253c95bfaa1b46a6130f8d0f7023f82fe2d7bb97106627f5bfb0f9d,2,1,1,2025-08-15,2025-09-26
2a689c610358874c93d5957d984b81322c50a2c5f411f784e0bac3ff5d5abb82,2,1,1,2024-12-13,2024-12-13
2a7f0f8ffaaff2ba9bcee12c59c456e8f700c340873f299fa9c3b5ce2a2fa09f,4,1,1,2025-01-18,2025-01-18
2a84d4a94c952d744297f7c8933251b0cf68a011f606082b23510cfa2b330ac9,5,1,1,2024-04-23,2024-05-02
2a86929981ed2b7ff4e56e34d630c4a574be03f7e75edd7ad79c68ced24738e2,2,2,1,2025-11-02,2025-11-02
2a881d9121de6e48e3e09ed5f595d7fbaa72ba1fe997090c682fb3e38834604c,4,1,1,2024-09-11,2024-09-11
2a8d6314ef5dbc4514b76d9bd4cd26255abbb16e79a0a223d8b6cd2568d815a5,2,1,1,2024-11-14,2024-11-15
2a8dbb9895a121e090a446482fb480c8e54ad8534a359cb730c4e240446ba5ed,2,1,2,2025-11-07,2026-03-04
2a9350be5681903782edb69da0510cbd3068ddcb30ff7ca050e748c2e7a4ebb7,2,1,1,2024-04-29,2024-04-29
2aab08bf6ed58a1e70293b40e008494c87aa7f2d1e361fdf65d24cc4ec4102ec,3,1,1,2024-02-02,2024-02-02
2ac76fd5605c3632c3e16121f0c27fa634a4aaad442d1f6d7ac32c05dda10f3a,5,1,1,2024-03-05,2024-03-11
2acf25b999fabb78dc68d12a23e502d301e419c3577c044b999baf2724d9d580,2,1,1,2024-02-22,2024-02-22
2ad26fd5ddb503828929bf06f175bbff3a37487fbdbd9919e353fd6897523933,50,1,2,2024-05-09,2024-09-11
2ad84ace650d01b760be1b1d2ba106d88ed0e7ce4bbbd937536e879d55d622c6,2,1,1,2025-10-03,2025-10-03
2ad91ba0df0f4414f6b8b7c287e1542a1d34732d9e75c9a17e7bc965c597cd90,4,1,3,2025-08-20,2026-02-03
2adb3756468b90e05014b3f1be3a2f1eb67e7254e146ada188c33fbf7085d8df,2,1,1,2024-08-06,2024-08-16
2ae4067c6b2f5df142415bf1b43f0c158186a27cf50e7e95cd136676253d94fa,2,1,1,2024-02-12,2024-02-12
2ae4157931189569c22d252398b36e8f731e1ce768b5efbca2c60c1dd699bced,4,1,2,2024-12-03,2025-03-02
2aef241ea60e856ed44056d4b3af875f6135f48fdc82f48ed8ed818427e83962,9,1,4,2025-07-10,2026-04-02
2af19fc23c51875610c982df2eb010ea2893f4c0ebdb187f97778ddebf16f0da,2,1,1,2025-07-18,2025-07-18
2af7e3bbccb367f91ffbb1be333f08627f4d21daaa270296f3481cd33f4369ac,2,1,1,2023-10-21,2023-10-21
2b12bc05265e24525cb95111b34733f0a20ae71b08b2a2e18747439f9b7d2ef8,2,1,1,2025-09-04,2025-09-04
2b18b0ab486c7618559816e5880a71c285564ddbea221cbe51d2df7e09ae0ae2,2,1,1,2025-02-05,2025-02-05
2b2234e1abb8d4628ee2bd3797407aff58bd9cd6b427abd0e1e558a5361837fc,3,1,2,2025-08-19,2025-12-30
2b2b11ee6bcd56b9edaf3b2586c175f955be942e87c3e48807849337fe3d98f2,3,1,1,2025-11-12,2025-11-12
2b3abc3a570cef9f01a704c089a97a1d7eb005d9370e5ff06f84c60913d22920,2,1,1,2025-06-27,2025-06-27
2b3f14d4bdf37d7d8ddc0e3c3a9db752182d02cfbb66480a9923dce9a4307f67,3,1,1,2024-11-21,2024-11-21
2b4e2e42e0d0eab299733d1d5791ed22ad066cfe036c9149775d74bd9d630b3e,2,2,1,2024-07-03,2024-07-03
2b614221575e812595a6321450921a9cc2078fe2a02a4660f91be82bcf52f1b0,2,1,1,2024-05-03,2024-05-03
2b61dc819fb0bcbbe10a6e1665d4996f6dc9d18eb418c8a343c8417c0c7398ec,2,1,1,2025-04-09,2025-04-09
2b6349f4b85c0125b8db945f075cfbeabb48b28c51dbe853cdb040a19195bf87,4,1,1,2026-01-23,2026-02-06
2b6b320db4038afdf5b8d40b2b2322a8a3475085c269eeee1346bf106fd56014,2,1,1,2024-03-01,2024-03-01
2b74f9877735cc3bbee3bd873a0c28387a59419af66e8508258c6c065720510b,2,1,1,2025-11-13,2025-11-13
2b783c379f639987446dd6d7e09ffe7702546f74877e966c5ff221a6c578436b,2,1,1,2025-10-07,2025-10-07
2b7a64e0bf15768a15d68ebd8942413f867313de58d430a0486631ca91698ab3,2,1,1,2024-03-01,2024-03-01
2b855d835de73c7fb1337dd212fe2680d6fe776cedccc81a42544972deb85280,3,1,1,2026-01-13,2026-03-18
2b89355caee3b13a9714ae79eb53b784f424252227bbd7a83f4537d490111c36,2,1,2,2025-06-28,2025-07-31
2b9fe6f68e8aa2a8aeb1e08e2647a97e9fb40b9c7fddf23703c0a7f70795230f,2,1,1,2025-06-21,2025-06-21
2bb488d4130868908b76c11657aa1937061d5a491450e69fe8ea2691b178cd2b,2,1,1,2024-07-07,2024-07-07
2bc560ddf3e4a2dcc8edc9799489a1a8aca18213e2b05a9a1c64e2329cb04ea5,2,1,1,2023-10-19,2023-10-19
2bca2384d04a59dd8f2b9a8dfa6cdd5369b3ad6be13d1fc62920617c6b7153ab,162,1,3,2025-11-09,2026-06-28
2be23a2f7986f18095eaa0f6f588a69a0efba4114d56f0bd6c1bd67f24832a1b,2,1,1,2023-12-14,2023-12-14
2bf40cac8b552b4d7a381dda13a11a1c3051730db50a1c68f43a7bfe47b62175,2,1,1,2024-08-31,2024-08-31
2bf962f182d0a151df0fcf4b9e9434f608b6d3d2e87f7f0da56b514dbb668ef9,4,1,3,2025-06-19,2026-03-24
2c057c091a1f94a90d36b5b150a47bd4f80957ae8f1842e0a460f8dc010e6026,2,1,1,2023-11-20,2023-11-20
2c1276070d6f793b2edddf3cb9c3f87a46941a85b97a5fd5330ef20c2ccaeaab,2,1,1,2025-12-04,2025-12-04
2c1652e23146cba522db570df28d0c4af74c4b4f1bae25280dc78f9cfc71f93e,5,1,1,2024-01-23,2024-01-24
2c23846315709546dcabe706b5accd5506af0d8b8697ebe85e4956f834c9d550,2,1,1,2026-05-01,2026-05-01
2c2ef849518bc918c1fae1ba3dcab92902751f89081b8c449aac0bcf0742c767,6,1,4,2024-04-27,2025-06-20
2c698190624bb4120101d582dfef54fa9873c5215f47af69f8fe55a3ab0840da,3,1,1,2025-03-08,2025-03-08
2c728442bde1675a01399a7d6dfa429c87fb9daf1c809de29067916d4218d21f,2,1,1,2023-09-07,2023-09-07
2c78bb259c5c82e0cb275f281d211925d5960d8d1238ab5edb09b4c400d93ad5,2,1,1,2024-02-02,2024-02-02
2c941302972f47722f19aec172a9259fb07d7a7ee81434327fbfe961887d7717,7,1,3,2025-03-24,2025-08-04
2c944bb139ce19d07ea57c357ef72e0814e52763113d20951969e9fe7ac1c382,2,1,2,2025-09-16,2026-03-04
2ca80f6140673c3dd3d9235c1f7ea4d02438a30888313bc28e5a1619814ca9b2,2,1,1,2025-09-09,2025-09-09
2caab14de65c2e2e78872351602beb2114a9b3b24da105420b2d3a10ee05bdac,2,1,1,2024-11-14,2024-11-14
2cc2d16ca41eda31428f806812fbf6237e1c426580a0c2cc08e73b19c5ebb887,2,1,1,2025-09-10,2025-09-12
2cc3414e9c74ce59d91098627cf5784ceedc972d3435508074b615c426c6253a,21,1,1,2024-04-09,2024-04-11
2cddecf93acb7d6a89f8ccd8b8386e6e0f5fb3ccd2b91eaaf71504d248c77566,2,1,1,2024-07-01,2024-07-01
2cef86f47e81008ed1052aa4addd981d54984aebc109b15aaa7636813dc3dd96,2,1,1,2024-03-05,2024-03-05
2cfa44ba0723b577cc924f51f027120ab3156b4806ef2325ae59445e6c0e99f4,21,3,7,2024-10-01,2026-07-16
2d045ddaab865610bd85bb0ffb8f9566eb1389cedcb504a7b597aae94ec10e23,2,1,1,2024-12-03,2024-12-03
2d0c8c6e2de68d01af212a3159b5a71975d417d9bd27589e7225082795a66be3,2,1,1,2024-08-16,2024-08-16
2d18759f22e8b258ff554211a6802b1a0beb0645680e388dc6ff3da29dd25d1e,2,1,1,2024-02-28,2024-02-28
2d286d3fd3b5b88b5aa2f98a0fd79fbb1e35048f98375b845f25d6d8c00394b7,2,1,1,2025-10-09,2025-10-09
2d379222475ecea68181fcf2b3ed35510c6c345a036ef5644cc52f07e8254c98,2,1,1,2025-05-02,2025-05-02
2d3d446c5fd2adf3ba411165e92aa344786e64246b98a18893955170770c14e9,2,1,1,2024-09-25,2024-09-25
2d3e30f5498bb2306249cdfe69e93f330624e59e89dac599b2c037edb4cb1066,7,1,3,2025-12-22,2026-06-12
2d3e502a1ef631d7ccd4bd4b387700ef66c31a71597f4db7dd546a8ea92140dd,2,1,1,2025-05-10,2025-05-10
2d5214d6fb17a2168b6f8ccea613222f55699c086c32f6ee5af2443639c9452a,2,1,1,2024-03-08,2024-03-08
2d54bcb1c3d059c4395cb0d98ca283b4c580da869cd3f316cf0722d74260aa50,2,1,1,2024-11-03,2024-11-03
2d5c0a3f464a33f4e93650359f7721cfb783ea31ef1f86db7c3ab274bc64132a,2,1,1,2025-08-10,2025-08-10
2d6c7c1720062e72812d837d7f4fea72f04466b208525d96b26439f825dcce8a,4,1,1,2025-05-06,2025-05-06
2d6e97de2469fa53da5a65f34bc15cf76291025e4044061fee35506b19c00dd3,2,1,1,2025-09-05,2025-09-26
2d8421b0ba4ac09197e9d5efd7500ed4862638168caf926018b96c06f6e672cc,2,1,1,2026-01-27,2026-01-27
2d8aaabd712f164c926e69faed017c0d75d6624af38db51724e92f4a57adf1b1,3,1,1,2023-12-27,2023-12-27
2d98d359e26dcde69c0372a1719858f53245eacafa69622fa9514a0544088e04,2,1,1,2025-04-08,2025-04-08
2d9be05a38702bda3fbf799a7f2804175654c08f71cea45bda43eff26a9a26ca,3,1,1,2025-04-04,2025-06-12
2da8390ae9dd034f9782b86399e94886966620cd210cbe85577d0116ece7cc55,2,1,1,2026-03-11,2026-03-11
2daa3a8a9f089b4a862aaca01cfbd3204ec11a9bdd16a20709a0ff6db7f658aa,3,1,1,2023-12-07,2023-12-07
2dbfa71ad78a041685be6e8d74af0f271c7d0a680f520b1f16a0a80d34816d13,2,1,1,2025-05-19,2025-05-19
2dd17620a3ff05636302de9b4c7d3882738834732c29403c16419eba03f24250,2,1,1,2024-02-08,2024-02-08
2dd9747444d53da5bde34d10913a32815f8e51502bdf980538256829d52ddba8,2,1,1,2024-03-07,2024-03-07
2dd97efb1110e1fd56bdd1451f328c9ac89697ccab625864869574e40652ec47,2,1,1,2023-10-06,2023-10-06
2ddccf884978545d8d20c064caee83e4fc9cee640d2aa315096cde4050679b83,2,1,1,2024-02-28,2024-02-28
2de0d400e84e280f33e12d9652a20091d4850c700f905295cd0bd9071193923a,3,1,1,2026-05-12,2026-05-12
2de5f7167458d90cf21f7561dcb1c17c63c64abc91776192e581399e9e89d67b,2,1,2,2026-03-11,2026-04-15
2def4c03394a762361c852909f7daccd939e6aa55af39eca7aefd3d84e675ae5,2,1,1,2024-03-13,2024-03-13
2dfb02dc69bbed28ef223b9f4778c11e33616b15b97869839121e93846bb3480,2,1,1,2024-09-11,2024-09-11
2dffad348abae7ac439e7fbac20908a144e36cdebb78073a834811b334a96625,2,1,1,2025-10-09,2025-11-13
2e00c4457affba6f7296ebee2bbcb9e198cb3935f9a27f6a77306372e8416f34,2,1,1,2024-05-01,2024-05-01
2e0a731784fb868260e36f3f8f0e0376a032fdd6272c5c30218f520faed97623,16,1,1,2025-05-28,2025-06-04
2e0e370704e05ecef380b5befa266be7016d411567576f2cdb303ae84c162711,3,1,1,2025-07-10,2025-07-10
2e0f0c4f77e98d3d6f41747b469ddf39244afe086f98700898f224d1f1b71cfa,2,1,1,2025-04-30,2025-04-30
2e272be704db099727ccb1997be44ed183cecfe08d66140bd954c4438e25f275,2,1,1,2025-09-10,2025-09-10
2e3276fadb0ff9c573dd833f7043a6debb4f506e3c4f8551a241024f223eebb2,2,1,1,2026-02-25,2026-03-11
2e42bebdc96506cb833c5738fe88da7e5ed9932a37837dc8495961a21aa29362,4,1,3,2025-08-18,2026-05-29
2e45f6770aa145d71acf5c630caeb5f855c9b4c7facb7cc88063e040c7f69854,11,1,1,2024-03-11,2024-03-26
2e4a0f3fb9b9838d233c6f1eb9505b70b7d12d428db3d1259c5cc66d9fb095b5,2,1,1,2024-02-06,2024-02-06
2e6ad3744fbc58f6317f472ad72763f64e58d105e90562649e86827c0311482e,3,1,1,2025-05-13,2025-05-14
2e894c52067e70c5cf3a3fee7b513a3222de08fe3cd6cb670011bf114e29f358,2,1,1,2023-11-13,2023-11-13
2e8b0132b93379fe3cdb31140dceb89fd6fa5cd5e2d3352c4cc8faedaef9dd57,5,1,1,2026-01-01,2026-01-02
2e8b22643bc592da04cfb53aa36679dd8bc9b294c4c90fc2497d2a3bf3e2c592,4,1,1,2025-04-06,2025-04-06
2e9d3af5d19277b1cbea65c11be62076bf688f6cbaadeeffafe571a3d962d88c,2,1,1,2025-06-11,2025-06-11
2e9f6c978a901f5dc82e3c106aebba49d1c64e410a692fb2fec32b3227a5b4f5,2,1,1,2024-02-15,2024-03-25
2eaa51b935609903e1fc23c92b8fb2aa3f03fbcfc62bb7f0bf507bba5ab60bb2,2,1,1,2025-11-12,2025-11-12
2eae78e9f5e04bce02b229fc0c60992c478befeca87aae7326aca45b05a512fc,2,1,1,2026-05-25,2026-05-25
2eb5fabfa74b71b6f1e9a2887de0b294c8cb964f2e66efc0f138e1bfef1dd02c,3,1,1,2026-01-08,2026-01-12
2eb8e273356a616e35258f830b006cb0e8f02413ebf5796fae68831d517d630e,2,1,1,2026-05-27,2026-05-27
2ec03de800975621187ef8ff88c336448fde8dd6def35a6b6a3340fcee2eecd5,2,1,1,2025-06-06,2025-06-06
2ec9683ff02a9625cba33d120ce16b71cbd74f65ffb2c500193456ca848e176e,2,2,1,2024-09-30,2024-09-30
2ecf29236b1664bad8436de797f1177d6835c234b8b0f13d8e5a84bdb1a0e505,2,1,1,2025-02-13,2025-02-13
2f13a6a25145a8e3f3d36d3ac8cb4d0721f0060878c94b8e8506c31d474376ef,3,1,1,2024-04-04,2024-04-29
2f16489b50fec665dddf33df8dccfbc3ab5aebcd340621958cbbfec379817c35,4,1,1,2023-10-24,2023-12-07
2f20939721498247992e84e12fc126719ef1f65bcedcf04cc23be15e2de24b2e,2,1,1,2026-06-23,2026-06-23
2f3dc51eb69f1f3655861458e54874d326113df19dc81f7ebae173501c1fda0b,2,1,1,2024-04-23,2024-04-23
2f4466bb141ff5efa1d88692f373c0963131a760191e25c54f61ef05825c16e7,2,1,1,2026-03-18,2026-03-18
2f6250af99e7b889ea2500b733fda50965ba9a3dd678f1fd62591cbc5713b170,9,1,1,2024-02-22,2024-05-03
2f6aa69b5862bd96121bdda56243349e4b4b854756e6baa92f4988142248505f,2,1,1,2025-11-04,2025-11-04
2f763df3f2bcb77a7780c7edb263aae48d11c32d88060ecea13627090016350d,3,2,2,2024-04-17,2024-09-11
2f76d066cf4813d2aad0ab56f25ba458b6ffb272b2fa7c1602edba697ab2feba,2,1,1,2024-06-24,2024-06-24
2f8844da793a36d05f369f5965b85ce36b48ce6196b269413a69fabf652c89bc,2,1,1,2023-11-09,2023-11-09
2f90a0509b315f198fef788d8bbd49b099ea37c40e471b37f1d9d558ad63bdc4,2,1,1,2025-02-10,2025-02-10
2f9222ee7409a69329c3c953f3c2ee14fbd4e041e902dbd5851038362d757120,4,2,3,2024-08-09,2025-07-23
2f93513e595a220580613b53688aa3439c2480d3355c626d222005ecefe38943,2,1,1,2025-10-09,2025-10-09
2fa1224a2da60fba512a101c061706f49be8beb3ee12c4ce26785ad63186ce56,2,1,1,2024-03-19,2024-03-25
2fc8b6a010fd42f432442072527393f9780a4c80bbeeaaf09e2b178b92f2f762,3,1,1,2025-09-05,2025-09-05
2fcfa210a16bae407c4ef89bfb4786a261717e0ec6631f03c4781b50f308df91,3,1,1,2024-03-20,2024-03-20
2fde96b394cc333b8ec74dd876a06d954bd8b7dbadbf8a66b657f677242894ef,8,1,3,2025-08-14,2026-03-11
2ffb9b266c3e292e89c0250c77ba6cc5d012269cc68ba6282b4e5481b95869c7,2,1,1,2024-12-18,2024-12-18
30038bef9f584f1a9aab0c948115a92fc3c80c662e2ede345a098c2eeb04d63a,2,1,2,2025-06-23,2025-07-01
300531d02ce642b8f0c6127dfc48035aba3e189bf22fc33e8aba548da1e05733,4,1,1,2024-07-28,2024-07-28
302d84d22fea71eebd9dc63d501ed031a89c0ac005695164d61dc2a449f02cbf,3,1,1,2025-05-19,2025-06-09
302e6537a3110842b2f021b98474fb5cab60f72feb8b22b21b701b70794c8082,3,1,1,2025-09-22,2025-09-22
303b2637fbc929c24696e81da626445515592c91d510f58fd3c848c2c5ec92c9,14,1,1,2026-02-24,2026-03-23
3041d840c840e11867c2e348445265418565113c0b4902f34fbb0324882a02e4,2,1,1,2025-08-04,2025-08-04
304f8fa3a44d2443a9d49e0dba5b0b860f1ccaa21f6271a45b6d156c0e33a18e,5,1,1,2023-12-28,2024-01-22
3058c2526f7f89e0d281fabc39264ac0b12c8c7256e15809e1f41066644b30ae,2,1,2,2025-10-14,2026-01-20
305a9baaf219430353b12cc54aa901fb38190b3a2e41247c5b9c417b92824cdc,11,1,1,2024-03-06,2024-03-14
306d169622d840cbb8d40ebc40ddfc403d2bcb7deb4359142556414f2a771085,2,1,1,2024-10-31,2024-10-31
306fb6aec15088285c72c429e353266b317dbd7d6d611f7716e1971eba7857e4,2,1,1,2024-01-18,2024-01-18
307f5bd15d5010433bb887e8c4b95b22e4ac1f83a68d491b005bab9ec6f4499d,15,1,1,2026-01-19,2026-03-11
30a4d2ca4543e8c32d350a282fbd1540977c98b71028eb62508179132844a133,4,1,2,2026-02-02,2026-05-26
30a75a6530cb946bc2536a9ea0f2b1348fc7c9253471b1d16dae4076fb2a5a90,2,1,1,2026-02-02,2026-02-02
30b8793af11cbeedee9d32f78b889ccaf2391d9a8f1736c0985970a260c65297,5,1,1,2025-09-12,2025-09-12
30d2c848b00499f784dc86a158af5ed974f1c54117581c945a236c55aeacc882,3,1,1,2025-12-21,2025-12-21
30d6cd4053258e573298c0828b830f38789ec351107d9e5ac61cb5966db8a2e1,2,1,1,2023-11-15,2023-11-15
30eae5dccd9fed3b19bcdbd7aad585c00ac8e97588760b6d9829156e191eb6a3,2,1,1,2023-12-06,2023-12-06
30ef2c5ae053bf8ad5ae0cb40812dad891cf861f129ffefeea98127bb8cdaaa6,3,2,1,2024-03-08,2024-03-08
30fc64b23a4991746b292defb53949323e164da9af1c72604be942a148a8738b,2,1,1,2023-11-27,2023-12-05
30ff5133cce759a399f0636db8163323cc61d02ec64963e2b295a3cd682959f3,2,1,1,2026-03-11,2026-03-11
310281273aee7c6bc32fd383c182b31d5025a9ccbffe88ec74c5719695ae1d17,2,1,1,2024-10-31,2024-10-31
31153bb4591bda7918c900722b8f42d9be076820de8c25240c95a3ffcabedd8c,3,1,1,2025-05-16,2025-06-03
3118baf494db37a58a2395b12375d901c44a71120f9c2ba8dcdbc80e6938df54,2,1,1,2025-08-04,2025-08-04
311bc202d9e07e3982642ea3ae23e04f8fa5d0a346250aad709e20695fa2deab,2,1,1,2023-12-20,2023-12-20
3120b4762f2262437ae477bd34757f04c6672fcfda57fba9aa6ce3a5c4c8746b,2,1,1,2023-12-26,2023-12-26
3126baa61bb4d999a161844df43934c6d9a75fc6ba54bc5b3c32ee4507d1b98b,5,1,1,2025-09-25,2025-09-26
312a641e69f52c0a171d5120e42960406956365739b4c21ee5cca5e2cd2b3a46,2,1,1,2025-01-11,2025-01-11
313849d7b75a5f0aab4813d483beced0d0880fd0acbacad8661ab4051e38c60f,4,1,1,2025-01-04,2025-01-04
313a50124d2351116c26f8516606085c8ba067adc0ac5ae39470d858e923b37f,4,1,1,2025-09-26,2025-09-26
3142916f1cb88aa1c7ef1f544e22e85a1ad210e054675c400f5fa2658e12ff48,9,1,3,2025-08-19,2026-02-02
31499463fd11c8af9a408a721427f72375f3afc32fbde78fe3158409de2fa22b,4,1,1,2025-09-25,2025-09-26
31515f55131794e5a9d68d83cc6cc1065ef606e883899618b5a1d3e3428d77a5,2,1,1,2025-10-14,2025-10-14
315675b8ddb73a38c16cd0d7aad7d9ce6b52660714b9b8f69e616808dad6f6a2,10,1,3,2025-08-13,2026-01-27
316a5d1de029e82b177f1b496d6fad070cce27d7849ab43f113e58e20d91d013,4,1,1,2026-03-04,2026-03-17
317e1d88a13156464fd1f6e5218909b32026f708f59dc807ac8438ffd59d2fec,2,1,1,2025-04-07,2025-04-07
317ffef013cd737219d89a43bf70a14af12d4be65bbe46d50e07e8dbdd2e1604,2,1,1,2024-06-19,2024-06-19
31ba5fb5b0479e404585625cd625a0e966f06962b3a4e5ca15b76739639fd590,2,1,1,2026-04-27,2026-04-27
31be5eaa26698742614617297758e0cd2fe09096081a882c340bc634350e501a,3,1,1,2026-01-26,2026-01-26
31bee3dd0b222950a6fbd0d13722fcccb5013eeac277e271977a0164af55b1b4,2,1,1,2025-10-03,2025-10-03
31c1831dccae99649bf6f22293cf9cdc341883f6549eb55c605a93cd1633cbea,2,1,1,2024-05-08,2024-05-08
31cf40279db1197579dae92630327607388d1e5ba34f2efab5aa5b8f0eefa8a5,2,1,1,2026-06-02,2026-06-25
31d895fc2226258fbc27f12e208f0532c030e73fbfde4825bbbcecca9028b831,3,1,1,2024-01-16,2024-01-16
31df81c7684af28741c4f0cd5f56e7d1e5584cfa75afac5f581029c78b79e7fe,2,1,1,2024-03-12,2024-03-12
31eca6785891eb894fb238ff176222a591f7ea255cd593c485d7045489e5e8e8,2,1,1,2023-11-27,2023-11-27
3215eb2a160d97723f8437d4af685425ccc7251b378d281ccfea79f5102769c9,2,1,1,2025-11-11,2025-11-11
3231f3b9b4ef8f337feca82ad1f691fb25e15663ff326bab97dbd88b830140e3,3,1,1,2025-10-22,2025-10-22
324440fe2bfc55a5259ad73321ae47fc559b245b78899b1c24a6409563bda4b8,2,1,2,2025-09-11,2026-05-06
3255efe2be7dd21f28d7e6c0e43876205af4cee8f769b6458ba964f9004971ed,2,1,1,2023-10-29,2023-10-29
325d58ab37c6e87c0659c7f3e95009952306b98233f2227138cf7cda3fb7fe55,2,1,1,2024-06-11,2024-06-11
32733084d6fb9de0881f2298efb2a43ebb7653e25c2fa803499bb617a6de1cc5,2,1,1,2025-11-15,2025-11-15
327df2b02e1e3e31d525c87ee0a306b4083019a1e6cb1a4e4f706ec43223f591,2,1,1,2025-09-15,2025-09-15
328073ba9aa6f606df211c34a38595791bb501f0dc574851bce45e0a5597dc2f,2,1,1,2023-12-18,2023-12-18
32809682fd6b458b6fce70eeac88a87e8bdad190fdebdda1f9b2699edbba1f9b,2,1,1,2025-10-31,2025-10-31
3280d7269d7e7711e3f23fb4fa311c951f87e8be66f27b4b21b653419c419e54,2,1,1,2025-05-12,2025-05-13
3289f8d37f23ddc1628d0f31b6ec5f301804df7fb517a0c9310a7dbebb016983,2,1,1,2025-01-29,2025-01-29
328c7e5c5ac982c4213365737aaec6ae7ca758d85b96a44c3a1af13c294e7a22,5,1,3,2024-04-26,2025-08-05
32928ade69f06fbb0c31bbd2c4a8c815ecdca36babf59ee6abf74ed8947d1aa3,2,1,1,2025-11-03,2025-11-03
3297d6c6a0758243601264dac168c08013efea592d3be319c02fcfd9b3de89f5,3,1,1,2025-05-12,2025-05-12
32a143b783897ed5e6fbf3a0674948d9203d778b64aeaed2b5b57031246d7beb,2,1,1,2025-08-25,2025-08-28
32a48ca6a131268f59b9eb31faf627025127a492fc6a30e096185ecbdcf99b6a,2,1,1,2025-10-06,2025-10-06
32add019d66b1eea311c863eaa9e921d1292f6ca4b10c5680ed44e18a895bdc9,2,1,1,2024-12-24,2024-12-28
32b1d5217f54a002eefa05df9a5c2cd1f41791b7a12826f05d4d3217b481a0f0,2,1,1,2025-08-29,2025-08-29
32d6c7e378a0db35682c8ed3a6519f1f8f8bd3f8e0ff1be636c143a03ceed8a6,25,1,4,2025-04-08,2026-04-15
32debcc08b3473228a311349f1a4c6df25f1c6dc39d2e238feb44ad6b2e55cc6,2,1,1,2025-11-26,2025-11-26
32e64753f178d776e56dcbd98e8c0ee3ab14798862cceecf02280d991dea272b,3,1,1,2025-04-23,2025-04-23
32eed9e5ebccfae6b09a28e2060954eb1ec5d2070cec44a2cd1ad5d6241b461c,3,1,1,2024-10-15,2024-10-16
32eefc519a823d81b605b5667be79ec05266b9c8ab8567bbc5c39188768edca6,2,1,1,2025-02-01,2025-02-02
33070f83aef2882b321417cf5298b6989a00b6d51f6f1e4d827521010a9b81cc,28,1,1,2024-03-22,2024-03-22
33119efcd389a8c4a7f87f78b8343eb843786662066d066f28f0d20b95c42a0b,3,1,1,2023-12-08,2023-12-08
331343ed5ebbd11d6dc566cc62479914872fceaef0c7590979f5c8d8f28f0b14,2,1,1,2026-04-09,2026-04-09
33166446876ddcc07c57bb48c7ad61a8db944c312f3c5ca09df9a0a97a6e368b,2,1,1,2025-08-12,2025-09-02
33174c907ab5f85307b46c9a55d0081c34c607f058b3d09051673beec315a85c,8,4,1,2024-11-05,2024-11-26
3317d82266fed10c31c189cc021eed977f8bc97ee438cdd7dded4c86b0151d0b,5,1,2,2026-02-03,2026-06-09
3320b54c7666f58dcaac83f01fadb2d9843d3d99dbc177045a0dff0225bec62f,2,1,1,2025-08-06,2025-08-06
3334713bc13c97a0cf7dbe7027337e4c2018b928bb93a5ba96f43c19d9a8a629,2,1,2,2025-06-29,2025-08-12
3335a44899106227c8da5944ff0271e68bc39668ff26a2eceab77f0e898f4717,2,2,1,2025-01-14,2025-01-14
334b18754fe1df4851684f31a5c5ac43debc8bbbcbede8c5f5fe430a6ad25537,2,2,1,2024-09-12,2024-09-12
3350cc1d70556ffb300af4c69791608209415237034d163a237800d38915a7c0,3,1,1,2024-09-09,2024-09-09
3352a7cadb2ec97c84eeddafb03e4386cd67e4098a6f4df4351c87fba25f4e79,4,1,1,2024-10-15,2024-10-15
33812b5bcc61c812abdfe174be6f020a2182285ce052c1058fbc483af55cfa2a,2,1,1,2025-10-17,2025-10-17
338de1760281ab19218ea73ca863be16ffb639cdd043e5433e76ca3928b4b672,13,1,3,2024-10-10,2025-04-28
339adb0ca35683eca603d2d66744b72e874529d4842e175f1a78d2186fedd5ae,2,1,1,2025-06-29,2025-06-29
33a82cc45fcca494ae3dc1d0ec0940c8e6d55fefa4ce8cc446e8501f7b46efe9,2,1,1,2025-07-24,2025-07-24
33b7e9b047470d9aff6e960986411e411d36b3e37f490bf3451c6af2a2640062,2,1,1,2026-06-09,2026-06-09
33bb600914998b73daef06f9311282008c09486b7cbf602bf85bf29b0c421573,2,1,1,2025-01-29,2025-01-29
33cba67fc26b8f1e125346fc32f8b30e2f96375215b41f3ddd71a35afe0237b3,5,1,5,2025-08-15,2026-07-07
33e8377d1c224c9aba80d645803d18725aca8b813dcaee6f0f783479e9f47be8,2,1,1,2024-11-27,2024-11-27
34057b63f06e3a840feaaebd313a84d6b12359439aecb357230772b9d50343aa,2,1,2,2025-10-03,2026-02-19
34091acb42941bcc1398a8649bb6b0f88d250d6f6f33796d023719b048a248c2,2,1,1,2025-06-29,2025-06-29
340cf8e17dca8e4e5190bf60c23c5a87c4df4ccd78e73805a0291a56bc615855,5,1,1,2026-03-02,2026-03-02
341747bd1580595ae757ec361fb89ac776d6281ce71b4873f24cf40c35506f48,2,1,1,2025-07-17,2025-07-17
3419dd99cedc69afd74938f134e99708e52a71e9c4d54e912cee314de460c234,6,1,2,2026-06-20,2026-07-09
341b67d3d6dfd67b09e7994231d0df02c66d0aecd0a85eb0064b3cc69d738b0f,2,1,1,2024-01-06,2024-01-06
34321ddde5529b80b05836e7bc9fcb30866fcb2ac5be4281b91ddf110a9127c7,2,1,1,2025-09-02,2025-09-02
343adcf462c805d4b6fc67f6dc0fe0cbea32a8537b303373b8796a058a27e6b0,3,1,1,2025-08-08,2025-08-08
3453161154231ad8a16e22dc1dfac5045a60ad0c204b7475cf6730ce4e3325ee,3,1,1,2024-04-17,2024-04-17
345716947e70109932c9f55d0efc82106c0b67799a7e547edd655ffc61edec8c,3,1,1,2023-11-19,2023-11-19
34593cf33c7715e19de4d986b6185ef8776171033092f62297560b731f8f8417,3,1,3,2025-05-28,2025-11-10
3471cb8ed7a58b747931f3bc856184666b6ccfa72973c8e5bf47710675f24735,2,1,1,2024-11-05,2024-11-05
34726b090e84b4ecbf2cb3c32f687e715d03d0b5caf84c7ed28a98913ff95b97,156,1,6,2025-06-18,2026-07-14
348cff9db788f6bad21428ef8b8156772f166a7b5d03dcfc263c1a78a6647eee,2,1,1,2025-04-25,2025-04-25
34a027783f8fa7162f9d76b452210b417488a645bd4bdb88186e8cda70a5bed0,2,1,1,2025-08-23,2025-08-23
34a4676a856bfebb08da418b414447fc13c6c929a0412dd84dbeed1d5fde38c4,2,1,1,2026-06-30,2026-06-30
34b08d3ed4f1a8461431ffc571f0bab5da804abaa9db1c2eded5b47b8f1c9e13,4,1,2,2024-06-10,2024-08-16
34b99c991b8adf0751ec141e73f8eee80de757ea889ec3bd982f67fb9dad1196,2,1,1,2025-07-08,2025-07-08
34bb7e27f7737b872cdf4a18d908a49ee482000c9deb410faa6ae2ad6a20b338,4,1,2,2026-01-06,2026-04-27
34cdf36c94b2ef62e0e783c904d77d26a11f0640af2f64d2abbf604d8def2c48,2,1,1,2025-09-09,2025-09-10
34dc62a36147d5dbf19af52c03fcf7592336be745daefc8fa714940a44adb5fd,2,1,1,2024-02-07,2024-02-07
34e1d0068161ca26a263907302d16537d5263af0ca00cf4e5f41664ced8d4dcb,2,1,1,2024-08-14,2024-08-14
34ef647e2845f3e25690747af7f5e128bcb502a3fd465fb461d5aab149917b43,2,1,1,2026-01-09,2026-02-09
350092d3146ac24ad708c30d691e7e97d1f1b8fc6000b078aa4fc527be85b54a,2,1,1,2023-10-20,2023-10-20
3501c640ba4f202660f2c420b8f5c7df0c8b94090119b31a3e93a12ea9b6ea59,2,1,1,2026-03-10,2026-03-10
35069b27f16f83be1dc8bb9e98144ed425c7aca0e36bee7ccd60894547d7f122,2,1,1,2025-08-13,2025-08-14
352bb98c751a743eecdf4968571edc3ce81711bf688713998dc5ec9864e793b4,27,1,4,2025-12-30,2026-07-08
354387613198989b8c3264a9d9117662308983941028580cc8d2d3995c839fe1,2,1,1,2026-03-02,2026-03-03
35505e3ddb1683e1e019f0bdd47bfed8b0e9c7789eef70f8ca08805acd3e6a21,3,1,1,2025-10-31,2025-10-31
355690ff27f34ed1e73050ac85bcb4b109643439a874f8395ba98d0a2be47882,3,1,1,2024-04-12,2024-04-19
355fcdf02da08c1a18f8afad9300d2e7c170c041065e73d851323c8aa67471fc,2,1,1,2024-04-09,2024-04-09
3571d87d0b5bbf625d0791b9bf947833c1174dfa97db421a27bbb317b449a76a,2,2,1,2026-06-29,2026-06-29
3580b747e8f2027f428538b5cf5662bc9da2c102f9b696a47005fdd01f652ac6,2,1,1,2023-09-10,2023-09-10
3596e647903ab4d310b87bb94155c89b3d448b491d1fabd92852cbdccd418a91,6,1,1,2024-10-21,2024-10-21
3597b7a49b84bd01580290f8763de60cf614f9495b296f8267db954e2d2ea8e0,19,1,2,2025-08-15,2025-10-13
35a2b4885325469e55db834b35a02645ad2e44f82a7551bfccfb44756a9aa71f,2,1,1,2025-09-17,2025-09-25
35a2b924d1ded7cd28e2975c77378fd9b45e57bba9de8d2ebf45177c2551adbe,2,1,1,2025-01-15,2025-01-24
35a97ea7eb1f854b66040afd24c7693d4554c7fe0bd6ddab3693521ee95be1b3,2,1,1,2024-11-09,2024-11-09
35ac2c76f00eded7dc35c78467cc59ac8800574860a00cf6656260b191cf6cfa,2,1,1,2026-03-02,2026-03-02
35ad037e1461a605d5e5539bb350f716db1c9f3b2aaeb7be1b9e2b865ff199b4,2,2,1,2025-02-04,2025-02-13
35b8dfb86355f211741b3523af1bba84a924586a4a362c0ca9969d0069ded754,2,1,1,2025-10-20,2025-10-20
35f6d2bcc2390798ad40f1b179c3e09c24068f5106ea5af8891d98c1b701cff2,3,1,1,2025-05-29,2025-05-29
35fd77a74ddcfb9120117889501247f9af74b46e91604e1ac68d9fcc4d95a521,2,1,1,2024-03-28,2024-03-28
360ee9b186e113eef104334a264b6651de12c3b902dbdb68b573063b109d145a,7,1,3,2025-07-24,2026-03-04
3615d5c03c235d36d0d6a77fb07be3f2c9c79e7c6d2958168b3cebc6c75da546,2,1,1,2024-04-16,2024-04-16
361b6d52b7d1817d44d637b484e55d78429d44ec1007905c0246ce573575e501,2,1,1,2024-10-22,2024-10-22
361b8935afa3ee056f36523763b7fb52eafccdcd1872abcb90f5ef77c992415d,2,1,1,2024-12-19,2024-12-19
36457ae000387b8dafdfb516692b3caa0c4cd6cf4cc880eb915adf40ad05f613,5,1,1,2024-03-10,2024-03-10
364726883742fd0ad98234e2c7e5c95b29b41a6ec2a97d6f49b83340c932f282,2,1,1,2025-08-30,2025-08-30
36490550a1d9f099532e2a4596bd7153c89564eb15e1cbee76b40195d3d867e0,6,1,1,2024-10-18,2024-10-18
364de71dea0c42f0eff0ae3a595163a7e305841dd9f36eacc2329c800a2053f2,2,1,1,2024-04-21,2024-04-21
365003d18ec24dc320ef844205325dfbd928ed2e39a404d58e900ea3cc298ad5,2,1,1,2025-10-01,2025-10-01
3650d21fb4e0c4ba425ad9b5d73e609fe708fee5661f41c648138553c8ef0747,4,1,2,2026-02-16,2026-06-02
36552ca09929506a4bbb26dd5d0d9169806320134a5fd9b95d272f43e638dd20,2,1,1,2024-04-12,2024-04-12
36683301e6c717ca1a9d3d1099dc27eb67923e86f83ba65bbbe7c368ee294252,4,1,1,2026-04-21,2026-04-21
36763c5757ee5d4443b7a07046731f2097aa8c0a0b078a0c1628049281c6e9ec,2,1,1,2023-12-21,2023-12-21
3676a5e3bfc7be00cd2541e7abc9b149d9c0b6e6c53f59637308afbe7f607136,2,1,1,2023-10-31,2023-10-31
368e6dd44c7d2c8cd13e80fe95725002be56a4370d154796acfe6ec7a1e6ed85,2,1,1,2026-04-08,2026-06-08
369698b87a91817602a2288c4ef01043dc83ebdc311bf260215904701cbcd0c0,2,1,1,2025-02-20,2025-02-20
369bbc8eb88a7ccb0ce5e006ff361558075f5e29c3d27071e78b27c28dbc3741,2,1,1,2026-06-17,2026-06-17
369db170d76ac4d5047459ac55e910425f3543936c7b8de0bd1353e47b132021,2,1,1,2026-01-02,2026-01-02
369de66d042cf8376a71484a576a0ca59391edbec3e9f2c3a4d10f00dc9313ee,2,1,1,2025-03-11,2025-03-11
36ae82cf898991e03e6b9437b165f1226065af871aa0c564b69b17208fad031e,2,1,1,2024-03-09,2024-03-09
36bd9b2dbf265b8ce5da01c5bf773be8ddb7358babdd0e0e1fdae8c17446d220,2,1,1,2025-08-12,2025-09-12
36c1013deeaaaecd60a9bd088ed8a81a61a91a3746dfcfbae3820ba8384d25e6,2,1,1,2024-01-04,2024-01-04
36d51721060983bf464b19494b614d94b119fe805f149c8b4b198d31f80af5df,2,1,1,2023-12-05,2023-12-05
36d620e536a8120a41e2b7e5dca90ebdd40dd96aa5a4cbbaf207fcc2997b5b29,7,1,2,2026-03-17,2026-05-21
36df83dd4fd99343a648eea231a2e69f88e9802d59cb3069ee9d2e17e9dd978e,2,1,1,2024-02-28,2024-02-28
36e8a0d30dc0c26437f85a7a4ed5824d20fe2635ed314b04a9d84f1bfc402158,2,1,1,2023-12-13,2023-12-13
36ea3dbdcd02478d1f51cd1a579716ad49b877dd18d0a67f40f982d33dc1c099,2,1,1,2025-10-14,2025-10-15
36f944de00a578312e410f31707bcab34285f64d8b6c0cc4611958305808b89b,4,1,2,2025-09-08,2025-11-03
37465bf140433fa469acceca3434bdee444a84559a86e731f18e93d467b8f88f,2,1,1,2025-08-13,2025-08-13
375321d4660ac33bdd49d910c6a3868eb20b25768348c260a8a3104d3bce7a5e,2,2,2,2024-08-10,2025-06-18
37538c369e3c2d3200b6a60ae440cb157d95385527b3f2f6291838ef2550be69,3,1,1,2025-08-22,2025-08-22
37690c8ed51fa77cd3b3769022cff7a7d74a3568119873d49a7289243ad1bce2,2,1,1,2024-03-03,2024-03-03
376ece5614d4c92b8ccb94949e0055c664a3994cfd4d6640578ee79900858fbd,3,1,1,2024-05-22,2024-05-30
3773a5b22689ade364554816261d30b5de3b1e38256ae14fadfb3a587d545221,2,1,1,2023-10-06,2023-10-06
377b494470a1cadc6c1498541f4b0bd6f3a391dfc034a803d66a6a0362717e7d,3,1,1,2025-09-24,2025-09-24
37833fc63f1b1578ee7e1294c855a47cd00dbdc0fdce1fd4258cb9364724c178,3,1,1,2024-01-23,2024-01-23
37842079488900334467eca5d211840c27fd9fc2bba4bbff65ae2debeed0e1c0,3,1,1,2024-04-17,2024-04-17
378cd5a834673a29c9aadb42d09270fbfaeb443a2cfbfb432fe32bbae04c09d3,2,1,1,2025-08-16,2025-08-16
379f5c3a58faa492e01787cfe40b3b694aaa99c5ebc4aa3172bc55814effa120,2,1,1,2025-12-23,2025-12-23
37be00651ef949043714ad8e3294f18f5acf0ffee83976e24f60a4962e00797b,2,1,1,2024-10-27,2024-10-27
37cc52d41ff86033886f120a0f6730e6d56c997c0cc550b8f59b6a32dcfd77b5,3,1,1,2024-01-30,2024-01-30
37ccd90692a5b54d28909b2424fa04c47dd25a0d865198bfe147a5166f34de40,2,1,1,2025-02-09,2025-02-09
37d0ee4c19ea085fa6e268c0296b0886c686fdf1c9fd01e51075e9befe89aeb4,2,1,1,2024-03-27,2024-03-27
37e92edfbd60b5f4ffaf1f8ceee5b77f9ef4ddda623c29416ae668f0b4608a47,2,1,1,2024-03-12,2024-03-12
37ea969ea3774efc2c8f2a990f6f916254c9013896b8930c9ab23e726a0d2411,6,1,1,2024-01-17,2024-01-24
37f7caae7e9481ab32804c980cc0d454a45630be10ac5fbaf5601a8037384741,2,1,1,2024-04-09,2024-04-09
3806c842fb7393d2b9bf68b297420cb57eb6452ac3faece61a4683bfa173790b,3,1,1,2025-09-04,2025-09-04
381a574bd24bb7add0d8351a9569f476d2c48bf27cd4536e5a410899ab28eebb,2,1,2,2025-09-22,2025-10-22
381ccb57dda0faa18677abd10b15a0494eb2a8edb797f43d8d3ee5fd6e718ae2,2,1,1,2024-01-02,2024-01-02
3834013f24eb40e7099b92d10ae95a82db11592f44befac5128fcaf5bdafe4e4,2,1,1,2025-09-11,2025-09-12
383613e014a2df18c26b3eed5b35c5fb4cac9a3ffc524a06311eb726f417a4af,2,1,1,2024-02-21,2024-02-21
383d7fb4b831a9c71611bfff464cd3ebc5c45337ce4e61547b3a6574a3227176,2,1,1,2025-12-18,2025-12-18
3840f8f96164579ae1d3b4482f22702e96e63508f5ef5b19bb708e9773d2d931,2,1,1,2025-10-19,2025-10-19
3843bd56102003768afb12a8507f487dabe2ed448401d77d5554e3a19dd5e00b,2,1,1,2026-03-01,2026-03-12
38474c735963c5d104dd8de348181631c406ba94108cfead22ba33540d002a7b,2,1,1,2025-11-16,2025-11-16
384c76d936d0a95d7d80a79a81b6c7d495da6ed8e44f587c4380922485eba36d,2,1,1,2024-11-07,2024-11-07
384fc59287a0993475705776981ad262b849e43c111acb0db6e8f8d7b2d31648,2,1,1,2025-09-25,2025-09-25
385b2def30608111c6713811aa903c3006ec0945d4a46d1076615ad2eff3acc7,3,1,1,2026-06-06,2026-06-06
38628dd918d2e8d0d82d0d231df1bade219e58399381dd2ac20efd3c08fc2028,2,1,1,2024-01-12,2024-01-12
3864a5b270c7e65ea695ab46dc0fc87628a85b69328b95db305c29cd1450c4de,2,1,1,2025-08-29,2025-09-02
386f5308747c7bec606a781cc1227db34525643288b586b3aa9b6a86355e9e15,3,1,1,2024-01-02,2024-01-02
387e6e89785265405b8fe956a8270a0535431e48d27c1731b7a4ea02329a1fef,2,1,1,2025-01-14,2025-01-14
387e941136936a8845fd318bfc6e73d84ef62e73a3544f9f0cfa0f949a59f1e0,2,1,1,2024-01-17,2024-01-17
388cef2ff29adc6b4f375b353bae155fb7e71ee45a01fa2e71d24ddd827710e5,6,1,1,2024-08-05,2024-08-05
389720283004f5131bc9d6ac8ee6db421b09ebcdfc1c62d2409bdc0ec0fab62a,2,1,1,2025-03-12,2025-03-12
389ab84faf99912c8e790c60fb333166b3b7cf5f405b6ff52e5fcd92acc6a67e,7,1,1,2026-03-01,2026-03-23
389eb4b81957a6ffd685c02a1f0f2992fd2a07345091c0dec3507cd124913e21,2,1,1,2026-05-31,2026-05-31
38a565dca311ac6e10d56a4e72ace020deb285aa3dfee480a1d4c3e96457482a,2,1,1,2024-04-30,2024-04-30
38aff739923ad947a3cd34c1751edbde8cdbf6b3978363cfcdb8059be807af50,2,1,1,2025-05-13,2025-05-13
38b50cba8ec1d963eff3d19e7f4d6f285a282db7f87449a1326594c6b6b76208,2,1,1,2025-01-13,2025-01-13
38bd1351fda04bb74491c299c7e39660a0b0bb2fa94c38e86eddc4f1cecc2d59,2,1,1,2025-06-27,2025-06-27
38c502229c54bd4dbe7414d22f8e755ec249e9c29613bbef32cb3681358c0fc8,2,1,1,2025-08-27,2025-08-27
38c901899f17f4d355431c207a0a5c6ea09b5201aa1e283a89ed709f2cc9e060,2,1,1,2025-10-19,2025-10-19
38d874418d673fe39385af2e5e451fbb6adca4774927a281566304d9db48c665,2,1,1,2025-11-30,2025-11-30
38db436219baebc7aca59541f7cc041f4e1b6b151557966d4dc9882fd549f06a,3,1,1,2024-12-06,2024-12-06
38dbb8df31b87cb47e8ac752b623b6b6854fa411a92d6bd33b3a3084bde87c22,2,1,1,2026-02-24,2026-02-24
38e2f558d68778909bdc5f27c994ad526e827922c0b27fc7ae7a78d167cd984f,2,1,1,2025-11-04,2025-11-04
38f206622ce41a69c4ccf2c1dd31769cd9023521beafe87d0b405f89af3fdd13,2,1,1,2024-01-08,2024-01-08
38fc4ec7f23b32466f97818bbaca0bcd908ab5b3646186d61815f90a01be6c77,7,1,2,2024-07-04,2025-03-18
38fcd56df15fba56333b4d4558e420b3066d319e26637d7b8d1a2b8ce3adc0c3,2,1,1,2025-07-08,2025-07-08
38fd9def46955bc7bb2d883c2fa6434a8008be42443a26a8ac8b3365a28ffe4a,3,1,1,2024-03-17,2024-03-17
39103bcd31f8772a57a83ecc43fc2dd8f06f91fe8a5021727d230af336e9421e,2,1,1,2025-05-05,2025-05-05
391e620321a2d9057bc068347713a325646e61b5efa8f00e197909c8d6229208,2,1,1,2026-07-02,2026-07-05
39223d6b3856c142c3a556a813ccedd0a6469ffae4a3b527203fa115f4decaf0,2,1,1,2026-01-13,2026-01-13
392ab0447c74a1be07475a189e111d077e7103a95ff5647b8e7e4dce6accc1a7,2,2,1,2026-07-07,2026-07-07
3930f5c4f746972f91e632831c47dc1a3ad4682f157854c0e74ed52404cd67c3,3,1,1,2025-09-17,2025-09-17
3935128775f6b324815d1fd8aef0b4eed8dff8753d54513588cad2bc20943db5,2,1,1,2025-01-31,2025-01-31
39356f27cc57c22853d3cda2f888125d1e29604687023b1e9d1be0b00e400e41,2,1,1,2025-11-07,2025-11-13
39377c739d8d7bce663eefb47869278fce8539d2513c4f797104dc95d24c266e,13,1,3,2025-04-28,2026-06-03
394bf6709c101401bd13938f012e82c04a7edabbbd0273ac1ed2ec6106f64b71,2,1,1,2025-09-18,2025-09-18
3958fecd362d36ed4059e3022301478ec5b5eccededbf97f92d5d2ae50fb58bb,2,1,1,2025-09-23,2025-09-23
396796e446f6e90c7b7b63e7bc57c91d26e20e4bc9e500fe262e3d0e69de7714,2,1,1,2024-09-12,2024-09-12
396a78d0a278c73ccf1f473545eedc4ba11dd60f8c90ce0d9ae8d600eef67e76,2,1,1,2024-03-05,2024-03-05
396fe8e817b74d89d0bc4f7d3ea333e9dc10f125c06b1833e7f6d420100cf5ae,2,1,1,2024-02-28,2024-02-28
39a2387a44655ad87c83f561edfd2c09e87eec023fabc8f026c284ef31d59ff6,2,1,1,2024-01-25,2024-01-25
39b0be636f8fe212b2742f9b0ecde2775f44e9c6bf4b98c179fb7652e55a7dcb,25,1,1,2024-03-08,2024-06-08
39c21f754c6d5d4f6dcc23cb11ef0efab5fc6cca0d8e15de5b964276e0e0273a,2,1,1,2024-07-21,2024-08-05
39e67d6027e42f7b6723f0032092d80b606ea0e2f8e7e2ebf61f5f5b1adb875d,2,1,1,2023-11-16,2023-11-16
39f8764ddeb74899633659c073ea79a1aacf0f111a33ae8e17f20db3f2bc36f7,2,1,1,2025-06-23,2025-06-23
3a07266468ca4d3dcf3002d18845f40ae43fe5b1f9b4f5d0aa38cf44243d27dc,2,1,1,2025-09-16,2025-09-16
3a14eef41801cf7b239c7862eef7d78dc56fac38346438f9f42475d9515d8a37,2,1,2,2024-09-09,2024-12-07
3a347824e687c5fa847ce2130355ebd89f24fdfa2146510b62b4a147cc84f920,8,1,2,2024-06-17,2024-08-07
3a47b418491272d6478dcec18e3ce7fa89e8c0be14e89283ec75bb7f2c28f126,12,1,4,2024-09-19,2025-10-31
3a4a5c591cec6b040953a80cd880227d0414aabdbcbda1ec4f5d0c955abc4734,2,1,1,2025-07-08,2025-07-08
3a555f778e14af164f6cb407c5ac82e45e94653f9ab9841a18f785a1f7827e60,12,1,1,2025-07-29,2025-09-09
3a75df993bb5d015825ed49fa54b540947ca6fc19a82c27dc0e25f8da4eb88f4,2,1,1,2024-08-11,2024-08-11
3a82d90eaef39a9d7c8e3d8dfc4dd8e0bcd1787133d477c571f9567c32376fdc,2,1,1,2026-01-21,2026-02-25
3a840c2ae0b79e33aac1ab9471a1231e9bd9a34f71976f524ecd4186b8847c68,2,1,1,2025-08-12,2025-08-12
3a864fb3117836f2f728b3f32158e7c9951c0c2aee84d869c9a2b5540e90a660,2,1,1,2025-08-20,2025-08-20
3a894aa23617b262d12468b6fb081c69c8f8b5d625aaf56ad82f85150735e2bb,2,1,1,2025-07-16,2025-07-16
3a933715e760b413df7cee5ccf1a02050eab9daf88cbc07cb29c3351d67ca188,49,1,1,2024-03-18,2024-05-20
3a9f51446f1f264d24ee6fd53999a6562f91c66d102d72fb857bf1a13d8fead3,2,1,1,2025-09-16,2025-09-17
3ac2f3994f01443c0a94e439ed0cdf523df86938f58bc31023052e8c9a59664a,2,1,1,2024-03-19,2024-03-19
3ac328f696ff3585e3f98c3759ef96646a4b7cd1c3582399d9c62e902fa9416d,3,1,1,2024-03-09,2024-04-05
3ac40997c8dcf797d06dedf40ea4cd6168b611a2fc2d5ad3d6a86cfeeee265da,2,1,1,2025-05-17,2025-05-17
3add369c6cb728ac22aaaea526b917460bb14d74d1f8509024df7f9d89f082cd,2,1,1,2026-01-14,2026-01-28
3ade116646e3755b2116f8e394066d18d87419baef988f24485027a349a96687,2,1,1,2025-10-13,2025-10-13
3adec60433e12dbf23d475b3cbdad627e58cc4ef706d94a4dcad801aa6f14c67,2,2,2,2024-09-04,2025-01-02
3ae2dafb4e57fc9606a9e2e1800e02399afa848297a8699a04825bada64f799c,2,1,1,2026-03-17,2026-03-17
3ae3eb0e9b72b493b98da6174b776c3222a04a91af850468246e3ea8fc9afe64,2,1,1,2025-11-10,2025-11-10
3ae5016a01fbb40dc832d0bbf72851cd659fa9b6807f256b6f7fed0607a6aa36,2,1,1,2024-08-02,2024-08-02
3ae678e7f142bde8f8fcdadfdf947b4f98b15924ddae6da590d4ac07f6a61205,3,1,1,2025-06-24,2025-06-24
3ae77fc103eeff3c31d25654908ae70ecda2bd0c5707fbb924d9d8ee39b99213,2,1,1,2023-11-07,2023-11-07
3af0bf88b6850e6ee632ad7f273e425c8dacbe628548b8a2bf849e11ab6419eb,36,1,3,2025-12-30,2026-06-23
3b0730b2ffa154ad1eac7be4e1a27a4cd9111a2c66a4d2fed56c3f331723e018,2,1,1,2024-08-09,2024-08-09
3b251ac8c86254e367f48a15dc7edd2f481ec1d7c7aed6b55250c7804b7a3d56,2,1,1,2026-05-17,2026-05-17
3b2ecd25a82425194af74887175b834a76392fea06d86a636118984b7875c3e9,12,1,1,2024-01-30,2024-02-16
3b39cc13b5e2caba4fbec3dd32072101ac0a2e81ba83af68ce7013a9f6696d40,2,2,1,2025-10-19,2025-10-23
3b3fe8cf883b4a5b18db4cc62c0123f9b3c790a6c6a88869af006c6067b7b105,5,1,2,2025-11-08,2026-01-29
3b400f0e39a814b039262bdb90342ca235a6aa0d044d2c0a4c9bc8b505eaccab,2,1,1,2024-11-08,2024-11-08
3b4603fc1b5c60782082a1ef37b195bfecde5f06e5fe9a9eab4a12c7ee4e163a,5,1,2,2025-03-31,2025-04-06
3b4c86372917a2e722017e36de3ea1399b6f76be7e13a2ea91459e16e99b78ed,2,1,1,2023-12-14,2023-12-14
3b59571881c2c942776c48867e632a21d9c4079c6320312c7028ef885a735351,2,1,1,2026-05-28,2026-06-14
3b5b978fe705f95bfe2d9c8611c79da64dc152cbf0e4417b582e278d174a4003,3,1,1,2024-08-05,2024-08-16
3b85df40fc65bb55d46e8f179ec39d199acab6795f4ba697bdadc56fd1b16eb0,3,1,1,2024-11-07,2024-11-07
3ba6d518fbf139166bbf09ee56e0954fb556f8d9a8b9ca4c2ae4766dec09c94c,2,1,1,2025-04-02,2025-04-02
3ba7f3cca24de5e59521f126822cea867cef0cee60b8c79dc9202e2a85587cc0,2,1,1,2025-08-30,2025-08-30
3bae7501f8547dd337e2cf6f3fed930f9ab0bd58d4258279e8288bc21f281c73,2,1,2,2026-06-18,2026-07-07
3bb6dd17f5211e24e8278340e92d9e3c56c15a6f52f202e2f3255ac848de3748,2,1,1,2025-09-30,2025-09-30
3bb7104842f68fe2de2702cd8ed91046745713021323226f46cba25b3645fff0,2,1,1,2025-08-06,2025-08-06
3bc2d845456e6f8dd6b5ca1fabbf20d81940635f8ad55aea286786ef75957928,2,1,2,2024-11-05,2025-01-05
3bd0bca7598ea7204787e31405f1e7e6ac9ef89434940d153fbe223c964f30f7,2,1,1,2024-09-12,2024-09-12
3bd29f1b3cd603a306b552f478f285aa53188db5e8b691ad26e065aa289d430a,2,1,1,2024-07-25,2024-07-25
3bd34a2fa4fdf9d7bf51ab423c2b43a8bf236a974f73a7860fbbc4a3cdcf4e51,3,1,1,2024-11-06,2024-11-13
3be49c75ea90120571fbaa2716426ca654f2fa470941664ffba1b189998af276,10,1,2,2026-02-17,2026-06-09
3c160ea95ae196cc0593ef559fcf4de184946068f8013d1fd3e0f885053cb2bc,2,1,1,2026-02-16,2026-03-22
3c168c3608d12a228aa50c60be454a385f81588260dd67ddf857394a70c823b5,4,1,1,2025-07-04,2025-07-04
3c1ed4a7af39b95cdc03be20561794deaa1c84fee70896a4c97b3611864b2643,2,1,1,2026-01-04,2026-01-04
3c2a918315097a6cfaab17b3e5d31047dd54f07b792a6ea14864db161d79e1b8,2,1,1,2026-04-08,2026-04-08
3c2aa705a2141eb7493be16306cfb60947de9b20b31cec83c1a97cc305b93e3d,2,1,1,2024-03-28,2024-03-28
3c3d05751659b3adae98272e3154d72b355590a0c9d3f248c7f167417783eb2d,2,1,1,2025-12-29,2025-12-29
3c4b772de070defd9d1ab23ae60aa9591cdb7d48b995121b99110ff2ee78bf80,4,1,1,2026-05-18,2026-06-07
3c61eab4c4d883f399cf29795c57a91df96f0a954128bc42886da55828aaa5bc,2,1,1,2025-01-11,2025-01-11
3c725a3b83d3c18cd2aced3b269a42804f9c7359c9987ec8b0a17f27f85ddb7e,2,1,1,2025-11-16,2025-11-16
3c7e5c5d99642ede0dd974875fb8f4c109608b422d191a89251fb3cbe6b9c36b,2,1,1,2024-03-05,2024-03-05
3c811b14b65bba265745a4db764ae2c6de21a9e1076c4462b7600d68b3b7db38,2,1,1,2024-03-09,2024-04-23
3c92dd0dc0dcd303ff92d11cf083a5902f05c85a6ffdabed7180b5423c9f1928,2,1,1,2025-10-29,2025-10-29
3c966d0b8a379bc668729712c7ad83281cceaff36cd65a0e3989fa9f753095cb,2,1,1,2025-05-15,2025-05-15
3ca3f59437f5092ebb7d764ab4d3d1abf21ecf1f5f8eb04c6cea1b108decc5b6,2,1,1,2025-08-04,2025-08-04
3cb20f7b59b336ce094fbdee9e6668bfcfd07378873011ee9cc9b1d57e445d46,346,1,1,2024-05-01,2024-06-17
3cc41bda0cd76a68dd7bafc4b77ab02a3ada66f917809265d19c00ea7e486c48,2,1,1,2025-11-17,2025-11-17
3cd4cb8972b450e5aeab96bfe9a3898dfe3e50b049bf7b037346bae54ac9f15a,4,1,1,2026-03-26,2026-03-26
3cdc830fe75e99ffd9c34fb6aec2c18a55ba4e00afbe466a8c048ac778935f97,2,1,1,2024-02-27,2024-02-27
3ce581cf3d623068a8735f4364c467bbc44167bb844214c5a93d23d28fc07774,2,1,2,2024-12-14,2026-03-05
3ce86613f25c630bf773790e65b0c95ce6cf5e34a828c24470ca4eae5952004c,3,1,1,2024-02-13,2024-02-13
3ced32b08cd0c571b6ec80654d278fc34c4a10871343111cbba83751229454b3,2,1,1,2025-04-19,2025-04-21
3cf51e288060516ca1daac24f363a01ccf4a6510619dc08a905a66280200fdf3,2,1,1,2025-01-31,2025-01-31
3d08aa2e9937c72fed63ad044b21946c463789bf661028f198ebe17aa190412d,2,1,1,2024-01-11,2024-01-11
3d0caa782c3c0129a3ba37fa38e159f07e5d3110ef3bb37e9db655869353879c,4,1,1,2024-12-24,2024-12-28
3d1dd5e86dd6403e02f4978393b68bdcf23645016a89de2dc3d0ac037d0ff6dc,2,1,1,2023-12-14,2023-12-14
3d1df6e9b3d285d88ad8bba406d0eead398b26818f1d433999d28280d47ddb85,2,1,1,2025-12-08,2025-12-08
3d1e3d8c60c7fbeb44aa3e173881821a914a31ea54aa2fe2946ac7d55bd2755a,2,1,1,2025-05-07,2025-05-07
3d23a8d6712dd6949706bed19334cc5b0c57a0cecbfa002c9fe8732b6f88e31c,2,1,1,2024-07-06,2024-07-06
3d27d0d01a5244d2e2cf669e19266e5f2f8267577064d5886ec698b7e49e36a6,4,1,1,2026-02-25,2026-03-17
3d319f0f3c98c824c832e6407714169e1f8871c5a5e7ec509daedff455ff773d,2,1,1,2025-03-03,2025-03-12
3d35f9b0a93086db7565b43af022ce96d8e5c3b5499a0cd7a73c848a48570a55,2,1,1,2024-11-05,2024-11-05
3d3bbab3fe092abe56e80414c598b202ae40286637b5437945f5e8c8969ebd2c,2,1,1,2026-01-12,2026-01-12
3d3c78a2b6eb986fed9fcc9d0fafe3e4f047a85b5fa8b1514edd6ec3c3b0f64a,2,1,1,2026-07-13,2026-07-13
3d5f6e2852224f6564849e07ff1388097ba11b613f0bee89afe5de2540301dfc,3,1,1,2023-11-25,2024-02-11
3d6400414adc3bdba0a8f717c9a7ae948c878b8b906bb016011f1e6a90ad0471,2,1,1,2025-09-25,2025-09-25
3d7073fc13fc9a1340bb75b5fd1261a42bc90eb94bdad05f6ff283346102461b,2,1,1,2025-10-16,2025-10-16
3d8aaf21668ddf2d67c25ddddb8c8d6dd5bc1e275239cb7d7798281ba93a55d5,2,1,1,2024-12-21,2024-12-21
3d997f2039149b44a577b96b84380f0b1a1b720333b50c657e23a867ceaf1994,2,1,1,2025-08-26,2025-09-25
3d9d2936c0a1b3d931c3e7df6bdb869c96bbd12a94efbb45d9568e6e1560944b,2,1,1,2024-02-14,2024-02-14
3d9f058e7d6b671be10202676cc3258850d7c726d95f01ea2af74c476dded58d,2,1,1,2026-02-17,2026-02-17
3da09b7f9f786d41249bd80727317df6f9f1dfe6736603d7b08c4c21a708125e,2,1,1,2023-11-09,2023-11-09
3dbdf4d0730642739e85143f09c41c047e7dd9966d27cc7069f4a2f4dbaa9f5e,2,1,1,2025-09-09,2025-09-09
3dd5350dd4051a6f19e7a450549bcba01950d42b69d1e979a0a2719fb92a7c78,2,1,1,2023-11-06,2023-11-06
3dee57b49d88ea30bdb6556eb85743f40a8b96e09cc79770ea866183f742a6c9,2,1,1,2024-11-14,2024-11-14
3df9e5cd40e4ed9307481efdf2192269062be0bb7314fc1d4d3a0563230f3f50,2,1,1,2023-10-26,2023-11-06
3dfb6b363ca37e3eaed2d9ee8eb0dbe871cbe05726317d18c5a1731bb46b9536,2,1,1,2025-09-04,2025-09-04
3e0b774a4b2a3b571ca926ddabf9aa723f829634529f3065ebfa9c6cee3162c7,5,1,1,2025-04-26,2025-04-27
3e1a8b40c3476309fa2881ed3ea53ad419dfe0c4701d03fa75706d91e5155d1d,2,1,1,2025-07-03,2025-08-18
3e2062bef2231b09678f203094000df0c2b762d90e11fa1cb861d9c8e335a048,4,1,2,2025-08-20,2025-11-04
3e2063d7ee6345ed290279219358e3b0f99bd8d9767adee6fa76f8517bbd5418,2,1,1,2025-07-28,2025-07-28
3e25d81034f8cc78df12cc4a8242cefb7e9865615c984bb37be0873ca63f7830,4,1,1,2024-03-15,2024-03-19
3e2936bf1cb5183c14dc5299273449506e071e5099515d12db51a82673542a1e,2,1,2,2025-10-08,2026-02-16
3e3d29d43b3936d56d7e5cd6b8310e9db588eec8c4c66e564be88bad50f7f362,2,1,1,2024-12-28,2024-12-28
3e4f3a5dfc45021fd97199096fe304e1be57964e9ce1fcab7d147cdd84cebda7,2,1,1,2025-10-27,2025-10-27
3e61c5725c0a8a365e130a6825a63e0c88d489ce37bd9e6629c3be7dfbf9ec33,2,1,1,2024-02-14,2024-02-15
3e6d531adf50d9f3949c24a1a1a97a20668d810bcd8001a782ac136f32744168,2,1,1,2026-03-09,2026-03-12
3e6e4d03c59bdf180023029f2ada1417fc4998fa50e0b6a419014fef4c6c43ad,6,1,2,2024-05-30,2024-07-05
3e70e2299cb59d7fb19568feb6437088fa5da2fab467b5d7b726f88335e8c9a2,2,1,1,2026-01-29,2026-01-29
3e7eb2dbdad5675fa8d9306508da676afb437971e61e9657f2260a5e3748e56b,2,1,1,2025-02-26,2025-02-26
3e9be962e80e7d1f97f5e2c2988064099652c66d5a14552cf3c90e5dbca82c68,2,1,1,2025-10-23,2025-10-23
3eb4de7ee892989c055a5bc030ade8d5242f60ed995240a0d99d661e89946023,2,1,1,2023-12-14,2023-12-14
3eb6c22588e957d155ec2f2c052bed56760d093e1cafebb91312f4c277defdc8,2,1,1,2025-05-05,2025-05-05
3ec6cf47f352ec9cad40f38f227b85c8539efbf12562cb4efcce9c7370a017ee,2,1,1,2025-08-21,2025-08-21
3edafcf2d731f39b40ac0b702cac33ac8c62e949290c3ee46839a9b61d0b69ce,2,1,2,2025-11-06,2026-07-13
3ef04bbb222f7294e0f98a88b9ef45c0b25cebfc63fdce5fb9d5d5a000cca7c0,3,1,2,2024-10-07,2025-07-02
3ef9a68c02bafc0bd91a5c8319fbfbd17e36dcbf165fcb1d78b05880d6f1c17d,2,1,1,2025-02-05,2025-02-05
3efa769dbaa6c2a4da9b2a5daeab6417cb2f324e7201f326886de33eaa4fbc5c,3,2,1,2025-02-12,2025-02-12
3efae3ef5d0ff25d1688284e0d0b21d21cb8d5203295284f54a26388d1938103,4,1,1,2024-07-03,2024-07-03
3f01b9f7f07448be83bddedc9ba75ce34fc5ae58ad2e6a89ada4b5ff2c9ff370,4,1,1,2025-04-12,2025-04-14
3f0cb33fb1e806753387a0b59de00d8703a4ba131e3def69183c7ee92292f28f,3,1,1,2025-09-02,2025-09-02
3f10d12d4b3458d046ba090138c0bbd8acfbf555c24e6d66f147bb0655dc9d04,3,1,1,2024-08-28,2024-08-28
3f1aa01a2b27ca8b3a18113c032fd016eb0e3303d1b724d3a5abf21d3ccbb3f2,3,1,1,2024-12-14,2024-12-14
3f3bf4503669b6eec24006693aa4c05c8addd7ad5936cd12d26387f2d0680a9c,3,1,1,2025-08-20,2025-08-20
3f5cf1aed27cca53d892dad24a918d1ab1a6ee0fb9b34fe7f7b4a26309d19a6d,2,1,1,2026-05-18,2026-05-19
3f6c1657ab2c15e99561f500bfc2886ffdbea8d62c39d458b3e237f1f695e40a,3,2,1,2026-06-25,2026-06-25
3f71fb17077c7345352e45668c2d59ceb9aca3795ff7163e3fa50f4b757b5ddf,5,2,3,2025-02-22,2025-08-26
3f72a611c55e9a3d9944746f4b76b0d454d2f92ceca5dd85bc6483c3becb5884,7,1,2,2025-10-31,2026-03-05
3f749fd86847cbbef2a54e0086b1206cd19185b380c85ebbc745269251e4f6d0,2,1,1,2026-03-16,2026-03-16
3f7f345b9755b723a121933f6678224b211458fe7c0d028e52f2bde715386520,12,1,1,2024-06-07,2024-06-28
3f856edf623e162d3cf09920913f394a731a8f7a20fe8cbdd64a5b46c94c0a63,2,1,1,2026-03-03,2026-03-25
3f8a534d8d8fff383d5c03dbfc19454cf2105a9b6a41c948b83054ad76505159,3,1,1,2024-01-19,2024-01-24
3f8d3826731bb6cbc1aef69dd3e2a728d5795f02cd51083178dd4e17a8c8aa70,2,1,1,2024-03-21,2024-03-21
3f8f8a4adb0c120bc389bea664486dbded8be6902b06f2a0c253e23238166052,2,1,1,2023-09-12,2023-09-12
3f934eb0879c13fc40a2e43990de04188f76822fcaddf7fa6d20c8ba5bc02a0e,8,1,1,2024-07-11,2024-07-11
3f96522575c1509be2f98ea3626f03eb278de37b7d13e068043a06e689da2f03,27,1,3,2025-10-30,2026-06-25
3fb3ff06787cad25e480a59ede3e5413ae0cb83214d4c90ee1aba2a453b1ba23,2,1,1,2026-06-22,2026-06-22
3fbb233a289b0674c646c870ccbf99e7d47f6965addf0f4c007c5a99c13d8b69,5,1,1,2025-10-20,2025-10-20
3fc61f5c3997c1fca2b285ef288ab8366ffb9fa45fee589da319eeb84078045f,2,1,1,2025-11-05,2025-11-05
3fcee381d757317fc1c0d7e428796a8a6ef25befe986ebf21536c8b3e3b34a23,5,1,3,2026-02-16,2026-07-05
3fcf658aacf97c7a7ad7eab0e978761f43c9c858e3bfabcfbeec07079be08a77,6,1,2,2026-03-19,2026-06-23
3fd72e70c7a30de57c0a544eeefc3e7d6e95d469aa47d44ff93af4cf24604dad,2,1,1,2025-08-27,2025-08-27
3febf59ddc7c112603ce674d2a238faf8cd6b497b66002141a9ecffc83fe4035,2,1,1,2024-07-03,2024-07-03
3ff238c92ed7170e3edbf0b8a04358aeb1ea023c11a499bc022ace7e82d820d8,99,1,5,2025-04-04,2026-05-28
3ffb694b783afa15df3a0dc64305cbbfd8f3b1d8da71e418bc1c69faa7ee209d,2,1,1,2024-10-30,2024-10-30
401494c78b4fa5b3860dd4de1bca1f3a7bdb39510f7c822534ccf67e09f5245b,2,1,1,2025-09-23,2025-09-23
401817483770524033b78d8bc334b10191588ad8b277b82148c340d10c7b30a5,2,1,1,2025-06-17,2025-06-17
4026f5af745cb8589913b4ac027a4e7cff77b0fd12ac2d013e7f4661a301828e,2,2,1,2024-04-30,2024-05-07
402a69de1d3f9b59bb02264ecd27e563d1b3fdeb15aa6fce602f618786b2a643,61,1,1,2024-03-06,2024-05-10
402fa2adc1bfe557891acbf28b2afca341c33c99e216adddbf504bf232cff4cc,74,1,1,2026-04-01,2026-05-07
40346f7ef9d0f504d29cc17e31dd776a775b33b7c3ee0a7814d28d43f3207797,2,1,1,2025-07-02,2025-07-02
40436ccfa0a36e8d4266380f52117ee373cbf6325336278d1076017f6f2b0dc9,2,1,1,2024-12-09,2024-12-11
40586b869df743bd9439060f8b804b665ad75d1748c536b548f7874d0e1d7d2a,2,1,1,2025-11-13,2025-11-13
405a449a4ce81e362a597c82fbb2cbe96d663ff25116d35065d677728d77cbc7,2,1,1,2025-08-15,2025-08-15
4060a2e19190ae0a596c080014f6ce76bd06c4b5213eb51c1e7f86b374fc76c0,2,1,1,2025-10-03,2025-10-03
40629c306805bd8618d0625f373d29af2e22bdb9f295e5d2ee3ecb274000675f,2,1,1,2025-12-23,2025-12-23
4066182a1aa857df7967f3f5a015d47398ae05a7c13dedc72d424e1a5904952e,12,1,2,2025-04-07,2025-07-17
4066aed4fa58a38f2ef1de1e928cc1e4ac9a54a0cdc7bd23b46b08ea0da07b86,2,1,1,2025-08-05,2025-08-05
407375dc91e9a1b8cd3f2fea90e9a0c3a26e7f3ab254a8c59afa94e0ad234cc9,2,1,1,2025-06-19,2025-06-19
40865e2d5f927b8e6e3cfef6ccfe9ef718e265694f721bc80fb0883aafc21b03,7,1,2,2026-03-03,2026-06-18
4087d063b23f764108f819b2038f5e6bbe8806b3288cd0313f2f37a5e3bbf88c,3,1,1,2024-06-26,2024-06-26
4087d450d469e9f8e922f975efa4ebe011e1574dea5e13f292538e972a958c0a,2,1,1,2024-08-27,2024-08-27
408f399f11f09929b0ebd15d0c45d8322bad1be77e380f05b2e8fdb9261aa6a6,2,1,2,2024-05-31,2024-07-31
408fa184539800201eddf9c8bc63c0be7ca6166687d27d0464aeb1ead86c1ac3,2,1,2,2024-07-22,2025-07-18
409e2d0640b16a639b855be1a79935734a18abea0d892f720b5360d3cc8f1815,180,1,6,2025-06-19,2026-07-14
40a39923a6844fd6ccaca1154758d7f233a8c8b32f1adec257e8edb5036169a9,2,1,1,2026-03-17,2026-03-17
40be9ccae3d11804cc33f80691ef3b06cab59d05510b92068c3691c80b92cb03,2,1,1,2025-05-23,2025-05-23
40c86d5c55fbb93f37f1ce5b77e33c5a0a6504e91b8f84c09095177587dc63f2,2,1,1,2025-05-26,2025-05-26
40f3be32a4a9ebb3df0b4ba2a3140c8e4fd1e77e47e63f93f669c0d28f43f5d9,2,1,1,2024-03-08,2024-03-08
40f4ac6caed273a17c7da1f46e36438356253072d041adf6ae0836c709ba727b,2,1,1,2026-05-28,2026-05-28
40f9fcdd1854d6fe10c707a87847ebf2d9608b0bd2b22ba8725b42cb75f391e2,2,1,2,2024-11-04,2025-05-09
41003e9869e4ecf7f33711291075566cc619714ef134334763f03084d21fa4c9,3,1,1,2024-01-31,2024-01-31
411c7fcb795015d8e5b61a0a0ad6824942ace9cb124c06dfbf1ebbbc06516387,3,1,2,2026-03-30,2026-04-07
4120ae37fac48466a7e1066990a2528ea50c80abd8b0491dd64363b319f713ba,2,1,1,2024-04-16,2024-04-16
4122b46574e629fdb49e593e132d634e160b4a1dd89399bb65f7b65db48de9d8,2,1,1,2025-03-12,2025-03-12
41392da86a5a0462cbe322aa114ec83f1dd0294960abae41585f3e890d41a57e,3,1,2,2025-09-16,2025-10-16
413bd988555117c42b77cf2352ef0c8afdf774c13f4b516586dca3440fc52154,3,1,1,2023-09-14,2023-09-14
413cb36e4fde00453888eb0cb7b8a231502627a1b3a150fd0fcc0cb0dfecab17,2,1,1,2025-09-22,2025-09-22
414440c07e8240518e0d547856edde0c53c54ee397ad14bea75a5866075ff7fe,2,1,1,2026-03-18,2026-03-18
41550223eb3114fca9886734e9616e2bb6806f25bb152df9ffb4f3ff165e7b7f,2,1,1,2024-10-22,2024-10-22
415713cbb53d5e9aaf8e42f5e6f9b39d05d40a97c2ee40ad95f76b8303923f9a,12,1,1,2025-08-04,2025-08-04
41669580195e1ae301eff6ec79d3db6165cd64889f0363c32d65cfdd9a7054b5,5,1,1,2024-05-10,2024-05-10
416f6b350dbfe6e89dc2e736074fcdb87962c1d8f4adcc05539ec51c265e8e2d,2,1,1,2025-03-14,2025-03-14
417270545388c8c7f086e5833c11ef9feb0fd02a03f262eb4451a479ed6c0523,2,1,1,2024-03-18,2024-03-21
417ed9cb1f7fa5172cbee9b26afa0672532d543ffca038f42d3980ad9b44920f,2,1,1,2023-10-25,2023-10-25
41874de5ed85b0c28e45c5788e1e9afe7671fc91aaf9dd226aa8c61c18cc5909,2,1,1,2025-08-16,2025-08-16
418cbcec732aa8a5b4e519515238a6402c69cd74ae79b6acef74acceed111939,2,1,1,2025-03-12,2025-03-12
41945c511813b34e42befc8c38f51322884f0e7fcab1e0a6013baa06260eeac6,2,1,1,2025-08-29,2025-08-29
41b2379b2869f0453efea7e65693b0753fc5c028ac3b16c8cfac2ffb273b89e6,11,1,2,2026-02-20,2026-06-12
41b5538086ba98dbead7fc57174bedfd9e6c1858f733a0e478f5ed68a92f93ae,3,1,1,2026-04-28,2026-04-28
41c6e7886abcb52ffe88dcdb136365ba7e76b5386c1281e59f19ebac68db0682,2,1,1,2023-10-17,2023-10-17
41cf4a314a5e9f54fe2a46fd5e845d941b3a310c2732d7c718ab2f747d4fe4cb,2,1,1,2026-04-14,2026-04-14
41de000c33c768e03daab9b821d24480b5e6ddf21188ff2d6ab865302028dcad,2,1,1,2026-04-02,2026-04-02
41e0fa74d678f1fb7fda86f88c6e1d8aea87fa290021261c22e3a7a540796468,2,1,1,2024-07-17,2024-07-30
41e4bdecd8f4fe1b8f8a0e6d4765034d51fc47e7876ee69176717463c2962e86,2,1,1,2025-08-26,2025-08-26
41e839f388d200ade787ded9b6d173fcdc76cf1e3fa178fa3044a1686a784673,2,1,1,2026-04-24,2026-04-24
41f45c7f098e343d4d1f030bbe3943dc5842761a9566d4bf3034a5399bc91737,3,1,1,2024-10-10,2024-10-10
41f99937f59784a8653c160228c92018a4910ca94b38c091271301b63a46dede,3,1,2,2026-02-25,2026-04-21
4208360fe9775511a46f490c8cbd36c13dfe61d5724c2ab269d45b112ced5b5d,2,1,1,2025-08-15,2025-08-15
4212624d5a321088b8eb2b36ec00edd831b730f0333b5e53e64d8418b90638b4,3,1,1,2026-05-29,2026-05-29
421afc84102377ce46194547ecf0d2771d37168f93660fa7f36bacdc58c1c058,2,1,1,2023-10-18,2023-10-18
421fdb16a7c27efe6cfc585101be039f1cf2009c304dd93992f878cd392bfb53,3,2,1,2025-02-22,2025-02-27
42246f01bbc3a322d3e3568523df1f21add3b0da3c6846133d54218fcb5fbaa6,2,1,1,2025-11-19,2025-11-19
4232e8bf20dd68a3ac2fbb739ba789ef3ef295a5966c542ce4c7c9c11e373d1b,4,1,1,2025-06-10,2025-06-10
424e8311826ec53fe367927ed4c154d81057ef601bddef4161cb30862b91df23,10,1,1,2024-07-19,2024-08-15
424ff62d3cedfa3ae87b49cf6db4d2d1241f0ea7020bdfb6cc7021b7478539ae,202,1,3,2026-02-19,2026-07-15
425b47b8a5a5c70d988a39495a476838d81bfdbca47d1a1a365dcab1d9bd79ff,2,1,1,2025-08-08,2025-08-08
425f6d84573aa9ce51bab99b9a6fd421db57a60e91d4b591d2f380bf5d2bb6f8,2,1,1,2024-09-02,2024-09-02
427e2e336ef8e0b5511c1f4f9018636971568d1ccfee153612e817b1d60b3a00,2,1,1,2024-01-24,2024-01-24
427f7e3c952fa77b92221268391b78e76f7a57cfd0ec94b039bae837b1a784c9,3,1,1,2024-03-31,2024-05-02
4286cdb7e8c9ec32b681c939795f533c542537de0e2c3e9f9a496048ca924d5a,15,1,1,2024-03-07,2024-03-12
42872c8f9b3ec79c4f02eb3748cd6f120b877529ccd728a9a6ba469414d66e06,2,1,1,2025-04-06,2025-04-11
42915960969846f04a346ef870a683767a148a07aacc54e4cfd99af3e41da3f3,2,1,1,2025-09-02,2025-09-02
42940dbfeaf305ccdb4a56fb745b3787e687e820fda3fd60ac8abe184ab2f359,2,1,1,2024-06-19,2024-06-19
4299bfbdb79244075aaa3ca21686119fef3a69b490b79ce2ebbcd2095d26102d,2,1,1,2026-02-26,2026-02-26
429ec390b0251c87a1eadc0c00da108d232488aff6dbbd2ee2f36568c6eb14f3,2,1,1,2025-11-19,2025-11-19
42aa59b264f4e2d77d54318926cb6f6a5ecd3959cb55f6bf4c6056b4cb7932e2,5,1,2,2025-12-04,2026-02-12
42b3d184b3b9c005a51c0eb0ed38b40b8f5698f972e2ed9489f9bcb023cf7470,2,1,1,2026-05-22,2026-05-22
42e5c00a64f999012cc4dee51133c1b6ad83410a13758299f26b42498964f9c8,3,1,1,2025-12-21,2025-12-21
42f1c450d984ae93721d05198ea9b2e31588d6125e19ca0fe6a2afcd59e7f6fb,2,1,1,2025-01-27,2025-01-27
43089e5e24bc8ad716ca813a940a559a6fc9ca865f355e7607804829fd737ea8,3,1,1,2025-09-02,2025-09-02
4318825abaac843dc683790c3054ef4f29c2d261f84dfd0055f7747b1380838f,2,1,1,2025-10-24,2025-10-24
431d12dc1337ec9395e259c071de6c054841a111895ecb5bfa77d0670fdb27e7,2,2,2,2026-02-26,2026-04-28
432b5375ba04863f96b7a79eec59a2b219125c7374937c6f37287c89280e0d71,2,1,1,2025-09-04,2025-09-04
432e0228bf5fa2e12f6039c9271059c3080889d7a2ab37d3f13db7c91c9878ef,2,1,1,2024-12-30,2024-12-30
4331a0238cdaa912aae8cec995d71e655a17e8f58eaea194ae5644a9e4fadf24,2,1,1,2025-02-18,2025-02-25
43359bc31a1ac779cbabf0788fe748a135fdb1c2dfa0ea81a6435b2929ecbaea,11,1,1,2026-02-19,2026-03-30
43498fec38e2a4680f768be3bad63e751acc80d6b52c122b9bb6c6f8bbcd282d,3,1,1,2024-02-19,2024-02-19
434faee4cebe5bc513e55358347d0cd6ee521512e7f4757a69e9deae7ec13484,3,1,1,2024-09-05,2024-09-05
4366770a2e54fd95c2133c624413bb39565ecd680f2113922dfdbc6787ac760e,2,1,1,2024-03-09,2024-03-09
437ed6b9d42fbc1569a2b1102e2cedf934d9e66f7a5e316672f0cdbb73a12b31,2,1,1,2024-02-07,2024-02-07
437ef4064b06115b8ae1c16400533da9ee1484c7369a6e168e42f0ab6eb3a204,2,2,1,2024-07-18,2024-08-21
437fd52cd0e24bd893c942947ec6b7f4d5f5a77e4a46f3e589568873bf7a3962,2,1,1,2024-09-22,2024-09-22
4384f9e7af4f0dce88e5f867a882767984472eda2f6a96c80ce184091377e51d,2,1,1,2024-09-25,2024-09-25
43899f08a782c8241b1e9f6089035b9de7d65b9945803d7a1f412ff25ca375b2,2,1,1,2025-07-24,2025-07-24
439d9c08fb046a77be1a45ac6ca637531291c58f0bb8c726840616548995aa2e,3,1,1,2024-02-05,2024-02-05
43a6ed14a31784c2b83f45fcc18298cadcf6c9b4b48be13b78a8e1c0b1cd31c0,2,1,1,2025-02-17,2025-02-17
43c06e8ec1c6539384b8712111e45519e09fc02e3d387b9b7bea8bb2936b85e3,4,1,1,2025-01-24,2025-01-24
43edb7d8cdac347ae2616836a50c5e422774d9974c251541231e0847417ea016,2,1,1,2025-09-03,2025-09-03
44052a6391f6aa8b717aee1e1b1ca60b741eed25d71443896a94b170aea1f187,2,1,1,2025-10-27,2025-10-27
4405527d9e367c15fca1e29548f1053a102a7f0f26dcaa4819197d263d90b351,2,1,1,2024-02-01,2024-02-01
4409a0edb34724ee37676295d0e06f609f27248fabaae2e8cd89805febceed6f,2,1,1,2023-10-20,2023-10-20
442e6d3432bfb0e4e3fae53add09d1ae4fada183dc320b6db502e09363cdb25e,2,1,1,2024-06-27,2024-06-27
443b187fbc3bd52d76ffd287ad62dcb8e00d836177df0590811fee62182cffe1,2,1,2,2024-11-09,2025-01-03
4446c067b91978af145dce4ef7e45282e7e5078743577ab62cf57ec9372cba7d,2,1,1,2025-08-17,2025-08-17
4450b598e83b5c323b8584ee7561692f97e8fcaec8a06f1281b2f67867997c71,15,1,1,2024-04-10,2024-04-13
4468234cd0e09bd2e15b22f46e5e54e7316b8a712e2a67dfaef47f508c6ba835,3,1,3,2024-12-18,2026-02-17
44685a30c8bf4643bd66c3b70435eecd42f2eb5ec5d9752ec88f1a3b5ecf87c1,2,1,1,2024-11-12,2024-11-12
447f4b24ef14d27becce489dc4ee4281c6f119be6e7eecde05ccc6e5d6802bae,2,1,1,2024-01-24,2024-01-24
44938b6036105adfd7e3cfa12d6516532239da1f1fc8ad5dcb0bcd12cb9ff57c,2,1,1,2025-07-23,2025-07-23
449bbf6c47b7100fc47077c9f998a1b275957051036c55e1e8aa43f6eabbf463,4,1,1,2024-04-26,2024-06-06
44a6b1732bfb735732ecee38a91fc8f0be5edfc23f6250247d086a864f0fad26,2,1,1,2025-05-27,2025-05-27
44a9787813bf409bf6c55fb77b1270ee8ac5a68ed1693c9176328ade23f481ca,3,1,1,2024-02-14,2024-02-14
44bb406a1b5d62ff9931abbc5f0326e2af67d5e96e59c6fb8da7d4a1f2bc6bb5,2,1,1,2024-10-22,2024-11-22
44f518343f12f5d6e907d3fc68ffce73707212a0b9bd360fac9ed6b63fe40841,2,1,1,2023-09-21,2023-09-21
44f54fa7f7e0c2d7eb6b3498be4b3c0d87fab95a2ff0d010cac55d11976642b8,2,1,2,2025-10-17,2026-01-21
44ff5479efb556cd8f52d90c8f9fa164e0d86afc63325925dad459c99b388556,2,1,1,2025-08-15,2025-09-26
4500d6aae1af488a7bd5f491dcf1c976dc5e58b661c1f6faaa6b6d1955c04cbb,2,1,1,2025-08-05,2025-08-05
451254dc80f17038f4f5831c551b4863e480df354e71fe9d683cbb369bfa5549,14,1,3,2024-05-10,2025-01-08
4516a80857d1b61e4cc967c4bf4231c58860a0d87384682e9c7f2f424447eac4,2,1,1,2026-03-02,2026-03-02
4527ce6853a74a8adc5bf13e31c423ad563ff608c85b0763c68e8333f33a6758,3,1,1,2023-12-19,2023-12-19
453177b57c8aa34f9f6b7e2ba40482986ab8fbed070f8f948db5b09cd71449e9,2,1,1,2025-05-30,2025-05-30
45357499cfe255a0e8850c2c2f25592f560cd2f8a5fa4ed942e5b17d0102922e,2,1,1,2024-12-19,2024-12-20
4545cd4f3dffe4a2c6e279771714ad3a7fd9a7f99a4aa74f3ff2f675837dab3e,2,1,1,2025-05-12,2025-05-27
4549e0dedae9f5f3771031ee9caac4f85935ce4759d939723b8e61f72f8be37f,5,1,2,2024-12-09,2025-01-05
454ef207d22badbaa3e15ca4bfff48bf9a018daf907474774da885161884c39d,3,1,1,2024-11-28,2024-11-28
4554453ab6c0b23565360ff1114ea17873525847a5a887f44543a34b1519c780,2,1,1,2026-04-21,2026-04-21
455813ad7f9f9111dd7c3fa76152fd29d2dd1abbf3bc13cd364a1e16facf02ab,4,1,2,2026-02-19,2026-06-12
455b59187a6c4779f614c68ffb4be8ede24182cefed3809392ce3509f15e1471,3,1,1,2025-04-16,2025-04-16
45622027243ce2e9bbae2b2b51090c8101881925bb630e70b6e350d8bce24a37,2,1,2,2025-09-10,2025-10-06
4563a50c02ca6df0f14a875f6ca98c77e35f05a025666d802f2fb9f721bffe6e,5,1,1,2024-12-23,2024-12-28
456d5f280fa6f424f3c27fde09414cae0d1d48b77f8db7c064311b9be21b020b,10,1,1,2024-03-11,2024-04-01
457e9b742fa22d7e5efddb7c20bb82b201a5225f8a6a4abb711ca40568e5188e,2,1,1,2024-02-13,2024-02-13
457eccd2a8a5153821cd10f5bc937b3b950917d1d2031761393d766c698b9f0c,3,1,2,2024-07-13,2024-10-12
45890b71ca54f02fc4bd0496eff06ba166be1dd12d5b70b8bf13b81d18eb6957,2,1,1,2024-04-08,2024-04-08
458cca62f523e8f1b937e99e07a1486bdd324848562c6cb27a12322355ec91c7,2,1,1,2026-04-14,2026-04-14
4599b52fdc1099abdf265a46cdb39411e459a3e8cac43ca7206cd516a1ca573a,2,1,1,2024-02-16,2024-02-16
459ab76e6a46dee65ebae7256b75ff4f9e3a7a2989916a9327634c332f1911ec,4,1,1,2024-03-08,2024-03-09
45abf517384069bcb84462c1438bbc4befa11c0e4a4ebec5ea81f3d5756e4d6b,2,1,1,2024-01-24,2024-01-24
45e69d8629befdb921ff3124070b67d584d3a169e13cedacfc7e403ef57d3f66,2,1,1,2025-09-24,2025-09-24
45eb8d44382b53a38aa9c434fc55d00ddad6c1a271aa5b07723e085e7baba045,6,1,1,2026-05-05,2026-05-05
45f67d2f1a66b9025ba218e11f96c48bc74270aa794d60c23651ff90db5037f1,2,1,1,2025-07-24,2025-07-24
45f87c15884cb79a18ce60f474b37949db1807a5c1dd470397e11bd47502239f,2,1,1,2025-12-31,2025-12-31
46051ac17193406fec8fcdabd3b500a87916fe360d664449a2ff760f82376d54,2,1,1,2025-03-05,2025-03-05
46110816e1f3061f572e40c51699dfc81bdf697ad67ff9a7a4208429e69ca6e6,2,1,1,2025-09-04,2025-09-04
46183e763c36bb04d5ffea7dd7663818a4f5e7186921440a79a4b5c8a80bf821,3,1,1,2024-01-22,2024-01-22
461b0e34cd72888d094b64b79a99a9f6cec44b6f9891819f725f6406997feab8,9,1,2,2025-08-18,2025-12-09
4624f9771a8ca8296f6ab65c52b6007dfa06342d773d953cea80ff182aef7a9e,2,1,1,2025-06-11,2025-06-11
462b06f9d86fdae2620e7d7d69116cd8e50f8bd8d3b3de2007bbe8b0057d8bfe,2,1,1,2025-06-17,2025-06-17
46310c44f096a80ed88b1deb44bd9917e3b78f5b3f2ba5e22e0e3e38f9456cd4,6,1,1,2024-04-18,2024-05-28
4631b21d7011b7e394f9e9942e6c54ab673e44d94ad1b38c943501bd8864be5f,2,1,1,2024-06-08,2024-06-08
46644ee6c4672054d6229894856d68f6ef925116bed1f9b8e517a481b421ab78,2,1,1,2024-12-19,2024-12-19
46686cded7a887aff228e15a4536ac71c28a3eb31c24c7dbf728f21efb146afd,2,1,2,2025-01-21,2025-05-27
466b69c79946713788a01fe8211a56485ae4a15ac55e1176f27bf416ba25c361,2,1,1,2025-04-01,2025-04-01
46719092b2ad421982d7e45dbc8082c95f8adcd336b3adf215c880ba6da16db3,2,1,1,2025-08-12,2025-09-02
4687904ba2fa021a4b0c676603ed2b0d5bd1e9555b920e12cf81e8a998de43dd,3,1,1,2026-02-17,2026-03-24
468c046962522ce6668b894f8747a164ab1b248b33f3af35c3db5a49330dbf70,3,2,1,2024-02-07,2024-02-07
468d6d63529b38ffc4848512c52758bfb3331930b5c2c9704afa6389946b94cb,8,1,1,2025-07-26,2025-07-29
46a016da2cb4b94928e8be4f44db81d326cc976a9eeff45465bbddaf7dcf94bd,2,1,1,2025-11-05,2025-11-05
46adbb9778aa3d92dddcc18387ebdf7b23b7245fb835af0e3251f1a5f0e8416c,29,1,1,2025-12-03,2025-12-26
46b2238ce789915c38c70f06479f7a4f1d9f77f92cd58673cbfba3e575230b30,2,1,2,2025-11-26,2026-03-30
46b7764a4ecbba0207dcf6ed4bc1039cfe622d33a67946994d604b0b17b00bcf,2,1,1,2026-06-24,2026-06-24
46ba6fbb6f562899c90a12297a3bb013bd8b23fd5c86a79292f490d910ae6ec5,2,1,1,2025-11-07,2025-11-07
46c5940a5309580bc712d44b83362a83297b166ce714e509b3fcf799eb71586e,3,1,1,2025-07-03,2025-07-18
46d4dc45e6150d24be97e286bb08f5ca1275ac51d0f3b7e8e61a87743252c8d2,3,1,1,2025-01-04,2025-01-04
46e59e274e8754bfcc11889dcb54ccd200b66152ed9ecc7282a03e23143a9152,2,1,1,2025-11-10,2025-11-10
46f806d1167aa1bc96afc2baa06f5ac6837d2893f40011f847196fd35d3909de,2,1,1,2023-12-11,2023-12-11
471b414fb8cd5431751425fad3587861acf677c4723a8b2acae98e4ff1c5ef83,2,1,1,2024-02-26,2024-02-26
471c43d3a0dd38019e093b8d65d57852f95104593875f514531f892b7408536a,2,1,1,2024-02-29,2024-02-29
4740038e1bdbfdbbb2ad09dce94482374a692fe0ff1535b8a57f80d4979bdb27,2,1,1,2024-12-17,2024-12-17
47484595f0fded314794c6326e1796ed413834b6165582ce87a40039c284637c,2,1,1,2025-04-04,2025-05-14
47491fbc7f2f1f7a828bfe1a18a7c68add9ade22f700f24ef330697a69cebb8a,2,1,1,2024-10-23,2024-10-23
47531b659e4db2a0de442548737253b4de700c3dc00ba880f51ef7b0648a8abe,2,1,1,2025-05-28,2025-05-28
47571e1ea19514126059f5755871b3bfade606d14a9481f71a13be9e37ad1056,6,1,1,2025-09-23,2025-09-23
475b9776e9834cdd8653de24a23737257542d049c2eb122db3d83598000ec525,5,1,1,2024-03-19,2024-04-03
475ea380ab2bdf81db2e3f75b56b79e297e46e527c6c390b17308f9ea86a24ab,2,1,1,2024-11-08,2024-11-08
476081399739dc32b32b4f687fd5fb6a5bf905cab22b7c0fd65068876ac6a9b0,3,1,1,2025-02-13,2025-02-23
476b72cb6788d961ab134a9c0f6c12d52f8d0076bca9d737ed0f43081c060b57,3,1,1,2025-10-27,2025-10-27
4771f53b57a6708b7a2e248a8536774ea5cf397ce512d1a1c32b9e266389ecb4,2,1,1,2025-07-17,2025-07-17
477bdd6bf9a9979a0e5b046e8d9a2403495c49e37b0ae415182a3be065c16406,6,1,1,2024-03-11,2024-03-12
4797b28cbf33e137aeaca42618138c194f60f518b95dae4d21325689c76a0fb3,2,1,1,2025-11-21,2025-11-21
47a08cfa118ea6b1880aa311110993b2685451a5646a48f7fc4e5caca6207578,4,1,1,2026-05-28,2026-05-28
47af9597d92bc346de62eb98f2995520ef8d0e6dfd0004caa2a2ef3a912f38be,1691,1,3,2024-10-21,2025-06-20
47b2733c3f2fb5dd771048679b758a3aa1e3500d19f5e3c7698b15209ebd1314,2,1,1,2025-08-09,2025-08-09
47bd6290afc1ac2b241068316a9893910636464a073403c7f7f893f62db30f9b,3,1,1,2026-01-21,2026-01-21
47c0bdd32435e4cfda74e8c390c4b4c962211c1bbcc36f39b59569bd9a92cb53,2,1,1,2024-02-26,2024-02-26
47d13bc27473be45ad28f6d8183e80bd8758f741dca72d679f9c388b8158486a,2,1,1,2026-03-11,2026-03-18
47f122913958482f624cb315f00af28443586a36f390150bc49a16fd679da966,3,1,1,2026-04-02,2026-06-03
47ff91a44adee56c980e7203c42f60839f2925500358d09f378c98c4524f6208,3,1,1,2025-07-31,2025-08-06
4811cffd7ecd181ad62e321f9e6b1e3c4bce4fb6bf0ae64e18440801b70284b3,2,1,1,2024-05-26,2024-05-26
4815683b5768a62fc01b38a440375c218eacd9029cd64d0c73f972b7050a33e4,2,1,1,2025-11-24,2025-11-24
481a017b9f951d29580dd6aa934fca4018c53e65d96b35adae29fd5fca6e6b6a,3,1,1,2024-01-04,2024-01-24
4840ef88ba8ee4287fabf58e5ce1c6437e31001116f84b5ac0d66341daa4f76f,2,1,1,2025-05-17,2025-05-17
4842f4569f594668bfbe17da6528857f0742ffab4fb526565e19623c477ef786,2,1,1,2024-03-05,2024-03-05
485534c9e31994f390ce1076792aa942a3a483c38aac54d46b7e1069b4c5ad29,2,1,1,2025-07-31,2025-07-31
485f043a14f24b69b7707fa30a0d44a7dd8a4a28be87aabc09870f416431bfa6,2,1,1,2024-03-06,2024-03-06
487735816b5dc94ce1563e7be3876c45f1dafd5cc080f6c766cf434ef55d71d0,3,1,1,2025-08-08,2025-08-11
48953d4745eac9cfb6a15814a9e616a046467d44df5350a40f8760ad8beb2718,2,1,1,2025-10-27,2025-10-27
489822895c32a1012bf3e975f46d4dffe04fd5af526c24c680d11885e8c4e4dd,2,1,1,2025-11-16,2025-11-16
489cf4430ea723775cec0c6d1b54cfa074584f082b16436f935fe6599eca7d0d,2,1,1,2026-04-21,2026-04-21
489ff43029a387c7337651f52353f1038993265d7bdd4c01d3416655b13ec0a0,2,1,1,2025-09-16,2025-09-16
48a1807b9b98f9a6283fd411602174ed10f52b00c0236431f7dcc1c3ff79bb51,2,1,1,2024-04-29,2024-04-29
48a508fe3e4f3c7ebe736142c3bb01bf45937485c7bc8451f010d3cf367e3bdf,2,1,1,2026-02-03,2026-02-20
48b8b5d7beb4c75dd36d47b389f2a7689097171b480847cbec10f1121da2873d,5,1,1,2026-01-14,2026-03-10
48bd5e62ab59131acb0f3cb56e04e454ef7b6d909bbdcf1740646a737f811c08,2,1,1,2025-02-18,2025-02-18
48c481572f7f4ccea54fb4c298368c34ee0b04831795a057b82c600035c197d2,2,1,1,2025-09-06,2025-09-06
48f60fabd4eb667c1f293a93ef92eba1eb501521a8b20fa1c0a629b0efabbf4a,2,1,1,2025-12-02,2025-12-02
490792b110e607c9fae8131996184aab6134ee81e57b690a103cd5eb1927a579,2,1,1,2025-01-21,2025-01-21
4910457dd33e546d9dd132c529fcf684bd9cc35abe54fe58e9ec1bac75d4187c,2,1,1,2023-12-19,2023-12-19
4912e72582038049f91b239c2f0970097d660d4815bdbe1c8e3d4ed0bf2d6d0a,2,1,1,2025-09-12,2025-09-12
49142daae8ced86c7766b585ecf6de5cb03880be2c96946e3ab327842f2ec38c,2,1,1,2024-08-25,2024-08-25
49147321e0ed9e820baeef177d2d73189b1248366b5902176bc0be764eec81cd,2,1,2,2025-06-27,2025-07-02
49361c9eaa173127232247ddbc9353f5628e69dfdc6beac1a2286ed247f6cc9e,2,1,1,2026-02-05,2026-02-05
494cb48455665c20c984d25ec48e4514691f0a2d05cbc755d7ca4f92f94167fa,10,1,2,2024-07-26,2024-11-14
49815fae54906b76e33d38d98a4351ffa4b67f1f0e761119fd8d2d71f03d82f5,2,1,1,2023-09-27,2023-09-27
498ab3ac59e8863e6f2a744ffe89bc0f287758e345516e27c1ff5a1593382e8c,2,1,1,2025-01-28,2025-01-30
498b3abf2f1686091ef5e10c6c2d84f56d7396a7da24b7a7cd1f60684399a618,4,1,1,2026-03-08,2026-03-08
49944a0b2165a6b0c707534442fe7930a90d982125deae509f7f82bb15682b28,2,1,1,2025-06-29,2025-06-29
49a5955adcedc8397ad2e036475da00b10ebdef800abd278970e6f2ed32b583c,3,1,1,2023-09-01,2023-09-08
49a7749fcfe90e563a5b8f582a0282bebfd1b419e40f3fbce07cc0fde25f6328,2,1,1,2024-05-17,2024-05-24
49cd60e0ab9523ca9bcb03326c36a49d053a06f2a47b771a99b0ce06dba33011,2,1,1,2025-08-25,2025-08-25
49cedb4d20bda500282b42fba1059eab2ee5e24e35b5e71d71f08c404d991433,4,1,1,2026-05-18,2026-05-19
49d301d10ed90493b90acc95fbdc1ed4943fd68e0a55ffb1fbee7e62a0f1beeb,5,1,1,2025-05-23,2025-05-23
49d8a0f9f64ba7224aa46e3a1f525b9ed14d59c3227dc2702fb16ff8da3c5245,13,1,2,2025-10-30,2026-02-05
49ea1b627974b479d7dfa473535d6203faabbcba0d10698c656ed9c9eff73722,2,1,1,2026-03-09,2026-03-12
49f8673e31fbf8842fadf7c83335e5581198df1777fd3298d17a78c88bf70ed2,2,1,1,2025-05-03,2025-05-03
4a0a8e91ee6f57a06cf940caa580606c7fe5229bd4486c7cf5f393cd4c96447f,2,1,1,2025-06-16,2025-06-16
4a11242e52256b826754bacee50fee9c212333722b3487cc48b9a6607dc60027,2,1,1,2024-06-28,2024-06-28
4a1604c1217241c6dff42770171a92374b81469f06ca2248de2413cdc1d2cc01,2,1,1,2025-06-28,2025-06-28
4a1d74e625fd033893aa569724631ce64bccf029102a618cedc53fef8e226849,2,1,1,2024-09-16,2024-09-16
4a22eccd48f40694381954d3eee86cbd1506b36b7947cce53c30dd6fcab3c6a1,2,1,1,2025-04-10,2025-04-10
4a35f1cac3249732bef70a9b3b1d31559b8ee73426b9c11012175906d4b19860,3,1,1,2026-02-23,2026-03-03
4a4cbbe7f76a78d308398f3c3acbc0c224f96187c94c4d9cd1dcbecb894221fc,2,1,1,2024-05-17,2024-05-17
4a4dfd1d16025ba1f0b92bd0cc36bf2fb5c57ad107f8132c63bab45092801488,2,1,1,2025-02-19,2025-02-19
4a52a04579c8f6dae41c2decad977516bd03a091f45e338fdc951a1145bcfc7f,2,1,1,2024-07-21,2024-07-21
4a5ad81c0f4cda78de3e760d00f3b52142c56c8f477d43278c4880fe2dc52095,2,1,1,2025-08-13,2025-08-13
4a634aad411d7e20fa7c1f12681fae0fdfb4f7029373b421078222ce39a08bb7,5,1,1,2025-11-13,2025-11-13
4a6675576c13aef3923e6d4701a72bd22d583c262e4759d35b9c3ed3f4f528cd,2,1,1,2026-05-28,2026-05-28
4a68e2724319cf17f44d7096783a167dbb77882f26b38a58ebe53bac977045f0,2,1,1,2023-12-03,2023-12-03
4a73b226a5db88aa6226a84174ef0e04a9ba41dcc3bfa5257acea2422f03da87,6,1,3,2025-07-29,2026-03-03
4a76171f24b6f2078b5f9221555b8dbc7886afbe2e5097d864ba2fef9a34bb11,2,1,1,2026-07-26,2026-07-26
4a7e4a175d115b871a80aaab43e876f866112e04ca917395882b87b84a5ba5a8,2,1,1,2025-09-18,2025-09-18
4a860b581cc7824712770a4ec2541df3c2b478eba764d5eed279de65d4af6561,2,1,1,2025-10-07,2025-10-07
4a901c4c1ed5a7ad9e208ce5cd29f78cc5350bec87827fd986b9fe66906018a0,2,1,1,2025-02-14,2025-02-14
4a92bc75bf81bb31c59859ccc8efe591b142c4420e09311896cd370e5862d675,2,1,1,2024-01-03,2024-01-03
4a95dccd542720fb029eb3a98279b0ee1506d374e4d2f9a819ffb6a321f66ee1,2,1,1,2025-06-19,2025-06-19
4a9ccde1514e34d745073bbc3052f206e7ad2b18cb8dabae24f967eaf5d48f83,2,1,1,2024-02-19,2024-02-19
4aaaad6552b03dccd004a387fe67b9be60dc42e289113ea7c86b36fc562d2670,2,1,1,2025-01-21,2025-01-21
4abe41e7860d4553cc5181a0f2fee569a4455236529a8cc360373ceef3339433,2,1,1,2025-11-04,2025-11-04
4add29df2d3067ee9fc3327ba01bd5ac3280ad262cdd3eee1b61b7d385b566af,2,1,2,2026-06-30,2026-07-08
4aed78cef71774a5de6daef2918bfc91b4a7cca5672033829efc46391afade3b,13,1,1,2025-08-25,2025-09-18
4af014e62f2e2c7c9147c8cf0402956c3bcc756e82c1c57c5beab5b9facede7c,2,1,1,2025-11-12,2025-11-12
4af0c3b0b092a2fdf40792ba3057de168e230bc0afdd245a5f92d54d2f9d39d6,2,1,1,2025-08-15,2025-08-15
4aff2a89b94d862494f5ae09d1548bf9d272f745495ef1696aa66ebe17dfc5f5,2,1,1,2024-12-25,2024-12-25
4b27c4fb6ecacb9b2f0a32efb914dc63db9d3687a56acd7b9d68ac75b619b03b,121,1,2,2026-04-21,2026-07-07
4b2ef0928196daec2ea0592bef329b9fff4a96d2f1a26317205bf8390ca5cbc2,2,1,1,2025-09-22,2025-09-22
4b34b44416dbf14fd45fe35ea728ae1ba3684ae59dd1131ae08d010763fe1073,2,1,1,2025-08-19,2025-08-19
4b3c1233dcabaadafe26fddc20eca4720b468715b93bc0436c6dd8c42108a3eb,2,1,1,2025-05-07,2025-05-07
4b4b1e4ed9b80553b4aefd63d2c5bbd3073bd09edbbbec2a3d53c823697ba003,2,1,1,2024-11-13,2024-11-13
4b5884be7a729202d871f83684df5bc6f202d32fb60e6600919d429357654a84,2,1,1,2025-04-04,2025-04-04
4b59e8ab93101aecba7a890c1a4d55e7f36feb4219a00c2947781e798d826b97,5,1,1,2024-11-24,2024-11-28
4b5a8f8e32565f0b14753b23472edb07305d575d48525895d8b201547f0dcb30,2,1,1,2025-09-19,2025-09-19
4b5d3e34705eeefa191ad1e148a80cae7c146673adac3613de579b0326975e82,2,1,1,2026-03-25,2026-03-26
4b5f51c973a53daba5a799e8b7f4b8b4f2b469ab3446d86fb4be29c8bc13a109,2,1,1,2026-04-22,2026-04-22
4b840539d517a761c398b66621e1e98ed6c0b90415ebcf0c1b8229ae514d95ee,2,1,1,2026-03-16,2026-03-16
4b8b4b63b46380d7b64e339e1a021ee6761ed8923eb6c754aeced966b5ad409b,2,1,1,2025-11-12,2025-11-12
4b8da16792d8c0da32b206282ee010d57b08578f4649b9b8b974a4a863aa2a51,80,1,1,2024-03-28,2024-04-05
4b9f82e057a6fc88fdd522f4c7d18654d1ae45f6da277f158e593bb54bddd580,2,1,2,2024-10-30,2025-02-06
4ba5a9f4f542dcce1f2616e2fdd63367e6b29db7a0a64c81cc038abf0a2db44f,2,1,1,2025-04-01,2025-04-01
4ba7f2f0c3445fed4e0691ce74a814e4b16d99af2a8e800fab7a53dad128cfe9,2,1,1,2025-07-04,2025-07-04
4baf3de15d102bdf52c29b96a99ae5e4d16459af2f882580e71833fc8d5da8de,5,1,2,2025-07-25,2025-12-16
4bb2c8b6f97401019053d7488f6bfd208d43b30e0d68a0e60c208bf9d34ff33f,3,1,2,2025-12-08,2026-03-04
4bb8c27110eab538a58eed28e18ab347b94cf01d83e6e1bf235bd59b80e7c58e,2,1,1,2025-12-02,2025-12-02
4bbca51cfd981e0c4fcdeb66b92f203f1475f8cfa1ba07cb062635ae04d25568,2,1,1,2024-08-28,2024-08-28
4bc7f65cee54e52c0d1668bb10d099697ffb3e786635e938356f51ded08808f9,2,1,1,2026-02-02,2026-02-10
4bcc46878d1c6d508890255f6a4df2167e575648f9dd066a8ee681898c80d03b,2,1,1,2025-04-29,2025-04-29
4bd6daec33702d78bdf150434709fbcb875f62d49ae7e3dbb6a3615144d714a5,3,1,1,2024-07-16,2024-07-16
4be60847667451c0978f00d08aa4bf0c1e81b97b78715c92f3ddd3be09946abd,2,1,2,2025-09-27,2026-03-06
4be9bf1a427849dcd5fe29245b9dcc6a492bab05005b9012641b75d528c0f72d,2,1,1,2026-02-24,2026-02-24
4bfc4f84b8d92c2cf032e7d337ca2f3cf4b446ca04878e0ff4d64470378a84f8,2,1,1,2025-08-21,2025-09-11
4bfc639764929f32b7d829c6ce42f6232c69b0c8f7bda4a816a5397efcb1b392,3,1,1,2025-09-23,2025-09-23
4c0381dfb69601244c8cc52b188d5135e1cb44c01b65f2d71223549330c8f619,2,1,1,2026-04-28,2026-04-28
4c10423825ca46231a9b8e65ca88e99d003e89d04cc366db35caba346ec9d0a9,2,1,1,2025-09-27,2025-09-27
4c147ddab4ee02e78f3d92789cb7ea1ce3b3b1916631c17e2a2e779e935dc162,2,1,1,2025-04-20,2025-04-20
4c28646565d30f3f7b5cf034dc12db30c1e7f2281e650b6dd593c8dd82878f71,2,1,1,2026-05-18,2026-05-19
4c2a71200a096c14696acc2da9e4988eb4cbd3469af72f2d05b1165dee80d7ac,2,1,1,2024-02-20,2024-02-20
4c4a1442d016fcfe2982db49a69d393fa52cbf1b47f11b2fefbcce986e9ad555,2,1,1,2025-10-31,2025-10-31
4c4e313c31cf1de933a87c44b5c38c359b5237f8536c973c058db055f6e03836,2,1,1,2025-04-01,2025-04-01
4c87e3f9e0b8e5686f6f26af42408d13980c9668690af9a01aacf82866b36a1d,3,1,1,2026-06-25,2026-06-25
4c97287fb7100ce3add32c960ce83e9a732393b9cc464733e74f884bfced82ab,4,2,1,2023-09-01,2023-09-07
4c9d58e00467d6c2999679e924280c6c8d5f5f6613c8cdbaef4d1f042211e5c5,2,1,1,2026-01-07,2026-01-07
4ca0b5c1d0758f9c7c853efae568f92e44a6a31e1653ec72d95865784c8ba4c7,4,1,2,2025-08-12,2025-11-14
4ca2dc307e868b6eb8872e1eab688d27824672d703425d2bb8575097f4113966,2,1,1,2025-01-12,2025-01-12
4ca5a8ac74c5f84fe2008fb7ac1d8183954bd9fbb3e48bc6e412437156729141,2,1,1,2024-04-14,2024-04-14
4ca6c624fa8bf5694f3c8a5f1f01540cef37628b2bbe3065b022a086082d7562,10,1,1,2025-04-08,2025-05-15
4cb1e16d363cb80fd03c7795bb903efb39a4a4d74052ec2714c6ae4824b59744,2,1,1,2024-04-07,2024-04-07
4cc7d46d40b7d25dcf1829cffbc8ca727e0cfd84d3725f647f6d244b5e57a2ac,43,1,2,2025-03-28,2025-05-09
4cd75ab24934d0642f93fd12ae0ad7cbfae7f97556d851e1633c56131c0ece0f,2,1,1,2025-11-05,2025-11-05
4cd956bc7f597ce5859e48321a18870b2b3724c6de79476bf62fa5889f06a26d,3,1,1,2024-03-26,2024-03-26
4cdee48515324865623f37f88edb62350655694c50b65db2d35e92f5781cfb95,2,1,1,2024-03-11,2024-03-11
4ce5775ece22a3dbc61651cba7da6ed012ac2f3741860e9d8f16078210a2750f,2,1,1,2024-08-12,2024-08-12
4ce7821d549f7563aa364a9fdf712753b0a6656d60da87f8afebc06656d96a79,6,1,4,2025-06-20,2026-02-03
4ce7ead9a74fc5aba47a3fb96b3d6f765f9ec84960a6fb5cd89624d590d7e207,3,1,1,2025-09-24,2025-09-24
4cedcba1328ff91eb8b362af5c38947f2486b002df51e2a146fd4573407ac13d,3,1,1,2026-03-08,2026-03-08
4cf62a9d640e7f09e87d5c82b19fe75b2472d9983e25521266a12f4fce16af97,2,1,1,2024-08-01,2024-08-01
4cfc65cacf891308d5f1f42a48654385edb1600dfbd533fb9c2eb8f82af32ced,2,2,1,2023-10-04,2023-10-04
4d0f56ba5954c1bbf7413ba076055d0beb6456122bee97b74eaf3df50fb563ce,2,1,1,2025-09-05,2025-09-05
4d0fca3c1c17e42785be1b717f8f3586a56e2f78a131404741c1ce0ae1ace5ac,4,1,2,2025-09-25,2025-10-17
4d437d90d92f4564c101f3d380254ddddd19de3c3347bc02270599c181bd2134,3,1,1,2024-01-04,2024-01-04
4d44d3db998846d5e4b979a3c7ad4ebb366f2ad3f29c1af0d351dcc6b8ff531e,19,1,1,2024-03-07,2024-05-02
4d524fb27f6ca8caae336b72c95f3ad92f17ab2e7bbe2fed48b468fd184a2269,3,1,1,2025-02-01,2025-02-01
4d6413ef9bc25cd8f23c0a5671fcc95b050a39d81c6a9c4e04a23855908e91ba,2,1,1,2025-01-24,2025-01-24
4d6a93b549d5045d0af6192c4bf2bbcf17f9076b865711c7e1f15eb53b3f7a9b,2,1,1,2026-06-01,2026-06-01
4d792ddb7fc2b9a649e83b0efe2ec568f1bde4be62fced6e101b4b766be8eca0,2,1,1,2024-02-08,2024-02-08
4d8258354be6dae12fdecb3692eba07500029146b0a946dadc30e1545aaf1426,2,1,1,2024-07-26,2024-07-26
4d826b66bcfba56fca2a5368833cd25b52c655b2c3058af5b2a7d4f5abfdbafb,2,1,1,2025-04-22,2025-04-22
4d8d3e932bde09a65fdde04474089c2074837b24b6bb6fedc6dc8f1c4436f2f9,2,1,1,2024-01-10,2024-01-10
4dc916f63df5c8302c089b331725571323235ecdc78a5bf2ed3606dc02975449,2,1,1,2023-10-05,2023-10-05
4dd533a2592a24c09c0c48b362155c86daed3585f0dc394228210647d538c4b1,10,1,4,2024-08-02,2025-10-31
4de5e0611d3a5682910cd61dbb2c55c3db9e0a5a0d81ddc3b002c3a64064a1bd,30,1,4,2025-07-01,2026-05-18
4dfe2e66c9b6d65e3b1d34ac4d736ad5ebeb5be909909254bb469bda160a1b4b,2,1,1,2024-05-17,2024-05-17
4e26ee7182769bec36f14e4d20471a8624127f2f10eccea7f1d21b0a55373a9a,283,1,2,2026-05-31,2026-07-06
4e2f42dee9d9c7551599bb1e31f655975e74816553db75c529c98b7799f0182b,2,1,1,2025-01-14,2025-01-14
4e35021aafdbf2d3032a74c839ab7f7b9468f46348d5e89a7b330ac2b8282511,2,1,1,2024-02-18,2024-02-18
4e5b8189a0d761611390f0c27a5c2293ce5ba956dbfbfb03e5ca6cafda3f6c05,2,1,1,2025-10-13,2025-10-13
4e74c4f7860a4237e2d6b54de98e3e8fc0a31cc6238028ddc329f45d0e81d90d,2,1,1,2026-03-04,2026-03-10
4e785c02701335113574e905d3348c1c86f033ceab92c473b3595e8fb41239b6,2,1,1,2025-01-12,2025-01-12
4e8f8e23ebb5091d108d6789383e764ab961ca2c33c1b3ce5e401cf63047f833,2,1,1,2024-05-07,2024-05-07
4e9ebe4725f35529aac0831d3c88e8d89e7c86fc40dd836f941716b73380b9d4,3,1,1,2024-05-08,2024-05-08
4ea79dbc7fcb6de4318a47fad9c3ef40284bc7b39e3abfc2c952933d4d4a8148,3,1,1,2024-03-08,2024-03-08
4eaa8ff24b14f80e6e5f09ffe28b5374b2014589a3ecdf96400d8e5b798eac64,2,1,2,2026-02-20,2026-06-09
4ebe811325e3592a2c3b745121b17da84d8455ba393004b99365dc1aec0ae494,2,1,1,2024-12-30,2024-12-30
4ed4b6f2559383934330d477cd07dcd2e4d3dd0d98cfb4e31b2c4558c83c31ba,2,1,1,2025-09-02,2025-09-02
4eddbbe912d9ac56e6aa6dfc0f90355580c45741eea2894ef6d5c3f7e0a9545d,2,1,1,2025-09-22,2025-09-22
4ee194adb0d55d3c5d2f3dccf7b2e17c20bb3e6f7380bb45db82f8f9ed125ff2,3,1,1,2023-12-20,2023-12-20
4eff5f96120baf55d836f64b4893760325567cbea9b494fda1c3c5b8ea59c236,2,1,1,2026-05-25,2026-05-25
4f0e8078556b286098490ebffe968d08bfb41c86f29fccbe02067b16ff79b3ec,5,1,1,2025-05-12,2025-05-30
4f191e3fc59fc4fa2b944540249a9c10121b7111587df024933ec98c95f7d6c4,2,1,1,2024-11-12,2024-11-12
4f3d32cb78d7ce0b3ef29f51d61d496795a619d847e7598322f319253f46417d,2,1,2,2025-06-18,2025-08-21
4f5513e3012e563c5f43e4c82b6e01be3bce5d45d598ad9dcc40a36e7d127c1b,2,1,1,2025-04-17,2025-04-17
4f562cf671ea52fba5d108eb8be35f1241aad74a4691fd09b33f266814ebd0a2,2,1,1,2025-05-08,2025-05-08
4f5e527dc3b6d92fa56d3ed48bf7918443099ed50cf50864c197d413e4d04cde,3,1,1,2026-03-09,2026-03-26
4f6356fdb17ac0c5765828b6bc5f995842b88d0cdf4b5e23a4bba71123e3402c,2,1,1,2024-07-13,2024-07-13
4f699983aebc8ba45e8651f7e81f71d1f7d4aed0cade4c8b8529345b33961d99,4,1,2,2026-02-03,2026-04-13
4f6fb0189c1361791aef44d494672ad8c4e372c51ec948f43c8e5dc2e10e91eb,2,1,1,2024-01-31,2024-01-31
4f7fc0918625fb6046d1c84080db23da444866e06dcd35a72147206335474c17,2,1,1,2024-03-27,2024-03-27
4f85d0c48f4d2dca0872558a06717226401a3f8793542e05e8fc8310d61e7c84,2,1,1,2025-08-12,2025-08-12
4f98020bcbff3d781a2fca00fd374193bd9b6ded97b86c29b4d10fe637b34e70,2,1,1,2025-09-18,2025-09-18
4fcca605cce7fa2eb86be9e49badb6d189da9cadfe9414ff735b8d82f430ccda,3,1,1,2025-04-26,2025-04-26
4fcdaf8e24764342667012bfef5241a510c932ccd62f50f49d8403b9e229aca1,2,1,1,2024-11-06,2024-11-13
4fceb90b61a7c6fb5276f7ff2e674077a0ce492100e49500ce173c0dd0ecb62e,2,1,1,2024-03-12,2024-03-12
4fd05cc6d946813a6f8594b961982c783d6a6d22302e69d756cb0f6f2e68eeaf,29,5,2,2023-11-27,2024-08-22
4ffc841407b439ae2d7da90bc5c871cbb6aa332c5fa12928ec7317ab16f57945,2,1,1,2025-11-06,2025-11-06
5001dbd097c866350d950ac9017d006ac74b3af760e726686b94e5af2fe4f183,19,1,4,2025-06-19,2026-03-03
500b866173107acd4d9a924b368a36cf0a7d05c47cf1fafb87a7315152d02f19,3,1,1,2025-03-24,2025-03-24
501f106d68928dd9a7d82283b05dd97da41f2402ebfeff6ebb5d61b1c2ca86a2,2,1,1,2024-03-20,2024-03-21
5027e77719618de6e7cc82c5c124ec0690e505e602524cb529b1eecd62552a0d,7,1,1,2025-08-02,2025-08-07
50335686c9ec6ba0b4b68d1ce90cfc307cc9c8a7ddd980dcad89b2354a83b64c,2,1,1,2026-05-21,2026-05-21
5036e5b64a2381dcdc547efade4912da6d001c9b110654768fc540794eb9d728,2,1,1,2025-10-02,2025-10-02
5049f88aafa358308ea5d680e54e4b9aa3881848060cf5d576af96dd27e5012f,2,1,1,2025-03-09,2025-03-10
504a94432ce696baf9c9c3664100d66ef17053132a79a8a3967e3446ec6dedf3,2,1,1,2025-03-13,2025-03-13
5057e682ff0fec531090b0cb43f647ecaad53b0444ea75d952593f7d1eb6ccb9,2,1,1,2024-12-19,2024-12-19
5060055f014cdf6a3ab5e8508c6f3980d3f55a9efe6a6790ebe6fef806564ff4,2,1,1,2024-10-27,2024-10-27
50606c163a516d5eab45a39e8fe242270b8e6b8c97bcc4b26c7754038e91f407,2,1,1,2026-01-03,2026-01-06
506af2a667bf885fe37e79816cede03a48d4dcf9aed13580297e153875b7cbd2,2,1,1,2025-05-04,2025-05-04
5076397796b6ccd3f653fc4e85027e685061a8c826ce4abda09c68c548b6d98f,3,1,2,2025-09-03,2026-02-09
5084bbe288d78f1c3b8565ea5d1a0b85128c0d890d9d69583ec0285759559e59,2,1,1,2025-10-03,2025-10-03
508551734fe48661b5a1b00dc75b4ee155bc7aabf02e924999ecc130befa281f,3,1,1,2025-04-16,2025-04-16
509a54aec51ec4ea66c96f737c24d5dc8f74c235d2f4882af7ed55b80b8e56e2,2,1,1,2024-07-21,2024-07-21
50a83479bd9f135ebecd9a71db2d9a0594ef133744f59966f6609def3c77f401,2,1,1,2024-07-05,2024-07-05
50a9b577ea72661c56e0d4bb80a09929c5919bfd6080d8a93c261344f24e8ace,2,1,1,2026-03-09,2026-03-19
50b586b1e9085514a6bfc9fa0b55685ef57638e97924c8a0a39fb1e24709b951,2,1,2,2025-09-25,2025-10-02
50b6fe8dc8c206c01f4cf548b7b2e9cd2db2d2e6467e0b6ea52aeab446fa11be,2,1,1,2025-06-07,2025-06-07
50ce3410bae6656b9d124bb6c4d8fe4966b506c0d269f1457269c08b841c87dc,2,1,1,2025-11-03,2025-11-03
50d4698e313aef3f1588a6acf99c2e3fdf8d24c46e3de7f6029b4a6940bcaa8a,2,1,1,2025-06-20,2025-06-20
50da99d1484a682d0026539e1e882d8478399499862a2ddbf69534009e378c39,3,1,1,2025-11-10,2025-11-10
50e1c1d56dac0cd59444b74c02de7652142eb7357c2f4e0e512680333de50449,4,1,1,2025-08-06,2025-08-06
50e53f38693be70e4a44286bf1d5a7f58c11149ee2a20d25df3dbab8b8cac534,29,1,1,2024-12-19,2024-12-24
50ed0ce97d8fd82be31eba88c9292185a236743b4d91e75d03c4866428ab3279,2,1,1,2025-07-19,2025-07-19
50ef86f6c0919c75abad52e316cc6dccc0ac45fd5d5c7c9912b98eb748c2c5e5,2,1,1,2026-03-08,2026-03-08
50f6e5f39fce341a867af74b7b71ad1eabea2c3a2e00aa9161b2564384be837a,2,1,1,2025-09-01,2025-09-01
50f93e0fb333d6488ae3f3e3f6d5098240d2d6ff9ae0dffc45cd40495fc71cca,2,1,1,2025-10-14,2025-10-14
5114973ad3e82e3e903ce431bc6334c397f7397af4df77b275582c8b3a341359,2,1,1,2025-04-06,2025-04-06
5118744f0290c23aad5635061a149b39e2d3d234c0c690eb69fc179ec4fb3519,2,1,1,2023-12-28,2023-12-28
512e2ffbe8054e746f93df435cbfc7fa9e12f19da3aa296bc8b5ac64c155a052,2,1,1,2024-04-16,2024-04-16
5137331e0449430ed75715871a13ef5643e652653f119d19e66005af3f97a96f,2,1,1,2025-01-16,2025-01-17
513a08f99a186e672cfffa6bc584c44b7d4e284dec1fdd39f68951342d17af68,2,1,1,2026-05-31,2026-05-31
513e61e5857fe8ed77987a4466c489d550fbf8374b9a26e71c61fd88b116a88e,2,1,1,2025-09-18,2025-09-18
513ec675719f382c5a6c72c1ce1f4d910e5bb17f8bacdc51f26c6abc37e5ef3e,2,1,1,2026-06-10,2026-06-10
515860233bacaafc9bc8255d7c7fb4a4020154bbf6e41c5df965ec81828171ce,2,1,1,2026-07-03,2026-07-03
5164955c52a55046c380677577f8c6e2ba07d196283222de3de5c2864c8f6d1e,2,1,1,2025-07-02,2025-07-02
5168da61dbf41e8d5eb80677c1cc37402a29d378bcbdcb48091f94ae9f283b11,3,1,3,2024-10-23,2025-04-07
51740909855e1e8d4a4f5fbd359f4a7ef38ffb35ac932c6f99c2c61567d09fde,3,1,2,2024-03-13,2025-06-05
5174925edf40f0563823c4ee79fa6043625b0e9bfdf903f76af4552cf9a07615,4,1,1,2025-10-23,2025-11-01
51807e91cebab52f7dfb674c09ace765cab90f6351266b3a53806967b32c36b2,2,1,1,2023-11-27,2023-11-27
5188740270d3f356f8a064e217a787b3a98545224c8f0d84bc5f80ed05b19cdf,2,1,1,2025-10-20,2025-11-24
518afd74786eb6bc565709e1855167d6bad19109832d8d5c62ce2ec857cf9aaf,18,1,2,2025-10-14,2026-02-03
51913f47b1b36720c8ff27fc84d2e1845b26f4f3e6ca0ed3c3e38a39026d4864,2,1,1,2025-08-19,2025-08-19
519d9c82f5a3ea75a8670deabbb0bb0c169e8ccf8b723f91a5a4443f6474f9d8,3,1,2,2026-06-02,2026-07-05
519f92f115b91d1cf37e77ac66bb844839d68aba58141d542cecc6fdea7be349,2,1,1,2026-01-09,2026-03-26
51d113c7e50e1db4b72d956051dbfc69d7d0a505582ceb7d7f8baa2c3e12c669,2,1,1,2025-09-18,2025-09-18
51fde4d72278f41da937d3f1390582221b9e9b3147fe9ebbaf054578e07a9bcb,2,1,1,2026-04-07,2026-04-07
52158e675934d8683bde91d4dd416b909b986f362190bbd41c56de909b1a674b,2,1,1,2025-06-17,2025-06-17
5218b4545cd52b8b95f76be299e6849568696bb2a5c96d253e82ec222ab57c51,2,1,1,2025-06-06,2025-06-06
52271360628a8e1cf8bfadb3b909bd082deb1053285bfe5fd3312ad1fc1c2fa3,2,2,1,2024-08-19,2024-08-21
522b06d04d21940892bfbbcc958f27fdc05cba8f59346da712cc24debf917e9e,10,1,4,2025-06-27,2026-01-13
522cce99f16b19ba7c3664fab33575900ec4db5535e840f3284ff3ac1e40d324,3,1,1,2025-09-30,2025-09-30
5231c87fa01ea56cad34fee33b90e224bb91e217c0523e969f01d68b4a5fd988,2,1,1,2026-03-12,2026-03-12
523b7a31a514a03e79c34c25e7577d53deb3bd1b0209205d6b99ab94d1946db7,2,1,1,2026-07-01,2026-07-01
52552ef8922717d93fa339bd4c41703b604db169d6cae901d16567b9c069884e,2,1,1,2026-06-24,2026-06-24
526827e068bd57b32026e33c8f1806cbb6b5f1ea1feb6a96ea9a2ae33e7527ca,8,1,1,2024-03-08,2024-05-07
526bf983a67deeaf6bc32ee83b65c68b3a3aa965c82df07c5627a9f8b6c90028,5,1,1,2026-04-10,2026-06-21
52739ed757963a85b093f0b7395619a7b3367a2e90d7cea49074695e154c70e6,2,1,1,2026-03-05,2026-03-05
52766c62d0c6c87fa20004239284bb119fa2840316c0d68dc67b82e2a41ee42e,2,1,1,2023-12-29,2023-12-29
527dc55436afe7378bb030dd62b3ae55d235e863ebc0f1a56b16c27178fc26a5,5,1,1,2024-01-24,2024-02-29
52856d216f79855fb2898ab52438365db06508fbdd67cb4e79c0c48c91807ffd,2,1,1,2026-05-26,2026-05-26
52a4e291a5a045e1def555371e654b918f82afec190a1d14b1ab822add44b31a,2,1,1,2025-08-23,2025-08-23
52b035c6ff95a446f54eebb2b74ae18e37943ceb43dfafb8f7dffce9fc7664d2,2,1,1,2024-06-23,2024-06-23
52e0aec456417c8057b3fc75d47d491813ab6ca358991f583ae64a36d9ac6c43,2,1,1,2025-08-12,2025-08-12
52e7501d95a750698f84cb5b4925ad74c0aeb854f9124f102fa08975476a9e0d,8,1,2,2025-11-24,2026-02-19
52e9235aa3cb06522d0fed94c68f83ea76d44a47e6c3dfc2f30a530442a16ba4,12,1,1,2024-10-14,2024-11-04
52f5a7f95874154e3cda272a0d910db9c402c1d1a1bb02c01c4a1e82629c2e95,2,1,1,2025-09-05,2025-09-05
52fda568d66b4c59965c18f09bbc246922fc265166e5f8f4c09d556628f6e6f9,2,1,1,2025-07-25,2025-07-25
52ff52bb298310a1dbc8deaa7025aa6ebdc41b11de10e4b34bcb94a467f78813,2,1,1,2025-09-19,2025-09-19
530441714f46259d166789472936e80bc80fd3d36754b2dcff6658b56a548430,84,1,1,2024-04-11,2024-06-13
530c5097e3956ec294dcdef26abcb817415e0aa1fde57cec99824ff984ce5c8b,3,1,1,2024-11-18,2024-11-18
531694f5069e7f34b5078c925fd133bff258ba41bdc024f330b02aea45a56eb0,2,1,1,2026-05-20,2026-05-20
5316c42b076d0a19c22044f962bdaf44572148718ae4414bda1a916cbe8a571a,2,1,1,2024-01-15,2024-01-15
531dee12234dcda6da6de17101c67b17899b438ad40b8a35050af958385921e2,2,1,1,2025-04-18,2025-04-18
53498fad88042afc0d59d7519329a36f8fcbd57c649732a28c74933cd4f63640,3,1,1,2023-11-15,2023-11-15
5358842d2daaf4d790b617aacd5250ddca0dc99492a5588abc73a8cfa5e04893,2,2,1,2025-06-18,2025-06-18
537fb9d2a83fd38e559783955d72ed85d498e3dc97a8028d14399c9b8cd0e0fd,203,1,6,2025-06-17,2026-07-16
53b380999df3feda714226540377439b4fc2c3eaee945f5dfad428cb73a146f5,3,1,1,2024-03-11,2024-03-11
53b6f0cb79d8a322ea35e39cdd70b5ae5b2c2eae3fc34a829b00665a4321d630,2,1,1,2025-09-16,2025-09-17
53b985e0fe7c0548980ecfbe1dd6bf103bbc6b7935894928a45cebd6e88b2f53,2,1,1,2025-11-13,2025-11-13
53c0e673990169ce1e7dc8476b80d2f24ecc51b023ca28057bfa3b190f279fb8,2,1,1,2026-02-22,2026-02-22
53cb0d13584b029f72655a54880da0f4311d2f2e8093187f94bc1b07f5fc7eec,2,2,1,2024-08-19,2024-09-21
53ce00a99e143a5f9b7a924099afd5c8ab3fbc1b47e972ae6ecdb0ae6356d6ad,2,1,1,2025-08-12,2025-08-12
53d2f579c03b1813217cc93f5b287b37e0f5936b7a3a9d50972d6069d058b709,2,1,1,2026-06-09,2026-06-09
53d8cdb670d27017a828b440c304534bdd0867547efef8593a8e568c971af927,2,1,1,2024-12-18,2024-12-18
53e074aa517ff6b37eee5ecec82dc4b9ee67fc4d4ea4bf022f87d6afda32f557,3,1,1,2026-07-02,2026-07-02
53e36f72499ff93b54a214e790b68abf2151787ab3379bcaf0d172795312eb46,2,1,1,2023-11-03,2023-11-03
53fe4daccb6c895f0bf461fab73cfca2cc8c62e358c45fef8aace25fcece85ad,3,1,1,2025-09-24,2025-09-24
540ca392d61f549999482215975176de57fa5ef0be3c695f4c369d19d7843ca8,2,1,1,2025-10-08,2025-10-08
540e74f596ee6090f9db6c23ab9a538aefd63cb6b2c41c7ce2c744438131daca,2,1,1,2024-03-12,2024-03-12
543247c5e525a66d9b8893ce1a9eb3de99db65ee969d63b8dcb2a6653a22a4ee,2,1,1,2024-10-01,2024-10-01
543249128172946b43049d10106ff77afe49ef9de92f800a2358366b3bfa7a18,3,1,2,2024-09-22,2025-03-01
54370d08a1204eb3f913f52e08c72baae8038b72d2ebc9299cc685e911346fe7,3,1,1,2024-01-23,2024-01-23
54407083428d1a49a9ed7195fcce2336ec9b0cfefed70abf147e6bb3ec73ce30,2,1,1,2025-04-01,2025-04-01
54491ba99781a28b79643d8583e2e53090a54e0050c45d3b98f2b4554e6138d2,2,1,1,2024-05-24,2024-05-24
544c4f801d5fc23f13af3f7d42b0273f131495de860ce663ad58e3136657b4c3,2,1,1,2025-01-22,2025-02-10
544d7e29c1f59b489b25dbd5837885b24df468bc12d3cce8df33c48cdc2db05a,106,1,2,2024-04-23,2025-03-05
544da7925251f5825d0fb7891f6d2e66521c5a207eaa9ff84186a56935229646,3,1,1,2025-08-22,2025-08-25
546fee8173e4da46e402675042a3e31daa11471bb011c662d44310735a3f0c4a,2,1,1,2024-10-25,2024-10-25
54708f48184531e7b06e3013d39b602130a5d273a273d68cc150ac463ddd2891,2,1,1,2025-01-14,2025-01-14
5472298a84e359ab5ee7f836e2654ba0b2d1f60d207e9fab3acb9e4470624533,2,1,1,2024-01-18,2024-01-18
547c542efbdd1be6bb7bc2243a026a8316be5d6c7be1acbaf298bef84dc2a22f,2,1,1,2025-03-06,2025-03-06
548a829d4b2a7a0e8fa447eb61233190029f070d73363fb51214df1b4f3d2064,3,1,1,2025-11-04,2025-11-04
54954d76d7e5d38565e7d3edda0d1ca4e2836cba682fb8de92b436a602555472,2,1,1,2025-08-26,2025-08-27
549875aec734c28c08ed975bda075a7cc676eaf5f956bb17e58859b71d609965,2,1,1,2025-04-11,2025-05-29
549c06a7aee8309f285dc95a7e23ec8e6b5545f92627861f1b48c902f5d634a5,2,1,1,2025-01-24,2025-03-07
549f69eeb59c91d180ce1f92469827f0fc5e85574f8f1c7718764d17969c5c36,2,2,1,2024-10-24,2024-10-24
54bb629cf1c81c9eb88d553d5393f1165ef144b84bc97f274000e032398145f9,2,1,1,2025-08-29,2025-08-29
54bf8e3be3bc1b5ba843dd3f545f2c17bf34fcc71b8331ed6485a4e95913263a,2,1,1,2024-12-03,2024-12-03
54c1f8d25edce5221bb903bf27ae8aa94bee7aa85e34db8efbb69733a57ef0e8,2,1,1,2024-11-06,2024-11-06
54c2ef18b938e48217f1d6b44fc2932fddb84b230c3091e672f20935e22dff5a,2,1,1,2025-07-30,2025-07-30
54c42bdb33efc87dcaf0b4c62c8f66faea595327ecc4f2059d37b90266e16692,6,1,1,2024-03-27,2024-03-27
54cff65f9f9897396c3e24bc610ef6594165e17f3c5a10f6602ff13574182d80,4,1,1,2025-08-05,2025-08-29
54df848a8cfdb3793f46fcc2824d7a3c0c734ded5f25965c481a6ad58adb51ec,2,1,1,2024-04-09,2024-04-09
54e5746da86c691195c699b6ae02db1094e31578eb9eb37f940d0ff065bc0243,4,2,1,2025-04-27,2025-04-28
54fecb7e7aca1fd6a334428e61d5aa4a78cbf120d866b34765189056bb22d06e,2,1,1,2025-02-19,2025-02-19
5508703457aabc29999ac42e59e13bccef043de01d1bdda9a1b788c03e029bbc,2,1,1,2025-10-23,2025-10-23
5510b824b685302b1af9f7e2b937121effd0499d3ac5b7cb4a95a393149043bb,2,1,2,2025-10-06,2026-01-20
5510ce60c7e82649fb70d9ba1dce11a171a542844e66480f1bfa1062d75425a3,2,1,1,2024-02-27,2024-02-27
552656539b16f49a949555967117e8e952696868a35b3db26884269a92803224,2,1,1,2024-09-10,2024-09-17
552a8f1cccf7632fea849116272bd0150bec535ca5662f8fb8e334e4eaea85f0,476,2,6,2023-09-04,2025-09-12
553121715dc23e26b0e37fc4297d8696673ead239abc24eb1efd898e5c4c4285,2,1,1,2024-09-19,2024-09-19
5534bcbb66123cb2c2b83954dcaccef4909b71c067d5f9ef093f0774e4533b47,2,1,1,2025-05-19,2025-05-19
553564cacca1ae4f6c5c283d3e7ec37fb258584247de9edf0cda7f70f07989c5,2,1,1,2024-03-06,2024-03-06
5547ade8031fde9cc9d47c4352ecbbd7d9c70abe88082263dc098b8a576ccde9,2,1,1,2024-12-26,2024-12-26
55558a0cb39ae0b06e5bd8dc74e6d04e6baa9ce1cda470273aa5bb7cc476ff4e,2,1,1,2026-02-12,2026-03-22
5571ad84d3f3e1534bafc409e1343cfbe506c07d68100dfb62a01b1113365f69,2,1,1,2025-10-12,2025-10-12
557dad5c30b9ed5f22e6fa476889fe38bb642e8d4af214d68c07e7648aa60ec9,3,1,1,2025-09-08,2025-09-08
55bfab0ebab97efa78e611cf128cca0b78e1dcb05af244ecddaf7c79113ae4fa,3,1,1,2026-05-19,2026-05-19
55c0e2abf80fa6031ee51469fa71bef444a45485a8f8ae9e692001dda919b8ba,2,1,1,2025-07-09,2025-07-09
55d9ccda3dac2d4c17345891d55cf175bf5cc3bf4091278c30074e2f74f3c76b,2,1,1,2025-10-30,2025-10-30
55dd9032b5e6012203b2d2509b60a4f0fa3bc8b3bb045ab2cad48e16e3b950a7,2,1,1,2025-06-09,2025-06-10
55dfc4766687a218ebebe2ec68ee58239668e24db9119d8c08bde417ad637ad6,2,2,1,2026-01-29,2026-01-29
55e8c49a2adddae9a11034098606439f419e73b85f76e371c6eab52c53472742,2,1,1,2024-06-14,2024-06-14
55f4b648529cc26de37fff1e18ffabc451bdd60559f3abdf5b9b7b46ac5c0b39,2,1,1,2026-02-17,2026-02-17
56011624540831281b6cae5842ac7e5d9c7d345c7ace070778015001649e14dd,6,1,1,2025-10-29,2025-11-13
560a8e8e53d94c7ca6a60c9f33625773da9d834b393a23d62a08939956ddc066,2,1,1,2026-01-19,2026-01-23
5623289514cee471e5bcc84890da7b46b3823b561c5fba18b8c8f21c6271d362,120,1,6,2025-06-18,2026-07-23
56270327851e86d9cb48b6e3f141cb29946227aa81587f75cc04072cc503775e,34,1,1,2024-03-12,2024-04-18
563c1b00e38b3bb6235a915739231a375ca8ef092f778770a5de3b83d65f2c07,2,1,1,2025-05-23,2025-05-23
563f7e2bd2caa4aab438b8cb031e3b52035e3734ea9aa69c7d679ac1ebb42cc8,2,1,1,2024-03-06,2024-03-06
563fe540692051d03d8646414f99bc08da931ce004e547ea31e13c623babb0ac,17,1,1,2024-03-08,2024-04-01
56572c0ab3e3d4b1e18746cc87ddc9fca7e8c8481cc5a73621a239c8342983ea,2,1,1,2025-10-02,2025-10-02
56585606b628dcf14c2d0ab66a01e3769170d51db8da2b7eec5743a06e7705ae,2,1,1,2025-08-28,2025-08-28
565a21b6aca03ae49c9db5abaf13477f9f9bde2be3899f0a85c1da893716223d,2,1,1,2024-09-27,2024-09-27
565cb4a7010234725fb6f093890a15c8eac4362185dd4e4a7eea67df0bad1c9f,2,1,1,2025-10-16,2025-10-16
5662ee547bb711b58c47bd052a41a3f167e4c67443e9f1c5116dfd6295692ebb,2,1,1,2024-08-08,2024-08-08
56699a61573472dce1b20e21ac99537911bb50395fa6192209ae322330ab24e1,21,1,1,2025-04-29,2025-06-30
56799f552bd2f678e2f541cbd3ffa6f7bf18758a9e979a5fa618f7417ade047d,3,1,1,2025-08-19,2025-08-19
568859f109661f06a419a25569f7ac7598aaa3314f154c45243cc40ff0f87f00,2,1,1,2025-09-28,2025-09-28
568b85c63fc7eaa9cf475cf6ff079b435a0c6e755ef620f1fbba585211a27884,2,1,1,2025-09-05,2025-09-05
5694cc33d58439a60ab26270f5f0ca88483c0afa14bba7577063a0f9326c7235,2,1,1,2025-11-17,2025-11-17
56b6518af4141513cd6ec8b281f5b9331a8353f86201ee6ed9f0c5847c57b2f2,4,1,1,2024-04-05,2024-04-05
56ba25096645965f39ea3d463c44756914a8c862fa0e587b8620a2fd37a67f48,3,1,2,2025-10-06,2026-03-24
56d934b8eb2eba61ac6cd28d5389591a0a387309acb977397cf3ee1f7a61bda5,2,1,1,2025-12-07,2025-12-07
56e81c7b53ba89b0297e0fb21aae2ab8286429bb71d0b437ae51904976852787,4,2,1,2024-12-12,2024-12-12
57097d5380015e90a1c95438fbf414c812bf15b358bdadde54dc2fe307bc5520,2,1,1,2025-10-31,2025-10-31
5710b29494cbf0464176c29bc7cacb6440e4c8663b2777aadb2e752ea701103a,3,1,2,2025-10-14,2026-01-07
57200068a09ec550321a802056684c29369350090ba190c192cc031f23b51658,2,1,1,2026-04-08,2026-04-08
574469c545cfe466060c30a2e5a5774b1c89438f347451db9b499d06762bb5f6,2,1,1,2024-02-05,2024-02-05
57483a64a46e43974d0d0de24bc575e33f7e8324cf1d9ee1acdef374f114d25d,2,1,1,2024-05-05,2024-05-05
574f5631d522ef4160ba87d0077c3d71720aa1f2f1f9dba2fd77e4f840933b93,2,1,1,2025-10-22,2025-10-22
5756c6b2009267352587dd0a0a6a871e46aabcf0a20960eb763d2372c83e7364,4,1,1,2025-12-23,2025-12-24
575728c965e27cef0c867ed24fea47ee7742547479e16fe50743a306c7e3f2bc,9,1,2,2026-03-19,2026-06-23
575cafe49896d0c693401236be8babcc91d45859edff45f24180a66e10bc3e75,2,1,1,2025-05-06,2025-05-06
5766c3c0101fed5aea733faedd24c48e28211b5d2d5467d0bcc58464a447ef38,2,1,1,2024-11-13,2024-11-14
576bd154babcb4bb3e8c0f33f67ad2d2dbd426af1ce0301934879c18f577636a,2,1,1,2025-05-03,2025-05-03
578184f15cf52adc7548ba635b596ccb88d80ad94755148ca5d2c9beadbc2aaf,2,1,1,2024-12-07,2024-12-07
578c578c9c21f616ac2cb3dfdf63e672697ecc76d78fdf3aac484b45d90f95ab,2,1,1,2026-02-17,2026-02-17
5797919a917315c3eb99b2786a9a32ee3d2958b1024e888afc09423dc3adf9c2,3,1,1,2026-05-27,2026-05-28
579fc63e1187adcd33a633b795c2cc8e18298e2b0b6134e25f223863ecd06b50,4,1,1,2025-12-08,2025-12-24
57a6f0d4a7446d84872a6e3fe5feddaff2f88afd90e5d4d5a2063398fa950de8,3,1,1,2025-07-05,2025-07-05
57adc9dd68d44c6118345bcac4227e15661ebb6f84b84252ce63eddc5cb60be2,2,1,1,2025-01-31,2025-01-31
57bf44a117f8c323dd6832ba4a4f6d0ec0215093ee371e18bc6dddf90591afd3,2,1,1,2024-10-12,2024-10-12
57f0f8c41e8b5f2b845eab05d4b1bc70abca87c8c14fbc292d1a650e6a47ceed,4,1,1,2025-09-18,2025-09-18
57f56b08282bda9e0ec2d447c7976bc2386820ecdd674d6bec2d2fe058bae540,2,1,1,2025-09-01,2025-09-01
57fd5c53a3756e012bbfa8d540f62e64941e6f4a927c696a0d3c162f867a8765,5,1,1,2025-06-24,2025-06-24
5803d859aef4d094363dce1260a605c0ce910876cfc9e9d58f3d5c185302fd98,2,1,1,2024-05-23,2024-05-23
580502c3f7fd439b0adb515329bcda42da98540f1f7c171752556e4026a7676e,3,1,1,2024-12-13,2024-12-14
580ca53e4311e149c62fdba64a715552c96538a312c98d9515484d0bc9bb5c03,2,1,1,2026-07-04,2026-07-04
580cd851d52ad960037c61de7eb60fd42ae18fee728c75612acc060883480e51,2,1,1,2023-10-13,2023-10-13
581781327c2c6df83cc10378170e5c76729399cdf5a5a9d7cd7f7b3b46b8a0e7,2,1,2,2025-01-13,2025-05-02
582c1b5c572405ce1193e7f9a661d8f1ff0adf6f48fbe3e3a2a81f68a9dbfcf9,4,2,3,2024-09-11,2025-08-03
58307538457c7770dd0be2b45e9636433bb9c9649e4a0a465f12dfd0ef7c829a,2,1,1,2024-03-27,2024-04-13
58311d67a9757dbf6b978e1df9a39077dda97fc18f1b2065ad9dc76fe9ed7d55,3,1,1,2025-04-13,2025-04-13
58312df6ac66fc266094a6d6c93f80ee1799311cea1a437f223c585313d68703,2,1,1,2025-12-30,2025-12-30
5837cf7ddf917da446f8937a0bc410a1a36f0c986d9597103b0d659de3fc9e64,2,1,1,2024-10-22,2024-10-22
583d5c249e47697a55f1e7df9e34d5d7363aa943a799982d8a53fa2ac6d36a45,2,1,1,2025-08-19,2025-08-19
583d5dd336f5a91b42d87990b7604140cc42a7c4560c1a5b5f0cac6d31fa68ee,2,1,1,2026-05-12,2026-05-12
5843a530a6a97a4b37d9c740ca0836fe49f006e1975c9def368519d7b4985a68,3,1,1,2025-09-25,2025-09-26
5856b77e1cd75d0d22a8c7f93beff7abc94d6fe7b83e31dc0f9367e364c43ff3,2,1,1,2025-01-23,2025-01-23
586ed1b66894e86bef99cdf09b484d51d26dd757b2d0a4a7028ea675f8598bc3,2,1,1,2025-06-10,2025-06-19
587d7d128d2b6530f22c96172bc1b8136b86bffb3a14b3875e52649e3cee3985,2,1,1,2025-05-01,2025-05-01
588a6c839f09a156a3f42bff595fdb873f0c1589a8334f63198ae26432f08b9e,2,1,1,2024-06-07,2024-06-07
588aad2902aefd967a454aa8e2ed168bd6a7669a966902c3df25724bea31bcb7,14,1,5,2024-09-19,2026-03-17
589033b1bdeeaa3c92267110e19758f2e71a72426a544c5e073b9a7146178a4c,2,1,1,2026-03-18,2026-03-26
5898b0a1c29c7fa3b42f194e32679dde02e288caa0d3f2723dcbf66aad1db3fd,2,1,1,2025-06-11,2025-06-11
5899c2cf21dd79ed55a0c19ee552d3994b53b748274f56f94b7f996c80f7051c,2,1,1,2025-11-10,2025-11-10
58a3d192f483e64a07c064c6c156ab26583bf6d784dfd41ca3363c21ec73b3ce,2,1,1,2025-01-13,2025-01-13
58a60c1dccbf83513e7dfeb3f82773efdb6e1fcb7985d29c2b062da83ed449c6,2,1,1,2025-09-08,2025-09-08
58ac4185473ac5864048ca2f9f5b3efa2da0553a0da094023393c8a984f84385,3,1,2,2025-09-23,2025-10-15
58b81bc7bdf59c35b2b8fdbb5607e23e0d1d15d68e5a86c52293f4647bde0e46,2,1,1,2025-09-04,2025-09-04
58b949f074f99df1504e6f3f96ed93425c23f19802f5ab0d1efd0864941e8eb5,3,1,1,2026-01-28,2026-01-29
58b97396d6cc7f9337ba84e1fa04749b4c7f8d7f7057bf10fb82181c3da1805b,7,1,1,2025-08-04,2025-08-04
58be7464969813a25dc90de91db6568dd0b22d193fdfa7d55c16fb51621c5b32,2,1,1,2025-09-07,2025-09-07
58d50e90ea3154bc73e8aee35869222452363ba57747950d68596be125cc18d5,4,1,1,2025-03-10,2025-03-10
58d526d12c2edeb411d1306ceb2990bfb840034bf63aa3c7ebaebe267c6db553,2,1,1,2024-12-26,2024-12-26
58e91d16b1353c9a902fda70afba6d35c0873be7cd1ccec52e8e357bbce76195,2,1,1,2025-05-14,2025-05-14
58efee28e1397321d843a717d447a158d5e67cf800291caa685aad95dde1f1a2,3,1,1,2023-10-26,2024-06-20
58f1a63abf15166c840e6dc88c89670d3ce47306a03752fa901e52e81e146cf0,2,1,1,2025-08-26,2025-08-27
59296692d9713fe85b6de43f8e0a74ec814971eed63ba5e86010a353a8f5a4a4,2,1,1,2024-03-15,2024-03-15
593b54d740ce5f7b06ed0b7a33ad10644f10739c806bf52482a015475b786a3a,2,1,1,2025-12-26,2025-12-26
5942865c85480b19d7999349f79a8b082a47976f7e692391a3fabbc0ebefc3ba,2,1,1,2026-04-23,2026-04-23
5943294f21161855f46c24e72445e17215c016125a09af462d3ebe391ac2fe7e,42,1,4,2025-07-03,2026-05-06
5961cb15c4d8613b8e3e78b17808d0bc5a98c7074c8e3f1fa4cd92ce49e58486,2,1,1,2025-02-04,2025-02-04
5970fa3f5dc5af2685ac22b6519e34a977326a89be44a99bc2e2f5ccfa5cc655,2,1,1,2025-08-15,2025-08-15
597d0791d6d5ef64df4cfaf8dee61c31dcc00d43bda02bdef61c7e81e6b5b394,2,1,1,2023-09-03,2023-09-03
599b9258f8e3e2f0005196f3dab25fb6c475699651630364f3c0be5f9442da81,2,1,1,2025-06-06,2025-06-06
599df370f02ab145f5e1a2d2b063aa6a0571319a4cc9d8e4ee61941fb5b3b1fb,16,1,1,2024-10-23,2024-11-04
59a89e12e81e2a6e63a5eed56a5a52e71fbe8379880909e3734006a53fb02a32,2,1,1,2025-07-02,2025-07-02
59a8b9c7dfdbce0938d9fe2866515d1aebf01c8eec15bc168d5245330b5a5729,3,3,1,2025-09-13,2025-09-13
59aa463331aa5aef41d6f014d5aed62d2be4d3756fd104dbe587a74ac68d00d0,2,1,1,2025-11-30,2025-11-30
59ac193c523ace02583c168895edbaf0a15829fc9334f6ef00f8434c3b506924,3,1,1,2024-08-15,2024-08-15
59c68257de61d5ef4feeaf2b1f8ad87379c33c6f99990122aabcaeb5000d9edc,2,1,1,2025-10-03,2025-10-03
59cf2ac4ff9b8a82b9fa5b9d76f7a09bc8b25b7a69290b24ff430057218f9eb0,2,1,1,2025-01-03,2025-01-03
59d43859273185d1235759c037294cf72c29fe57e7e3e663203b744ff9d601b7,3,1,3,2025-07-04,2026-01-01
59d8bf4c518176c46e1a6e409b92cba9e4bfaeb90d34166fa24e3c797aba2980,3,1,1,2023-09-08,2023-09-08
59e6775ca961d9dd51f9dc3589ac6b701323ee3b43a8a8cf2b4d408438946645,2,1,1,2023-12-07,2023-12-07
59f314aef6e3d2f6f29d71d56d223622dd704b0174d840293dd2ce8e504700d1,2,1,1,2025-11-10,2025-11-10
59f42d5e7b78aa664e75173e16af5cb093482baeb682835cfadc5a1a01390cd7,4,1,1,2024-12-09,2024-12-09
5a05547c141c3ce9a69f45003fcf5670f8603a910a5c0a4a9d2181d46f1640db,2,1,1,2025-09-08,2025-09-08
5a06cd10f096d255f0626f2de943f9016194fd914f6fc8aab5bb7721f3fb94bc,2,1,1,2026-03-31,2026-03-31
5a355c018d330b2ae42f7a0da02e62de9f0b381b603a757eb7e778a271a39fa9,8,1,2,2024-06-27,2024-09-17
5a3838412612e4696f75d6c482621ef664b3e6aff7c3bb6ce713a1bc88aa4fab,2,1,1,2024-07-06,2024-07-06
5a4334fe9eddd917c3af31d6a307ff1c84139bafb054ff4aae03293f46845805,3,1,1,2025-06-01,2025-06-01
5a4a18c1fd815bd0f32809be19584b57732b2cdf2c94e9d63a0282f555b96edb,2,1,1,2026-04-12,2026-04-12
5a4d8eabd8727cfd056c72460c93c9a360072913d7b33bd5f8b6a807e4f15457,2,1,1,2023-11-23,2023-11-23
5a56d64390711d6c49fe885caab9540adb0274de578c8c556cddc77a575a160e,3,1,1,2024-09-04,2024-09-06
5a80d9bb13a456c6f946ed9337a63ae1d712468bb636c839bbaed2b1fa6cfbc6,2,1,1,2025-08-12,2025-08-12
5a81bc5f6dc741e751e18b8600159f2c4dca55757be2371905ac04623d2eb3a8,2,1,1,2026-01-13,2026-01-13
5a9f48efab9706b635577a7c2c6c40fed80970ec2f66449019b2e0e2037fe8a3,3,1,1,2025-08-29,2025-08-29
5aa5074f4ba0e815b752115a7d0564a5fdb7596713d097990e4fa91f03386e96,9,1,2,2026-05-21,2026-07-09
5aa99fb3f9ae21de8deed9bcd21abd2750cd2922ab3d5a4ad0314723f486a531,3,1,2,2024-08-21,2024-11-14
5ac9c444f57f60f8e00b8906d35d0affe53873ee04ef2354604f7bfe601fbc8b,3,1,1,2025-11-13,2025-11-13
5ace17b7e08a4106c131ee9151577096dafe20891650f38d72a2f4de96d564f6,2,1,1,2025-09-03,2025-09-04
5adc559d188914b5f8d7f49ffced338d02a8349268b2f6a58f3565278b778fa4,2,1,2,2025-10-03,2026-03-10
5adc7f6064791ea3415f92a04a9bee9815b782647ebfca35fbc94beaf0ceff71,2,1,1,2025-08-31,2025-08-31
5adf5feefe7ea442d31e7f30d476a2244acf5d564fb09b778c3c114a52e9ee77,2,1,1,2025-11-20,2025-11-20
5aeba61a00ff203ca722b9284e0a6ff9dff2facf3c4eedc61423ece2447f51f6,2,1,1,2025-02-26,2025-02-26
5af0040c02b7628e77d3f33580920b11858b7cf3e375cb6f603065fc01c1aff3,2,1,1,2024-10-22,2024-10-22
5b04180a4e5b48ac91a99f16f1b0282d54352925b97614b26be52667eedb21fc,2,1,1,2026-01-01,2026-03-04
5b261c0842cabaaf40e1aa1c4a200426a2624b1360a604daddf247d0acf92659,3,1,1,2024-07-22,2024-07-22
5b38ecc0a11be3575fb6470dd682faee5a90ec1709446a98cb1352563f7fed34,3,1,1,2025-10-14,2025-10-14
5b4261aac23c42f912bad888b6bc5c783528ce4d1e709b6318ac49c2ee7c01c4,68,1,1,2024-03-11,2024-05-13
5b43144d106f636871a6bb849f84cceaf3a928b96983932b21df6060c32284c7,2,1,1,2024-08-21,2024-08-21
5b4726e697893a29b4866f80129ae5807ae9a204e59c1346bb03c03cbd174c38,3,1,1,2025-10-17,2025-12-30
5b4b79eacacdbf67d9b822e27d34cdb6e4e7bb3396a5362040d580c6b45aed9d,3,1,1,2025-09-24,2025-09-24
5b65ddb2d2a059e99c03f9003b4569edaf1794a67c90412294f208e317133bcf,3,1,2,2026-03-18,2026-05-11
5b6bf5d550f1514f13b1916d64a375a97308a5fb32376b13876d1f1603b0d8d1,2,1,2,2024-03-09,2025-01-07
5b7e5e2536328a207397a2df4579d69e77bb7d3110f96ae6d0f6b0cd03cfdea4,2,1,1,2025-01-09,2025-01-09
5b9703892a041e863208cb6bb53aea9e1804b7236f9bc42720e2a3210e6bff61,2,1,1,2026-06-12,2026-06-12
5b9f7eaed10316a39e76b4b84c25d01cab55a4c856d0a5bf4fb8ed1a308c1ab4,2,1,1,2026-06-16,2026-06-16
5ba14e23cac43e1ca4c44765501f104e119685ba3aebe6d310035aac3fc11791,2,1,1,2026-03-06,2026-03-06
5bbcce5530abb025cbbc583e5dfcce40c1d1c56951abe13173e6a2fcda9591f6,5,1,3,2025-07-29,2026-05-13
5bc6a993b88f859d54b2c8eb74653a6ed5e9bf2367a4d1d963f8dca7ce64e378,2,1,1,2024-04-05,2024-05-21
5bc95b2e41d38bec7f9d3c62130ee4ad3eb8d439208905793c6d79532c3d4d34,2,1,1,2026-01-23,2026-01-23
5bd8051b3f4665d33e8204ba02d4aaf9a898cc93cabc3294f6e097a1c7541951,2,1,1,2025-07-14,2025-07-14
5be2269fd7d2dba7f2094d15f428501daedf7c0b989ce68021b105eed785516d,2,1,1,2025-10-08,2025-10-08
5be5c2940a357f7d1f934e2c827b0353311712944f30b6ed346c3808263633a9,2,1,1,2024-10-10,2024-10-10
5be68dce1616d2b1ffcebeb70fb9fe2a92f943c460bea0434bf7150dbf6e28d2,2,1,1,2026-01-25,2026-01-25
5be69c7333ad7f7ae9671da6f011625f703d76ac1e6f6bf5bef9e59065e0f8eb,3,1,1,2025-09-28,2025-09-28
5beb846f99f5fca0c17598662d4f516952fd7cb98bd0d7ca7d11d04856f0b354,2,1,1,2024-10-18,2024-10-18
5becedc62fbd777337753c21e2bc76de83af016e190f1b2523d95dbb5ccc6cb5,2,1,1,2024-07-22,2024-07-22
5bed20a913d55bc543d4999ff1df9731095f62cc353e3909857c6a26b8cce5b0,2,1,1,2024-11-26,2024-11-26
5bee9584e4306fbb18e10b8c56762ab23fc107a8a63c633ab2ad7a4d190de26c,2,1,1,2025-06-18,2025-06-18
5c02661100a28f030bb97f222592fbf8c66b244ad548aee3c12f4145a40ad0ff,6,1,1,2024-06-28,2024-06-28
5c06a09a236e374c6025072c2341387282cab00eeaead3172df283436176c654,18,1,1,2024-04-09,2024-04-26
5c0f0b10523c371fafffb76e282815ce6c876ec70a02919495d531756d53f832,3,1,2,2026-01-07,2026-07-08
5c1eaec971c4b398cdc30ae57ddb79e82d897a334d1f897a83eac9924ccc2bf9,2,1,1,2025-10-24,2025-10-24
5c2b469e7bb40ec1cbf55aa49342f8c1956c2a789c9c6bd1aa0c324596813226,3,1,1,2026-03-04,2026-03-06
5c30f7aba31f784fceb085bea04c830ac42cdbd037027db974ce6fff2bfa5481,2,1,1,2024-04-27,2024-06-25
5c403b16f0d0144549fc4f6b19d931f9f9e943142f167ccacb72a6faef9ef2a9,2,1,1,2024-12-31,2024-12-31
5c6bce8de2aee36ef5fea3e113a106c567b813a68f71d6d1430e928daf5a8fb1,2,1,1,2025-02-20,2025-02-20
5c70099778c30724fd68c1f2c8719891c7417c922cdc0912364466f25fee4a87,8,1,1,2024-03-24,2024-05-26
5c798dffd504c1c252fc01e63f2821c98bac788878dfa2a5b2a9de95387e9dc2,2,1,2,2026-03-25,2026-04-07
5c79e6be11b9368c3ddfe159fe5b480cd453e63f083f8ef016463462101903f7,3,1,1,2025-04-15,2025-04-15
5c79ef8efbcdf8a8bdcffa15960e16446db5a4d4a524d85e48157a15882052a9,2,1,1,2025-10-03,2025-10-03
5c8b3f337cc0eae8012c2ce1c753835dc5263376bee01e6a0dac00f079bc7106,2,2,1,2024-12-30,2024-12-30
5ca167c3f9e065d55797d58f6f0413acd9db795c826de5a86a8d5bcb048012c0,2,1,1,2024-11-02,2024-11-02
5cbde6b73d83ea26b9fcc7140193ec07528b33a6b267f444a522c1ea1e914abf,2,1,2,2025-08-06,2026-01-29
5cc94e9289d42c2a6740eabaa7a5c674661525d7001ae5f20f8b27d34c91bcf4,2,1,1,2024-11-28,2024-11-28
5cdb63511773d54492b7711012402ed834ec925b59ce9372128f475f8457c17c,53,1,1,2024-04-01,2024-04-03
5cde0b1f9213a1696b7ef475ae3e45fe2ed7db26022ba389c8074428dc367b7e,2,1,1,2024-12-28,2024-12-28
5cde179cea76f29430cabe06b10218b55ad76d2540f77b9cc0d5047b0249e26f,2,1,1,2025-08-12,2025-09-02
5cdf2473f607267319224d597f4141e3bec001e625502515ce028f39e0b94d6c,3,1,1,2025-01-22,2025-01-22
5cf5a9b29e6cf7ca1710d982d75f6f7440c4814a4a71eef7c91fd44a691f4aca,2,1,1,2026-02-22,2026-02-22
5cf5dbac86ed452a0b0c6c5e78159892092baa69d859e5d143838e7e50da693f,3,1,1,2025-09-05,2025-09-05
5cf638f4c1be73f856448566ece60f4a0fadfd8e361762f81017498d9b0ceeca,2,1,1,2024-01-23,2024-01-23
5d0d1a9099dfad0fc766db3938f1e94a1b7537e04569380446c157459eed423b,2,1,1,2025-04-23,2025-04-23
5d103a704596d5973b248740e7e95e34a6f5e7c00649a9745aeed22b926df85a,2,1,1,2024-11-12,2024-11-12
5d157be7d5848b7c5904e5036b5ecc695f84faab04b891fbcd532f073112a92b,3,1,1,2024-08-21,2024-08-21
5d2e684263bc541e2efd40e00fd9f9a82b2db2d287a78a007b8a8cd08c9c49c7,21,1,3,2024-03-09,2026-04-06
5d3044ca0d8f3b77c4e31f0e5d4755a4e0dff065c20dd935e2230c25aea04407,10,1,4,2025-08-11,2026-06-08
5d4bb892269beeb01d4baf3bb9029da5e79db74a72c2bd1b5eb2a38543bf8407,9,3,1,2024-04-10,2024-04-22
5d4fe94944a959b9c78379468c37a8cbb5fdadbe8bb99aff21545cbf834a1c84,4,1,1,2025-09-04,2025-09-05
5d5f2e532abb6e1909eae4760e37a4d9129aaccc52858d2fbf3e743a5ec3b6f2,2,1,1,2026-06-09,2026-06-09
5d658bb2804ed0d0906250426f3e42cfb0b91fbb16d8840f8ad9175fbb2e0b0a,2,1,1,2024-08-28,2024-08-28
5d6e54dd3eabffe01e972f44892f5a33f236f315abc0fe83049898b63c451de7,2,1,1,2025-11-04,2025-11-04
5d79ad9290c8beb4e10397a63d7012922ef773198fed0d807c4587b7895208c2,2,1,1,2023-12-20,2023-12-20
5d8dcc84886bbc2203690476ec4442e08902134f68ebbac8cfd1bb7ce3125239,2,1,1,2025-11-23,2025-11-23
5d99e600fa034f58e61ac75cf896e6ce1bc478dc730c0eb4fec4492cd287b1bd,2,1,2,2024-11-22,2025-01-23
5db042f7fca531e3e234388694d0c4fb09b3b2eab5b2627c1da14918ba1ef1f6,2,1,1,2026-02-02,2026-03-04
5db17f798e629eb71d2b95eeb6793e7e3830eab5d6d0412a1be4e3b54ad4a840,2,1,1,2024-03-10,2024-03-19
5dc5c2efae38ab21c7aa77e862c1c33d2e7dfecaf345b390240ef66a9c00e0e8,2,1,1,2025-08-15,2025-08-15
5dc881bf81d5f403ebfae1009cf53365631a766f83ec322a8dc3f37bcc8c3e6a,2,2,1,2026-01-26,2026-01-26
5dcf3fa2934563419feb314156c5fcdc947b1e330669ec31e110d3de5d93aa67,2,1,1,2024-03-11,2024-03-11
5ddbeccaf2ab9e078ce782fafb77e41fbaa00320bc114eda86c77fa9f887ef78,2,1,1,2024-04-24,2024-06-26
5de02a23fc2096b78c1599c303d07a45e5a5edbd201573d356f03a7bea45dd11,2,1,1,2026-06-26,2026-06-26
5df07af86bddb15eefc48599bb25313e2f35ce922687768738ae3d7c69721685,2,1,1,2026-01-27,2026-01-27
5df71cf53803f6797a9ffed96b209bc6ee1c46cbe4d427432a3522c67d9dc4e6,3,1,1,2025-04-21,2025-04-21
5e0dcb6e44e97962e4c9f504cddd2525b1d2a0465bc777b782ce3810b12627ea,2,1,1,2024-07-26,2024-07-26
5e1b6ecdd7249339ba1a220826d78d22db8a80b7670451d8ae217c591d4dcd1d,2,1,1,2025-01-31,2025-01-31
5e246ff56f4b99be5c74f4a184c930f869cfd42831a81cc5d286cf6fd1d48961,6,1,2,2025-10-16,2026-06-16
5e45e66ff2b5049f612e1d31299349785b8d53f9f27dd66b178319095324db10,4,1,1,2025-11-10,2025-11-10
5e5d9af205b60c867e6662eb8f40e599dc8a416b3bd469044133db697d1b83ec,2,1,2,2026-01-23,2026-04-13
5e739c91edf25153c7c099535890e0d72420d76f11701d543723a3041979fa4b,6,1,1,2026-06-25,2026-06-25
5e7bd155707fef6376571ac40518d7d3b887c272227913b0aab7828a82a5584e,44,1,1,2024-03-11,2024-05-23
5e7c97e912056a7c0a329bff33d001c1ca277824fa69090cf88d152382e908a0,3,1,1,2024-12-19,2024-12-19
5e876e23c100692388a3dfdb822b2ecdf826778ba3d320a2990d6b5cb40431fd,2,1,1,2024-08-28,2024-08-28
5e970386f6a9d1e7579908ac4e8eace1928376403b293e311cc6babbed4eef2d,6,1,2,2025-09-09,2025-11-01
5e9cf75e0b673ae4d087ad4b549059e5fe569d0ce1390bbf00b0af6eebba000d,2,1,1,2025-05-24,2025-05-24
5eb15f23df3dc9139077ac8b9dbef9e93a086f75f477c8325c3ccd2490ad91ce,2,1,1,2025-01-20,2025-01-20
5eb34947a88fde56c7a3c52f0676f2ad9a1544c713684d0cc13ef6963a54defb,2,1,1,2025-08-27,2025-08-27
5ed2ced351edb21e22cd79d411e95ae4e68b8b316fca2d79a9a0f9b7548d1f95,2,1,1,2025-08-06,2025-08-06
5ed45641bed9504caca69e6307876668d4ff24fe4c88814b86cee97dfe59e58f,3,1,1,2025-02-12,2025-02-12
5ed8d16b96977004e8634a742d8eba24a55dc2462ca597479975ab34ee4599e8,3,1,1,2025-12-04,2025-12-04
5edc2399503ac020ecf7d5e68d5b9ad236fa797283d28e4b94e56ca54da47ab1,3,1,3,2025-05-15,2026-03-12
5ee5dcce22502df1e4330a0ba0cabe9855c00d95fbcf2902026d15040687d393,2,1,1,2025-06-28,2025-06-28
5ef352241831133ff74e3924197cc3f6a68c6ec9a9ed9b5eb66461b20d46f27e,2,2,1,2025-02-07,2025-02-07
5ef9a1cb84ce1e8b623073cc210dc5bf14be600e175ea50c1acf4fbefedd095f,2,1,1,2025-10-07,2025-10-07
5f123091432e4053ccb1b1bf6e9a963d724fb6136042b7a7b4c884a2a55833e2,3,1,1,2024-07-11,2024-07-11
5f3fe21eae9cb985278a7dcae2226a7f45af6c272bb1b02ee5f132cd509c9ea4,8,1,1,2024-05-15,2024-06-06
5f4194e0e61e07c1aaab6befd9a3a7a3c9b1d945a2ee9234ba5f2f18f6f0126c,4,1,2,2024-11-13,2025-03-03
5f442dd9ab4f2cdf9503b555c73291397194b333e3934a05aaad42cffc2aa663,2,1,1,2025-04-07,2025-04-07
5f849a2f5138386525aaec1e85283cedbf92774edabef89dab46902d559cce62,2,1,1,2025-09-25,2025-09-26
5f8d7539d0370ccc8221a03f8e05720926be9793cc3a6c62a80c5ffe18e196ae,2,1,1,2025-06-26,2025-06-26
5f93f2c93c6a1ed443edabd934d9434a5683e852338eae9e8085f45951b88018,2,1,1,2025-12-10,2025-12-10
5f9c58de73a2e2800a26d9d941211a6b6952d93161563f64698686666bb2eb0a,4,1,1,2025-09-02,2025-09-03
5f9dd61bb506b451550f4f156a62f1b3901523e3ef7a55873e52d9055cd5bf71,2,1,1,2025-05-07,2025-05-07
5f9f7554288df2dc1ed0458f100fb65c65d52d54b5d4c779660e947c18d7cf23,2,1,1,2025-10-09,2025-10-09
5fb75918b1c5090ff3994194b60bba9eea02fbbc98d11700971dbe608933b159,4,3,1,2024-03-16,2024-03-17
5fb851748be3acc0ecb0035df2818c5b5e7d14031e7002eee34565775fb0149f,2,1,1,2026-02-24,2026-02-24
5fd36369b53953787a1adb8a40531cb1c2e5dddc952b8721a7ec2b8f25fbf750,4,1,3,2024-06-13,2025-07-18
5fd9f6b2bb6d5f0baad9c15486c45eadfcec0f618bda9b3b82d78f0a5e775e74,2,1,1,2023-12-21,2023-12-21
5fec4bffe05cb2327c55142d5bd121cd3ff983f4fbe247fb24e441adb0c952f5,2,1,1,2025-02-04,2025-02-04
60072904853d03b87bbd94b750505d5d736184ec0c08d6342e039a73867fa0bf,2,1,1,2025-09-11,2025-09-11
600a97418b4129a0992ec9fd72353ce73cc1b96ed3914ac1398fb05689dc706a,2,1,1,2025-11-14,2025-11-14
602da63910946d7f5858678c937fef66e8261300fdb6474743a3d8835acd1290,2,1,1,2024-03-20,2024-03-20
6038497d10d9f9c30ecfcd07c9f65f57da43af75c8c51e9584d7ff38f560b0a8,2,1,1,2024-01-25,2024-01-25
60461e115196e15fb704f6d8c3f4d165bb675ffc1c5f46064465dc8c389ecfdc,2,1,1,2026-01-25,2026-01-25
604bad07d194b6745899eb71c9c767ba4d2742783850d6d8d26a6357e4af9584,2,1,1,2024-08-14,2024-08-14
604edccef0aec41b571be3a573568fe5a123488b82b1872b9572a0dd47dcb826,8,1,4,2025-06-17,2026-03-09
605d8903f0005729fe03ce3cd1418bbc11d15d6647ab2c0507212deeda4ed9b3,2,1,1,2024-01-19,2024-01-19
607506d3852e41a1deb260b4490420bf05fada2e1c9015db80bb64e64fc81da0,2,1,1,2025-10-12,2025-10-12
607ae4004769e69f6dbb1a05a8142079eb79afacf8ca367843731580afbd52a3,2,1,2,2026-03-31,2026-05-03
6088fb409fb252177cf0196498828e0a498e3120643ea03445f80b85358919c2,3,1,3,2025-06-19,2025-12-08
608c48c6e7f9e208ebc0e595b5414bf90d1a710443e90f1cd785d7f58d70fae5,2,1,1,2025-12-26,2025-12-26
60a9d3545b7416c82be68a957a5b1d6fab36f51d25cf0690a611fe517e0ce9c1,2,1,1,2024-11-15,2024-11-15
60ab80994bac436f4b82a839e38e7225b0a48d402d0aff94b6bac98d2588772e,3,1,1,2025-10-05,2025-10-05
60b35f3e55007e2e2cd017848a8ba237a8494a7a45672b713ad4304396e579dc,2,2,1,2025-01-13,2025-01-13
60d75def9f4f4dd3e6f2386d02a808abda3e90ad23f58e5e8d5a018d64d2fe88,2,1,1,2026-02-21,2026-02-21
60d8de226c45aed0ec262992cab7493079e208878129b4e95a6f7a2369710ea8,2,1,1,2025-06-11,2025-06-11
60e5c9d98b97e08083f808ff20c7034b65bd3b2b20ff89afd99bc9f125f5f2b4,2,1,1,2023-09-29,2023-09-29
60ec5eb5007b87a2a1a2de7643f9bb77b9c63ad74e352206a6011600f80bfcce,2,1,1,2024-02-13,2024-02-13
60f0358ab1a6b1b55618d94a16db8258a633be6c9ba1aa800bfbb9204a2c55a9,5,1,1,2024-03-05,2024-03-05
60f6c235596da6b1f34e6a065ef2e5b8aa532606d3c77d5c73bb65d580d70ea4,6,1,1,2025-09-23,2025-09-25
60f7001d167541cc8dbb041c030a307ddf0663080a0ffef2518689fda722b562,2,1,1,2024-07-18,2024-07-18
60f9b9fb0616e06d958a2c259dd62d1cece4eedbd84002d2e3a310d2ad0e1bd3,2,1,1,2025-10-21,2025-10-21
610d10fc08b9f4d64353103785a6c20831906820f79f4d1067c309dc25b02409,2,1,1,2025-09-18,2025-09-18
610dae17ca28b4e07b0c1ffb763e97a11f08352b8fb5682bbcfcef19e72f9a11,2,1,1,2024-08-03,2024-08-03
61100bb1b61109379e99fa5c6534c095fe0aeba0be4c982e1f6ef8efe8f3450c,2,1,1,2025-10-29,2025-10-29
6116f17d69d10a75ba4de486752e8725a1298386e803b09c62c800d734098614,2,1,1,2024-06-29,2024-06-29
611f09e74b669821c3fd760bb7478725dd3113e2a916e8a0950de68e2ce15101,3,1,1,2025-01-08,2025-01-08
6125f196ef66258ad074e45fae35f995db2790a66a38a64382636f748c3926fa,2,1,2,2025-09-16,2025-10-14
6129c1c289e5b325281bada5f626bc4be66fe3a5469b89c3ec56a93c95d57044,3,1,1,2024-01-22,2024-01-22
6130d5280f73e3545f9040b68c9ef6de42a7480e69461ca85626dfaebb5b5c51,3,1,1,2025-05-26,2025-05-26
61334584c9e3cdd022cda254bdd2745732010b8fc812f3b2d4438213fafdf154,2,1,1,2025-09-23,2025-09-23
614507ab2640c11364f1d526ee2ca7f7e3f374897e25861039450899408fbe3e,2,1,1,2026-03-06,2026-03-06
614764a88aea9006c17d4dbdf9229ca1f44df08eacedb8562957f4cb11f4df00,3,1,1,2025-02-20,2025-02-20
617383ff6aeab8015b5cc5ed22a6385f12a3ab6a7b458e61b268dbc9992f33c8,2,1,1,2026-07-01,2026-07-01
617582b2b594d9fd4e7adfc97fe53d452eee332a4f7b0d93cfd20a93dc2052ee,7,1,1,2024-04-03,2024-04-19
617ca04dbc55b15c6f230a9ecfe97bc33202960e5c317d7680646bac75443697,3,2,1,2025-06-17,2025-06-18
618439d0a811d84c2a97739b7c62d8f91c1a4650a45c2a53795c6e98d2b9e515,2,2,2,2024-03-17,2025-06-09
61a148eb0edb114250be7ec4624d007ead94d01ab03ea8e6aedda20c4b011044,6,1,1,2024-06-06,2024-06-06
61b0940896711301b581f8f408ed46841f1e871d20a5516afd61ad51f5fcb5f5,3,1,1,2023-11-10,2023-11-10
61c52db8d3c815bcc7a23e4f3aa0793ed9ccb2ae024a8b0c6dddfb3ee4f0360d,2,1,1,2023-12-18,2023-12-18
61d04759c6b10de8b8b3d40e72beda427108ac3efc1da317c4148c8a28e326e7,2,1,1,2024-10-04,2024-10-04
61d823d114d1b419128f358ac78dbc0150cfd6b1dc725025e8238e094f088c03,2,1,1,2025-08-03,2025-08-03
61eedee4cf3c031b7e3763d2bc307921ad84f7e6b068f1aa242408c973441a23,2,1,1,2024-12-19,2024-12-19
621dd84706a76cc1c06a40074f339e30c3840796d33bf91208683aa4b9c3d7e4,2,1,1,2026-04-06,2026-04-06
6220369d65b456e19b84122ba25874a2d326432ae73524ea405340aa01a5c458,3,1,1,2024-04-15,2024-04-15
622d7379e59e985483c60f3ca832b1baba20c750a1dbe8e25163ae0f3a126353,2,1,1,2025-09-04,2025-09-05
622ebf3d04e1d39258cb913a927650c08b9c6ef4a62df1289b785d25e9c775af,2,1,1,2025-07-07,2025-07-07
6238b85f060efaf291bd7079017a1805c8ae34212a514449b812796bc0b4c939,2,1,1,2026-04-27,2026-04-28
623b528e88a9369a9e96daf9cd40b749e1b36b937605213f20513006508581e1,2,1,1,2024-07-01,2024-07-01
62442392cb3cf4fa76fc532aabf203d9a267a83212c1ec7b7ffc9e8d47390753,2,1,1,2025-01-30,2025-01-30
624999accaa8ec473025ce42c78f929b09d928b642160bdc84ea9ba10e872529,2,1,1,2024-03-01,2024-03-01
626a80e509b3fa53ea924be255658db2ee14f7d695adccc47da09c157506045d,2,1,1,2023-12-05,2023-12-05
626c5620e201cf3d9ce7c81ab15fed3d7cb8021890467d06fb3bd5f1b0ca782b,2,1,1,2025-07-22,2025-07-22
626df3c5222e31613f5978b8d08634bc39ebabe6db27e23995eca1cf8b349e2f,2,1,1,2024-11-02,2024-11-02
626fa11fe7c84132756eb6896fae2916f53402cad6421e7f5fca2c391ebf3891,2,1,1,2026-07-02,2026-07-15
627bbb7f8531b6c2490cc8ec86d3566f9700fcddb7db38a2d3cd2e32eddfb2e2,2,1,1,2025-08-16,2025-08-16
62b61cfdbf081d56f50e9c2a60041a3427ac82e8144150f81fc7ea054a5dc1e0,2,1,1,2025-09-24,2025-09-24
62bb0e046fb31ad32c1ee5c02ddf72b2917ab619f5b0bbe6d97400d942aa5564,148,1,6,2025-06-20,2026-07-07
62c08e82e27db76f38e87a39d29b17860568dfb7eed1c716503c7cc94a0af1f4,2,1,1,2026-01-27,2026-01-27
62cc5294549362388554c95a6e1086263bdc421c353b96f7d4c35571a19eb6a8,2,1,1,2025-12-07,2025-12-07
62e3af36bcefa04112a18e932df92ca74cce7dbf946e92c1863cfb331349a64b,2,1,1,2026-02-16,2026-02-18
62e95a8c5249644660817c0153b37aa2534312603dcc7ce0af95a1d9b3dd59c1,2,1,1,2025-10-09,2025-10-09
62ed2fd5202fee04ad6f5d51b3bf44f25521e774b8b6cb57f2b4ce76128a716a,3,1,1,2026-04-15,2026-04-15
62fe34272d9c22882f38e1780de986a5127f49d1bb28b63698986f3fe1c5a324,3,1,1,2024-02-29,2024-02-29
631df90c89f8283a3508599c87194b42cbc52f56038cd96c1690c819dbd53e05,3,1,1,2024-03-09,2024-03-09
6322c4cfc88d65175caa92e52cfbd10058c06f302cec8feb8d3d740f49de228d,2,1,1,2025-07-28,2025-07-28
6322c6c0d05b5663c616fc220215c98ea2f553dd5c0e499ac7857babc6565336,288,1,1,2024-05-24,2024-06-21
6333eb94e1d4eff2f035485d8b581f89c33acb55158d788904ec0539b264ff15,6,1,1,2025-10-14,2025-10-15
633aeda2accbf4300ef76665349202048b4e96466dd1e6bcae3c498290d7a7b3,2,1,1,2026-05-18,2026-05-18
6340be090eb1e255568649461c7bc175f47f07b449b656d66efb0f8e0abf3bfa,4,1,1,2024-05-17,2024-05-17
6345b5994c8d0e47d3755cc8efae04cd65e289e064564ba56bd41db0c4edf781,47,1,4,2025-07-24,2026-06-30
634f6558ca4483a4ffa6825bbe9306fc01ad3f0578eba3c3635399324d42ac99,5,1,1,2025-09-02,2025-09-02
635ee2e583e829be643dafafc5f62cfc460bd10e7590b106e9efa2afc558d43d,7,1,2,2025-08-21,2026-02-20
6366ebbca01d657670c4f0164dbb7ce513d5a847e142503bd5bb63fbb438ab52,2,1,1,2025-10-27,2025-10-27
636de4dde653f912a915f4a3090a1db12563951516d5dd0513c1bf9ecac0dbd7,2,1,2,2025-02-07,2025-08-02
63727eaeeb8c88b8a940c33397c310a8240d9f6b7e9eb8b333a76608a05133d4,2,1,2,2025-09-25,2025-10-09
6374513912a349ed2817d34c834b2af753deadb78b60dea14ffaf2e2f6d48ac2,2,1,1,2026-02-16,2026-02-16
63765605ba6fa11ff75008026b90d3b30422896a50b95312136a290b5d947e1e,2,1,1,2024-02-08,2024-02-08
63abbdbabcd8ebc0fe9b2268edc9588a4df44667c2ded1f4ccbcb34bbf5e3b92,2,1,1,2025-08-30,2025-08-30
63b4e313aa7f2d1db1b23c283628328f2d5640a1b88a31d794bedd9c93ebb8dc,2,1,1,2026-01-26,2026-01-26
63b859d830e393dbb848ea9e1950b55d770006da8f3711c0afe3d10f898ac3a9,58,1,1,2024-03-05,2024-05-17
63be8d6254ea1b3f4486c3d9f0a85965c02c42d324603d495605a2533d7cf696,6,1,1,2024-10-29,2024-10-29
63d21ecd381c39d943512254547e7c7eac38538b6730c53eb1d32f4f4f5d1808,2,1,1,2025-07-03,2025-07-03
63dabe8d8e43fdd29a8f5512c48aa53a367f34b5f31ee6c8e8bf8f1fddc1baa3,2,1,1,2026-02-16,2026-02-16
63db9822c1b3089872a076e7946fb011d9cfa4cffe72a2cfad20f3171627e547,2,1,1,2024-03-06,2024-03-06
63ee1f4584ff0f6fc5f0a88542e00bc4ccc5dfdbfa484af7cab1e21d6033cd39,24,2,3,2026-01-25,2026-07-16
63f91dc9893a539b3464af8edbc992fdc134a9c0a67530ce8f93da17e0705eec,4,1,2,2025-01-06,2025-10-01
64061c4c246d7a2c5e5069c04968756a6fbd2b013bda37a40ff02122929422a4,2,1,1,2026-02-12,2026-02-12
642554c00690f85ad06d2acdc2f2014a492b7beff6eae88b81321843878fa1a8,2,1,1,2025-07-31,2025-07-31
64724f5de19dc90608c804c0dc1faa736d311c2082c720d3d9797f2273c07e67,3,1,1,2025-04-08,2025-04-11
64876b06ce13a121a5ca6f160367afe5868b552b001cfbff97b885721ea56ae4,2,1,1,2024-08-23,2024-08-23
6499b31f6d590d22df310be1ec2f72056a944b19382e3583e93a15f4c3ddd720,2,1,1,2025-05-31,2025-05-31
64a3fb979351c57abd322e1b3e1e6085ac24e1bec6f49eac0fe72452eb8c5819,2,1,1,2024-12-09,2024-12-11
64b16367a8f02a130aa0955073292484e90cd690f1537694859f4f3b18c1a9bf,2,1,1,2024-08-06,2024-08-06
64b4f53fa631897f2af932d915f2731d6a4f8501b469ab6a7bb352258850aa99,2,1,1,2025-08-26,2025-08-26
64c5dde9d7dd518f4e984dc9bd1b007f37e86b2012fc7571756fa907e9abe1c9,5,1,1,2025-09-10,2025-09-10
64c70969131d2d66f1611ec41252c03f9013159caca066a8fec723218e70f6a9,2,1,1,2026-06-02,2026-06-02
64d2ff07d56e98a33df84184cadcdc13927c9da6a26471628d27988072d1c655,2,1,1,2025-02-12,2025-02-12
64e22f5a428c2516bdb68e4868610916d589fbc8a9fa6941415d87fba5ae60b8,2,1,1,2026-04-11,2026-04-11
64e2f0cfda0336fd39022eb70e26ab65d49cfd36bc4f9f141a2cebc4f7481e57,3,1,1,2026-03-04,2026-03-26
64ebb6758d6e153729e8c32ede4811d76a5ad9fb8732d5a8372fc402cd85a10b,12,1,3,2025-07-23,2026-02-20
652675b3061fb3cb8c1894ff32cd68f43a2efa459130c04136ab519c996dbedb,2,1,1,2024-12-12,2024-12-12
65331ceb60f2ad29a45e1a63402ec59df486b1c02f3b8485a5b4f6908af56e72,3,2,1,2024-11-09,2024-11-09
653a799eed2cbecaf5a31aa4e26ab7641822ca1540d95850186db6ab0ba30efa,2,1,1,2025-09-16,2025-09-16
6543863d2a84438eb1041c40869acd540c0ee5f1e4d0ead6bb714957ccfab293,2,1,1,2026-03-05,2026-03-05
6552ad86eac6286966e3e15da2049f037d0f2c1b433c4905def1eb7bc65d9102,2,1,1,2024-10-22,2024-10-22
6559a4cf9b12020d2a1f6d797c34d6d12c77640c41e8f945fc9fa85ac5a6e503,2,1,1,2025-05-09,2025-05-09
6559c3f6fa842479fe605a676073fe79e8cddad39400659885243ca33ac0fb85,3,1,1,2025-05-15,2025-05-15
655f4a4d143dee1bed82e07022edeaf391afc2aa264930ba14cfe029c7810f6f,2,1,1,2023-11-13,2023-11-13
65747708c58989caca1f6c018102f6c5a9da2aebf7aa905170f54dbc349dff35,2,1,1,2023-11-06,2023-11-06
657d64db25f46529853f275e998640daba301c0c971c9ba0bcb2c8d4c354c3c5,6,1,4,2024-10-20,2026-03-11
65930a6cab77d686ee43dc9e66e57dbe913157faf290d3d17d95c053b9b57944,3,1,1,2025-09-09,2025-09-09
659737a24d0983bb274fc1157a34afde6b79222546f09841a409a1ce63b255e0,9,1,1,2026-07-14,2026-07-14
6599ba7c3bd8ee38b476e3e9a1b3738f2c84c96bc08e97ccfc0489bbff1b6591,2,1,1,2025-08-11,2025-08-11
65b6270722ca489d771099792753450186b66015b5d2343983afcbfe7965ff66,44,1,4,2025-07-08,2026-06-12
65c290d121e63a29f79405c165fb43ee8cc37d6a92bb8e5cbeac4341cdc7a823,2,1,1,2023-11-27,2023-11-28
65c65468212ec262a8d1e539da8874fee17db611c78cbeb54183a5d30ddf917d,13,1,2,2025-10-22,2026-01-22
65c7624adef8cd89381d00bf63ef5387c998f67be45cbc64662cd38e111581c3,2,1,1,2026-01-18,2026-01-18
65c97be5e59ab6bd106649c18a54ee536b35f10614c610e3292c79dde6a77ad9,2,1,1,2024-04-29,2024-04-29
65cac98d833fc2737d18b8cad9fcfab450a26200649d4fb85ea0b2f6fa4b8aa3,3,1,1,2025-02-01,2025-02-02
65d48046a330eb0bfc96d7e6f176187c461438c7e255c9a114f6fa1c4732074b,2,1,1,2024-01-29,2024-01-29
65d4aa9c9f931008de62477439972b8b4aca7e9006c4734fae82c59f7ecb20a9,2,1,1,2025-05-02,2025-05-02
65db9e007cab7f484cf5053ae4f9d3d6c5d8ec5047ccc3aef7a51853f8509eab,4,1,3,2025-07-24,2026-06-25
65e6a71a5ed1843b62e5de2f554d7e181ff6c675d27b8df7fef144e291485de3,2,1,1,2024-11-13,2024-11-13
65eae6d59bdb18be7cfa75d595839e1a763a116895eb3fe305e970c8ee1677e7,2,1,1,2026-02-23,2026-02-23
65f8b4e9c2ff6c723f8873bb4674a17a231f680cef2360d6b96262fe925f780b,2,1,1,2026-06-16,2026-06-18
66016e10ee3b6e49c04a2d70583d9659c389145df207cd564f77b45312d3a503,3,1,2,2024-09-30,2024-10-01
6601c667c50f819cd745ed35dad84762de7892d9f36510e0641ba849ea02c3ce,2,1,1,2025-08-17,2025-08-17
66079b008494a430eac13bb9808a8eff6fc6964ed570aeae0b40efac76a6e371,2,1,1,2024-05-13,2024-05-13
66114c2115e8406d71e642473dd5ec432664df1b926a908720d0ec9fd80cfe0c,2,1,1,2026-01-28,2026-02-05
6624ccdb372981cc3f25aa7d1f9adb873b3884abeb75775a1e7fcfd71a884575,3,1,2,2026-05-01,2026-07-15
662f5a9ab26c1fb4fa51f85cc52249c3e128cba53e7f90bded4f2533f3e18848,3,1,1,2024-02-01,2024-02-01
663f279b32a9e6e4b83fe3ae0adaf80986ceb141548857210cbe6938c0dfbeec,3,1,2,2025-06-21,2025-08-11
663fe59d147c64e016057c6c27435875b2393696a16eaa2a994c2766e299d965,2,1,1,2025-09-24,2025-09-24
6645eb2d68744c88d524714ef03bc128d516f5c9a7b9802520227eb30ac6a99d,2,1,1,2026-03-24,2026-03-24
664bd4c2ffd2d38d156b04261d913113602fe86afee05f492c327c3307f82e15,29,3,2,2025-09-23,2025-11-02
664e9ed40e096caa48627b0f4153348e1fb0438721c2afd6718c8cbbb7f8fdb9,2,1,1,2025-08-14,2025-08-14
666bd215fdd7af627f31f487bd6d1d8cbb60e976c860b9ac458a6a419c7fb71c,2,1,1,2024-11-06,2024-11-14
6681458f91039d383e91dc3289c00b511ad89078763cf3a5214de57f4cb43574,2,1,1,2024-11-20,2024-11-20
6685c24219d89fcf79fe529e20768401a44b5da0f6d8b6a05ec1d6abfecf3934,2,1,1,2025-09-19,2025-09-19
668b304c65f26dffba586d8152a2e597827bfb0fbfe331023ad80a13e0cdf123,2,1,1,2024-03-15,2024-03-15
669ac708b9b172e21177a6e6f81007a301194bc00ffbd678567b30d071eb6f93,2,1,1,2025-05-15,2025-05-15
66af0d321372d4dbec19fcfa98ef896bd463d61d87076e8438ecdf47606da2bf,2,1,1,2023-10-07,2023-10-07
66b75bab22466c8e60cfc12b43c06c459e25e74d080403968fcee4d14e1d8c07,2,1,1,2024-05-30,2024-05-30
66bcd0a349dce10619ffb895bcaef9077ed8c161730e201d74d39b37c81c1b83,2,1,1,2023-10-04,2023-10-04
66c61d7312f4f0ff3163b01cc0444b8c9a6c3706b87bd03dff51f1a1677603e5,2,1,1,2024-06-02,2024-06-02
66c918bc2c7b785723e56fdcfda59e49e9b4a285062a43946192085f1a9c8bcd,2,1,1,2025-03-22,2025-03-22
66f14a2918ec72d61ea959041dc8f035715592cb2d83b608231de5cf341654de,2,1,1,2025-09-24,2025-09-24
66f64f06f6e7fb8941a4a6e68457a4e227e4deee8baf8a9cc4ccde623c2f5295,2,1,1,2026-02-20,2026-03-11
6700c6353a7ea829d4f14ee65d05e0fde266a17b39eb7d5b2455eee4eaf36ca3,2,1,1,2025-02-05,2025-02-05
670a3eb3fa7f83c653c8722c09419b640e60f39d63a8504fb406edba5583e2a3,3,1,1,2024-01-11,2024-01-11
672df870bb558799f134c42158236c7ee1a6ddc3c443fa822068dd30fd38600d,7,1,1,2024-12-23,2024-12-28
6730c94733a1d860d9e6b326318c7ad1cac219c603df852e200304ed4589efce,3,1,1,2024-07-10,2024-07-10
6741723d23cd5a59817a78c81cc8d440835bc43830ce2ec15cc700d7b0008e34,3,1,1,2025-08-05,2025-08-06
67542170e2d1a298aed649ee8654e0fc8bc61fd4246dfb54c2b30a55e3aa9aaa,3,1,1,2024-02-20,2024-02-20
67661f9824323ffb9facec0b95f4274cd39f7dc516110068c8cfd16a49de61e8,6,1,1,2025-09-02,2025-09-02
676e70d0a1b4ff21db853ad85c032d04e2d7be52b952ce58eade32c8ba952889,4,1,2,2025-07-24,2026-04-08
6775bf01ffc1ce3520b320a8bca6d52c92ab935eaa4467aed913c599083de133,6,1,3,2025-07-25,2026-04-15
67914b321bb281f132a40f3cfd0c058c5a3b827492331aafc15b372521caf1a2,3,1,1,2025-07-13,2025-07-23
67a400b534a562fd194e749bcd5c80f1c814d2e2c1513fe0711f532144a2bf61,2,1,1,2025-03-02,2025-03-02
67a968c73336218ee5bb8ec767f2e8c87d2554408dca89689ed0d569a6b7b911,6,2,2,2025-06-12,2025-11-24
67d0e27d908f2ad8f0ba1473f391c2fe3af7edc6e34c223c9247c1d844bc0841,2,1,1,2023-10-15,2023-10-15
67dacfe6f0e1c9cf425202891d4122ecb82974bde092dbfeb2c758c86c345237,2,1,1,2026-05-18,2026-05-18
67e673f45de7ce84b75bd3393922b77f822c7b3cbacd7ea133705d2a3309dd4d,2,1,1,2025-11-13,2025-11-13
67f2f2f192814ab426ec33c5456d9488926c2e439d8d03904775ad87263c73aa,2,1,1,2023-09-09,2023-09-09
67f97e95009988cf3e8f43414120de890919b8a20e1c2717b6ab898f3d5a85dc,2,1,1,2025-04-02,2025-04-02
6812ece0231e75f814db4b167a2675bf20776d5958c1bec2d84709a71fc20ce8,2,1,1,2025-09-16,2025-09-16
6831c650a02e82ccde4cb54ebda35001bc32a5eb25b9fe999f81993f329b4b87,2,1,1,2024-01-19,2024-01-19
683728d687fab32d987e748117940048ac48a4b63304e76b2e6bed8dc007da28,2,1,1,2023-12-09,2023-12-09
683f815306a115ab248d13e507a2ed172567cce9ae36b26f1f5e0b79920ebee3,2,1,1,2024-01-04,2024-01-04
684f1e49701336e22c22e3756c5958f040569839048534fac052125275d39553,2,1,1,2025-06-21,2025-06-21
685026f8c086d558655628e47644f4be47d326ff73ee1a10385520804de204bb,2,1,1,2024-06-03,2024-06-03
685bae2b3946850975352a4de1a388689f099d009f1eaf041d70b18ad8adef2b,2,1,1,2025-04-16,2025-04-16
6868169434e8789b47580c3172b6bb3f89e0a6ec3afa8ca0c0daf8c34c050be3,2,1,1,2024-01-31,2024-01-31
6870841398f78aa40c1f30340be1086e34dc53a310d7876cebed7e2b0c8cf48e,2,1,1,2026-01-28,2026-01-28
687a531ef5352ea6ff5d7c28ce19f273e3e83d1ebb1738786b9973ab516ae794,2,1,1,2025-07-11,2025-07-11
687aa241a393e41e2458a68af5c36f2c6a2c59123dd35096d8d3ac347d89faaa,3,1,3,2025-07-28,2026-01-19
6886ba9134a33ad02069b2fc61165e368dbaced5c727f0f25abd802428fecae5,2,1,1,2026-03-02,2026-03-03
6888bb3e6140617c55bba8558ef8a89e1addb5f186c535bfb8c7bd6c15f8d89f,2,1,1,2025-10-13,2025-10-13
6891017aa36a96d67c34134e411b14596c43954d54a1eb1c77cde4434e448432,2,1,1,2024-10-09,2024-10-09
689160e833494828624e55fb11b82ff2643cd069489445e294b5c7236df8b9a5,2,1,1,2026-06-09,2026-06-09
68916f99fcf350c8d8d83c514d139dbf93dfa24cf61aa1e5d0b9d124a341d1f6,6,1,3,2025-03-22,2025-09-08
6896d40d7e007e86a885c28280c79ed0af362a4c02a0ceb3c95985acacb3d3f4,5,1,1,2024-02-05,2024-02-15
689c13504eb83595c6b00b495950b1589769f06cb429494f2840a3c55f9e6614,2,1,1,2024-09-01,2024-09-01
689e7ee13c931c1f735776c9a1da07531ebff14673ba072a3bf1663b5aa0ee37,2,1,1,2023-12-26,2023-12-26
68a1eed5967e643c640839e7a40bf2b2350f26dc183551be02e885094bb26e78,3,1,1,2024-04-30,2024-06-07
68a398f8a3ddc6d3adc293c37794813fa923ae0b9191050fdd3f82d2db92b820,2,1,1,2025-09-05,2025-09-05
68a583cbdc1f9b18b2832758bdd26d755c4fc885c721f79f84eea4af8d9c5fd7,3,1,1,2024-06-05,2024-06-05
68abb552d51624d42594428353bf0acefcba62ab7437c8b34d1044ad8e90175d,2,1,1,2024-02-01,2024-02-01
68b1d5d9a6651f0b7ee9091d501ebccc2708f493c6f01264980c42d5a03b8ffc,2,1,1,2025-09-12,2025-09-12
68da3d2ed3ec6f4c857cc3ce7413928f96266afa5c65a315d61c02f99c239234,5,1,1,2024-01-22,2024-01-23
68e055833f02818711659ce01c10c5e53862cc139cd17a823b19858443460d6c,2,1,1,2025-01-18,2025-01-18
68ebe8dcd465f210dbf761727bd2c6d26abd4eebfe0773a904bf14913825c32f,2,1,1,2025-12-22,2025-12-22
68f42cad52a226a8dfc3cf27e39da15e9b1131c5e4e98d274e6c25241e66eee2,2,1,1,2025-12-09,2025-12-09
68f8ac7ae735a05ea0713ed8cdc19e3f735d66fef114b345c03ea593165f7665,2,1,1,2026-01-19,2026-01-19
690f75812a57ac9a3dd0ee05e30ba19d360ebc0f60552b98bd32a84ace2d548a,2,1,1,2025-11-02,2025-11-02
691e30e350a0850403d6417df5fae440d138bcf2352dab4e4738c51f50ab57ee,2,1,1,2025-01-07,2025-01-07
691e845d803b18911fb5a29f600cc8fc6e2654a9c14465a5ff321c9abf9be4c1,2,1,1,2024-04-28,2024-04-28
6925c7809356ddec0ea3b0edb20a0ab7d7b8e19fcb5205598563d71e40fd648a,2,1,1,2025-02-05,2025-02-05
69381bbfc58c2c46fe063e637fac5466b5dc8a1cddea97634655cd9e841dd343,95,1,2,2024-10-10,2025-03-27
6948d57604098273f07951b50c093664b590919b0d58f9e901c7880bc5a8ff0d,3,1,1,2025-09-29,2025-09-29
69552860f326dcdf6111afd21a826d11bb2a87a1e498b5d72d25f8a41f07ec27,2,1,1,2025-12-14,2025-12-14
695bd774ffd11a05353d757a73ba50fbc5a1321701259092645daae1d0410c37,6,1,1,2024-03-19,2024-03-19
69604c7aaf2f0bc8e66e19b0d1f4e8a130c271e9b24f7359a1694e883de90724,2,1,1,2025-08-12,2025-08-12
69727545ac2a54f58c87b223dd8df9d9c9d7ae3e0c43c2e0794b745670bd036b,2,1,1,2026-01-22,2026-01-22
69986f2f6546b20ce4f7b8e066810d39a20322f3039bad1e3033f84bcef12b9d,2,1,1,2025-01-15,2025-01-15
699fa9e6bf35bab4bfe0538b6dae17015daeddbe71ee15973f25ff5ea7147cb5,2,1,1,2025-09-04,2025-09-04
69ab56c660f426aa27b41b4ce6214d96557ab13a3eda26430edf7d3e0c3d8756,2,1,1,2025-03-22,2025-03-22
69afa0799cbde8066ec4d9ff08c4e5fe998227d8f5bd2ed419092558f79c3d95,2,1,1,2025-02-19,2025-03-03
69b596fc63bf1dff74e79c73ea5005b7bd28e451e8206a0903c5632e5f5038e2,2,1,1,2026-03-17,2026-03-17
69b9885bb4c71a9021f6f25c55edaad653b9ab8901dff82be61efd178781dddc,3,1,1,2025-11-09,2025-11-09
69c99bd515212da45c3231b9e276ffa948a841e93eb1cc2b6568065d55f1a006,2,1,1,2025-12-29,2025-12-29
69cc21c219014902ea85252c3096427bf888c6ee909ca51a0f36577fe3f530cb,2,1,1,2024-09-20,2024-09-20
69ccf5acde6937719100cf93d96a586d6cea707b419aede831505cb1c002e7c1,2,1,1,2024-04-10,2024-04-10
69db3b50cb46ac5cebe93e24705018874172da8ab1881f778600c5f0cee3f0ad,2,1,1,2025-01-12,2025-01-12
69fcdcf6d9559811bda41b88ca885eed4f7fb994a75b313917e11770302d1183,2,1,1,2024-01-24,2024-01-24
6a002e4f6e3fe63f29e551755e6f661cee6bd41d7b13556395fd881abc1d0953,2,1,1,2025-12-09,2025-12-09
6a08cf6ad68a6ab298919339ee0321c299efcd4c4e152902eb515c8aceb36cb8,3,1,2,2024-09-22,2025-03-24
6a1286eadc0067de584f5bae302e76357ccc68628765c8d2ee7a02ebcf46342f,5,1,1,2026-04-20,2026-04-20
6a20ce1f79b0132037100c8c62837a784ce3dca486c2315206f7cbb42b33300c,2,1,1,2025-11-16,2025-11-16
6a25ee8b8cb87f32e4255fbae15ce2dc9269ef95ad818b7201d1f15098a2f1a1,2,1,1,2025-02-03,2025-02-03
6a2e43b5d409ddb1762de154a927d75dbdefc7664f5baddb6e255d098190dd80,6,1,1,2026-07-08,2026-07-08
6a37a8edda2e1b9f5b8423dcdecb573dd6e42fe6b8489d6cd24a35fdfca74147,2,1,1,2025-06-11,2025-06-11
6a3c44d61f6801be406676b2783bb32b169c43bd15c7b979a72acb5371f13adb,3,1,1,2026-02-09,2026-02-25
6a43821e9a00a31306a29fad8d561620d60cdb4914de0b648608c27deb942b54,6,1,1,2026-01-25,2026-01-25
6a4aa2509046501bc39c86f6ee080a24538b4d8c2b4ecf5b34aaa9b5b85346f3,2,1,1,2026-04-14,2026-04-14
6a547b9fa24709ad13c6a688ac081c4556a6e18827ea639f7aa7c0c902d932cc,2,1,1,2026-02-19,2026-02-19
6a6fdfd572344b6fdbc4a03f9b1c062f42dfc102952a937372a9679eca23792c,2,1,1,2023-12-13,2023-12-13
6a7104df9c4304cd42f4d278b57ea784e22dccd90bb5f35c30a0410e5ff3c1c5,13,1,1,2024-08-08,2024-09-30
6a76121dd6c75c782d72baaf05d8099e5df1ce4820d4d8254e6965e2ea28e2ce,2,1,1,2024-11-18,2024-12-02
6a7737cb2e2a6cbec4c4570d70ef57fbc47f16e50f4e5b1d1861762ae7657632,2,1,1,2024-03-05,2024-03-05
6a777e1247e438894a75076ab7dbb9198f7a912eae59f15aaef089c96ab93218,276,1,1,2024-03-25,2024-05-07
6a812a0992438649e79342705916f3adb37ccf307cc2f68f0662a66d6f14e38d,2,1,1,2025-05-19,2025-05-19
6a91040bb6212497a01372245a4f9cba37886d7534d7f1ddc94f2174e68e220c,2,1,1,2025-05-15,2025-05-15
6ab4cee50569b112f23f681c4f966d02559d0c81dd207ae539db8c63962dea6f,3,1,1,2025-08-26,2025-08-26
6abc4a6442337dc553d6c2a11dffc9591cd82d3edcc6f5f3cc3017ffc58bb5ac,2,1,1,2025-03-29,2025-03-29
6abfb939c2d05427facc02a8f9aa9b9df2665e2d6ca7d8a250d17916b1864ff4,3,1,1,2026-01-01,2026-01-01
6acf6628fe2a27ebc39039f717bba429ecb05ca4f864cb7b714cf93337e35e40,2,1,1,2025-08-15,2025-08-15
6b04a8bc35ceb13985295d2e50f135d081ba01e1aa0aa2216b931781b0994170,3,1,1,2024-01-24,2024-02-29
6b09b754b9b1ccea4d6d145ff6acc4f58b3fa66d687f60764463bee97b0ebb75,2,1,1,2024-01-29,2024-01-29
6b0a6565439dd846e72eff3cd5117d2557910f260684f854e292b7948e22738b,2,1,1,2025-02-07,2025-02-07
6b11eb69a39f2aec51d588372b609d000d97f9fc9c9f2e76c7fa55552cef601a,2,1,1,2025-08-08,2025-08-11
6b1e45cb57566a12e2585ed2242ef37689feeb910d91386a2b7d57bdfb3877bb,2,1,1,2025-10-15,2025-10-15
6b3d5881775e95c7ff31df1bb8376ee608cce910351e912cc6de233478fb1fc4,2,1,1,2025-05-17,2025-05-18
6b5303f75397a2af39ca2205d3dc540c80332be17060f8d7cf116db0be2adf33,3,1,1,2025-09-08,2025-09-08
6b5443e33b9df2204e65b5597aca45fa961d7af999dd549ac78c83c61a80eea2,2,1,1,2024-03-06,2024-03-06
6b5fba354d23840a3dcbe220fa20dc04a140e3d77812cfe7adfe27ae6fda9703,3,1,1,2026-05-13,2026-05-13
6b5fc775ee6cef71290e975df1dc5a0f84db11c34d4bc5eaa3b298860a068dd9,7,1,1,2024-03-05,2024-03-07
6b7a1f70c1b97168d8b66318e1cae816b502ccd445bcdec7798503c0ae19ab1f,2,1,1,2024-11-20,2024-11-21
6b83122dce38c96722cd1c135c900c50a42f29c1313a8a464cf8ee374f106951,2,1,1,2025-02-18,2025-02-18
6b87ce5cf9684dfaf2091c4a2a7210470230421896072da45d116d7aaf65e1a1,2,1,1,2025-10-21,2025-10-21
6b8c6085063d4da4403e0ed9997a8fe8fd04b2fde7e8d68e1e1d4e4caf1e59b8,4,1,3,2025-09-11,2026-01-01
6b9b0d420d6f6d2fa8cd5e504b7ccd9c8e395cc2650812bff030a50018dd6f20,2,1,1,2024-08-28,2024-08-29
6bac9126bf80fe604010d089ce481468265f424f5f4217cf6066a304c15db945,3,1,1,2026-04-13,2026-04-13
6bf5e3c2e9e3bfc99989e27f1a040f3b9c315a300c701d2c4425bff0398fbd7a,3,1,1,2025-01-22,2025-01-22
6c0f20e9a29135a5f1fd83968949db69161306173dce5df8d68b05001bd63b49,2,1,1,2024-01-24,2024-02-29
6c16d56be4e52418bec88f65210f3c19fca7ddf37f82259e54ad15e64e2b2761,2,1,1,2025-08-15,2025-08-15
6c1868c8933c0f6ce992f00a9c0c6be966b2599d3422e15fe44e6649dccf6318,2,1,1,2024-06-14,2024-06-14
6c245f33f0cd66ceda3aa8ae6c6518b041d0afb409d489cf5839c44507a6f843,2,1,1,2025-09-18,2025-09-18
6c2748dd7350deceaa3ab2793ae7568f46295566289d7cfe0182c73bd536c8fd,2,1,1,2025-09-25,2025-09-26
6c3584c5e8d71338c05eef54acc545fca79d274cbb1e9db8deb84b72ca1cef5f,2,1,1,2024-04-06,2024-04-06
6c35974fbd9642f135ab43278d9c76f0d772a1f71e326c73a5e367b02bee6f2b,5,1,4,2025-06-20,2026-01-08
6c3808381ec114aa00c8b72ab9aad79fa0b7e3085159b46d6b44e3dd1d531218,2,1,1,2024-04-11,2024-04-11
6c431904c72df10c3146e7b9645073d35b684abbd765135b49dfa2e95d9628bd,2,1,1,2025-12-29,2025-12-29
6c4795f2aa72f4c57758fd55c02da6759447a941336d069bcb50e7195e954e4f,3,1,1,2024-10-12,2024-10-12
6c4b66323b5f12daa3468e42b7b58bb69512374b5ea6cf38eab54dabf1191709,2,1,1,2024-06-25,2024-06-25
6c4f1698a6b36e6f23ed61d9e2dbce2476bf3b9b32f5820070eae367ebf643f3,3,1,1,2025-02-12,2025-02-12
6c5d2acc50263f901be4bd724f2fd3aacf804d8650521506bd4116dee7462a72,3,1,1,2024-03-11,2024-03-11
6c6490f40b14e1f5e0d7b89b14bbcaad6d82276356d079c7a05f474cc08234f5,4,1,1,2025-05-12,2025-05-20
6c7be6d8877b1444eb53376cc732114e4f7780d12f735e20cc86435932cd904f,3,1,1,2025-11-06,2025-11-06
6c862829774f8c5813e6856e1c8904f8fd0a276ec6e5b30ae53290f4c4c5ff83,2,1,1,2025-02-28,2025-02-28
6c90f2d0e21d1be2cb1a421698c3394b1c94a25359c5c23f741132b59ec5af0e,2,1,1,2025-05-12,2025-05-12
6ca95063ca8494d5f7712fc425cf2e9ab4fe711800f502fa8b51bc63d88d7ef8,2,1,1,2025-10-15,2025-10-15
6cc89ed923392de50d272b2bc2100b1910fba11062880002b85e068cfac6ea70,3,1,1,2025-09-23,2025-09-23
6ccd726664b869d1cf0d365bf855df7e23a1d3443599322a274ea275aead96bb,9,1,1,2025-06-03,2025-06-12
6ccebbe0e9ccb089edde036a184e98f57e041e16a471e4758293213b97b5e34e,178,1,1,2025-08-12,2025-09-26
6cdc99fa2385e53a613a0e9f0c297bc40c2d3035b5772f95971c65e6cff41853,3,1,2,2026-03-03,2026-06-12
6cde8283189623878d47b262af02433adcca02b34fed0bc18f2df5fcb3ced478,3,1,1,2024-07-06,2024-07-06
6ce27bf069050f9dac549a838129b0670f37b022ab860a52cc179e5637982612,2,1,1,2025-05-12,2025-05-12
6cee0b27384c920129ce500b4b11956047d998475466c18d80f6a7f6edd4efff,2,1,1,2024-08-07,2024-08-07
6cf4de18b49569e3a635fc30d35186810d2df0b0ec8e28c4c517e963d60e57be,2,1,1,2026-04-21,2026-05-15
6cf6ad79e223b71fc112f50d0f2d3e0764277e0eb30d259850755eaa9095952a,2,1,1,2023-09-08,2023-09-08
6d10d42eb99788407854bc5dc32ea532b1b88dada741acd85d0c8a6f17cccdfd,40,1,1,2024-03-11,2024-05-03
6d13fc883c5b71f746922222890ad9ebb6eb02ebb5c695623109a16e3154bfd4,7,2,2,2025-01-19,2025-04-09
6d23b2142cbdc214d90ffc5aafdc0520bd8ad282e167088de6c43c72d2b2402c,13,1,1,2024-08-07,2024-09-30
6d259778220b9c62b0cac4ebbf826a8d355b34c0f84a66ff6c31923cc2071aaf,2,1,1,2025-01-24,2025-01-24
6d2facbb0a73987f983ad943cab2aed50a5f962ac395b62876c0679479050909,2,1,1,2024-01-22,2024-01-23
6d31f048670b557e85421685011d7dac0717fd7af740bb36a70d9d95735f8c50,2,1,1,2026-07-08,2026-07-08
6d51d53d68e030872c6b4754d452bbe242f8d2987ae46836d264c94f90242d53,2,1,1,2025-07-07,2025-07-07
6d53233a3643ca4d8ad3b2b2f093514f97fec820854e7db8755b5cec1b18c8eb,15,1,5,2025-06-17,2026-05-28
6d646f02c713300a6686ea72bc6063c6a7e3014e394ed467831ed1a331d6aa30,2,1,1,2024-09-23,2024-09-23
6d670de4e1b444cb2c3cf9ef403b5812aa08c201cbe97ddbe86b8ba7c0605f5f,4,1,1,2026-04-19,2026-05-17
6d6c1770b0e1437d0e800290a83a614b5ae702d5ca980e3c48e878f1302ab7ac,2,1,1,2025-04-07,2025-04-07
6d71e0f4ea598f33d057b86b1a2dfecc3319b10e8b9d166bd25e92ec30014865,2,1,1,2024-08-22,2024-08-22
6d7f1f28a94d3f1844a84b9d45a6aa8d392936fa158fc5cf2a7a1a9f1f1ce5f4,2,1,1,2026-06-11,2026-06-11
6d82f52e314555ce29d4c6ba79cf845f5037ae2ddef802f80176ae35cf9a0504,2,2,1,2024-01-07,2024-01-07
6d8a101fb7639d9cd0b770b967c2719251de46beecafdb300901b53293972450,2,1,1,2024-11-04,2024-11-04
6d8c00dd87478f447e6869abe369279020f50a9e54150850cd688759d506e859,3,1,1,2024-05-10,2024-05-10
6d9ceb6089040904c15ba34c6426e3e4b05bc5e0c33f1a02a3965f7448bf0400,2,1,1,2024-12-25,2024-12-25
6db5370b36d0d20acc758de9237f1f545c8fd10d19e972eea4fa523deaa361da,2,1,1,2024-04-16,2024-04-17
6dba46a86ce4434c1fb254f25750f8db1d6f52b22a8bc02378e62a4f8458d2cd,2,1,1,2025-04-08,2025-04-08
6dcb88cfe5f56c04af3388d653a7385bee03b563b6b4cb8665f32cfb1c0277d6,2,1,1,2024-01-18,2024-01-18
6e0291afa109fb9f22c53cd7132ea94706b91cabdbb68c7fe545fa84b04f7efe,2,1,1,2025-06-13,2025-06-13
6e159d0bdf2569afde48ceefab65f0fabd368d247cfa26961e6081f8104a4877,3,1,1,2026-03-15,2026-03-15
6e1e33cdf5bd0147b0872126f242bb415618bb7a259890c429744e8964eb2211,2,2,1,2026-05-15,2026-05-15
6e2b6c08e05f10849f4c373b59bde5bc55602770ac9874bac25f208b22e46036,2,1,2,2026-06-12,2026-07-03
6e428a395acf06b27771485e2dd747488f26352eece9df036c7f848d37d08220,3,1,1,2024-07-20,2024-07-22
6e4e8f82e8e627bd9588c7fd6da27566915acf310d9bb518cb8e42bb40329b94,2,1,1,2025-06-27,2025-06-27
6e59ba8e4927323070f7d6f18d4106dbc0b8649d8c6d4309385ee62820f2f62e,2,1,1,2024-01-04,2024-01-04
6e69c1ecbfb103587759cf50bde3ef7a556602d5d9523e53cf1ecaf0791c2953,2,1,1,2026-05-27,2026-05-27
6e7961a27071e2ca698b53b6994427356b02d0e4dcf769460b815e2fc7c5f2c3,4,1,2,2026-04-02,2026-07-02
6e8055f4e3dedb6bd0e96492be87b0658891936c192d70b281dd66934056d534,2,1,1,2025-11-10,2025-11-10
6e87a00ef7d8cd1491c0d6bef3dbb762d4bb705b21affa626c94a99180eb8c49,2,1,1,2025-01-15,2025-01-15
6e963dc6a8fe8f0c472051f515e449f07609333501cc18301d7714f55f6f4578,2,1,1,2024-09-17,2024-09-17
6e9b04179f2ea5bc7a9359401e25513c9584ed122f5df631a7eac53d1c603634,121,1,3,2025-04-11,2025-12-23
6e9f94a6b12f0ce7232828f736984040c865d60eba373eb5ca02fe4e6e772f8f,2,1,1,2026-05-19,2026-05-19
6eae84203168f4f8fa10f4a7e6d0c811306aa64a6de1815e3d48e97316998d06,3,1,1,2025-11-27,2025-11-27
6ebed3b337a680002c802f40a31f725798d31722585b26417762ee2dbaf21bc5,2,1,1,2023-12-10,2023-12-10
6ec14f0b5912bb2a48ab5871b9316366bfbfb9dcfe439b30974e09695df6b534,5,1,3,2025-02-26,2025-07-19
6ecf2c613969e27cccb70c416e6cda35d63aba7dff15b542cea9f9a0b7509d05,2,1,1,2025-12-30,2025-12-30
6ee29ded5b35dff4633f46856edd3071479e8cc9fda7cf14bf80c1ff1592cc9c,40,1,4,2025-08-19,2026-06-24
6ee4d2f37f3e9eb82e6a34240c3c6df1bdb95cddca7d99bfd76f12e61bf4b6ff,2,1,1,2025-10-24,2025-10-24
6eeb344a56f8e9197828898ce8cc73049b43ad953ee6bfcad9b25651eb76504a,2,1,2,2024-09-20,2024-10-24
6eebb433bec085a4b297bea947cc1fd6f3e0232e923eecf63dad1b7d3f8e20d8,2,1,1,2024-05-09,2024-05-09
6eedb1c256815aae9c269171eafe94f17b8cb8b372403cb783b73d2c567d6a8a,2,1,1,2025-08-10,2025-08-10
6ef1282288a8816904a630717906f20e0759213874b7db65b9e179d636ec069f,2,2,2,2023-11-14,2025-01-31
6ef3c0c9ef43917bac7fecc12b637a978fac16465ac974d51b8cba2d94c34993,2,1,1,2024-11-20,2024-11-20
6f034caee10dbd83d2ba9b10fc3bd78f0f123906df6c96e3147b5821ed48f708,9,1,1,2024-10-31,2024-10-31
6f0efe98bb746ea5aa3647e9c0c70986757b3189f1b5d47e621192fc3fe76087,2,1,1,2025-08-07,2025-08-07
6f1d4430961222ea6a700fde30d222a1a8afbb030d74e1cb384cd17769ac5e0f,2,1,1,2024-03-21,2024-03-21
6f2834b6cf6e2afcb9ccbecf11ad8b4b27684fb741f60633883d05d61cd52ad5,2,1,1,2025-12-21,2025-12-21
6f483f6268e83656cae1ecb1107aaec01baa29b7156430bf359fdc45270bd1d5,2,1,1,2024-11-05,2024-11-05
6f4d608622c7f1e0b5d317e8882428ee2094570dd3625548d41f73696a5f8821,2,1,2,2025-11-17,2026-02-11
6f6ca1866feaa820789fffc998e3e4dc5f05a4e40a73373e0dee6d5806f31bac,2,1,1,2024-06-19,2024-06-19
6f7f5e910ef36e8bf73ffe4ee66c515cb41b93b43b413850f5918423f533e373,2,1,1,2024-01-02,2024-01-02
6f8362e33a913eac073a57a6400389472ea2f6f4f0a3bea3c647502b9f2b6a12,141,1,1,2024-04-02,2024-04-10
6f87db1a731af2018c70c9afdd5d2eff513b63a60a0e7c18bcdbf118737d4ef0,2,1,1,2025-03-25,2025-03-25
6f8d4bc204c75ceacfd01108f9a881b2bc14039e36f66a7c84d84631473e1b4a,11,1,3,2025-06-19,2026-02-03
6f98334e863b2eb58ad6eed999b909ac9b1b1210efe337d7f09bad179e3ac8dd,2,1,1,2025-05-23,2025-05-23
6fa058349e2c6c021a69be8f44fb844fba6adb09f948ad0e9e3f67a66db6e72f,2,1,1,2025-08-01,2025-08-19
6fae345a85293bd775246bbee1c90028c66c81fd5a2c7f761cf061513e166129,17,1,1,2025-08-30,2025-09-01
6fb251a6527d5a0f183de9684763e368cf1109d9223f9b51275c7a9753ae1ef3,2,1,1,2024-03-31,2024-03-31
6fda16f21d083474215849dd93a79f34fc79343894fcc4f43cc3cc0e29bb39b6,2,1,1,2026-03-11,2026-03-16
6fe5ecf5dda0cca3c020e07ad99c48f8f0cb7e1d51faaaa3b784735d7e45bfb3,2,1,1,2024-01-02,2024-01-02
6fe940c556b69173dd513693589589b5028f495cc08b4ab12930f2ce8080a803,2,1,1,2026-03-23,2026-03-24
6ff9299e01526047fba17426950f9aa2395204276fab23e206e3e2540598734f,2,1,1,2024-10-02,2024-10-02
700b7a81ce037727119077be2fd6bfafdf1f57557773f4c3291a8cbecc997fa0,3,1,1,2026-02-20,2026-03-31
700f22fbdc013eadb4eecf660a2b27ccb5fd46944a0a14d048afeae1ea573f1b,3,1,2,2025-07-04,2026-01-22
701f33b91dd8aacddca69dd23c394efddfaa67d56ac913330936c40b7ca97d85,2,1,1,2025-03-10,2025-03-10
702401ed8bde024479b1f9d5f82f6bfb904a2c55d7a8075c28368b83257e96b7,2,1,1,2025-02-13,2025-02-13
703c91a2855f6d87c0b883604ebe207eb8350579b3a40a418e503576ab73a92c,3,1,1,2026-05-31,2026-05-31
703ef3f02d7ebde6912dae22f08ebd4b85daa3df7a9a4956ce3247efb76addc8,2,1,1,2025-10-30,2025-10-30
705ad4825f3784474c8d54942177af5681ffe1005b1b617f998e9d38ab98da8c,2,1,1,2025-07-29,2025-07-29
70649d022654fc260de3e1ce06fc07fd9a15141fd6ee502f291adbe8203e0243,2,1,1,2024-12-11,2024-12-11
707f1fb18e05fa2ae89f8353fec8162193f01b5e2c1edbdd35519dce506dc3e8,17,1,3,2024-03-30,2024-10-15
7091b8123fda459e2a8b187f4710e1a45a065454e33409adf2c9a22b24096dc2,2,1,1,2024-01-17,2024-01-17
709c582e3215de198b7456f68a69bc1188e0c42a9b24a77ff9e62a86b774f130,3,1,1,2025-01-23,2025-01-23
70a0f9a15e811384f7961512895d89f44c6b02336f8e0849d05fa9ec2a89f706,2,1,1,2025-03-30,2025-03-30
70a6c1a74ddbbc47c2febd1c72c451c1cc5dabc6fc8203a116527e608d8459be,2,1,1,2025-03-17,2025-03-17
70b9183ff3ae63c318ce659b2b672c6421d18453106d474d51aa1d39372f440e,2,1,1,2024-02-29,2024-02-29
70e0357899fe5597178b0249846d570e93dce3cbea9a639b46f722f8d5f9014e,2,1,1,2026-06-23,2026-06-23
70ee72adbafc9cd6b8b91c0bfd451d7e75566b10c7d5ac770e789e2d38cac516,2,1,1,2025-07-28,2025-07-28
7111bdf5d758fc5e7c113f03680578ba10e1a6cbbf9af1beb784a92321cbbc7e,2,1,1,2025-02-01,2025-02-02
712567280b5dca40d0119cf5d7e5e2e12fd9a7431c9ed7a763d86c2bdbccf68a,5,1,1,2024-09-21,2024-09-21
712e77d61f5b9e6bab4eab6b4a96a49eb1d19aebda774490135c3b5046ed0b56,2,1,1,2025-01-29,2025-01-29
713763d769744ee63253a38ac335eb42c4c96ca5f5ddfb1c3d7920f3a4a1b085,2,1,1,2025-04-09,2025-04-09
714545df1dc0df7692071a0df331c65e4be704eae17c2ec7291d3fe0ef02f7e2,2,1,1,2024-08-04,2024-08-04
71457adc64e264d7e2553760f0106ebc9fbbd4a6fa43fd7db154e813f183d97f,2,1,1,2026-06-11,2026-06-11
7158815f4354d48353f27613d6cd3d6560352a9e374c55b6b858a5c016e129d7,5,1,1,2026-01-24,2026-02-06
716bd9a7bc8a787e5eda854aeacbc7c31f9513822397a3487f1292ae1e4068f2,2,2,1,2024-07-28,2024-07-28
716bf1cafa57ec7c4385d8d31b837097afeebfaa9b0066560017ec49cb2a2b43,2,1,1,2025-10-17,2025-10-17
716bf7bacb4ff9ab477699dcfb939cf808a69c97652c79829fc905c044ffa7ef,2,1,1,2025-12-09,2025-12-09
7174ced3ecf2fe5347ef6a56d758baea454a82194970adb1b16f27c2fb46b9ed,7,1,1,2023-12-28,2024-05-02
7175e28f374f635564b554d21a5d380f6d052b9677b8325388cbc0d4c11a7a20,7,1,2,2025-12-09,2026-02-05
7193b419aed37131d6b45897e89a844de8a4d81a0e364e20b69e8384523262bc,2,1,1,2024-01-27,2024-01-27
71947b68720a909f1d40ba12534fdeb9c675807ee9a2a5002c16a3b9ed88a348,3,1,1,2025-09-25,2025-09-26
719fa74d716678fe56ce13b0705d3fafe4088f329df902d03ff263d439cd6af5,2,1,1,2024-01-29,2024-01-29
71a204c2a2d170802dbe987e629432ef53305460278c282fb42591e4dbc8f2e4,2,1,1,2025-01-30,2025-01-30
71a98699354dbd60dc3cd8f51fdaf7e4a191ebac8a538e20b4dcb4b2eaeedbe5,2,1,1,2025-12-19,2025-12-19
71ac8b71a4350f9dc414a63b0ebe92d93332fabd766952b046d59709b759254f,2,1,1,2025-08-14,2025-08-14
71acf09bceb163dfe9224465a21587101d0934a80e83bc231dedb6a45aa33378,2,1,1,2025-03-14,2025-03-14
71b6f42e51b3ab3e4983177cb58737c77446a818f9527c14b1fbd443dfee3e60,2,1,1,2025-09-05,2025-09-05
71b80d6d1883855fb3dea587b9d442f25df5b442d860d12d70bb367cde5ab322,61,1,3,2024-06-17,2024-12-11
71ccebc0caf76a0182b999c6524da13d3fa5e02c2fa583ea506aed5674ec901d,2,1,1,2025-10-02,2025-10-02
71cfa723946b7d93b5a0d2a462d00f0188690a09fa63c9fd77ef6fee436b4f7d,8,1,3,2025-10-24,2026-05-25
71dc454ecc51fa5913dbcf2c1c21acde3c304f8c507ef0e2bd2c5757b7f7f636,2,1,1,2025-05-01,2025-05-01
71e42fdc5b2c1c33c317510a402d446c04a93c3d3af6837325b58544f7d254c2,2,1,1,2026-05-18,2026-05-18
71e80d5aeea46db7d5cf570129ea584243a273564f03dda338bd99d06d291e7b,8,1,2,2024-05-09,2024-08-27
71eb29c37e5ab90952d6c56c17c9a71531700d9d2a5a0530540edc6a6afe0fd4,2,1,1,2025-10-17,2025-10-17
71f53cd3ac69cc99568163d5fefe0d4f8031e7c58f17aeca96b487a2c08d35e5,2,1,1,2024-12-10,2024-12-10
71fc996eae90f1068c27079849f0f9184814b16acc7835ffe446ec56da263f20,2,1,2,2025-11-12,2026-05-25
72021faff875776c5e59892f59b5c8733c44463dafb063681f0ef896893a8eeb,2,1,1,2025-04-25,2025-04-25
720ebd3f2af982f912d9570891573da64c24075528a81a607d999c16d3e8be26,3,1,1,2026-06-25,2026-06-25
721cd5af0310dd6cbc1c9f54ea36cb8a27eedbee0cbef610dfd5901dfee441b5,2,1,1,2025-10-21,2025-10-21
72267ab726b8859b046d34677e37e9772330197ddff583422df8b0a186fb692b,2,1,1,2025-03-28,2025-03-28
722e049c94299ecbc0206b3279727a462cb4a41cd9e10b6060611dbc0874af47,2,1,1,2025-05-08,2025-05-08
7238fdb764da8c7d0cd0f73f2eb53e0f57bc6e2e35487a68ee8e358db7ae5e13,4,1,1,2023-11-20,2023-11-20
723c90872642d160334a6d59bc236da809658e3d61a8fd5d676b8798ad7e8946,5,1,1,2024-03-25,2024-03-26
7246ac231bb504a945c984223722054f2e53722793dbe4a951383138296b0a32,2,1,1,2025-09-04,2025-09-04
7253a858bf8384f6c42ffb8d02518d3f9d2860dd0b320075f4b34dc0b815825e,2,1,1,2026-01-01,2026-01-01
7259b07be89722753845f69749541f24262ee05eb574be807afe297cfafb2c42,2,1,1,2024-10-11,2024-10-11
725fc14cfa705ade054b77ad199dd64be431c5bba84891a65ab3911edbff615a,42,1,1,2024-03-07,2024-05-03
726d3c146c1d8d2891417fcfaede034767c55604ae96c493db98e3bb7f7cfb5d,2,1,1,2026-04-21,2026-04-21
727687204ef530f62c9338d251edb1f63343b2b977e87d88e2487e601c8ce4c9,2,2,1,2024-11-10,2024-11-10
727dd21f41e13614d93342a4dcedc61e4d5a71a1f8981d1e9a4f6827827a895d,2,1,1,2025-10-13,2025-10-13
729352c36f8c9758aa5b45749c4cbd1918d7d23a4763cf8c1ce5701ec85382b0,2,1,1,2024-09-13,2024-09-13
72960193f1aed41ce630fc78f99a1a12a5bca96f365e91b43de73d6042c460f9,2,1,1,2025-10-27,2025-12-03
72a27f59e3bd2cf2711b9d5815af27f976f473155a80e36217a70139d0a4d639,2,1,1,2024-12-20,2024-12-20
72afe3226f917c583822bfd9d85f7545c7256268e74397335de52e1e0d7d31e2,2,1,1,2025-08-21,2025-08-21
72b89b80919782feac0257ced9f57f7d5d8b30e213ec788ccc91e97f1b4803ab,2,1,1,2023-11-16,2023-11-16
72c4cef70a9ac63e55659f3e51ec41948c84bbbeb68ae9407965f78f1e0183a3,2,1,1,2025-01-11,2025-01-11
72ec522816eac29bd94fdc437699cb2bbb3774a9e0f2f7ff8ad1f82b37c08f29,2,1,1,2024-02-05,2024-02-05
72f16f91eeb19463b9372c120d1a8f9439424a21f552d4d9b7d581e4d13f6d3e,2,1,1,2024-04-29,2024-06-13
72fa517ed9968c087e7af7f8994d5aab9d68a7ccf7b945a724d129e162cc9f40,2,1,1,2025-05-02,2025-05-02
7309368c321654b2e86be793454cccca212a30e097657285b20916c7fe7e842e,2,1,1,2025-09-09,2025-09-09
731e60c19931ced6bdd510429a856b5f8a55ee16745cbcb0afd21b21944705d2,3,1,2,2025-12-09,2026-01-22
731e6d97e5caf979bb1a635d072f6b964b162153608077a99982365a0176f082,2,1,1,2024-02-03,2024-02-04
73277902130f51016c3271f576ce09f6a35c9f442413fb462b594e1766f995e4,3,1,2,2024-11-09,2025-03-06
732a86e9142506a526cf196ea2612e86471cd2de73ebe249559abcd44ac8a487,6,1,1,2026-05-21,2026-06-14
732f61c4ffb95fee1fad0cfaf8269cd70b03309aad4b1792910290371420c74e,3,1,1,2024-06-13,2024-06-13
7340121d1c9ce5dbada968045cf11d13772ee622d9ea9da8bfaf4bb42b1f5003,2,1,1,2025-08-30,2025-09-02
7346187df9ea0f8aef24888ce77598aafa1a90e641ed31f5c94913d42d3a397c,2,1,1,2024-01-23,2024-01-23
734da5e908aff3a72bfaeca27de07bc73574a5115e139db98ca1d20f3aae613d,12,1,1,2024-05-03,2024-05-03
734e1c9c4f74cc60c62197c7500f39427ad3093c4567ee1b27a0f3dabc61a304,14,1,1,2025-07-31,2025-09-26
735460b0691cde86a6b6ce0712e8797d0ce97206fa9446f3ed38fdfd19275254,4,1,1,2024-05-31,2024-06-01
736d536e229ba0d363cc02d596bb949e78164193c046ae9a0ebdad5a66376656,4,1,1,2024-03-12,2024-03-13
736e29a93f6884e499c11af9e4b04472bf6381f83b854997b5c2a66ed97272c2,3,1,1,2024-09-16,2024-09-16
737b33fb220f4704c1983bf87d44ad1d50004df12172e31dc45b675a5da64ef3,2,1,1,2025-09-24,2025-09-24
7386bc302ec429821d62403d985e4d456c0c8833b1c73e2242ab140cc6f942d5,3,1,1,2023-10-16,2023-10-18
7388bb45ee8048f6184112ccb1fd8760a59d05b1d0da89aa4ca254865f5e52ef,3,2,1,2024-04-09,2024-06-07
738f7cfedb47cc4f9d0562161e768d04e76c477aac7b4cd0d8e49a7272e332f0,2,1,1,2025-10-14,2025-10-14
73a0102afeea0bd03e7984d605f39da483b622971904f8fda1bb35780dde26c6,3,1,1,2024-03-06,2024-03-06
73a0ac8dc3ced3ed759282ed1234e501e2d5a6c5528a8ddaca3164bc73ae0e81,2,1,1,2025-04-08,2025-04-08
73ad3b0b833158f3aaec6404bbecfeb3e950b6ece1494497aace5cbcfe12500b,2,1,1,2024-10-07,2024-10-07
73b0c0697ed590b6c8c30847ba0ff60e56c30b46e68158885f7db83a77f0f232,2,1,1,2025-05-27,2025-05-27
73ee3b412869e69ec8481fdf47b9e2462bb3c2409e3801299185693de5751b54,4,1,1,2025-07-30,2025-07-30
741c0656ef0af99f4eed75de8dc5336f9c8c70a002ca61c4d689e5a34fff3aa6,2,1,1,2026-01-19,2026-01-19
742ace1c4ad8b5c5a4cf7e85c28d7d2801aea309e3bb35a5561e116bfd182519,3,1,1,2026-05-07,2026-05-07
7434ad48b78d08483cab59e231825d27359b2e2deaa209bf80c364f3837d2bdb,2,1,1,2025-04-02,2025-04-02
744ba7f1c69a9ea233e2a4f87c52e320426f7acf968dd559ea85651e0d36241d,3,1,1,2025-01-08,2025-01-08
745a34082d7b3a857228c817338998dcf288e71a6ab9e4d5f3b3f1542f0c3cfa,2,1,1,2026-03-03,2026-03-03
746d1b3080c5d3924979da4eb486ed80bfd4e36a70462083f581257699b07c81,3,1,1,2023-10-19,2023-10-19
7481f4491878fac12052b66f9768d51c5744432fc3715a2a71ccd2aa38acf45c,3,1,2,2026-02-25,2026-05-25
74f0afb289a1ed400bfaeca39804dd3ad89f7b7a7cdacd12c92321b4642bf786,2,1,1,2023-12-11,2023-12-11
7521123d5a4e850bad788c8f16a9f55827a7e04db880ba39c54c59e5e286e399,2,1,1,2024-05-17,2024-05-23
752490c3820f2fc49d9f8b6ef41f153b63d9e36b3f6e5515417f940869719fff,2,1,1,2025-03-06,2025-03-06
752d7694616967d5d0beb0543367d15d0b75f5995637973346444064a0a46371,2,1,1,2026-04-09,2026-04-09
75304ed08396fa087e7dbb459a211a59640404eff53b79fe6240e226c41000e5,2,1,1,2024-10-03,2024-10-03
7531f1bc4fad3459200b3dc4405ecea18206e392c1721bc04251d98fef51a63a,2,1,1,2025-11-27,2025-11-27
754a6381c0a074b6445a800868829dd684a13ba1f69267e44a2b830380f53466,2,1,1,2024-04-28,2024-04-28
755a9ec096c1767aadc6aa4358881ed8de1349c5c8653d13c2116b01650ce03f,2,1,1,2024-01-07,2024-01-07
757e1ae5cdb7586636513fe7b169168ac0e79d880e44d15cc3ebea518d88cc6e,3,1,1,2025-01-25,2025-01-25
7581a0427c7892d79b2b097a7ab0e85699b01c57375f122c212f8ffd54064111,2,1,1,2025-09-19,2025-09-19
7587423099b556ce4dface8b97a1741ff6b1eabe583de186b0685a604e934c4d,2,1,1,2025-11-13,2025-11-13
758ebe2a6aaf10f4fbdbbcd8bdfc5321eee38d8b9bfed3faebb25c6d264d2d5a,2,1,2,2025-09-17,2025-11-17
7594f5032c4bce2e2317fb1f6e0a14658fcf381270ac9897d8b0c335c2960668,2,1,1,2025-08-13,2025-08-13
75aacdf117253048ab6e50ada572caace9857d00bbf69eaa9cd857f5e7f5190a,2,1,1,2024-03-14,2024-03-14
75b3888a4936c8172c7dda44a04b7ad24b13dcc9a1b5a7d705cf2d0f7e0dd7ad,2,1,1,2023-11-13,2023-11-13
75bf0d81260fda9105a87b9dcaf95ebd09ab0a126a312b6015d22f4afbc8302b,2,1,1,2025-04-21,2025-04-21
75c1add12169dad1d9ae50b52f608415cdc0bc8df9953913e9872cbd0124742a,2,1,1,2025-09-17,2025-09-17
75cede9335883ec2a3f7c0ec5911657f0244fc947c552c9c7b1efef2619d0496,2,1,1,2025-09-08,2025-09-08
75d9b1d6baceac1b6035dc68bf16a5a55b988432c4a6b60086b4485eea06a5e7,2,1,1,2026-03-04,2026-03-04
75e97ff668153ac591eddcc25f322eb7a32130e775186534c9453fd6d0806c69,2,1,1,2024-05-30,2024-05-30
75f199f72647ee18f5adf031f54b9862ef99906c640aa9f751fddc1dd1f8c32d,2,1,1,2024-09-26,2024-09-26
75f65c4f1f332a3c7b890a8003daffb50ba1878042506de8b151c1cdcd159489,27,1,3,2026-01-02,2026-07-02
75fbaf9bd3cce4be020d450aba3b3f2f59c936f9a6ecc09b89ef17f349f0a98f,7,1,1,2024-03-14,2024-03-14
75fc799b586758deaf8b83fcbfc39809eaf62fcddb9dd817b03f21c8ebf91111,2,1,1,2026-05-28,2026-05-28
760a940e755c3fcc4794545ba9b2a8f79448df090c1c061bb50c9436aa5df5ba,2,1,1,2026-05-17,2026-05-17
760c050fb159a55878522ac38c68c3650195efe45bd4f09d6747ff93f01077e6,3,1,1,2024-01-19,2024-01-19
761380549ff6de4c56a14c177b7ae4c4518de6e977d727b970c4039790af2ca5,2,1,1,2025-05-26,2025-05-26
76157c37c2a93e4dac053a478d92aeab266cb958ab00e947ff0cd06ed0196aef,2,1,1,2024-05-23,2024-05-23
761a96134231e461ba1b11e1af542965769716f132740fcc963178a7179e6442,2,1,1,2024-01-18,2024-01-18
7621663962b2abb9034d964aa267331d23122afb5b567a89f1511ea0bc4237ef,18,1,1,2024-03-27,2024-05-15
7626ba5056f4d973e8402aa500be9eaf254cc38d05f54f89117e606433ec4df3,2,1,1,2025-09-16,2025-09-16
7626f95609a8904d5197ba75e7f76cf28ccf4629976d242e7c9e237fb06203da,2,1,1,2023-12-20,2023-12-20
762e7e4793534e24aded16504aa0c79cc179d1d6902d2999cc4e2de09aac0a7d,2,1,1,2024-10-24,2024-10-24
762f13ed6ac2b664aae5885be55a57e617d709fa481627325cc8a2ded338e843,2,1,1,2024-02-10,2024-02-10
76387473b6ee88182334e6826f6588479779d1c1534a1f324e91b317cc26010d,5,1,1,2023-11-02,2023-11-02
7642f758d05e09ef1bd7c42e08cac6e6cc04a51fa081386e658faf38770097d0,2,1,1,2025-08-12,2025-09-02
76474d5029f5728708f6ff32948989142dfda29af55933b741f147cee7412a34,2,1,1,2024-02-26,2024-02-26
7665ea4d8423cf4672f7ba4b25e47f4b8612b203b488ef9d1b62e7f2d12162a9,2,1,1,2025-08-29,2025-08-29
766f2291a705fe389ca2c2e3985ffff0c95e7cff22ca0e8b6c5ba8af5bb31ffc,2,1,1,2024-04-26,2024-04-26
7677296abd34b33ec5b92cd2672a5f91b68c3941004b48f1948681e4f4592e04,2,1,1,2024-03-31,2024-03-31
7679b82d6bdb8d102de8252630910f556695511240ed222cf306ef67a1fe7d62,4,1,1,2025-03-29,2025-03-29
7683f222dd9906597dee2d35ba8fc90bc958c9bd9bdf887ac82554ddc59fe2bb,5,1,3,2025-08-15,2026-02-10
769ff8a2e439db89f1d9ea950123590b52a1c85d3b6ea35bfe7048e95fd506ec,2,1,1,2026-06-09,2026-06-09
76a0a5dbccc51a2cc2ea73407d226e569bb6ed2c55067d9fcd72242b4ea7efe5,2,1,1,2024-03-12,2024-03-12
76a990f3daa142c05fc9a049e86db2cce0dd58bfeed0f60c996e4db098b82a7f,12,1,1,2024-05-13,2024-05-20
76b5fab62767ef673d82fde85c6b9d8061d34e96519e8e6a28505732b8cd1371,9,1,2,2025-11-18,2026-03-06
76b8869f03e2d9c335381e461da06dc1973db0fbd88b25e4721bd298084b6cb6,2,1,1,2025-08-12,2025-09-02
77034f587bec4e155c704edd5c8b98a510dbe3d85006ea04ee8d9b07c868adf0,2,1,1,2025-02-01,2025-02-01
7705182da4fdc6ae74e974cc1fb07cfd9d2e521728085791166545ba4369391c,2,1,1,2025-06-20,2025-06-20
770c7388401f19944f7a282fc03c4fb7d60e2ec1ed1b973ab642c7526e6d4932,3,1,1,2024-11-06,2024-11-13
771a4abd06db08ccbd2d30b3c5ed31b2b63479e913bc332782c30511c9c82981,2,1,1,2026-01-26,2026-01-26
77438a6197b430e1edcba43d9092203bb57a80c11baf43083c88228ab710cdda,4,1,1,2026-06-02,2026-06-17
7757ed57bebbbdb7054b09c8faf121ec8d6b1b6cee4f870e739cf7571cc4f21d,2,1,1,2025-09-15,2025-09-15
7762e764fb54b80a2464f8f80e69577ac9b350b1c1165159a90e21a190330b09,2,1,1,2025-07-20,2025-07-20
776301127e95cd9d52693d7e3313721f8f8f5e490a5940c0dc6437e057d82940,5,1,1,2026-05-27,2026-05-27
77650f56354a98a2dcd7af37b240ad03fecda662e34f70d95b284d46309487a0,2,1,1,2025-08-12,2025-08-12
7768e24a56f59a87384c213fa2cb7aa52c7ce52ec86c4d232f513dde969a7f26,3,1,1,2026-03-05,2026-03-17
777996f9398469f06544d04a28f8d4bc777068261a5e82b74b85bb26b621310f,3,1,1,2025-08-08,2025-08-08
777a706a2f285e911b57f5c6f86e17da1f407797bf5f9477fff8cb319c2b7d43,2,1,1,2026-06-12,2026-06-12
7781cb62eedcc9128a13671d865fc18d8b3d13ff6eb2842705a7f1dac9956289,2,1,1,2025-09-23,2025-09-23
77a10b1c5deeae3fc23558750ef43ef27ec14c5b35a1a24dd498c0ecbc58b05c,2,1,1,2025-02-08,2025-02-08
77aa043b170b8d33fed004c7b9b811948028143f04d4f2761a9644f3bffbe355,2,1,1,2026-06-01,2026-06-01
77c1c8b4b70f377a69bf697fd36fc54c2c52f8f8feb9f2dcc8bb5d8d6a1c6164,2,1,1,2024-11-14,2024-11-15
77cf99925a74732d5e91002090f20d8dc79ccb0f08438e2b9f1dd78abf1ff18d,2,1,1,2026-05-21,2026-05-21
77dfddfb8fb6813e442e56cd7caffe58884d00b1f19b5577933b6ee7a32394b1,3,1,1,2024-03-04,2024-03-04
77e094fa07cbf486740c5f1ebd8d095d64ddf1d8c5da4354382523e301eb8236,2,1,1,2024-12-07,2024-12-07
77e6a8a8aa707bc838cd42e9ed56c27e5f1643ab75e9cbebc5cf5e7def4328e7,2,1,1,2023-11-17,2023-11-17
77f141abca2c6b2e11db5f584871c13e8669b3cee2c65fa704c97001450af592,2,1,1,2026-03-09,2026-03-09
77f8d50af60ac781277c37e6e7e4cdbe9585d03a5ef0fcbfd0340ebdec8b25cd,2,1,1,2024-02-15,2024-02-15
78579cc238102643cc570c5d493912b8d44fc4a9c701751edb8fb307f372e83c,2,1,1,2025-04-24,2025-04-24
786c36177af9d366995440342c8ec2a903a01827a64175125fecb2f598116ce3,3,1,1,2025-08-27,2025-09-05
786ec2632976702abcc5ade9a95f00bf1113f0cfed8196d807b876cbb523764f,3,1,1,2025-04-09,2025-04-09
78702a5e28113cd76b35f0f86df1bba0a2bed08e1d2967a818fd26b4fefbcf1c,2047,1,5,2024-04-12,2025-05-21
7873c1639de5a7e52be8e720833de4d384e4be2a5cc6746722142cb945f917fe,19,1,2,2026-01-22,2026-06-08
78770eb9bb8485da71b82c5f59ff242aa325a1377d3285923bce68f16d588bc5,2,1,1,2026-05-17,2026-05-17
788740a311422794bc20a5a566364481a55e5b50070c54470cc6942e88a9bc4c,4,1,1,2025-10-14,2025-12-15
7890c38ea5075660b0008e86dea3bc008da4ed72982abffe4ab896d5c50b4230,2,1,1,2024-05-24,2024-05-24
789513312335f252de6117301f878183cf0d615b441f001fd3d53c75160e6ea0,9,1,1,2024-07-01,2024-07-03
78a591ab4727f4ebfd51380b7141b0b19a6cd58f5533b472c136678a8392cd57,3,1,1,2025-09-17,2025-09-17
78a602a710fa58c1fd44177f7219c6f2821e277ae788f4112ec1ec288bea97dc,2,1,1,2026-01-12,2026-01-30
78a7c359b9a8f602c4d44be24eb8429dc7f013880956b62441da7a7ba474e43a,6,1,1,2024-03-15,2024-04-03
78a8e56adc9fb4f5eaa389786c11faaf9d7946bf35390dc22067f5d078875408,6,1,1,2026-05-21,2026-06-21
78a9d1a0625ddba95fb53e1da1aab5a0eb11347f746bd3bc934f4934a7990d0d,9,1,2,2025-11-26,2026-01-29
78b5dba0c0317ea01c1905fb5c961a124a94e303aebf7592f1ed37196f6d1a6c,4,1,1,2024-05-19,2024-05-19
78bc99f1587da3a9a15a666a90c5d5a4c5352e63eddefa82598479186fce0a5c,2,1,1,2023-12-13,2023-12-13
78c679d1c38101bded43eb9baaeafcb88892f168eca2252439045890815e82ac,2,1,1,2025-04-23,2025-04-23
78d0c324ed0ffd479af176b12665f0163cb229fec0f4ec28dd861fac8b292c04,2,1,1,2024-09-18,2024-09-18
78d60aa246bebe32237d17d129373c853b1c14a6bdada508b6f40e5044dc94ac,2,1,1,2026-03-07,2026-03-07
78e1638f48835b5ae526d1597306979632c92e0fb60f2be6105f696a3f663c86,2,1,1,2025-01-22,2025-01-22
78eae9c09874f220a3f6d76be2febd3d4591202d3c23eee0bb5257b04780b7e8,3,1,1,2024-11-04,2024-11-04
78ece94f9842b80d1fac8a07fa98ecff4864bcfda0c4d4b1fafa8a178d3e2102,2,1,1,2026-01-13,2026-01-13
78ee54b9fa853104731222739350d25399994afa203ecc5f833f8809bc3d3974,2,1,1,2025-09-08,2025-09-08
78f3586a895122961ca77b7420ada8aedf3dd9a65c96bf460b54359ba4329438,2,1,1,2025-08-29,2025-09-19
78f5962c74476e54d8bc028d69473206c5f1b5f68589e389805ed22071e79d4b,2,1,1,2025-06-05,2025-06-05
78fb52a2d42a7ffd71100a9088bbebbfff51c1bf5296162cebdadc3f5ef4719d,5,1,1,2025-02-23,2025-02-23
78fce6d0cf9c3a1abd623bf41d91b325f697ec6e2a860fed954d4c3f78f66a28,3,1,1,2024-05-09,2024-05-18
7901cfe55d2a8b0fce0c0956247c9c3b012997b4b3c4efd4c9e83d49226a6fdd,2,1,1,2024-10-15,2024-10-15
790591019f4b9b74466a4fae948fac82a582adb486361baefb8dda8e17cffc69,2,1,1,2026-07-12,2026-07-12
790c5972e5e8a0863f5d46ddd19195b9b7cc32cbd3d57d8811faa184e4dd64fa,3,1,1,2025-09-22,2025-09-22
790cc86ddc17c9c6a04deb5a7ac36f40db455fde6b78fc5e1e970c6deeaedba2,2,1,1,2026-03-02,2026-03-05
790d459189dbab243d808f549f0786083feee76ee2b3388206de351a94b5186b,2,1,1,2025-09-09,2025-09-09
79122b884cb24a8e11dab976d6ffa4a45fff8dbdb06f64790d376712356b5a2f,2,1,1,2025-09-05,2025-09-05
791b167cd49dda7d788591c908a31b18357be5f9d69b515cddc897c0cf757611,2,1,1,2026-06-17,2026-06-17
792917e6049269fdbde587c58b5e43cb42c91ee30d6e240871f1a7898316dcb4,8,1,1,2024-08-13,2024-08-27
7947f09760340d0df94775809209fb4cb0de4cb841ec71a2678a702e74e3a4a2,2,2,1,2026-06-09,2026-06-09
7952b79183214babe28e3bbf0ab7715f36969b003681442aa00885e47cd808cc,2,1,1,2025-09-12,2025-09-12
795520f5c82016e22c091a94131db2af9f385295afb0f8141fab7d6ad3331ec2,2,1,1,2024-05-23,2024-05-23
79594b4499178cb47c42749acda2a61fab0c8869048faca03d743dbc8468636c,2,1,1,2023-12-09,2023-12-09
79874fc4a5201f0da0e735fc845d13a699757a2f903c9d4a567667bc4f6d5128,3,1,1,2025-08-18,2025-08-19
79882f9bbbbf7c002a3b68f933bfb15a05601cafb794f50e2dd3fe3649d14b13,3,1,2,2024-07-29,2025-03-11
798e33de1eefd0b2d1bf9f0e1e27c18f80c5c4f8efa3c3f9be60786c1ec157e0,2,1,1,2023-09-14,2023-09-14
79944394e5d90669dd50990581745168852a4a285ba7abca9ea68f256cfcb7b5,2,1,1,2024-10-01,2024-10-01
79af366623e387a531fe93c716811246d11f5627f01afb81dac9563697a19f75,2,2,1,2024-03-19,2024-03-19
79ba95b44a0032c0c5c1e22ca3782ecc56769e8ee6533994302f8f7766cd6956,2,1,1,2024-05-17,2024-05-23
79bece58e759dd723a423cc2c2e9859dabc332966c583d98464a9eaba4e2ea6d,3,1,1,2025-05-16,2025-05-16
79cd756c2f2ab2df366e319f9fca92894406622f9327deede23780e5854c77ee,2,1,1,2024-04-10,2024-04-10
7a0c6c52d0691ea10968ceb811539574f7bd1d27b7f8a93e1ba8584f51c047ea,2,1,1,2025-04-01,2025-04-01
7a1fc6643707c05c578ce69690aa0c7e868302af39af2902f0aadf1fd57c5689,4,1,1,2026-07-02,2026-07-02
7a30e0520ee15ac55e17b127d0b81ac6d61b36bd78c3c09b5e9ee256c06f9cbc,2,1,1,2025-04-08,2025-04-08
7a3789f6a29639020e106047853cb0cd1752327145d467c526f5affba736fbe1,65,1,2,2024-09-12,2024-10-01
7a3f3a60d143bfefd3156c17b006316c7479a63796747ed9082feabab1ff8ea2,2,1,1,2026-02-25,2026-02-25
7a43815ecd6f9117960fc08e24e46c9a2b6e2b021ec10447055b443a42383087,2,1,1,2024-02-11,2024-02-11
7a4c9d9429602b00e02e72f69c895f7fdfa11fcdded50f64167916e94187d364,2,1,1,2024-06-29,2024-06-29
7a60b42cceb8f82d72579ded91dc8d9a4c36fd89be82f23c276f830a7d13cb88,2,1,1,2024-10-05,2024-10-05
7a616c0979dabe48654addee6baf8999850632f1213fee2f8968fe8bb187257e,3,1,1,2024-03-18,2024-03-18
7a6fea3f2dc369bee01f7646a75a1de63c1b94833e8a05b5934dd72d1c48056b,2,2,1,2025-01-16,2025-01-16
7a734132c9209e69fc68a6e879576c500d3d832056b221bdf3e80f45880d3650,2,1,1,2025-09-19,2025-09-19
7a867da18a3d732cd060a8ebeddb9e4adf987e4b3622ce9c129ffa3dd9135f09,2,1,1,2023-10-21,2023-10-21
7aa1a44085ecafbb1cdb696eed5d33fa2c1148c42b453b378b8f683d438d119d,13,1,3,2025-08-05,2026-02-17
7aa4f30e9668d1e6c6e24109bf6a31036ef8a2f03ab3ed9cc9be6b26690d59cd,2,1,1,2024-10-30,2024-10-30
7ab50edd2ca388e888d3dc8255c8e9f1ed82919d1db54efc7e4113f1335beca4,3,1,1,2024-03-07,2024-03-07
7ac728492bbbd5fd0883beb9f21a75244182deff54631b2ad0dcccc7e4c45406,9,1,1,2024-07-11,2024-08-07
7ac98d8667005c1e59ffdb287f42a7d77fe952ffc2259cc62b00537a60e6d0da,3,1,2,2025-09-17,2026-02-02
7acacd6d1bce8321e6afd92921d17c6422d5f0d11c410cfe21a077d5e263c446,5,2,1,2024-04-09,2024-06-07
7aceacc816b40a171a1676a01c976904f2487b724b59b05d964f9695480e9c13,5,1,1,2026-05-06,2026-06-15
7ad4dae0b5b281e2c0d8fd11f4a1745d91ae23c7e257a445a10afc27644dc049,3,1,1,2025-10-31,2025-10-31
7ae035b214f314378c536cb97bba1687d733a41308d65d4c678786af3650cf90,2,1,1,2025-01-19,2025-01-19
7aeea7504585fcd86d34ee7ae0b5d80bfa1137fc51092c19967d479b27f6e472,2,1,1,2025-09-23,2025-09-23
7b04f67334f636818ca902a06d823e4f5da0824eff961b0c30ab435c08509f20,2,1,1,2025-08-04,2025-08-04
7b0829a60b5c05df056588b7e47984ccff6e3ad1b96cb3e7af9ce99f9f850447,2,1,1,2025-04-25,2025-04-25
7b0d3d03571e5f9ea7801b811e7d3214e1ea315a9dae800ec2d43f386acec062,3,1,1,2026-02-02,2026-02-02
7b233205d7571b7b49bbe778ba73423e7de76887a5dcea9cfcf1448951a99b04,2,1,1,2024-03-11,2024-04-03
7b25254e9870f361c9f2fe46b277473cb3206bbb7f5a5b04b3d11371bf004fa7,2,1,1,2026-03-10,2026-03-10
7b36a298358a89341bf87f43e16fb202cf6413c47b3afcdb8a4419d81a8afbe3,4,1,2,2025-08-12,2025-10-02
7b41cbbfb0505aad1626a4ca25b47ba8a6433a619610c2b0043d22e42bcfbe10,2,1,1,2024-12-02,2024-12-02
7b4ee25d7a800d5e8eb1ea7f24d70fde59e3cb0df4c83482b709e02625b1a510,2,1,1,2025-09-24,2025-09-24
7b533d5bad688327ea5290c0d079d0b4a15072a0fedfb3cb263e16f045ba55bd,5,1,1,2025-09-18,2025-09-19
7b5a80f6ab0bdaaa63d7197a9218ee1fa140a208647b555b1cc51565fb1cdd9f,3,1,1,2023-12-26,2023-12-26
7b623407d589f7ee79f4e8c3e61f4a1608de94e746208eb718cafd34fdc46506,2,1,1,2025-01-02,2025-01-02
7b6c8369dea915a3ffe6102704497b32f146c498b7ca283d55b21fc49f728315,2,1,1,2025-08-27,2025-08-27
7b717823566c8e958c424bba10d5b1bd89c291ae49c1ee8f981c85a32d41cacd,2,1,1,2025-10-03,2025-10-03
7b7a8c47fceb92f76c2b78f47ccf1297ce255b150d66fad62e32099a6504639c,2,1,1,2025-09-09,2025-09-09
7b8610b1ef23d10e54935011fd09f847e5051b09b019c2f4ce23402a8fa3f2bb,2,1,1,2025-01-04,2025-01-04
7b8a5be729fb4777017fcbe45f77100029b9589f7d68724e47a401deb122fa3a,2,1,1,2025-08-14,2025-08-15
7b9cb008647da1b1ad5df4ab6d4917cb4969ac307e3bebda344752435446b2a2,4,1,2,2025-01-06,2025-09-16
7bc7286887d0f00e1cd70fa19f0d00eb1befeb907204de52fb641ffe004c949b,2,1,1,2025-05-05,2025-05-05
7bd10ea4448fa044cfab98e9d4abb1d9539304df437f466b14456d71859167d7,2,1,1,2026-01-25,2026-01-25
7be349a2e70eacd36e821491aa1198866b3502eadc8cea64d6f47504bbc2a1b6,6,1,1,2025-09-24,2025-09-24
7be74b8f190c35ff020a844ae23c206a49e17f2eb6e8a3db4b408c0d842a94d9,2,1,1,2023-11-10,2023-11-10
7bf6c0e9b2b8db739fa5aa7a78c1dfbb6b70cc9cbce681896b1ed13db6023cae,8,1,2,2025-10-27,2026-03-18
7bfc78d8e94a4581f9601b39429f0f7aaac434e8eaa62b922803c989c158ad80,2,1,1,2026-01-01,2026-03-18
7c0f3db36d706ef67f33c76e79eebdb47f7dbc1bbcfcf8af5424e39fe63cbfc8,317,1,1,2024-05-15,2024-06-14
7c13605561ee2b77026a7b680edf1c0ccf6b7caa902ab371e729234b59ae3981,2,1,1,2026-04-27,2026-04-27
7c2b869f437d157b2bd0ec8a54a19456c51bc85ba7727561037256ece7d54350,3,1,1,2025-08-12,2025-09-02
7c309923efdae6929ca4a566e31d4226c25c516994748505e2004a11f28115dc,2,1,1,2025-01-23,2025-01-23
7c3ad786e922dff51958f1e60081a6f6477984886fce72ee4cae586dc5809ccf,4,1,2,2025-04-23,2025-10-13
7c5a5fcdb25f6abc944b375838233a485893bfb20c8f17c42cbc63a2c13f249f,2,1,2,2025-07-02,2025-12-01
7c60ba3b0b93bb1f64972116be23968b73dfdd2599a3f8c2126a5d7609742d58,7,1,1,2025-10-22,2025-10-22
7c625467b28548b8a9be80a5812b0a6baf1a7b9cf2b7ab09014a1c8e2ee8fe56,4,1,2,2026-05-22,2026-07-08
7c6812a7eb9ae84b63bb552436cbae026c83d09be40e78eb1a099f192696ca88,2,1,1,2025-08-26,2025-08-27
7c7e2f796cde7d904a8dc7a7a541d0cc08d7e604f0ac27a60bb81f218f0ceda9,2,1,1,2024-03-12,2024-03-12
7c93eb6e03c6b85a2c8e72dc72bdd5e332d48a2e509b2005139561c9dffc3b75,3,1,1,2024-11-17,2024-11-18
7cc6b3a43a9b2c310175a7f69f011d8d5ef2fa2b52dbebd70c7972ac4edbc9cb,2,1,1,2026-06-03,2026-06-03
7cc8f2afcffd842dce314ebe30cd9965ba25bd374ea1d46b3d0ff3a1ef42669a,2,2,1,2025-02-04,2025-02-04
7ccad7d5ca01d6ee1d3fa4c30fbfa0792086b92d8bf3c3ad5211c0b8cf62e312,2,1,1,2024-10-26,2024-10-26
7cd6f3621c5c78e36834966231decbed104037ee86264ff1d559c62fda1c1d41,2,1,1,2024-02-09,2024-02-09
7ce127eba38f9570b6f3352a4c45a1624eb727bbed31067a38ab5dc362489163,2,2,2,2024-11-22,2025-02-01
7d01291ae749b041101c6d0fc42369845399bec9019d0e195cae0f358281a692,3,1,1,2025-09-02,2025-09-02
7d04c1ffc61b51d092273e8b9821561edeb0ae37b4622ee910ff3e5b560704c7,2,1,1,2025-10-21,2025-10-21
7d214a6653df68d755fcddcbeafb174b80023903624c0c2501bc79fffc070771,2,1,1,2025-06-01,2025-06-01
7d22f91447c0dfa995255c9e575432107203cdaffb50d89bc291f499c05a982c,8,1,1,2024-02-07,2024-05-02
7d2978ace02fa6c3fd14b3c466b27f6a3f0190966d074def1156a7737d5f968d,3,1,1,2025-09-24,2025-09-24
7d2d7113ca41f4e5232d7bf1e4b258dbb14eec6b3c62775a8bfcbd7442e59ac2,2,1,1,2025-04-09,2025-04-09
7d567d4dd17ad65f0040a59d4353d5be4180930d9011afe741c982c5054957e0,5,1,1,2024-12-03,2024-12-03
7d618fe4c7a0410e92693715e0ec5aa4bd1c920203bc2ef095300585f194531e,2,1,1,2025-06-18,2025-06-18
7d637ac26c32624373042b841fe71b04aaf0826ace44e846285c0ae5f144ac40,2,1,1,2024-12-28,2024-12-28
7d6428863acf87435f8e60f942474095264a6875026890f7cb7b8e10977f5ca8,11,1,2,2026-04-10,2026-07-08
7d691fea057d38bb7a0e2da977a514ab58cdea6d257627a2d74b7f731e555727,2,1,1,2024-03-05,2024-03-05
7d6cafd0797d03be9c9f018e01eae32cb8385d66f1d3d3071fe42c93433f0fe6,10,1,1,2026-02-20,2026-03-11
7d758d9b1895a3ceae2631b8b7e8b8cb6722da61e7955d159d54d7aa06fc6777,2,1,1,2025-02-19,2025-02-19
7d921c907e38bd44bdaf5ac52dc5411e5db2dc05f078a04522c9589388dfe396,3,2,2,2025-02-08,2025-04-13
7da19536f22aa1052c4c5013f10320c3cecc0cd6ba9bcdb65fb839437687f459,4,2,2,2024-07-22,2025-07-23
7da541c76ca731cb9913e015929eb319004aafaa3841285acfa7de31f86b5814,2,1,1,2023-12-06,2023-12-06
7db2b39076d7d92528515a8dc1c816cf818cb8f1e6c9bcd8bfef2323573310dc,3,2,1,2025-01-21,2025-01-21
7db3687a4222eb921014ee8fdb7a2cc209cb008d4dfc54b994a24f23e85c80a0,12,1,1,2025-11-23,2025-11-25
7db821140b2858ad2bff690b94cd181dc0c73b1c8f2cd689cd46879936f2f421,2,1,1,2025-07-21,2025-07-21
7dbadbd7b919a17ee0fcbe28c7ba63aea008e3e318e31f77c431121038017764,2,1,1,2024-09-17,2024-09-24
7dc67d746cce1ae89871dc417e34364244720eecb042e7999b5ac405c5720c83,2,1,1,2024-06-05,2024-06-05
7dc6fea9547558ae9de647840011ed57e5dd95aa8a10e80c964ef8d4222559dd,6,2,2,2025-01-10,2026-03-17
7dc946e31a81e53c902d4d857fdd274915a694600beea17d496018da442227cc,3,1,1,2024-03-22,2024-03-22
7dd3d8e81e4e46832e958d75df99dada7ef72f798f54bbf47edf742381173815,2,1,1,2024-02-05,2024-02-05
7ddb7810f0d9e9ecde32459b1dfbea404f93b0c22b41ba2baf600c77d141ac9a,2,1,1,2024-03-22,2024-03-25
7de94a1cea80396c097270dfa3ec39f60223206a8911c8610ae226f8243fc39b,2,1,1,2024-10-15,2024-11-26
7df2bf2064d43924b06032cd2ec1152b0716436eddd4260e1748b7bbbe259f9c,2,1,1,2024-01-09,2024-01-09
7df807087a1f6fff5b11c8436cebcd961a3c904acd38d97d91938297de486cb5,2,1,2,2026-03-30,2026-05-26
7dff865a9c27be11e5ee08167f091f95a1edcc2a1c8c2deb954b6ec63d1cca32,3,1,1,2024-09-04,2024-09-04
7e05f8de3dd85ebcdd67368dbd14d207cb82e9a7de3b5045e1995f54020f1181,2,1,1,2025-01-27,2025-01-27
7e0896bc73fbec2c55cf06b871ab3f2a8c3bd4a891fb5f410d8eda8945f66146,4,1,1,2024-01-21,2024-01-21
7e08de6a227cd9b6e58e54b110f944a29ca13c2dcfffade4ab5673edf187ae1f,2,1,1,2024-11-08,2024-11-08
7e176c36a2d3ea052994ec83bb7e2a226288f997308c308a840fda33e786dc05,2,1,1,2025-03-14,2025-03-14
7e22a192538ef3316ac64432b470040f44fc29705844eb99baddbf05da4d5924,2,1,1,2026-01-29,2026-01-29
7e28895d3aae91f5740c7ac8b140d2874b34cb3764ebfbc0aec1609dd7548139,167,1,8,2024-04-09,2026-07-07
7e2b988b95d7e12aa3fd33b95cad276c55be9f486c9397c236cdeac17dab773d,2,1,1,2026-04-30,2026-04-30
7e2e5530be8893ca2ad27b2316347306a544ee9c78c77245fe5d981d548d69d0,4,1,1,2026-03-31,2026-03-31
7e3ad050ef4a6130ed4a6a7499e4971f0e2426911d296d68ca1051eb409501ef,2,1,1,2025-04-27,2025-04-27
7e50718a42822336c10b9ed9512ebe2c36376c38acc77949cf6811eaef007c26,43,1,1,2024-04-08,2024-04-13
7e55ae5d3a7408c385e5a6c01e30fc689d53e37122d7da430ea324c51920b41e,2,1,1,2025-04-30,2025-04-30
7e816f3cf0e4e47c38f4fbc09c349fad6270ccfa51db8a1757e2c8033a9eec14,6,1,1,2024-03-11,2024-03-27
7e88bc88330e81f9bd8d7250e29f41318c519da27e9b017add378217f621e999,2,1,1,2025-05-11,2025-05-11
7e9551e37631b92dd1e10d33c19ced180894afc78e641710c0851e980bdbdf3f,6,1,1,2025-10-27,2025-10-27
7ea4d487781d2fab8baf85c01e4ad1d8c70c1fc23060638e18dcb6b169ca9a16,2,1,1,2026-06-12,2026-06-12
7eaff13f42d598db878aae271ed7f68add82b9d84734a91ee57de0d73b5a7769,3,2,1,2025-04-13,2025-04-13
7eb7d84a93a6388fe7c3dd1e29dec21ac8351d23f91caddb2ed016b2024156e9,3,1,1,2023-11-14,2024-05-02
7ec08b1dd121e1ee2b72bb21dbc7fb5a5321656be76527e94c2ed85be48aef03,2,1,1,2025-07-05,2025-07-05
7ed6a1e73b864a5f171432f7b641ea558a57448034bb06d6d8008bb14ac62b81,2,1,1,2025-12-16,2025-12-16
7ed9c129090264726b10630730283a16390e10eed9d354b5056aa9cc5fe73cbf,2,1,1,2025-08-30,2025-08-30
7ee72ee7c57316f1116df3f4353127f8aaba4da526a14b98205a2cf779bcc9ed,2,1,1,2025-11-04,2025-11-04
7ef47638cdb8666bbcb5c9bae26d79734cbb76f3c1598d0b4771b4381878f160,8,1,2,2026-01-22,2026-05-25
7ef7d0110083a2f7a0e4316dac9326fd1128ef506790280dce0bd5df03f0c0a4,2,1,1,2025-10-20,2025-10-20
7eff513100735f23d0e1c5f1c0b77432fbecbb1b83807d722f09d162d92418ef,3,1,1,2026-04-27,2026-06-01
7f030c8c9911af61e3ef2d7240988b1dbd435afb8a9c6f57dbe3fa4f2d5df92a,2,1,1,2025-08-13,2025-08-13
7f06324af017e054ab1cf240008a108d7c8e717770aea68c4202cc3309b46223,2,1,1,2024-12-26,2024-12-27
7f14daeef24c29d0ddb144f69ba8f09c04c3fe4445503b2ae20a0b55b8cc476d,2,1,1,2025-01-17,2025-01-18
7f247622bf382cb66fe037694bb7439b8954613b4ce284c5811ee2c9d1a6c60d,2,1,1,2025-03-21,2025-03-21
7f29768733a6aa63eac3978b989b8cf03f9436ea3063b785094a76c902728b70,4,1,2,2025-04-18,2025-09-17
7f2a1391458c6d88a38f3169a545fb672c7f21b25705aa60a3536982ba5ff93f,8,1,1,2026-06-17,2026-06-23
7f3b6d6131aad91dd75f26dad9ca8b9f041b97f7387b9da01875267c2f46c789,2,1,1,2023-09-28,2023-09-28
7f40d87004f8601cc40a8781cc1975779afba90da1c8ec7a6d1718dd275b8156,3,1,1,2025-09-18,2025-09-18
7f443c7df6348c205f6aa009b5b9f290ec469319e5ed49d05d0e812ea53b6329,2,1,1,2025-09-10,2025-09-10
7f4586cd335b3f32fda5d77f8fea3f04817859db39c2d2e6c332706431c436f6,2,1,1,2025-02-28,2025-02-28
7f66791f597852cf3386c63278cd34c89270ae32602c440bc626484b3eb2faef,2,1,1,2024-12-05,2024-12-05
7f6ce3913d68dac145330513c8a241e246c40db59bd4263ceeaf4d19f8fe9c16,3,1,1,2025-10-17,2025-10-17
7f6e990aca6077c51517a41612eeff30309d704b15a25edd625ecae86e69c2e2,2,1,1,2026-01-01,2026-01-01
7f7acbcbf15f848a93d55cb6fd38d15983706b34fb02453837a397b5cc0d4a82,8,1,1,2024-04-15,2024-04-16
7f871ccebf5ab1e1545176c2c5cf8ae63fa1576459ce1b07484c1f6ca3da8e00,2,1,1,2025-07-01,2025-07-01
7f8ae42283471f1f82b76446642d14030ded29bf8feffba32649ad1886a0588e,2,1,1,2023-11-27,2023-11-27
7f9ea53ac80b9dfb8551ff81263e5cf0a9b215eeaa740427e89032cc564aa84c,2,1,1,2024-12-06,2024-12-06
7fa237b3293fa2270eaf2b86839bc57374ced53ba69e788dd90410c40e40c101,2,1,1,2024-01-08,2024-01-08
7fa3a538e39faf2236c4afe6eae8af84f504513bf4496c396436f9fcb8477709,5,1,1,2026-01-08,2026-01-08
7fb29fc23c796f36b8d1b6120f963e8f9843009a3af810b74772b7f9abf4275f,2,1,1,2025-08-27,2025-08-27
7fb9204c5ab1eb5de7541a62a5681afe46ceb045fc2c44372281a811611e9ad3,10,1,1,2025-09-23,2025-09-24
7fc37efa2550bd6cc0d80efa459b9b6e71017a186b6c936eb04e9a0792effcf6,2,1,1,2025-07-15,2025-07-15
7fc6ec7d28aa31557a2ce95b89ddb718897da65506ab55a2ad62ae4bec410ffc,3,1,1,2024-07-09,2024-07-09
7fcc725a98c1916af3d7d2929062ed3c19084cb14123fe29b57e1d19d9a9ed1f,2,1,1,2025-09-24,2025-09-24
7fcd051cebcd8274a5880a5773383fb118c795fb80cef1f132fe567da601b54b,2,1,1,2023-11-20,2023-11-20
7fd29191675f2165de3c912ea74be7b477cf226f43cacbda8523f6e68db28611,2,1,1,2024-08-22,2024-08-22
7fe128d727fe0e3023e6f7fc570d59bc2fddb700188f5e09723cf4ce6c3aa738,3,1,1,2024-12-23,2024-12-26
7fe9b606fafa4b53cf16805c3065dd93bf96f65ffd62152265cdc98e091fe4a1,3,1,1,2025-08-22,2025-08-25
7fef2dc6e40f01956b9960837c56fd02bb930ed021cbcba6f07c453a855238f3,3,1,2,2025-11-05,2026-01-29
8005c9c6a50e57b9de9f7f70bff7fb40fc2eaf9f2681bf40e53ae69b3f057223,2,1,1,2025-12-26,2025-12-26
8008761cffe0853144dcec824a81bf3427962462da34f6bf0865a58819b7d5d9,2,1,1,2023-10-07,2023-10-07
8009c6546e45079286e4cf44bd7d8740b2d224d5694a091f734abddc37473b09,2,1,1,2025-08-23,2025-08-23
800dbf28e6d16a70d950c73d52ad0e17b0ee192c7a70a0a0398fc57af2bba9d1,2,1,1,2024-09-02,2024-09-02
80168b007bbdea759cffa9ef8eafc056a3f04bb9a9465c505154168f76223b97,2,1,2,2026-06-23,2026-07-02
8049d48b28e02e127818b9142901e1bad889985e0f1e36d429385050dfd5d974,2,1,2,2025-06-24,2026-01-09
8049e52f25c7a5545336c2dcc1ad0cdc5bc493799c2f7430e64ddbed425382b3,3,1,1,2025-11-09,2025-11-09
8053034c4a08b4da2a3de59bd5c479ac5319dd580e0a3952d63bde532e4a5495,2,1,1,2025-09-09,2025-09-09
805f44c7f074cbedd6520acb55fdc3031b26531e84fd13207dc15b7aaf6cb295,4,1,1,2026-04-22,2026-04-22
8067f7f9d58cd6c8a41a668953bd583f64b10de8face609fc3cdfff0ac3aa082,4,1,1,2024-04-10,2024-04-10
8076df06287dcb47a41dddc155aab933bcb32882dd024822de569ae5a912279c,2,1,1,2025-03-26,2025-03-26
807a6f0677ebf6525d454d4c9e3a464ed3247152125478ca7d419bc2537cbc41,3,1,1,2025-05-09,2025-05-21
807b4fc914cac4571932041f673fc9f5be889c45dc1577ba5eb88f9f917e55c5,2,2,1,2025-08-10,2025-08-10
807bf05c6b93ea1017bedc0d9b1042c4f1010b0a75587c29c9c859738d29eafe,2,1,1,2025-03-24,2025-03-24
80892850b07188ead5f035dd0bb269a232aaa300f2b86e578b088a7d4a5befb8,3,1,1,2026-06-10,2026-06-10
80c2c336022985b1072fd52bbc65c8605173708b6be10e445027a8dbf9ccef64,2,1,1,2025-02-21,2025-02-21
80c6fa81e6e1e41aaf44e41d84851b671fbd2573236ca109dbefea45154e6136,2,1,1,2025-01-04,2025-01-04
80d007e11cf38720cf1a13a22e86954a86892a4414cfd5efefc3dc35a5f0b021,6,1,1,2024-05-21,2024-05-21
80d200706500fdc02f852d36947dc059cb9192a115d3b0539dcee6dfe3b81743,5,1,1,2025-09-25,2025-09-26
80d2d48c43b3517a573bce3d3a91028fcd14f804f18a8537dba77662ab25f538,121,1,1,2026-04-21,2026-06-18
80ea8c1f1918496136abd0e3289c0c74524d73ce56393510d22bced4ec57f766,2,1,1,2026-06-17,2026-06-17
80fb180a5a69d88286df48ec8bfedfb05987c8b0e14df41b45347cdfeb5c8796,2,1,1,2025-09-15,2025-09-15
80fbc60cc103c33e1dd5e4a7f43af4e5aa38b6879ec9109bf329ef42f6668f47,3,1,1,2026-02-24,2026-02-24
80fcf321bfb5a98f022517bbca7ac87c53b880c12c733e6591902a72acd6f98b,6,1,1,2024-06-28,2024-06-28
8102c8daa5d81dc5e45e86b944e477efd0b13203824af15a0d8b3b58d6741633,2,1,1,2026-03-12,2026-03-12
8108a2d0d1d892543b42d28d052ee08a2e0c67367376910d77d10b356d56f122,2,1,2,2025-12-09,2026-02-25
81239bdb8d8de31c24f645baded3a3e017ee756c6a57d9edd97f48a134e2fbce,2,1,1,2024-05-17,2024-05-17
813a8d65d44409c5333fd67bd524128c174376c269b60777153983b825ab3454,2,1,1,2026-05-15,2026-06-18
813ec3a7655d28ba97510fae8e75d6c42863246fb3dcfb5b0841db56c2a97bf4,2,1,1,2025-11-06,2025-11-06
813f181cb228707879b255ae4760632850564df133a501aee8727c0d25bbd403,2,1,1,2025-11-18,2025-11-18
8140a80073ab73fe8aa16fd1b79e42befb8f738e82aca369cd0bcdc7ac47e991,16,1,3,2025-06-20,2026-06-12
814498c18b1f3dbbd83f822b24609b179489fe6c776808e7fb1385ec6bfa5115,2,1,1,2024-03-19,2024-03-19
81488fa6eae9695302093dc66329240f0b0be1b576db69d9ac5fca820252c3c8,3,1,1,2026-02-06,2026-02-10
8157d257767f5298d11ecf1af00fd9a198cbd4fbc6feceafc7fb406ebadce81e,2,1,1,2025-05-25,2025-06-03
81673153a1e0c21e0bdd6d9bebf40f0ef7ec0de33b6a8f925103b1f329cc273d,7,2,1,2024-11-05,2024-11-05
8176aa0b0230c24cc3f717c6ccc510722f777ce396347ae54aa61ef732373a45,2,1,1,2025-07-04,2025-07-04
817d519fd38546547c40b778f8d5cab52eb453e0ac1c70dd713822e4ec4ade6f,3,1,1,2024-01-24,2024-01-24
8181974e53040d8a2c6bd9689313124985a2bc174aa1096eb146677a0436db30,2,1,1,2024-12-13,2024-12-14
8190a23d806617ce3321f9ee8a1e04f6ac176a9e0923e7e597fc43714c29837a,2,1,1,2025-03-14,2025-03-14
81912855d313e3312f18755e11c3dc7f6e06888a02e3dd3b5ad62627c70a7e86,2,1,1,2025-10-20,2025-10-20
81a24a38bdf0891d5bced5a4d1e7f93efc4abbd2c30f1ea5e3cfb642e2bf0dd8,2,1,1,2025-08-20,2025-08-20
81bc63640d9a297003a55ec977046172693f582523d9fea2d2c1faaf3d27a910,3,1,1,2026-07-02,2026-07-07
81bccf1f5d5cf465e5caf010ae2dad7fd37cd54ee8722bdb6cb869ebfb6bcc95,2,1,1,2025-10-27,2025-10-27
81d2700030413bde4cd8bc464cfd4e13f591779eed88755fa68b83be6fb8debb,2,1,1,2024-12-07,2024-12-07
81df69996638a2d07e19663e93570369bbefa7d4cf0e512441032be219aeaf60,3,1,1,2026-02-23,2026-02-25
81dfbf4fe380067b603dfe50ee5fa8dd5194ed2847bd5834b76b4e44e961f57d,3,1,1,2025-09-22,2025-09-22
81eb3c360af159cd3f4a5d7985c7582bbd94c267370850e105c7b4a043f76eee,2,1,1,2025-08-08,2025-08-28
81ee719d9be641444570199f1e406952b7009cbf14d75e5ab813edbdeda13e7f,2,1,1,2025-08-26,2025-08-26
81f4d13bde00375b1ff19472e8d7577692b1cdda22221575c1c6e806617746e3,2,1,1,2025-03-18,2025-03-18
81f570a32a3b3407a28aa77deb615da1913ab36fba4025d5a2a31469864be9f4,2,1,1,2025-03-11,2025-03-11
821f9901af8696fc4f73125d90e5b2922768c1886983e266f5469712e06bcc1a,2,1,2,2026-05-20,2026-07-07
822a0ffa3697346e25bca19e104dd8a82dcd6723f1d8e81104c20d281f7d6f43,4,1,3,2024-06-27,2025-08-06
822e7dedc0637046e83071b217a0f502ea65b6fbad3eaf8f5c1badf396d6a6af,2,1,1,2025-09-08,2025-09-08
82325ee7f93a7679fe6ce7c36bd4db001151e2bbb4276824f35822b76cc7aa11,5,1,1,2025-07-27,2025-07-28
82380b39dbc81f0bc43bb6a059921c77dbc12fdc42acdac1b95000d326d3de1f,2,1,1,2024-10-03,2024-10-03
823ec713d88a20bcc8c4a448bb1b31235e0574d1ebe2d4c900ee9d46d7f30437,3,1,1,2025-09-25,2025-09-26
824d36e547b2d249b5f0b839498948636ae39c8ff52adbc6b52ecaa37305ec72,3,1,2,2026-03-02,2026-06-25
826527816d97c529dbb6541eb685ca5e925e0731c4784cf3d02923d7fb1d2792,2,1,2,2025-11-26,2026-01-20
826c5d842e2f1c92f52a05cc770bc56083f1cd91fde9e908c62a777dde097fe0,3,1,1,2025-08-20,2025-09-23
8284682d1e5ae012c003bd0b52a0e7a4dac7719f10b287860083042aa84328d8,2,1,1,2025-09-09,2025-09-09
8297e72b6db64fa12956f84dcd4b3662b90249c27be758c3c8221cfd721b7d86,2,1,1,2025-10-19,2025-10-19
82a59a981482a9f3582ad9ec96bae62ea95ce5770b7da4d1efd341f618ee2d94,3,1,1,2024-04-12,2024-04-12
82b2f59b8d2470401b5f1713485ffc13cddaddbe6b0c859c51a0aa915c9750c5,2,1,1,2025-10-31,2025-10-31
82c7851a1b9a3807aaf5715b51820967896c36ca9a93593868838de601778b46,4,1,1,2025-02-20,2025-02-20
82c960cee78a360da9b95854154eb17dcda7e03e88445ea8e05ddd19911d45fb,2,1,1,2025-07-10,2025-07-10
82ca86742a09a85f6e2e4812135ab2c3c7b29269c21296e007ae47835d3ce5e2,2,1,1,2023-11-15,2023-11-15
82cd18de223077f573227afc1790a92ef353947739d9023c55a00a105060ddc4,3,1,1,2026-07-14,2026-07-14
82d4f10dab7fe4aca9401d8adab3af242ce523acfac8b4fdf0dc73ff7ddb05f5,2,1,1,2026-01-23,2026-01-23
82daf4cad253628f7770aa2b6a22b87895f8138112e99be3c1201444cb261368,2,1,1,2025-05-24,2025-05-24
82e6b355b112e229bb199c7cfb54e11a3f51a3e18afca1e00c7beda604b15cd1,2,1,1,2024-05-08,2024-05-08
82ebcc1f6b2d90dc3535512ee4287459aaa042d72535e126042682e0be2bcdfb,2,1,1,2026-06-09,2026-06-09
82f3b7d64836d4a3bbe852a76d3dba5772c6fa8dfa4e48ae248bb99355142147,6,1,1,2025-04-14,2025-04-25
830a499e92ee717ff730784c3531cf15b4b6690658e2319aff046d979482c95a,3,1,1,2024-10-12,2024-10-12
83141ddc6d110d1b68c1eabc0e03240db9c45f9334db4f543f0fa59c2f821377,2,1,1,2025-09-09,2025-09-09
83172e898f570b93c55993199a4a40be48cf0ddd0eac99c1bff3124953e42f6b,2,1,1,2025-10-22,2025-10-22
831edab29a9e6b2323c60280aef819508e617d642e8ada38c3590dfefdad355b,2,1,1,2025-10-14,2025-10-14
832a9376799c798d84321f86952377616f2e562c82d012a5f3e2aa43d28ef0d6,4,1,1,2026-03-04,2026-03-04
833034d286e5d351e730733186ab76f4424081784c81e003b37d27c29ad79f57,5,1,1,2024-07-26,2024-07-26
83344fead0ad4fcc3c9eac7387b5b2b80552e14e8c5d994a0876cef09d884d30,2,1,1,2024-12-19,2024-12-19
833ab506d349f860fbe254f57909f147a5cda18fca6eb6a3624aefb5e936db7f,2,1,1,2025-10-10,2025-10-10
833ca9cda5504e43ca9f842babf4758974e34d3c9a3426cbcd43856ccc82c145,2,1,1,2023-09-04,2023-09-04
8344c3c90b35a502dbdecf7aeb8c3581a0a3941fb55525cdd91ce2efc4aa9167,2,1,1,2025-09-01,2025-09-01
834cb4a0f6d08bd617ff6befdc4897ed3f3e6531d86e04467c15f7590b75dfd6,2,1,1,2024-11-21,2024-11-21
83621650a11ab75f12c9654ed51c2a8b03ccb6f7ec0e069d4ffa4e623e58fe4d,2,1,1,2026-01-12,2026-02-05
836a592a1dd873047ad7d82797c73c8eff8e4df07f15935baa75b4e059f5006d,2,1,1,2025-06-24,2025-06-24
83733fa2e8e76aba9041d6d7cc8cfdc2e69fa9fbb4932e558891caf2bca6a53e,3,1,1,2024-03-06,2024-03-06
837c098f22d5ae9f5879f6e24ae44ea3ea7cb652ad1336ea37c57e844bd604e7,3,1,1,2024-07-17,2024-07-17
83812681118b700ef5b5305e19098762fa49dbdb6cf7a416be89f28a64cfa35a,2,1,1,2025-08-25,2025-08-25
8392c6a6c6c74c06c57071e9a24d704496ec7f17744bb3d156c4882810c77176,2,1,1,2025-11-12,2025-11-12
8396245c49172e29e77ff6ba12111453ede48ad3fb81dcd3fd87f05fccd6df3a,2,1,1,2026-01-20,2026-01-20
83af9eec96dabaaea3a2d3633dff456efa9c6347f54b81cc8f937a0098b0fe00,6,1,1,2024-01-19,2024-01-23
83be805d22efa126f7bf2763ed73743f216c5534e0acef89938942f22ce711e3,2,1,1,2024-12-13,2024-12-14
83bfea2901ea03e47940d859ee21672c780da1623df6ca2dfbfdf1d1aa103057,2,1,1,2025-09-15,2025-09-15
83c006b428ddcd8cfe507b30b8f88875ebdba542115e19aea54e338ea1dc8877,2,1,1,2026-04-20,2026-04-20
83c4e94fc227c0c4b2ae3f5f98a127e36b8f0c6a2cae7051584fc41cb9b7d6d4,2,1,1,2026-05-25,2026-05-25
83d8f2b903bf3cd7c1869f1b6bf6fd5a7504ba2f87fd3da2e79d86c8f8bcca0c,3,1,2,2026-01-28,2026-04-27
83dfcca5aab42a0c3912db4568d47fce9906c672249ee99593193b343d682fb8,2,1,1,2026-04-08,2026-04-08
83e3589759d9ba3a290d0f68ba273d7f5f1fcb6543132a6e9a2f4b297cfd2efa,2,1,1,2025-08-27,2025-08-27
83e6df6b5dcf68d16f62f394b11e2b5ac4e97281a81da6c2d84f1b3be896525b,2,1,1,2023-12-12,2023-12-12
840040e568f04ff1a75b7eabfe269273d27f707f1c3d8e31207561d66abc984b,2,1,1,2025-01-12,2025-01-12
840f04536896370f68074511865b6991ee1d3c93d9039d3a97ec9532b48b083c,2,1,1,2025-04-22,2025-04-22
842d2bc2d8ed1f0603682aebe960a8c435ee71bb46cb187f96e9bf53534e6698,3,1,1,2024-01-24,2024-01-24
8450d934cb6cae6119ef6d55f907286259509e549e2a6c7a717bc6f735b2be32,5,1,1,2023-11-10,2023-11-13
84516946dac0fbee8eb5209ee79fa0f56320262360125703a34255968d0f787b,3,1,2,2024-08-25,2025-05-02
8454240212af1c952871a49b60cae4de613dcc58db4f2d195e182f41079cd5a0,2,1,1,2026-03-10,2026-03-10
8455c5214e934dbb0ecc498fd54bfd28c6b99172830b02174251d3b5d813ec16,2,1,1,2025-03-20,2025-03-20
8461475637715c02da2a5328ad8e5360803f09714bd40ac1fd4006b3b08de8fd,2,1,1,2024-03-12,2024-03-12
8469c0cb9f333ca82f3f0acc11ff606a48b85b3bcf29641ddb29d70be7f48afa,2,1,1,2026-02-20,2026-03-12
84735ecaa2f9e7bb371504037505877a0dc374747304480aff5b3bd8ced7d3e7,2,1,1,2026-02-20,2026-03-05
849c5a29cd32f3945c779f0d9ac9e08ab3d3f9fa22183b6e68ef66aeeb5e6f51,2,1,1,2025-04-08,2025-04-08
84a4e58b5f14f172671c370174f4aa3ce9e6237e1f2a42db2a17c56b2ee14f32,3,1,1,2024-01-23,2024-01-23
84a987546a752dc47d8dbb7539e779e26ec6c95893a56c388cd0de9533735ac2,4,1,1,2024-02-27,2024-02-29
84a9992855b4c0d5bc1190be2b9dce39dad19cc794ccd2916e07cb83435ce38b,2,1,1,2025-03-15,2025-03-15
84c79bd56aa16adfdc40fedee4b3e85993052723fbb2be1fd04a70955fa342fe,19,1,1,2024-03-07,2024-03-14
84cc5db59a6927b61b303ea541adfbf63c3020a9636cbe468517ff8ac748fd09,2,1,1,2024-11-05,2024-11-07
84d7c845646292bdbe7226d2b6d8e0be3ce0220008c2ab30a3f51e126de12c0d,2,1,1,2023-11-17,2023-11-17
84dc81663b2d2b6d80548aae0c320cb004f6dc2cc37d6acbd1b71d744629c006,2,1,1,2024-11-18,2024-11-19
85014f3e9bd3226468ae22bf1445ae7831dbe43c754f4bb3e79414e06c26690e,2,1,1,2025-01-18,2025-01-18
851f9de88199060d92b0194033a241b45b59ab16869625cfac4dc8da01889213,2,1,1,2024-10-13,2024-10-13
85213c757411d6a029bec56ce85b56d70353a247893cff963c664b75a40834bc,2,1,1,2024-12-17,2024-12-18
8529744cb5a6b7ea1f42d7ab71a5e0192129158ac35a4ff5fd91234e8af1924d,2,1,1,2025-01-31,2025-01-31
852e3dd2a4e12e3c2f8ad50710303abb9c97a567568cf70318af0bbec0ccd8ac,2,1,1,2025-08-28,2025-08-28
8537194bec53861b0094bddc23ce04d22a4a91844f4e84316b5e1757f03f7790,2,1,1,2024-11-26,2024-11-26
8538d0da7f0d12a315a237ef10ceb0bcd682df6253e5c9630bc260770d479b57,2,1,1,2025-09-24,2025-09-24
853b111250d35de5972412720fd83515a0014b488e5350c29127901aba5b1222,4,1,1,2025-08-05,2025-09-17
85493668918e0971231813016d7e06c0a73d22bb3cd49e31fa010db0f2a23d05,2,1,1,2024-02-23,2024-02-23
855427c27e3ca21de39beb03ccfc39515d527953efff07c301961819a79c3c46,3,1,1,2024-01-24,2024-01-24
8557c49b1fbd56952fbb2029b0c2bce84c8f21e15d43f59456680e1877301aba,2,1,1,2025-01-31,2025-01-31
856776408b1ba7432fc7387a60b3a68d13d8b9b6f4f8fef8484d953332e14dd3,2,1,1,2024-09-25,2024-09-25
8570b2c95e0ba6157f63924815600710cebb993907ca018cf2a0eef22db7a742,2,1,2,2024-10-09,2025-04-28
85731ca65f5a51434f71af0dc912881de13a426a536ad732aab2200cfed64c27,2,1,1,2025-09-10,2025-09-10
859f3e8eb41a1800fc3dafc8559fb4bd845707ba8c7c09477d8e3afadf2ac219,6,2,3,2024-10-28,2025-07-11
85a1da12d1ce58e1255d6a523d45cce26f576d4fd78c78eda8bf2fe1a5c2a7e7,2,1,1,2025-01-01,2025-01-01
85a2a14a5d68a7d5c229805e8a978466d684729ebf1d841495eb474ba840d7d3,3,1,2,2026-06-11,2026-07-23
85b712099364e2810d477c2fb58a8bb22a46d9fd377a9d84583ce7afe5fee178,3,1,1,2024-03-07,2024-03-07
85bcc4e59fccb22ccb57fc22481e9737fa71623da0588f25ad3de05c1de1f7c3,2,1,1,2024-09-28,2024-09-28
85c1cffdcd8c1f9379eea40d056b9078cb0d6c0daecf2bd0a1d9d49022637454,2,1,1,2024-11-20,2024-11-21
85da5b0f0c3360e83f33392b3e7a5633e6fe2afafb68f09be5c9bf0927f7982f,3,1,1,2025-08-10,2025-08-10
85e4b8389b6000da5cf4e49ed514336789ba19987fd6b491fbb1d5820ba4aa0e,8,1,4,2025-08-07,2026-06-17
85e6ede3d855d5be140de7916b62ae93adcb2fcacbf69053989d9a9a53c849a8,2,1,1,2025-01-21,2025-01-21
85f7a0072b3f14de7d0a3db1ef98f2c1a4f82fac105ad5337f0c0d3ad2599078,2,1,1,2024-01-25,2024-01-25
85fc709bdac803a7ab5ac862722a0550b696c57d489f90d6144d50e106f0ca46,2,1,1,2025-02-02,2025-02-02
860240337ab0e0fb01cbb54b6c49d0ff61fea23237c30e20a5f05c20a77a013a,3,1,1,2024-09-28,2024-09-28
860a2a59448f49fd65043aae767764419a2321af4380325a694bb32ea9c7e65b,2,1,1,2026-03-29,2026-03-29
86182c98b9137b7436c781df1f9d436445d00171347c78046696b6ac037c5f68,2,1,1,2025-09-23,2025-09-23
862017925e0ea6c921f6467f6ccf01a36f532a1792fda430f7e27bdb379f97df,3,1,1,2026-01-19,2026-03-26
862183de42a5f66effde27c046277010045756e87fca565b08521ab460d9fedc,2,1,1,2025-08-12,2025-08-12
8621e49a318e9195d2890ea33b4eddb072c3247882ea113d77d577cb2d486114,2,1,1,2024-04-06,2024-04-07
86294cbf864369262c58475831ca7b9ea935d93b3a3772b1e76d455657d5e338,2,1,1,2023-10-30,2023-10-30
86297f91160f05e57480e588789b84dbf816ddda4fb37ab170acbb12e54316c5,2,1,1,2025-03-14,2025-03-14
862a1df8d3f99e3109a4a1e9eb617bea21a2952ee479e63d25ea548c3d0bda98,2,1,1,2024-01-16,2024-01-16
8631613862ab90465913f33d61254c4d3fdba79143fc6cbf9187dd9214882753,6,1,1,2024-04-23,2024-05-07
864556024c3f58499b629264867636a2be52bdebbe7c6f534b9c6c29c2f01fa8,3,1,3,2026-03-05,2026-07-07
8648097cd546637eee5d236d6d53129874593e8f9972660efcdca3200fe1f62b,3,1,1,2025-06-13,2025-06-13
8659cdf3f8f679c337bf42768a2ed77bf934745a6f930c9ba41742c216786b5a,3,1,1,2024-03-08,2024-03-08
866043949f310f58f67410208583b94d67256a79cf589663d84cbf3070b534f9,4,1,1,2025-08-27,2025-09-12
86615a02764d5089433c3c08c8900c8cc63b67622134ae39e32b87b31452179c,3,1,1,2024-12-24,2024-12-28
867d370e39dc4635f015133ba4366ed85f2a4eb2c5de5e500f99c5c9c410a10a,3,1,2,2026-03-23,2026-04-16
8693a607ab0b1e5f8718195328ed3e4c68fc911efc0771e27dbf357e4d735c5a,3,1,1,2024-02-02,2024-02-02
86af2f5f80e1b6094d4d5d15c17c7216e1a62e5ff8708d102c31779420571116,2,1,1,2025-11-05,2025-11-05
86afc726f68c4f8edc1421d5f6e2081def9b14700e41011b62a5f2e571395cc9,2,1,1,2025-09-05,2025-09-05
86c7da4e1d2cae270c7dd2a81d9776ed575cedac4e48307fa237b3c32ff5a2bc,2,1,1,2023-11-20,2023-11-20
86cb55b04208f3402421adfae62f6a84c880d499cc21c8a43b77984f83ddd93b,2,1,1,2025-11-17,2025-11-17
86cce717009b825f70efe563c28a4c50525eaaca3271407d1e8484e7d6c127cb,2,1,1,2024-05-28,2024-05-28
86dc288c62dabbe316aeb4923bb73494e06f643239ec86b7c8b3abc5d0c11309,2,1,1,2026-05-18,2026-05-29
86f0532ae89083c1f63b12e8bfbe54004b75cf073603c1ad9c2ad160f1c155d8,5,1,1,2023-12-22,2024-01-23
86f2d417a6439f2a4eeaa648051c4671b52fff4699d7c5b3d5dfd9a41614c7a4,2,1,1,2026-04-21,2026-04-23
86f4d4442d48c08b319c259c0dd432a5ba7f1e1165c54bbd90b45065722ddccd,3,1,1,2025-09-23,2025-09-23
86f86d839ca7d14d1604048affcf47827ce4ec9fad6a0ba9399185f184bfe785,2,1,1,2024-09-16,2024-09-16
86fa7632dfbb669f575e30666983d38d9addab86683295402a83e0848915c041,3,1,1,2025-08-06,2025-08-06
8714537c68ab47ef16c888e2fc851133670c8ba79e64ff40eb36e091ff5e15d2,7,1,1,2024-07-22,2024-08-01
871b8ba7d32ad0abb6cdb016bf4ba684fee36e82a04038e7e33c7d5359ad899e,2,1,1,2025-06-25,2025-06-25
8741e0eccbb34de62427a9654f97b61c1c47cc222bb6a0bcbd66dcb6337c1e77,2,1,1,2025-03-10,2025-03-10
874447f5a1439afe1edeb95f3139357ce23fb72d86812b4a024f010fbc2f7815,2,1,1,2025-04-04,2025-04-04
8744fdab6ab59ef75254a6f0651ddaf9554e63df025a736667d71dcb60c5b4ba,2,1,2,2025-11-05,2026-01-08
8746fb5cccb3bb1d6c43b47088b22a2ca2c7f8bdff1a22f9f01b3e9bcb5f3ca1,2,1,2,2025-10-08,2026-03-18
8758498ede8887284e4bbc7b352c4ea437a67b99652969be775dc60056c6555b,2,1,1,2025-10-22,2025-10-22
876a79d695596d89b82ab497c9943942fc2a57b7842252e92c8784fc1ef0142a,2,1,1,2024-03-27,2024-03-27
87876306dd885861c662f11880ab19b8dcf9867642478c73532b4c25c3267ed1,2,1,1,2024-09-22,2024-09-22
878aad7d2511c6a93863b53efaeae8057cf53fc34aff8bbd2d73830dfb1b5c37,2,1,1,2025-02-04,2025-02-04
878c3308409333338f5bbe96c14236572756f7172537f243358ce7c4919cdc4c,2,2,1,2024-10-24,2024-10-24
87927d46885e14a51ba423675cca89f8255ce909173a6ac3e863225935e4503f,2,1,2,2026-03-18,2026-07-01
8793f549ac0a1c5ebe1dfcceb238034f3e4d774e1a7205e177449cf49886c90f,3,1,3,2025-08-08,2026-02-02
879bf37d96d563e54cf1d7faffd37e34d116b15e02e09d766231e4923e3222d6,2,1,1,2025-08-23,2025-08-23
87aa278f09be047b2d15469cade689510873c7832ac272f593f526291c5d3418,2,1,2,2025-06-25,2025-12-30
87dd38c751199262001d5180802e219ec5ec20f2dd4571b14d01a296bdc1d1ce,2,1,1,2026-06-22,2026-06-22
87e1ffdf463eb4bb4450751e82c134d326ed8ec554f6a6165ebc42f99c8c1633,2,1,1,2024-02-11,2024-02-11
87e9c8c26f21b340b2900ffa32239b751706dbd359a4286025459323b8ded8ea,2,1,1,2023-12-15,2023-12-15
8814f771ffae304081556cb29e5c531ac8d6b229d4eeaa32a2a030e26a383eef,4,1,1,2025-08-12,2025-08-12
881f2880a5c3d17897ed0c317d8b0e31a455ca55b021f0013fc6be452b4d2374,2,1,1,2026-01-26,2026-01-26
88299c6b1c9a752b5d87a5beaa6ac9222fdd5f23e9c39e5da26c47821d9b1fee,2,1,1,2024-07-30,2024-07-30
8832d38817376530b3347475e8ee222fbb9e16c66885317217f675ecb5de0f32,2,1,1,2024-01-05,2024-01-05
8836a4b31b96ad7fc5aa00d9742a627c6cd5c68edc2c49f2c1cd87227ebfe4be,2,1,1,2025-06-16,2025-06-16
8843fe03c96fb3594200c2dda9af12f78232ea9e97f69e0230a0f7d12dbe86e3,128,1,1,2025-08-05,2025-09-18
885fe28841011a4c7dc0115fc8ce2a5177f5e4ed790fd12e6b4832ec348e5abd,14,3,3,2024-08-06,2025-06-16
8871fa02809dcb52ff8117f9f43fe7257bed03d41a26aad7624fcd82f03c1662,2,1,1,2023-11-30,2023-11-30
8883e4f969a832a9ef90d9700933d9f1c1a7ef5bcdb7528f483c9c74f3f308cb,2,1,1,2024-12-22,2024-12-22
888995a8665773eb211722e5578d5ce84ec0580d45fbe4bb15339ef25f2e3665,4,2,1,2024-10-01,2024-10-01
888bfc1012450be204b1e0efc35fe731920d0e67b57f8d9b28db4baf92655238,3,2,2,2025-01-16,2025-05-26
88963bbe23c51fa57873534b8aeed7f10f49d14b3e730380f26a65a32253808e,4,1,1,2024-01-24,2024-01-24
889bf1e19b6615e77e672820b5077abcb79f66e8c65132f854e3d5bdf2e28974,2,1,1,2024-10-22,2024-10-22
88a0113e511b416503c5ad2507d6885d2b8ab851ea5c2f6bf34b2b600d0081c4,5,1,1,2024-09-03,2024-09-04
88a327fc1ca2272b6aa40499be9a2505b6f5fe58bbbb854a3442c4d0577e3c1d,2,1,1,2025-09-02,2025-09-02
88b80d7ce27c6dbe8d0c5a56b2a0e385309cfa8b8279e07be9b3464648769dc9,7,1,1,2026-02-16,2026-02-17
88d5164b878e7da61a3ae0136bd1bbaeca9ebbd1043b560a20ad8da70dc4bd81,3,1,1,2025-01-03,2025-01-26
88e902e660482f2bf5d2522c9bcb3b3b46500cc65c161e302130b5209200757f,2,1,1,2025-02-24,2025-02-24
88ead2b2da10a8bfbebfaa5b7ebd1f67b812dcd09b7165d3ca719509144bca10,2,1,1,2026-01-02,2026-01-02
8903d26b6503402321704c8b7bf7d02fb1f47138c1f3fafc817b98db9dbda376,2,2,1,2024-09-03,2024-09-15
89168f1b602a83e2fcb3c46517a5122ac9f29745bf6cd38f6a96ca1c5b0939bb,2,1,1,2026-03-11,2026-03-11
891fcf08276b3d8ef687340b031fe0e5c3d9c8d88060aea3642d36d3e5b92166,2,1,1,2026-02-24,2026-02-24
89226e400bf8c8a4389659b37068cc89aaa24a122ae937de06f620cf615b1341,2,1,1,2024-12-27,2024-12-27
89273615c470c7d790e35bd81edf40dec72d1c0246bb47d2b27b3354f438d0bf,2,1,1,2023-10-28,2023-10-28
8937c2a863e11c4017880a66f266efb986b438ceb236c83eed23478d6e9b60f1,5,1,2,2025-09-19,2025-10-08
893f1b81e7d4259b81545f7c02fac4559a59b61c69bc42c749c7e8ccbb9b39d6,2,1,2,2025-10-22,2026-01-07
8947eb1efbc7a8ac731c8968722fb5b4e3769a98df2dd72cce5b026df5ce77d2,2,2,1,2025-04-23,2025-04-28
895208478b13f37af9823018ab0d4d6c5c551477e6ab0cd1ae82135d92a9249a,2,1,1,2026-03-31,2026-03-31
8965240125afcfcc18572830a90179f613bd4d0e25b4d09ce209dc868ab3d046,3,1,1,2025-09-19,2025-09-19
896be89cebd43a8090e42cabbff0d725a9bbc12a61c2ca030916191d37203d7f,2,1,1,2025-08-01,2025-09-08
897db1aa22a15bfc0dfb4f68f990c8877b7b9d18a9cbc56d925f5bb19102e1e3,12,1,1,2024-03-18,2024-06-24
89845297c0d29656a6041ecb472e454ffda6d8be736bb76a0e1a2f0fdbcc01f3,4,1,1,2024-01-17,2024-01-22
89898cb78fcf77c690edde9b074c26891e2569b8f00062750505b11134cb9092,2,1,1,2025-08-19,2025-08-20
899e904bc606791cd0e21fa2da9f5844b2b0b682523c6cc0fea71a9217e91da1,2,1,1,2025-06-10,2025-06-10
89ae2647a1b7259fbf8482acf560f2d89100082f3594ca2b2ed934a50de83e97,2,1,1,2025-10-27,2025-12-15
89c839e4d32fb36d290120b77f139bd08a829192b907bb35d4996583eded4f6f,2,1,1,2026-04-20,2026-04-20
89cde8a5002ab1f946997bc86a7a23e9bb4d9496ba85cdb356a942a05f180118,2,1,1,2025-05-22,2025-05-22
89d0846c2684fc8104973bf6002fabb8b36749ee73e3d0919c355f5380b4a176,3,1,1,2024-05-10,2024-05-10
89e332a00ab66ebe31483e3c43e59022531fb35d909498358d517ac07bf16b10,2,1,1,2024-12-19,2024-12-19
89ee40a9c6f210f8e5277e0a73f97bba691e1ae248fa9d2900f3a6421c589404,2,1,2,2024-10-24,2025-11-14
89f73d659618f287bdabd87279c9d71ed0c9f5f575499fd772a7e49d6efa614b,2,1,1,2024-04-02,2024-04-02
8a04c88e70b59766021242a72eb130c72d17720cdc3dc20cd319d48a4feaccf2,2,1,1,2025-02-21,2025-02-21
8a068401f5b12ff6062cc20bbe833dddf17fb5af43becbf09808dcb30a417412,5,1,1,2024-05-22,2024-05-22
8a11f29b0f4305037e6e2831f3f023f83ab69f232f2310d36e707c120c31bd8f,2,1,2,2025-04-19,2026-05-18
8a32898939d9dae2500bd149000774aa3893c9a37f7e0f5edc799fade3b7a828,2,1,1,2024-08-12,2024-08-12
8a3703dfe76f5d30299b2d9c3e2e2c6c4041f4db237765311d035ef3c2765a9d,2,1,1,2024-02-13,2024-02-13
8a41397da278863eb83d1afc902f2e9d247f709913e091a256f0e611aefd15c3,3,1,1,2025-10-03,2025-10-03
8a4928b9f64efab35c240c4524846b0fe36e93164626c1b2d7d9a55bd4cc2e6a,2,1,2,2025-09-11,2025-10-07
8a4ab95ddadc606525df753998909497cdd2fe8d4603194da1e14143be19bc5f,533,1,9,2024-03-08,2026-06-21
8a4d5f7a49503b8af1abcc506af338b83df2f5d6ee38402b066c6a61a3cad1ab,2,1,1,2025-07-31,2025-09-09
8a54cad978b48c2053c72edf875badc46dce9e75d09e2ceb37059c75f6e003c5,3,1,1,2024-02-27,2024-02-27
8a604ace53db3c15e9275cf152ee46e2ab4bce15e670938b7f987903c7609a5c,2,1,1,2025-11-15,2025-11-15
8a63400e42e02935670e6cf9e7cb959f4752b0bc7c6ef6459e3a424f5da7a709,2,1,1,2024-01-05,2024-01-05
8a6566076f04af4a2edc942fcc3427650d0585ef3a0e9af89eafc61fd3f4baf9,2,1,1,2024-11-20,2024-11-20
8a6616005ba00cc747da1bfb7ea9d11ece3357ecf36842c62ff0ebd490a12690,2,1,1,2023-12-19,2023-12-19
8a7b30d199190f9cfad90dbd1e3b49948e7d3d4c9ff2d2566157f7557592fa5e,2,1,1,2025-09-04,2025-09-04
8a7c8e671ac6d79cb3b6d5b8910a2e83530ce6c7898c407763d907dc9204d9e0,2,1,1,2025-08-02,2025-08-02
8a80b25b70e6884cbfc6c6b3883e5fb9f1bb6cd45f329422cc39ee8cb9e2367c,5,1,1,2025-04-29,2025-04-29
8a830ae4bade519f79a1256f36dc4042081d8da82663320d806b4fbb2d7caa95,2,1,2,2025-09-15,2025-11-06
8a8d5d3932cd67d7ddc34063b8bdefe9e4bd1d892b74a34f1afe287fd24da7fd,2,1,1,2023-11-16,2023-11-16
8aad30c59210191a49a6e7be1ef24e3a8a8ad4a2f98a0721c27b8b91577801f3,2,1,1,2025-08-22,2025-08-25
8ab065538a274e24691e05a7b008f29598b25842cdf5a4e0653044a23ea2256f,2,1,1,2025-01-30,2025-01-30
8abe51bf994f2f9fdae8fbb1f5b46d02822eb1652186888b81e00ea6687a1210,3,2,1,2025-06-30,2025-06-30
8ad17d867d9680c81f0f42078f5032d6b0f5c068db6d79ffaabeddb63acfe4c6,2,1,1,2024-02-23,2024-02-23
8ad43df56e643539b61b4b14aa32191e716621103b97b6190a4f3ddbdfc92a0f,2,1,1,2024-06-07,2024-06-07
8ade2d80197ba78e19854b506ab797ea4cd06a17c940f70ae3629b35857c50de,2,1,1,2024-02-12,2024-02-12
8af053651e5640d24d6fa6364b6321fda64ece70a9744740cacba6a83be3de24,6,1,1,2024-03-22,2024-06-24
8af288eff65f0c862e3a004faec2940fd1fd0e9dd90499512bfffdb21a3a966c,2,1,1,2025-12-19,2025-12-19
8afe4eaef811b23d455875688ff19831003b8cf6225e967607a2b9cec217c418,59,1,2,2025-10-15,2026-02-17
8b072af797db61630b4bdd86608c14e83bace3e9d3bd750b8fd045e1d402712a,5,1,2,2024-11-26,2025-02-13
8b131abf6c22cd3d095a1470fe25624cecdd7e713d682d6729027f2d33966b5f,2,1,1,2024-12-03,2024-12-03
8b155b40b377234a098ad06dc47030d925834cc50638acb5ba1abf0cd2570cc6,2,1,1,2024-10-29,2024-10-29
8b1f386afb57131055d58ff0726876c6a168e2c7731768e0d8af5b5b6f2cf85e,2,1,1,2025-10-22,2025-10-22
8b2464bc66d87c5333117f23daf58a87af28abad47dd8511757a44a38f3abd52,2,1,1,2025-06-19,2025-06-19
8b3307de5cd555f46a56312c1d76aeeaf7f75246fee5489d4837ee572d706f06,2,1,1,2025-09-18,2025-09-19
8b34840a1d59f031a95b222f125e349bd2807539bcc0dbc772d7e088d5561db6,2,1,1,2026-03-12,2026-03-12
8b4864cedceab7132051151ea599e8b0e47c7a7921add81acaab0a4f4b58abb1,2,1,1,2024-10-13,2024-10-13
8b50652816b1524dbced34ea6299b358a2f0e9c8b8e51f3c97c04fab34c4c467,2,1,1,2025-04-16,2025-04-16
8b633d9afc2dfcd113fd0124a98bb2f2532f5297467e60d6dadb25f250915cdb,4,1,3,2024-04-30,2025-02-02
8b64f536cd00b0bb451b8906edb605bb360a09c6628701c41ec4165361e4a2e3,3,1,1,2026-04-21,2026-04-21
8b67e34d96e58468bf8bee1edf9496c28c3a5bf6b33f460d5eef95872f04d832,2,1,1,2023-09-17,2023-09-17
8b703a1fadb8e199117d5fd709fdb09618cdb9bee81cca2c91e06cbb20996833,2,1,1,2025-11-20,2025-11-20
8b7893e6e82f35979a16243e22df7337924e86ed1ab1a5a7c189ab9a550ad67d,2,1,1,2023-10-24,2023-10-24
8b81a21211d64d4ddaa04e28cefb94f919c218fdb08113473304d6b42f308cbd,2,1,1,2024-10-29,2024-11-09
8b983c7c1afc453927c2caab497c793560da2a846f80942ad7c61c257682e584,2,1,1,2025-11-03,2025-11-03
8b9b205cc1ddfb36bc680524d346f301cdfe1f585d319d15710d8b9ce070f1b8,3,1,1,2024-05-28,2024-06-07
8b9bc0e1d780dfc3ebc47070d8f8b401b6521f26622c24b254fd685dd86954fe,2,1,1,2025-06-10,2025-06-22
8b9eea7da266ec0f42bd24e71125a4ae79dd7d20e6a37a32e38f75b0547a14c2,4,1,1,2025-08-28,2025-08-29
8ba3754e2e04bcf6d1b312d2834324d8b15f945fbe14f1df5e1bf8e5362cc5e1,2,1,1,2025-01-28,2025-01-28
8bb2855321088a22cf28ab89711f4bed34acf092f9e2f6cf2424e1d25299a2e7,3,1,1,2024-01-26,2024-01-26
8bba45a7e51f4de7a4f7ba5a231b52c4812125505792e30d41cd557531b1b4fc,2,1,1,2026-03-03,2026-03-03
8bc4561c88e0b8f90f98ebe1a53cbffe76339a64a160bddf93dac08be5d08fae,2,1,2,2024-10-24,2025-05-19
8bc50fbd21cf05cef2f14f4331b2585144b71d3a5568aebf1a48eca4908978be,2,1,2,2025-08-12,2025-10-22
8bc6e2b91942aed858ba429f88036850d77f24d7b27753171ca6babcc0af8397,5,2,1,2025-07-04,2025-07-04
8bd56497411aefc04edf5ac133e1d31c041e0e767ad91e65aea8914575ea7912,2,1,1,2026-05-20,2026-05-20
8bd9dcf26f6615aaa02654fd667a779b534c26bb116b8fbfc72339d887b17eb2,2,1,1,2025-12-31,2025-12-31
8bddcf49361eeb0130063dbda94f825144541dfd6a659a335e660f879ac9b26f,2,1,2,2024-09-12,2025-01-22
8be82b9a06c27ee07f1497b01d6191acbb9376346e4a9600ad6a00fae3236246,11,1,2,2025-03-05,2025-06-18
8bf4c18d5c51e6c65beabe918abc9b20ff461e1b85a981c3cca8c169f3686e4b,2,1,1,2026-04-06,2026-04-06
8c094f16f6f120bf7b6bec551822b3adc46f798e92d03867416f5968755f5a97,2,1,1,2023-11-16,2023-11-16
8c1c9ff633c2b258e06d6cecdb3f614c957905959a76058e282f057c42564895,3,1,1,2024-12-30,2024-12-30
8c33c6acce4466dbc7ee822817ad8167e61c8d91de2f84ab774ba8c20ff22fa8,5,1,2,2025-05-14,2025-07-23
8c3abcd58b094073887868ee33d1f6582b7b12d939a4ca61fc86d41851c965e4,64,1,10,2024-03-09,2026-07-07
8c3cbd6835b3cc388e641f583c5edd3997fc8344d42216e5bfa327c40578db54,7,1,3,2024-07-15,2025-01-02
8c3e25ddb3da79005ad812c2cd9ef92f931c531680d334cab003bbd5dd31e383,2,1,1,2025-08-28,2025-08-28
8c4ffee4f2ff054a8e90f8cb83f55e1f7cdbd95dc39ffb0e3fa5a4088106b30e,2,1,1,2025-09-03,2025-09-03
8c6083cdc354011b0ce20d243bd8eda00e2b2ac780118a06aea9cca7cd65c904,2,1,1,2024-05-01,2024-05-02
8c673ca1b17f9302796128a26586503463072144d7643a3649014a5623f62ae3,2,1,1,2024-05-22,2024-06-12
8c717d47dc407227242539f85eb12d8de832db50b8e661c3634bb8e703969832,2,1,1,2025-09-05,2025-09-26
8c737c5c6d60c4e18d252632becef7bca353b051c8a733634c4a20307c852ec5,3,2,1,2024-07-08,2024-08-08
8c74ec4eea78b98b5376d04cc7ff9c5b8f4705b008fea81dd60676951cc73c61,2,1,1,2024-08-13,2024-08-13
8c7723ff309c7086afe7454be8a4c425b8984308fd5e83773ba94f965d8bffa9,2,1,1,2025-09-25,2025-09-25
8c853ff10b400bb6afd5f693717d386804ce8bacb33b9eb84dbd747a0c147c9f,2,1,1,2024-01-17,2024-01-17
8c93dc73e52f20fa7443f0ac85e7a01bd1b6899cb67da771b56b82f70d2b9f77,2,1,1,2024-05-25,2024-05-25
8c9f04c68ef9dedb1688cd0baf698addbc02b82e5be3fd4bd3cabcd53d21a2c3,2,1,1,2025-05-05,2025-05-05
8ca5646627f5f0479ce4dfb449ba1075f04121e18d68d8adf0385a7081d16a3e,2,1,1,2025-02-28,2025-02-28
8cab42dae0c2eab16ce9b4eeef1028608f8ffae120c2490f753c60e7071fa08b,2,1,1,2026-03-26,2026-03-26
8cb841679ca1c239b28c62ba111d2baaaec2379fc8dd862e193db49024d33bc5,4,1,1,2024-04-08,2024-04-12
8cbd1182cfdb879d34643a0e12097dbd367a7fccd4342f6f422d33def49fe041,2,1,1,2025-10-15,2025-10-15
8cc94e31c5c878f236bf0ed7a535737f263c88ccfbe2651ecd474047b975a56d,2,1,2,2024-06-30,2024-09-24
8cd1808d4b69ee21434842e6c4b30065411aa52c46b159f5e56c50b6b996ff23,2,1,1,2026-03-11,2026-03-11
8cdb241dbdaacaeacfd649f1a9496b82a9546c98cee9b62b1585ba27cf621519,2,1,1,2024-10-25,2024-10-25
8cdef618afc97d527d7f88c7e9b653bc306dc31508d287feb0f8448e2deba037,2,1,1,2024-02-29,2024-02-29
8ce09e530521f805a8082b50767720bf31e4547bc0c208ef48c57737ff6f7f2e,2,1,1,2023-11-13,2023-11-13
8ce9562ad7fb1d06b851ab04b5730dbe7b0e5510b711806e7b5a5b05edac8094,2,1,1,2025-08-31,2025-08-31
8cf6ecd196c66d55c92135b4473c6dee800155103833683e287ba3096c5dc377,2,1,1,2024-11-28,2024-11-28
8cf72aae927b404d8a83750e6faad4b1355d3d1ae13bd879173661b9cc72eae7,3,1,1,2026-05-24,2026-06-28
8d38ed254bf5884ed0296a3ac2e9dff3acfd40a19317872a560648b9a3aaa467,2,1,1,2025-09-27,2025-09-27
8d43f4c2797f900392fd8657b76f491afa99c1f78b69d5574e249e885a04e958,3,1,1,2025-01-10,2025-01-10
8d48fee14f70d0dd448c608c28ccfa49d2c312f2238984a88f42513fb7c74d2b,2,1,1,2026-03-31,2026-03-31
8d7c4f3dc57a6e84c7186036f80a250eb7dd25a77624e383d6bf89e3913d03d0,3,1,1,2024-02-06,2024-02-06
8d8e7ab42de1d7e0e7e94a54d3b35b3b0ecd8a2476dd3026df662b12f5cde4ca,3,1,1,2025-02-05,2025-02-05
8d96363a8738c7a10c87e6204b98e7e43411e62b92d75f685fa8ffb64e045668,2,1,1,2026-01-29,2026-01-29
8da607f0658a3329ef56df61258df97cc1679e77c7c22d1d1618b55055d351d1,3,2,2,2025-03-25,2026-05-18
8da73dfe52cb16a1bd236a0972509968516e075a119488a718defea797539c5b,2,1,1,2025-05-29,2025-05-29
8dacf10f27fd06ebae85b12818740b02cb4275333aeeff5ad80b33c4863a57c0,2,1,1,2025-08-13,2025-08-13
8dbf2e2942ff243bf40708fe2b27307343c61fffd2a9eb7f9d48337455a250cf,2,1,1,2025-08-15,2025-09-26
8dd4556936e9eb2173c3b30d1ed1d68d6600614112337e5833cf82a69ed6c428,4,1,1,2025-12-26,2025-12-27
8ddf492219e83ec1d36771068a9ec3fed013c7f18ae818988053cad099f0c7cd,4,1,1,2026-02-08,2026-02-10
8de1a2d9a591466b03e280bbf98598146b42b32d1f25ed8cbf3a7c3d9beb4ff7,2,1,1,2026-03-08,2026-03-08
8de51349afc6d0b710921cfcba8c8290aaca2520c81a3eaffe77128e923246f5,2,1,1,2023-09-08,2023-09-08
8deb7069d31b870122fc0fd5a3d04f8d9afe26bd31f14769fe10b19b44f08561,2,1,1,2024-10-22,2024-10-22
8df0ceb51404f071342a09f6e3e1439f44786b351abfdbf97141ef558353d35b,3,1,1,2024-01-24,2024-01-24
8df3a57648c2996014f665147f664ef240236603b851129200de8c67104942a7,2,1,1,2025-04-17,2025-04-17
8e0027bdf915a9b28cb772561d9b26badb4ee9118de4839f3c84ff68d3ed973f,11,1,1,2025-06-03,2025-06-26
8e0b0bdd841d0afe349f145c5dd94c66ab7cf10aa34a9d356350f737b57bfd59,2,1,1,2024-05-04,2024-05-04
8e135efcb0d8543d688073a0773bda225eb7d1d10727dc0b0666af9e64cd60e7,2,1,1,2026-05-24,2026-05-24
8e1499e96b2be639af8c2df6a2af40b8d182d6a000ebeeedbb0fd6f1f4671a5e,4,2,1,2024-10-16,2024-11-08
8e1c63a23f0a00c819c1bc6ea26963423363edb9d765302ae34a2faa0a3589b2,35,1,2,2026-04-19,2026-07-20
8e54afc35c210ca737afc1ea88d07fbd8ca694c680aee5f8b867976c9392ebd6,15,1,3,2025-09-10,2026-03-06
8e5d23f1d4a51abd8833d5bee8bc596f798e53e3497e4f32e91727dfbc336335,6,1,1,2025-10-02,2025-10-03
8e62f51c1d700f3b1d70d53a2b204caa97bfce82677cee2be2363c2b374df443,2,1,1,2025-10-27,2025-10-27
8ea475e1612fac267ba91b351b6573695bd5efc0882a2ed3da6a0bc54e684aa0,2,1,1,2024-02-13,2024-02-13
8eaf0edb503226a6bf72685da00ac8a43c64ff6dbb199fb02ed425c571389e87,3,1,2,2025-08-21,2025-10-20
8eafd1321d21275f46770c8cdf85720e055db5f68c90ea46ccd31ebde10bb89e,3,1,1,2024-12-01,2024-12-01
8eb5b265d1acb039aae97c969a5c094d4fe8021a7a1e972e5e0c324d8711d2c8,2,1,1,2025-09-04,2025-09-04
8eb7f697b76e9a4231a86722535ec22790b87c26c61add4319c641090ca9e271,2,1,1,2025-11-04,2025-11-04
8ed48b39a4117a12d3421e7107edf27185dd7a1f8c403ecaf68d73e75fc85e0e,3,1,1,2024-08-06,2024-08-06
8ee6223db162c086fe95338d7e52bf8acb49f51f6b406d9c841ada8c426e5072,3,1,1,2025-09-18,2025-09-18
8ef9a19466a2644a09fba64e6cdb7825606362078378c9665ff1c6e6ac5453ef,2,1,1,2025-11-10,2025-11-10
8efc5b4a49d21b8272e5c2e43452136f2f3b78f49590061ab023243754f60ca9,2,1,1,2024-12-16,2024-12-16
8f0276c9841d383dbb7cf59a574e29da5de0986597b74f127ab830a01d65fe56,2,1,1,2025-08-25,2025-08-26
8f02e3d91cb9cd3dc990c45b86ccd04a9fdf8d632a9fd5838ac9a5db303378f6,7,1,1,2023-11-05,2023-11-06
8f0f01ca87ecaf668911aef35c045752f4f5edd532d6a9d83dd3d77b9667ceb8,2,1,1,2025-07-05,2025-07-05
8f0fdcbbfeba2347e92b7b04de0cbbdf7e2821a51e88a604a632d7d420cb588b,8,1,4,2025-08-26,2026-04-27
8f190afba09935b5bdc6da3b04d04c90af6bb224f5e6417203cc22c949eeebac,2,1,1,2026-03-02,2026-03-18
8f332e2161d94fb32f21cd355dd2670ceef9143d4a0472a1fff71b7a82cd43e7,2,1,1,2025-03-27,2025-03-27
8f42c4318a828e4390a66a892b1202d279a8ad538d8fff4079016c2cbf80d2f0,2,1,2,2026-03-18,2026-04-15
8f4c689d342b076dbfa5e654e2f03478ebbdb094b05f86e8b094c3814ecf2494,3,1,1,2025-10-03,2025-10-03
8f568ffba747e5c0d04418c86a0e1e2c807cccb082df147a79d972dc3494cf78,2,1,1,2025-08-05,2025-08-05
8f7b1740c78dce561458f00cf9f41f1febb60bc7b6a50a7e7723c8cebd4143a9,2,1,1,2026-05-28,2026-05-29
8f84f9a6c1a10e4eb4fd9e4d6cfd151912dfade8ec1a12e092e9ac9c09d8239d,2,1,1,2023-11-27,2023-11-27
8f91b5fe4ed3a85a1df226d6e95b8cd36f5738d1d3609cb6020bc860456c4332,2,1,1,2025-06-21,2025-06-21
8f9421265197bba1373d49f15c5e3029b9aa40db962d889a9cb46f8d8357076c,5,1,1,2025-04-27,2025-05-06
8f9c0df710e6a06f86833ede296816bc14f2ceaf28851c120b7e003ba089a944,3,1,1,2025-07-17,2025-08-26
8fb135c521cb45529c4ac66c4f9ad9a6d6359e62313b447bcdd5c347a13d62aa,2,1,1,2025-08-12,2025-09-26
8fc2d600eac1518f8285e77696241929958bfb7d765233e9d58ae5ada1af0fb5,2,1,1,2023-12-20,2023-12-20
8fc6857c18b60f7c22493ef77ed37b40c9c073cd7467df2bcfc966562d188d42,3,1,1,2024-10-22,2024-10-22
8fc6993608540d1af2ca03506dbd38f966c58bdfd57832f562a030b035fe8cb7,2,1,1,2023-11-09,2023-11-09
8fc78140d40912564dc01ea3213f49880a4841bdef5f9eff9c40409f29075def,6,1,1,2024-03-29,2024-06-25
8fecabbf2b42c4736c12fc8b243a0f2f92fba9329c0ffa0bf1fb9bf476a3651f,2,1,1,2025-08-22,2025-08-22
900329895802046f603e1a2d615a4588670469e223d858891114c95cac3aa19c,4,1,1,2024-07-07,2024-07-28
9014c0de64c87f163fb35cc85032deb77f2f1447083c8293cbda8986056c72ba,2,1,1,2026-03-18,2026-03-18
9014e3370a87cd2bd235ca33243f9ad4d752dbafd4f180f7e5fbc4da42bc96c8,2,1,1,2025-12-26,2025-12-26
9017e8a91cf331dd696cec57ab422e23e5d1f5ea165b23725b578a9da8d6dc43,2,1,1,2026-04-01,2026-04-10
9022469cb2bc09085fd2c032325ad173b995dc3b2456a47184f62e9bf71c6a8b,2,1,1,2024-08-31,2024-08-31
9034e16f5f28f87ea4de075b645f893ff1caabbc28b8eb73bd43f2e9b173dfa4,2,1,1,2025-11-09,2025-11-09
90384ff49f3034d877bd3fee71c69c3e934beb9b86f5ced04059fae20274118e,2,1,1,2024-01-24,2024-01-24
904682ab5080d017bda1c8a78c57a647772bb5d04680d5088e3c1f5bd42ddb1d,3,1,1,2025-02-28,2025-03-01
905443e58fbf9301f256ab2d522bbeecd3721ebc41c79b4e2fee5ee477bb22ba,2,1,1,2024-07-14,2024-07-14
906d5af7c42e723ab82f47d7792a1f2d0999996ae387392456b82d0098b1bf22,2,1,1,2025-01-04,2025-01-04
9072605dc1a3ff221274bc6a5f388fc0fa7b306c9be236a7f761c9b882ff61af,2,1,1,2025-03-27,2025-03-27
9072a3630e9e607b7ef9b00390057833ea9f51a4bcd4556e577cf34180d3f8c0,2,1,1,2024-01-16,2024-01-16
9076ec7e986a1f1f9076a68dcc4be6ebe9444944e594ac12213038cca58cc2f7,2,1,1,2023-11-28,2023-11-28
907836c593f53fd23457674ce44f3f2753dd2cf5ba921cb362a06578f07a167e,2,1,1,2025-07-01,2025-07-01
9079d92c64cefc3227c3f7fb75ae5e9436c51f67d3586cfff7fffec8f1e8af49,2,1,1,2024-07-26,2024-07-26
907eaeeb551afc4bf4dfdddc73401c43b5592fa584f9cd8840c504e3e8caff3c,2,1,1,2024-02-25,2024-02-25
9083eb4aff854b91bf3d9ec4e8f8d161e44ca50d5d652fc521e36650eeedb551,2,1,1,2025-06-24,2025-06-24
908e7a590f1ddbf88619d2e097cb64e58ef34578d69706019029babef457138e,3,1,2,2024-11-22,2025-01-27
90a25a4ec5ddd0d96f430b5ec25746c9f70dbe6a3c98b1cf3ddc7e66f3a001f6,2,1,1,2025-08-25,2025-08-26
90a73a08f8a128abe85d5419ad585991fc267052c9060c25164272f5fbb33a2b,2,1,1,2024-12-19,2024-12-19
90a8dd6f0dfdf02a65526bcb1d94f5759a4941dd07780b0b7821971215dec170,2,1,1,2025-08-22,2025-08-22
90aaab1dffb15b2110f1a173a6e74bc2b823fba13591bd2b80ce1d3813e3b021,2,1,1,2024-05-02,2024-05-02
90aef9fa61ac0f9e1c35b44792e3814ce444b4ae7123da755eba98a161126828,3,1,1,2024-05-21,2024-05-26
90afbe00c849eedbedc7bdea33e3e7a24f24574cbfee5b5555defdd535797d62,13,1,1,2024-10-29,2024-11-29
90b0d07477f000761135a6ce30099539389343dd1e718e5528eb72cea641217b,2,1,1,2023-11-17,2023-11-17
90c1c1e29d22cdc53ee689498bd41db40c21c27ee77aa20c716fc1b97e1dad0d,2,1,1,2025-11-01,2025-11-01
90c43a8eec472894574ef6bf5657f703e266858c025e2b4760a099e05e75d590,3,1,1,2024-03-12,2024-03-12
90d8cc8d53c1f4d2db51340481f59576e8cf1c894eb69775396ef4b6ba1d47bd,2,1,2,2025-09-10,2025-12-08
90e4983bf8af18a9c1cddd034869c8638ce2f6a263b1ee5f0df94b5bf896ebf5,5,3,2,2024-01-24,2024-07-26
90e7b53fd10488b263880fda31acd82ad6fa481b0f18b456ad175593d6cc7ac2,4,1,1,2025-02-13,2025-02-13
90f5b4ccc7b861c9aca2b8537eb648f3fe1f5b9e4851a6247d95cfd13b32b6e7,3,1,1,2024-03-29,2024-04-01
90ff683dc701abe3518c01e85131696d1e75a108a3b718031217e2fea3d447c3,2,1,1,2025-07-25,2025-07-25
91259fc64e5e033255605ed81a3b5c96ba872bbdca623108e5cc9fee86084da9,2,1,1,2025-07-04,2025-07-04
912c2de722b920b98d51949b87685b48eff72ea68e94b566c3a5e04683214d3e,2,1,1,2025-08-20,2025-08-20
912eef4a5b340d0e892079101ed233742e4fb00d53414249fe0c6c6d89859ed3,2,1,1,2025-04-05,2025-04-05
913df0413e2c2b4c6b5f5237a7497fb6e7e3e7d1b28460276c30c1a520745e01,2,1,1,2024-06-06,2024-06-06
9142c53db8f1f4cc423a9c0c311fdbeae200f0c081e16e9971c32026a7628bd3,2,1,1,2026-04-21,2026-06-25
914be4a243f0d90ede5271a727b5b8c196345ad5a9440f0283ace775a7d1521f,2,1,1,2025-10-13,2025-10-13
91622abdccfc22b47628e132544e87a0378fd8648b15abf489106685387578d7,2,1,1,2025-09-15,2025-09-30
9175b2e777637fcc9619e1dbff48d696304079d53c600018b07fd4d4f670f228,2,1,1,2025-08-15,2025-08-15
9175c5506d164a04c5af679ac1da7baf68c4985509e9f3285c3b22bf4493a161,2,1,1,2025-06-16,2025-06-16
918575747c7bc9b1c6cbc08ffe84d006d7c0a18a86bf69fa054e95dd3525e06f,2,1,1,2024-11-05,2024-11-05
9186d8393281117ed14868c797fc0fc3b1e070b61d0c2f748dde658bce3adef5,2,1,1,2025-08-18,2025-09-26
918c12177b9afe6aa23da1b37f76334979b105ddd9dd68f65db566b5bb783019,5,1,1,2026-01-24,2026-02-06
91a27d95e84c52c9dcb30448ec5afd7839bb3463f34ef39a879ea0b8ce0372a4,2,1,1,2025-09-30,2025-09-30
91b8e0890685eaae2430434a18ab51ec675cf628926fc7c36eef0a1e6b53b009,2,1,1,2026-04-20,2026-05-13
91c3d237ef41dc33af63311bbc4afdca69d16b333ee1ee65c69fba4895e9c1c1,3,1,1,2025-08-20,2025-08-21
91cb2585b8492b9b392c4ba4c2f6ac8f39759158b1a3bb34f2a1a2927a9253e8,3,1,1,2025-09-08,2025-09-09
91ce41471474f430692910168482ec9529172ddf87a622077a1654aea8b0902a,6,1,1,2024-05-03,2024-05-14
91d78e8b5f94e78a8f177a9bfaab51d1334694fb4470398ddfbe55987febc04d,4,1,2,2025-12-22,2026-02-16
91df348459e174bacd0f197d02becff942b45aadba79894760c82e697ff622ab,2,1,1,2026-02-03,2026-02-03
91dfcfc3279ea1718df197fd2d0767c7d5f1e0b24efab96ae971fb55350b48a0,2,1,1,2025-01-23,2025-01-23
91e166854e6c501350ba8ca46fc8476181063601ed8727a9b1eef6274d83a9c6,29,1,1,2024-01-22,2024-01-24
91e3477cbd1f827cf740fd43823e0115a01991a45895e2ef0bc613addae7ba3e,2,1,1,2023-09-09,2023-09-09
91f212afe12eb69c219aed11f8a647e4f31538c52e89c04de5156e4933fa8050,7,1,3,2026-03-30,2026-07-16
92036937c5d5476051d285ba3eb06557be5998b2f6654e992e961ac0920e3e91,2,1,1,2025-09-17,2025-09-17
92047b5df124acde40c6b711a6dd001eeb035df0717cc3ac41899023516c6c0a,2,1,1,2025-08-09,2025-08-09
92171f7827a61562ee186280d9d9d97a54f03ba770083902e37c21e2bf894d92,2,1,1,2025-08-15,2025-09-26
921a15a7ff0ac359849718103cf49dcc292dd73997b86a6ec642aaff18ac28aa,2,1,1,2024-12-21,2024-12-21
921f174d9c150d1b387ae5305f1a538d06c12904251b92ebb70b9c37f46f1f9e,18,1,4,2025-07-04,2026-05-05
922914a2fa2b37a20d1b011a2f4dd9d17d59c712d51b6b0ddd91013599a64312,2,1,1,2024-01-25,2024-01-25
9243917c4c2a6944e012245a368ea4dafee89ee70994b90825f3bb372801836c,2,1,1,2024-03-18,2024-03-18
925054c056631556c48710ed4246dd8b63282902cb8756a358b6a5cea8574371,5,1,1,2026-01-08,2026-03-06
925b9df5fa21467ea0345bdec71e973ba400c040c3b58ac3cba06699159a61d9,2,1,1,2025-06-10,2025-06-10
925c78fcf24fbf4bd22a998ba5534776b54fd94a6290986a5454afa51e754a61,3,1,1,2024-04-23,2024-04-28
9263fb5dab1d2edcfd764d8fdfa8e7266f942aecc54829322adde797dce318ef,9,1,1,2024-08-13,2024-08-13
9268d1f070bd3eae4b863e8ddc196314aa5678eeb642357b14fb5503490485df,2,1,1,2025-12-22,2025-12-22
926d9f73f659722a1dfe75ab81ff1a2d090d69f69dfd58a7cd5bdf53c755112e,2,1,1,2025-03-22,2025-03-22
927ab48a3ef3253c196f86a8a4af1dfd61147775d7c3797782fe6dfaba332215,3,1,1,2025-06-06,2025-06-06
929329b8f5dba393d54909ab2a397559f39b5c84315e262c712b0a85d455d2b7,2,1,1,2025-07-13,2025-07-13
929443810ac3332cefaad53fb4b6741fa0b2a02c91ff3c1d5af1705a2e5dbe0d,2,1,1,2025-05-05,2025-05-05
929e246219b36ab0ab80a0d78de284e1e9a3ea984db997448babddea9b16df6d,3,1,3,2025-11-12,2026-04-23
92a1f0f036b9c7819fee42f76a2f7c34f8f17256f7366b6998b170b11da194ab,2,1,1,2024-12-04,2024-12-04
92a31e66a7504544c3eb0a49419d6592e722ca951cfd8919f5209ff2e9376b55,4,1,4,2025-06-19,2026-04-30
92a4c3cb4e39c15deff6877203153b3920b40b575552853ddc067de0e7c4eb31,2,1,1,2025-12-05,2025-12-05
92ace1e11346e5fb31114703959c6b3e2231269cd1e6a8fd3834da74002f5354,2,1,1,2024-01-09,2024-01-09
92b0166cb5c1b5dbe8693286abd001b03988a125b5f913fdc4ed3d07be9d138a,2,1,1,2025-03-18,2025-03-19
92be3ca42da92e5f23a052bd1e20750ba10c5eaf30bce5906c9b9025b1c9439d,2,1,1,2025-11-10,2025-11-10
92cc4bcd74eb0f0b43135d00ff2ef4261ccaa03f112bc82ef1cb2c572791d65f,2,1,1,2025-08-15,2025-08-15
92d071173cc4955a928104346587736c8ea2838da5ac968777b65ea91ffe1fc3,11,1,1,2025-08-04,2025-08-11
92d5b67958f212a65ebb0f20a7beac6ce21f6c088382eca362e59ab5af42a9f0,2,1,1,2024-01-30,2024-01-30
92e511c623ae85c97f725c56582a2af9c646bf4799d67d6154dfd99d0a1582d8,2,1,1,2026-05-25,2026-05-25
930037b296f26c12cddcf844dce7cfc0fb081d1166e3a7a41f7c2e8238835cc6,2,2,1,2024-09-06,2024-09-09
930acd4293ff9f2db4b81d0226799346aa523c206dc122450c049230b5f73643,2,2,1,2026-01-15,2026-01-15
93142a37f174c9b4c0efc46a636e6fe5b5e04e9f930216805cb0138beff503e7,2,1,1,2025-09-07,2025-09-07
9322b2b638b3682a46f09abc626486852c94e1d0a2176c953a527868a1c1bdfc,2,1,1,2026-02-21,2026-02-21
932555608acfabc6ac543345de1f3f2772c2a4c7d9589e9c5dece8de5a6e4f5a,3,1,1,2025-10-06,2025-10-06
9328c7707c8ae63bb4adec481b33259cf862d98be1ad296077d40b35a8b9ff6c,3,1,1,2024-03-27,2024-03-27
933118adc9b4e2a09a76fd675269148c62c70255c048a987ad7a7a03a241440c,2,1,1,2024-03-08,2024-03-08
93348d3cef52f8fab9f142c6d50c71a569a0a1a97f63eb50ba31d91fdc233834,2,1,1,2024-02-29,2024-04-10
933a6186f7b6d74c1a472dd0038f7e7243ab4c9dc32799fbeba1c440dc27d89b,2,1,1,2026-03-24,2026-03-24
933ef8117f3122e70a3a05c3bc0e3c2aa20787cc8e381458dbf320ea524f49f7,2,1,1,2024-11-19,2024-11-20
93407d4a6afd2f4e93a59cc63934620aee18f7c25e006e710fbab4bb9ca060c5,2,1,1,2024-07-02,2024-07-02
93439e764068fd4652faba4f6e3b455fd1e50d741b402d5b499cebac8523cfff,3,1,1,2024-12-13,2024-12-14
934c76e389c724406cc49c4b9a940aed38e7113ad3e1d8d19865fc965bff5136,3,1,1,2025-08-14,2025-08-14
9352335e3c8aa0523a3d366fdc954516451fdf95d9af90149e7ae4ac3b73ae0b,2,1,1,2024-12-13,2024-12-13
936deef0da11a088e3c535ae4acdf245b00ec3c5f7dab8e8619a702fdb289f4c,2,1,1,2025-08-25,2025-08-25
93772849ee3a98460f4c48f1824326506eacac9351173e945e8249183f8293af,2,1,1,2024-06-05,2024-06-05
938a6e2f006cf4a3c53f5c7b555ca1f3219d9ae84ac830bb37ef64f377cfd564,135,1,2,2024-09-25,2024-11-05
93a1e5572c1b8d56f8b44fda632688c5cb3131812b31c0125aab02bf4338d1a0,3,1,1,2023-11-15,2023-11-15
93a6d312fdddf4f1bddad1c39b19bc5caab8ae036d9d032c28bcad4c5d08b2c1,2,2,1,2025-01-14,2025-01-14
93b06110fb93c7b0b440a4d833a85c2b81faf847622b679f77a5e2cd14626f86,3,1,1,2025-08-17,2025-08-17
93bc3bde4ba264e9d7558e5653569a09d2f7807f04470a53dff46689a71edddf,2,1,1,2026-02-15,2026-02-15
93d5cea5d79a2915becb7e28410cfbb054c84ec958034a56039f819cbcc3c5c5,15,1,1,2024-01-04,2024-01-23
93d6fe1c66b7da2c7078b246bb6eb63e9438860d144b1e914ed1b877c1e4d48d,2,1,1,2025-10-15,2025-10-15
93d836f5d78e12f55c2c6bd5e789cc7eb3876ffa2b20d372701a45ffff122e79,4,1,1,2025-08-06,2025-09-25
93ec8b681ae4ab756bddeccfa2a6343c15033424f3c4b06595300e3b5a56a8bd,2,1,1,2025-09-28,2025-09-28
93fed637de1bd930da91e449ff0155f2fb7c40364d1b2dc830a4820d39cfb5b3,6,2,1,2025-08-11,2025-08-11
9407dd5460bc85acb134c261963654cc05ded3e1831402840f43000cdc70d05a,7,1,1,2024-03-15,2024-04-17
94281136ff0570e293e78f218aefd6afe5d8245341bbe10bfbd66a7ae4a89774,2,1,1,2024-08-29,2024-08-29
942b61d8321d5513aedae922ee9f702140ee79bd6800170a2a18b2eb024240b4,3,1,3,2026-01-14,2026-07-07
943934041c856dc650990587c219f9b44aa6c88b561a8260ee9843990c3614e6,5,1,2,2025-11-26,2026-05-20
943f7cb27b781e3643c9b8d7a877298f2eae65381b979dcfce888558d81e1e43,2,1,1,2025-10-31,2025-10-31
9440b3ea5b8be6bca84a763e3e5c20b759996bb59750761d5265279d5bd41b51,2,1,1,2026-01-19,2026-01-19
94532353d515330beefc2403c95d12b3e9023e4becad1d5af7099b0fc579dabb,2,1,1,2025-05-19,2025-05-30
945a8422553075e59800420c9fb0ecbe59cbbab8032eeddab09d6742b5b68869,5,1,2,2025-09-11,2025-10-05
94776ead26057490cdd3f9d47837756dbb850a696f6ac6178b700841b5f9491f,2,1,1,2023-12-07,2023-12-07
9477b7aa31827784ccbf5d84ad0577e3b49cef192c48667d8a50bbf726a08302,8,1,1,2024-01-16,2024-01-23
947eed7393f9ad883286adcc7b90dcefa7b93a3494bbaea758358a8683fa4a64,2,1,1,2025-01-22,2025-01-22
947fa3e80cbaa0e015f6ef31c787a93b993678bc9ecd16e1e608cce4c4109d62,2,2,2,2025-05-21,2025-07-11
94855388867f2e964db67d455319566b11cc2b5acf37fcd8c7e41a1b1a6fb8f6,2,1,1,2023-10-13,2023-10-13
949a028711a8ad4e3fc55590a5e9cbc86854dfafd8eed00efe282d665440bc52,2,1,1,2026-07-01,2026-07-01
94a2728a3cec8fa0651b658408fd9fb4b414ae49cac4406e9d2b34333923b51d,2,1,1,2026-02-24,2026-02-24
94afaae1c170b78c170afbe4af05892f8859a32ff62bcd88bf9392d202d90a03,3,1,1,2025-05-07,2025-05-12
94ec21ed10cb3e36ff184c6d38c813b846ede8ecf1b55e494548ba8bed99e794,2,1,1,2024-02-12,2024-02-12
94f2032f076630d2965a1a2762f4c79e12d05b9cba66550fc2cc94a75262c87c,2,1,1,2023-11-01,2023-11-01
94f5601008b9bad32bc9e5440a371e28a79e12c37e1b89b6940768d63e203dd2,10,1,2,2025-11-17,2026-03-11
950d9809537aa92cb9bed498f38664defeee55dda7967b42455686089e2602bd,21,1,1,2025-08-07,2025-08-08
95216ad72becbfc2586860586e83b344cbc34e9801701d45135b0fc4c4b7097c,2,1,1,2026-01-23,2026-01-23
952b5aa419cc02efb82a7feae1f159f2b7f699391389d44a10d0a145a665ebcc,2,1,1,2025-08-18,2025-08-19
953562bab60bfbd657580710baed45e881cb6c52c2d75d6ac153323b309c9a27,2,1,1,2025-07-16,2025-07-16
95375faa6661aab04a5d2627fe386b3a32b0784fd7a4fab082a6b324783af223,2,1,1,2024-10-18,2024-10-18
9546c29e61738f047ebed01ebfd216d46f1ff017d44015022a1ac8e07b210470,5,1,1,2025-05-28,2025-05-28
9552dcebffad0d00a4627a3f06c2c4c308295722e8abe6ba44fb04d8181e8193,2,1,1,2025-03-11,2025-03-11
9555efddac002d0a1318b0abf7110f5a233ef52ff509c4ee5eb9c7b68ada8576,2,1,1,2023-10-06,2023-10-06
955d6f7a37ff1791e6129ceeb155c7060a17f2b805d62c1c471e5ca696698d80,2,1,1,2024-09-09,2024-09-09
95601f2e85de6e207d5193a823a96b34446222cfdaca3d35b93e613cafbe8254,2,1,1,2025-08-06,2025-08-06
956b8c0fb2fbed54d2aabba2c4881de5d39cf46dd999bd23d4dc1e0025c814da,2,1,1,2024-10-25,2024-10-25
956bb0c726311d2a1dcb8655895f51e42a2c94c6d9a39c0497fffd09a0d923bf,2,1,1,2026-01-29,2026-01-29
957be629cd61d410fc51948cc897cc009efc4cf606485a8313fd611219afe2f9,3,1,1,2024-05-02,2024-05-02
95803a7fb4faa688cca2de46d0ac05f846b4cb7926f7e6d68ce23ef01252ba9e,2,1,1,2025-08-22,2025-08-22
95896e7942845b008c992f841f8150891ab79a08c87e465306da64b5bad33e78,6,1,1,2025-04-08,2025-05-13
9589ec6cea897805edfddb5758fc67f69ad925dcee9e97032e234853e1f8f092,2,1,2,2024-09-13,2026-04-06
958d77bc8c5062bf3aa3d0cea0efbe677f741da36d0e235e5bbcfc1a60d39e13,1497,1,1,2024-03-05,2024-05-02
95a30af6b85ae178767327e3ba23c1914abeef2f7f5418b97840a619ebb47b81,4,1,2,2025-08-01,2026-01-09
95af54f59cc4deaf06096b3b9b4c4b093c85d8efbf557d74b84a0b886d156963,2,1,1,2025-04-07,2025-04-09
95b9f2d1625063c09fb704408c43fbb7a7c19ad6f741e26ec30eda005cb3c761,2,1,1,2025-05-21,2025-05-21
95d4aec12f2c25fb546f2a1ade9524ac1807f844e5c12152ced7c60b8bcb00ea,3,1,1,2024-02-23,2024-02-23
95e866b5e8bdd4caa16257f75a80005f64a2ed908a82c58b12466a5728f127fc,3,1,1,2024-02-19,2024-02-19
95e98f06317eb46b50ef90fd8e7f7ecc8af6bf0646c694e98041d650c80fdb3a,2,1,1,2025-11-15,2025-11-15
95e9fd046d1b87f199adb4830bdede940a57d1566f87882499537b452288065a,2,1,1,2023-11-20,2023-11-20
95f33c7764c5d0f0e11842c5cdea5667ef4a4af869dc6bf0e2f266c9102c23dd,2,1,1,2025-01-29,2025-01-29
95f9192fda4603ec9cf7fbd69a8b0574d75670cdeb745974cfe24cc901605c08,2,1,1,2025-09-26,2025-09-26
95fff26e8903d9af84a8a8e1a71130f962f9aa89557b7ed928e7e7bb4cba7c8e,5,1,1,2025-09-01,2025-09-01
960d93c8131cacd845262c2d027c5724241ec4e61224392fbcdfe2fdff9f1356,5,1,1,2024-03-26,2024-03-26
96123c626bc4b79f40366dabf60c1780a05c2517492e52ac3771f22c4e68b321,2,1,1,2025-02-08,2025-02-08
961af1eaeb363b62003eaf801c33590f0e973eb7ba30577d57c5e268452adcac,8,1,1,2024-05-28,2024-06-10
961c697aa657cfd051c8521e7bdf5053ff1a260f622a2219336a109bf507d3d6,2,1,1,2025-12-24,2025-12-26
962245941deba075ac50ae8874977128a19f0b6b1c4a2368f419fbaeaa8fbc98,181,1,1,2024-03-07,2024-03-30
9622ed86e0b4336cb74e6f714a5cb572a9f643ed2a311fe3c5faaa15f3293d37,2,1,1,2025-09-30,2025-09-30
9632080917deb8db4179c098baf23dd2025a8bf6968a3e5523a54c4914db939f,2,1,1,2024-04-13,2024-04-13
96453a30910cf9e6e66959712e9dad5411e7c532d1aadd558c7f22261e41137f,2,1,1,2025-05-15,2025-05-15
96474e71e0af90a14160c2169609765589a00c8c53ba3825a0105ba89a36166c,2,1,1,2025-07-11,2025-07-12
964f952ba68e272306f15b6b993951d2e716f05f500fcabcb722f342431a5b8d,2,1,1,2025-11-04,2025-11-04
96591cb7800391ce46753262e25e0910fa6169cc1daa134836ad70f0f06567a2,2,1,1,2025-08-22,2025-08-22
965d26d0b5348fb4f905320f1402c43ea96362e9f5d85fb948924632bcc44229,2,1,1,2025-10-21,2025-10-21
966da377a2d2e8f77520ed5d0a35fec4f6a32a058a1140ea2874b7b3a32cc737,2,1,1,2025-09-02,2025-09-02
96720a07530d1bf67ade569dc4d94995a234fc53e30fcf78d92af1bb6d0ba5ff,2,1,1,2025-05-21,2025-05-21
9681485875bf684fb17fbc8a7158fceed65e9948eb7ca981344ad434b3393d26,4,1,1,2024-04-03,2024-04-19
96890f47ba944dc0e8a61306fa5062ffb51eb6fec0054b39e1459fc46f5d3695,2,1,1,2024-12-21,2024-12-21
968aac46500674c168546e401f32489dbca98a40b8386cb8fd1dbf9d02564b0a,2,1,1,2025-10-03,2025-10-03
968c8bf145d1b3eba61cba655bcd2b17cfe7fafb417c138b7b930a75e8064ddf,3,1,1,2026-03-23,2026-03-26
9697fc072383ae8d518f86add7913f3825a61b7da3c5b1875b7d4bc4c23e92ad,516,1,5,2025-07-08,2026-07-28
96b50fb44e0731f0c99965d08335046c5c65b125336517242dccc8c56df66c4c,4,1,1,2026-04-15,2026-04-16
96b6193984457d668ffad478c2fa6035daa122a376ae3bb7d1a266d38a2b4e20,2,1,1,2024-03-21,2024-03-21
96b8a3f581d7b10118ebeac81ff2ccbb9ebbc318c0efc951c64ce19580a79b56,5,1,1,2025-07-25,2025-07-25
96bd19c0e742404e9862ac3153f81acc5705a6ba6c1de73ec2b0b9aab925b0c9,4,1,1,2025-10-07,2025-10-07
96e05e987d79f104dc4e5a3ebaf8f62b9c3a84b7b895b4bf2919c40fa9d54e6d,3,1,1,2026-05-15,2026-05-15
96eb0e902267aad425f7bd9375baee6bb078ea3772e9a3f32c0779d1052022b5,4,1,1,2026-04-10,2026-04-16
96ed949b01a907e93368d924ca5e1e84e63af19307765dd937dfb68c249c77fe,4,1,2,2025-12-16,2026-06-25
96fa719f1767eab189eae80015bd90a5e7f2ee042fc303622ec73b45d4230f36,2,1,1,2024-10-27,2024-12-10
96fddc16225189f718b4bc4f256042fbd438b8a1ee824323150d6e6e3c1fd436,3,1,1,2025-08-19,2025-08-19
9705ae1bc0e550e35c4727c9a27d21cdd265b45b7e3da37296348d612ee853d7,2,1,1,2026-01-13,2026-01-13
971daeb2fdb1f2dfcfa331b345aefde985605df58235fbeb255bc6d8b4720af5,2,1,1,2025-09-25,2025-09-25
971ec5c85bb93d583a4ac55ac87656c63ff8cda6e35f7e83ea19ec5e15d8b069,3,1,2,2025-02-27,2025-05-11
9735e83b98aed4829c511ff6d6ec865765cc4c03c40a80ceb603ba7316499090,5,1,2,2026-02-03,2026-06-23
973742d2c25608ea7b582e27c361220698fd010682543697ebed352350de690e,3,1,1,2025-06-13,2025-06-13
973ac087a887bb56ea538255411127253ba8b3b24ff036578bafc111e36ff080,2,1,1,2025-08-12,2025-08-12
97548ec2b8f37af36a12e457339adce4a9260ea1ea4533a56bd3e89e8a17c137,5,1,1,2024-03-12,2024-03-15
97664cd1fef87094e3f1e93d390c0156eac30ed90856a73825528132fc2446a0,2,1,1,2025-01-14,2025-01-14
9771072a31acf460859f691f382baa96587772819a5035757c9a8a1c29503f4b,3,1,1,2024-12-13,2024-12-14
977603c616e18dd281990d809f0a91230140b29c5e9fae8f69eeb938e2da2bfe,2,1,1,2024-09-06,2024-09-06
977e55ad26d42f5ebb606a36b410afcede7dac7287b69d4e7bf736c12ab09dcf,2,1,2,2025-12-23,2026-01-22
978875efec31db25abb1bf54d2eb51122f90383ea0da13f8161970e583be1e42,3,1,1,2026-01-01,2026-01-01
9789add6a5c44f50505b2c8e15b314fcc23e3e3c556c1f9fdae32112d4bc63b4,3,1,1,2024-01-30,2024-01-30
978a2f7f86ea6c73411a101fd0f1757133590a5d78e30e062996e7ac41a4476d,2,1,1,2026-06-14,2026-06-14
9799b4b58fc98a06cc5551cef7ddcb35b106fea07488c8b815fb198ea943907a,3,1,1,2024-07-16,2024-07-16
979d1007b2fc9ea51b1455e1c96c028494f7fb7d60aa45b3b2a98e9d6ef2ba27,2,1,1,2026-07-06,2026-07-06
979e0a271e4cf9b16058d036487fe76a96ff74eb306620b61429f90c3b7acdf8,3,1,1,2025-09-24,2025-09-24
97b0da912408d67fa576e1b17030c194ad9966a54587ad26c4c2dd6c2e07bc3d,2,1,1,2024-09-17,2024-09-17
97b1c5c1f8c3f5efdc5a5139140da02f89a80f4273a5f40ccc960abc288da71b,2,1,1,2026-03-07,2026-03-07
97cb89e5e1bb3a07a3504aa702ed071c16c7ff8ee7978a9a03c0ff51c2b7684a,2,1,1,2024-08-06,2024-08-06
97d1cae9f6fe9b193c6818dab6ca7808edd83f65d9f62f9aafad6d87b2c7f216,2,2,1,2024-06-27,2024-06-27
97d8a09c009930a7b621a35ae40fe7fe249beac153053da39f9e8dfe4e50c880,2,1,1,2026-02-20,2026-02-20
97ee0b0c78f0e74b46f2c8a87650a8fa3da8101928871817e85cf17a8bac6ef8,2,1,1,2024-08-31,2024-08-31
9803c786461ee33403b0aaaf62282f7db13523c993ef60444a16ba4d967f27f8,3,1,1,2025-08-14,2025-08-14
9811c7f0c731e85aca24daf8537c856dd8f2e584dd9d8e2c31d2c1384ec02e60,2,1,1,2024-01-29,2024-01-29
98211756df3656376ff0aeb0b6ca5e0a4252ceff7e34ccd3c629d4833fb1406d,3,1,1,2024-03-04,2024-03-04
9823a73f152b26f5342dacb72f650b38d2eb91e8c24166a2cdb8ea124ca74220,11,1,1,2026-04-27,2026-06-01
98257758359105b36dfbcd0cd020d2cca9e6f14207f1dc814541b4bcbb21a4e0,2,1,1,2025-01-02,2025-01-02
9842d256aef4f0b1fd22a10b5bc6538664f9335f6479aeade04692d96eaf3dfd,3,1,2,2026-03-04,2026-05-06
985060bc51f797298b8f113f980d068c1adecf993032d0a9c13c0e4d31ea7a35,2,1,1,2026-05-13,2026-05-13
98529a422357b8b474ab1aee0a04ae4208c09dbe9ef6d8dac38ab0d5a48fae10,6,1,1,2024-03-14,2024-03-14
9858090507b965c41a843ec683ef09abff44581f49913ce13d3f74a539c969bc,2,1,1,2023-09-08,2023-09-08
9874140b01196fe31e28e58e1c44f1fb47bbe1efe7b230ed10cfe254de8da8d9,2,1,1,2026-03-04,2026-03-09
987a864a6734ac31b0ee93914008d26bfe142bffba6a05276b0d833f54352086,2,1,1,2026-04-08,2026-04-08
988b31b236610b698cb9dc361f7b1bb15b946a17a5575b6665701a31c4471989,3,1,1,2025-09-24,2025-09-24
98998e8466ab257ee2cfd0c41e9c730390b1286be74f89524614925e088ecaf4,5,1,1,2026-03-13,2026-03-13
989ede092706931047201a050d4c5e0d30fef25f1baf4e2265520e6c52d7aa1a,2,1,1,2025-09-24,2025-09-24
989f9a9d7c484d512368005ccb607b94d6ac834da349e4e87cb97e8d893f96d0,2,1,1,2025-11-04,2025-11-04
98b798292769f2b31c0641d6d0aef6d0a3b9b6c97e195766f8b03112884631e3,2,1,1,2024-06-03,2024-06-04
98bac091d9bdee698025e5f6d040997f8677e723fc1838b25bdf30f59b4274db,15,1,4,2025-05-22,2026-06-17
98c3ae64ee7980cad453c90251f4d1070fa9a8203d09c01127524a2891793dc9,2,1,1,2023-12-19,2023-12-19
98c464f78c0a0131fe6979ddac6478640b7fe78a34b6d9c89668c9e520e998ec,2,1,1,2026-04-01,2026-04-01
98c5ef65b1b5bf7a54297500e2261de54b77206a7df442f1143cab9bc4c86b06,8,1,1,2026-05-04,2026-05-14
98caff618caf6e2b47f221ad27bd3720e0de95a6a1fcc1dd0d727c2215df20e1,2,1,1,2025-05-19,2025-05-19
98ce533325363c523d29a4900728182a94886d234a3627f2e38c57c7f0620fbf,2,1,1,2024-11-14,2024-11-14
98db5f8bd0adfcee6c3266b0fa9882910b33ed5d6c95a2674d494420df58c1ee,2,1,1,2026-06-28,2026-06-28
98e4503d412df911fa9a6e59c8f4fbbd467a6ad6216c4dda5769b9899f1df9b5,83,3,8,2024-10-01,2026-07-16
98ec0d96286fa1cf45d9140f2733b4606637d5fbd66fabb0928185be14f001a7,2,1,1,2025-07-21,2025-07-21
98f55fe8600fbe94d73460c8eadd2a5832e073453a4304fceda0dd5c86f27e19,2,1,1,2026-07-09,2026-07-09
98faa57de6b80cdb5882507e6c233a7e5b57a2a754a69d2d6c20e73dec590da9,3,1,1,2025-07-17,2025-07-17
98fc8f682e19a795a7ecfdfdd7d02c198956a0993746b33fc02f9a810216f268,3,1,1,2026-07-06,2026-07-06
98fd2f2946ac29235f7fd8dc08a2d1b9eceb40ffd574025250e03d20683dff57,2,1,1,2024-09-16,2024-09-16
990074ec97c081c24a9bde694602725810095e0ea0111a30d815607b281fda46,13,1,1,2026-02-21,2026-02-22
99011d5963b629e9565388bc959c618184fe638836c46eee25bcd5d5957bb24e,2,1,1,2024-01-10,2024-01-10
990e1dcab58c3743e80c0b749e4bdcac997d2583b60dadced4ad8786b220b6c9,2,1,1,2024-12-30,2024-12-30
9922e7e2cdaac7dd48f8a5111670162329776cd1804243949a275bb94ca3394a,3,2,1,2026-05-13,2026-05-13
9927b7268e6097184d0b43c7c58806df07aa0b9ccfbb006e68e793e945ccc402,2,1,1,2024-05-16,2024-05-16
99285f7b1973600e7f6822dd9017b7cb3634639fc588fda31a21ebced8aaa574,3,1,1,2025-01-10,2025-01-11
9936fc95c9d4fe165bd36499db824d9114458d65633cd61ca02ee00da2a442c3,4,1,2,2025-11-26,2026-03-11
993c61022f15ab9a0f1e9789947c5c811ee3c7376e421bee2db302b02022d948,2,1,1,2024-03-04,2024-03-04
9958e9d289e2d605d0c461ca7e58b9ced93cc3c7890306f3a7971cfaf44a8b5e,4,1,1,2026-04-07,2026-04-09
997ec110c47e0dcb91918170ae01b920dccc2701d08a56c77f916eba4d4ba503,3,1,1,2025-08-21,2025-08-21
998f2af4a7a322a232bce3e28f1def0c285446144987fef799ba1791c9686c83,2,1,1,2024-06-27,2024-06-27
9996c87d58c10eef5fdd581f826b188339a7fd34c128e1c523a84007f688c91f,2,1,1,2023-12-27,2023-12-27
999970e7e040c075699e1ef7712ddcca8ecc46a70be8f52b3e40b7b8d844f767,2,1,1,2026-03-05,2026-03-16
99a0a63d4497a224eed4c0724da03c35a552a357688fbde38984d1150b189e86,2,1,1,2025-10-29,2025-10-29
99e11b1f9f7d00f7a681a8f74c806deed1acfb96d9a921fa9c30360ea69054fe,2,1,1,2026-04-14,2026-04-14
99ea4ab2421528532b89231deb8abf6a0e5c51204f9c66fcc827f1bab86c8089,2,1,2,2026-02-25,2026-04-23
99f21cf8b0dc3a6f29a91479349fd3db2db5720014e1498d2a166df1f5fa282d,2,1,1,2026-02-25,2026-03-10
99ff9c034a0bb99c2f457e29b435786c6fba0c54935ed01e84de795af941a399,2,1,1,2025-03-05,2025-03-05
9a04df2532179d65d155f2bec14877a7209d23c571615027ccb6d5df97ddc3d0,5,1,3,2025-01-17,2025-10-28
9a066f3a214ed1f50460d9b0e660ed35a7b9f9f0e0840c7d614a96611d6ed3af,2,1,1,2024-12-19,2024-12-19
9a19a4c73161cf222ce9c2a5006833c8a751068f15c5fe7b3a5ae2b30fcc60b9,2,1,1,2024-03-10,2024-03-10
9a29fde664dc9658c8136ecee3622b6c0ab0f381457341f69536fd6b36d0d719,2,1,1,2025-05-14,2025-05-14
9a4243a4e49e44bdb986e0e8b53f66d1cb3c8452e142e9142ce98e69183ea469,2,1,1,2025-04-08,2025-04-08
9a4462cbaa6220d0a093c5cd4057e3c9f5b75eb2d56e38c3e67504b788d98cb1,2,1,1,2025-09-08,2025-09-08
9a458c2fdac24c9e8465770bdba9e86ecd980784801e3faadebdc63e8baa1474,2,1,1,2025-03-09,2025-03-09
9a59f35a47394beabda9c3ec686a563a7444e37432b14189b138dcf1e537a2e6,2,1,1,2024-11-28,2024-11-28
9a5a154819b2a5742ac42d17b795237f5011d79c1cf888c828c3239800be793c,2,1,1,2025-08-22,2025-08-25
9a64802460a37b82a0624e2b6c332d8cb5f2d3cf18af785eb32b353d2a7a8a62,2,1,1,2025-01-06,2025-01-07
9a88720435650c26b944dbb9e71e08f02cc87f551b0a6e4bfdb4b8c3e0cfbf01,3,1,1,2025-11-19,2025-11-19
9a8cdb4ad1fb095ac96c6f5e8767a87843d037f84396d1372b36d4714b72b0bf,2,1,1,2026-01-21,2026-01-21
9a9018ea6c5cc48429a3c086ad7eb0d079ac21a0ca9d5b512ab6561625f4b78d,2,1,1,2024-10-22,2024-10-22
9ac1c3c6c901ea6a25ec71412664aac1297a8d0c5216670fb06d80e10730aca4,3,1,1,2024-08-25,2024-08-25
9ad586b1401ca0845a084acdc642810576e3277dd6dff545042beb0d323d93c9,4,1,1,2025-10-07,2025-12-22
9adbc5c8d33fb1811e1448043c3fc30078f447fd8b8ee90a3a166a3e9185744e,2,1,1,2023-09-02,2023-09-02
9afa372d576aa2e32077e8c3cdd3427e6fcd1a29f1f5d0b25db675246b0e21f0,2,1,1,2023-11-07,2023-11-07
9b0a6a242393113d80ca732fcae0a073983ef1b26cf52970f4dee0f0144b2573,2,1,1,2024-02-15,2024-02-15
9b0effe0438dd8d8ac31b906b85a26bbbe87e05e73428acacce2f10869997752,2,1,1,2024-02-23,2024-02-23
9b49d83802df111497d1b1fca04ba43f166494fa4242b7b8e4113291f4c6b276,2,1,1,2023-12-23,2023-12-23
9b524ef33a132cd1471c2c6634fcca0dfe3d064e9eb2659fb0c32e87743a6f5b,3,1,1,2025-01-02,2025-01-02
9b56cd622a7f6e0039b3f31913865fe29c9526ffad745a20de5f6571c3745f28,2,1,1,2024-01-08,2024-01-08
9b5edf25c20c90c0b313f5155e56f810d4958bd349d1352e22967eae10c0535c,2,1,1,2024-03-07,2024-03-07
9b6714dc118c99ff604fa65b997d1e80ba80ac566ae6d94cc9e82a3b9a53d958,4,1,1,2025-03-15,2025-03-15
9b9c00eb1c165a3ebb97088adf93ff4fd22bbe66d1c3264734b4c6b1edb4311c,3,1,1,2025-08-29,2025-08-29
9b9ed6a07157eb986a2d0d07b37a56dc7a27ad4a22f5405aeaaeeb3bcd36c1cd,2,1,2,2025-11-12,2026-01-22
9ba9630e905ac050ff432086f5f1219b8f77b62f3d7b4e6b933eec0b2fa52622,2,1,1,2025-04-26,2025-04-26
9bc4cf831cd3bcb57e844ff92243b4943e95e223e1fd15420dbdd5c73d57763c,2,1,1,2025-09-23,2025-09-23
9bca4e27db195f8c0b715060c002da34691f66360e6c891d9918e2fc88d11a05,2,1,1,2024-08-17,2024-08-17
9bd106c20c055c0bdfaf09951802519049b5c72a1a6ef6f2681ac060e431d7d3,2,1,1,2026-07-01,2026-07-01
9be3a2ee41e43f3006522bbc156deaec20231f2ad26b0f6b784bfdde739bf759,2,1,1,2024-03-18,2024-03-18
9be5a09700257edb98aa4ddfbb58f10fcf026b4821366144de2a3322aab89c5f,2,1,1,2025-08-13,2025-08-13
9bf5c672a7ffe93d0b053dfbe8fc2c982b4833cb9a040674e81e50c4f0dad083,2,1,1,2025-09-11,2025-09-11
9bf9784a3b55c67e795faa9463ee12a4dd69be108a260976e0db4cf0c6c15560,3,1,1,2025-10-10,2025-10-10
9c00f4d33eaefd0d88f241c7a6510c94c1cab12aa754ab170e43ec9fc3caa311,2,1,1,2024-12-30,2024-12-30
9c0732cb793dd91705e13fc5c9587275ec0a1536284d6f77e5b7ae7e31b1b40e,16,1,3,2025-07-23,2026-03-03
9c10745223cd67b457a6362106a4873a210dfa32680273c32812cf074d807e85,2,1,2,2026-03-30,2026-05-20
9c1503689aaba224a82fffee07d83e100e7fe510cb3df2da183aaeb07cd3f107,2,1,1,2026-02-20,2026-02-24
9c23576cb5527b3475f4863e9a0b9b5317246ffa8b6a0c44fedcedd43c507e6e,2,1,1,2026-06-09,2026-06-09
9c28b129c6261fc1c2d06410770841a83e46b511ae2513d59324d4f4da56230b,28,1,1,2024-03-28,2024-03-29
9c348b7bb6e097f7ea991d69cc38098dc25eb7ba8ba4e8bbeb90c734553468b1,2,1,1,2026-01-05,2026-03-15
9c4623325d51b9764c4d7ffa8394bc7ff51bc16b24f95451d0dc45b91bbf34a2,2,1,1,2026-04-30,2026-04-30
9c4c4391bcc0764ca9212f195c4d65b43b2073c0c8e8804f0f99596a6a1f3193,2,1,1,2024-05-08,2024-05-08
9c521dac680188f6d6bd4c18ea0c3acf31425ab730549c09cefe4c95038c7966,2,1,1,2025-09-17,2025-09-17
9c7132aa8e8f7fa318fd229aadbb00e14eecdd5cfebd854613981952daa54164,59,1,4,2025-07-10,2026-06-22
9c71c05d55cc7f12c70d62ab68f5250ac16d4ef7255c553a35a035de3c912308,2,1,1,2025-12-04,2025-12-04
9c7309756c28a45c674281be9f6dee475e603520caf16b58cbdf56e29d15223e,2,1,1,2026-05-07,2026-06-12
9c753b01de80b752b8e8743b421335726137fcb05dfac4514a150ec6a7672f07,2,1,1,2026-04-16,2026-04-16
9c75cd0dd4e171036eae3c0f00f4c92a68fe7d2a1b5cfa79c8d78f3b7837b81a,3,1,2,2025-09-01,2026-02-11
9c8a002707ebcf6371e16c999d2f204acc959922a5dde007f9df2f2bc17f3b40,2,1,1,2023-11-28,2023-11-28
9c97c6c95460b7732e86ceb442404ca41ce6ef5e8ef9e73fb51db73135bbec77,2,1,1,2025-02-18,2025-02-18
9cb319892a9cca4f622463f2ad9aee1a69fc30630795c221c20be8646e2b0572,2,1,1,2025-08-08,2025-08-08
9cb8d2cfcd195601b8d817123d2c1ccab3663b551f259574ccb49ba74e96cfa0,3,1,1,2024-11-09,2024-11-09
9cbe6d50a99a00afdaed3bd717d547b06a91f5b5089b743eb14e6f6e9c6fed98,2,1,1,2024-06-17,2024-06-17
9cf73da95c124dc12fe9c1edcfa526accfac8c195977eb14b0915867e5312ade,2,1,1,2024-02-12,2024-02-12
9d0946c0f91107410b6a8d89c456354ef8a1f0eae639184812462605f1ff2fba,2,1,1,2026-01-22,2026-01-22
9d0c03924f7aa015f0a8c10e9fcc10e277e383d781dbea3c59b0dd1664ca7635,4,1,1,2025-10-31,2025-11-03
9d2437dd9fd65487657eaaa7fe0189f0e5950e4a2febb18f30511cd467726324,2,1,1,2025-06-18,2025-06-18
9d3c9fee5fc84efbf5882fd385ed1dfd025407f65242bc8e50bc0848e6b70d56,2,1,1,2024-11-15,2024-11-15
9d3dbf051839049216caa2cd6886ee430b7714c0dff2137d5b8bb151dcc9fa9d,2,1,1,2023-11-21,2023-11-21
9d5b9062bd96c066acc454d43104b603b7d1ec28588e6b45f9c3933e05a401c3,2,1,1,2024-09-04,2024-09-04
9d64c3056fc7d3e3c314e6fc547c5b2991df24541218742ca9d0945613291c08,2,1,1,2023-12-06,2023-12-06
9d6d8b3292c67f86c57a73379b695b5bf326ffd9f9cc2b4fe38d52222a57cd0c,2,1,1,2025-05-01,2025-05-01
9d6e8469fe84d20cf387efd3a660f961f5e70d192c93c5e23d26c8119af93855,4,1,2,2025-12-04,2026-01-30
9d7226bfca40aaccbc6ba222a10e43c1e4f46d4ef8f1d4fb28a22a763992fb7f,6,2,2,2024-11-21,2025-01-25
9d72c4b29e6e7393fb0baa2392577c7c487a195d3db6b08032f2bfbbe040f1f8,2,1,1,2025-08-19,2025-08-19
9d74fa55b0304764d85e84ce46f83e6aafe45ccfb088455d36e6626c6ed0d97f,2,1,1,2025-11-30,2025-11-30
9d7fd98fb8a87844252cd56d66193d0ec23ed7dcc1c1dcdf3ea6fa0707d289ae,6,1,1,2024-03-05,2024-03-11
9d83ea5d406e5c7b8b409913436b50108c9099cc897b2ae1fd941535eccba01d,2,1,1,2024-12-21,2024-12-21
9dab709aa84c0023345efac09a4902cd2653353cbb7cf39a3a2f952334290cf8,2,1,1,2024-09-22,2024-09-22
9dacb2164faadfcfc470e02314f44839f73aa7214ebf58046151c176bed108eb,2,1,1,2024-06-07,2024-06-07
9dafc9470eddd70cc8ac77bd6f7db7549e3852e2cd37a750af7fa6c88c886be7,3,1,2,2024-08-26,2024-10-27
9db672a43b9933557ecddd8a41e032df1ae433a70aaaa16af5e238cc665e2bbf,263,1,6,2025-06-19,2026-07-07
9db887056b9b46b3c5ec08c3c97fe69f561d6241e9808c4d7da67ecbde001054,3,1,1,2025-08-07,2025-08-08
9dbd03e823f774a3df023b965bb95ee5ca35a71e429c77d1b2e7902fbd93ebd0,2,1,1,2025-01-26,2025-01-26
9dbde55cb8cfe969ac911d7adc515e303a2b34f8d6357a998a7f80cc58bf7219,2,1,1,2025-05-14,2025-05-14
9dc3951f8a88ee6a7d0690bec2765f7ffd1ee7e14ee794de8a5733f9b3fc678f,2,1,1,2025-06-18,2025-06-18
9e09823f506f03fffd692384647ebf4d3d0b1577e8b9002f14101ec7b53423b3,2,1,1,2025-10-24,2025-10-24
9e0ad7eb0cb3ea24873c2a2a311c95a1d3777f5236c66db92f628e73ec3f369d,2,1,1,2026-06-16,2026-06-16
9e0c16dea280c299a0dd3e2d78f19415748417f00676800a15039dd96cef6cc2,3,1,1,2023-11-23,2023-11-23
9e1c9d98af199c81e040b843c7d08bfc28a21937872c1dc90925786b636e4555,3,1,1,2025-12-08,2025-12-08
9e228d1325c023093e5f55c63d497df5ea4b9f4287fc9a3dfc00b38a0c441aa5,38,1,4,2025-11-19,2026-07-09
9e382554c4ce14016e04de7b710f9cdf1397a6759eca933cb0448fffa4abceff,2,1,1,2024-08-13,2024-08-21
9e3afabbfea5306414120e57d0826a40e2693d7446f60cefa55c04a1f3911276,52,1,2,2025-11-24,2026-01-29
9e3b06dc80940d4f9641b9aff4b6380a94b3e475cdc6b7f7beb3d5732ce0d8d6,2,1,1,2025-08-31,2025-08-31
9e51889f9126475e99b91a2f910bdde48aff6c3a8953ef40d21b0a47a307591a,2,1,1,2025-10-07,2025-10-07
9e53aba1931895e8e1b62a8984fdc95f0c028e2ad7cbbaf47f228fad8a4b84e0,2,1,1,2025-07-30,2025-07-30
9e57c85afae35ccbf0ed3a0b736cffa3d00a46289c71e14d602372445d9775e0,2,1,1,2026-04-09,2026-05-18
9e5e37080e5513c4c693007b53071d589298603c70cfb16dd9ff2dd5a5d411d9,2,1,2,2026-03-27,2026-06-11
9e68846ecc02ac9358eaa1efcb6057e02fcac0919f8ee7910cdc1f6f9660ed60,2,1,2,2025-12-16,2026-01-20
9e6e49b87393d29e97095fac6b1d100b0ede8eeb1e90758dbc3abe13a804b70b,2,1,1,2024-02-29,2024-02-29
9e79a415be74777c5d5cba352b81cfceafe6d12bda0344552782b4c15878cc15,2,1,1,2025-06-05,2025-06-05
9e7d60ea873c11d666c213224a7412560719e71dae549f24144dec30645ca1f4,2,1,1,2025-07-30,2025-07-30
9e89758810e0f68f44b0d682935d8587128ce8f95f0fb0c60edc3bcd253e387e,2,1,2,2024-12-04,2025-02-27
9e92ffd23672c2d607a2b1ec74dbcec2355ac3e83b4d19fd7de1c7ba86d2432f,2,1,1,2025-08-27,2025-08-27
9e9db3fed83ea243b1d07aee7c93a84efbd5b67f179e30d752bc3ec875963420,2,1,1,2023-12-11,2023-12-11
9e9f270b2330e238ad3c9014a3563e89f61186affa996aaabbe7051c8aa44b0b,3,1,2,2025-08-11,2026-01-19
9ea3ae2be2c23bcebfc76ec40d995498d080fa427e7cff13aa00015c4c8ad1f7,2,1,1,2024-03-14,2024-03-14
9eb7b8b9032e7ff68c84dacc674487def2898b968ff1661f6a3947a8038f6a51,2,1,1,2025-03-27,2025-03-27
9ec2c8cfaf10b17c1572657264413b5848fa62541f49fe14785daad46ebcfa79,2,1,1,2025-09-16,2025-09-16
9ed6c21f2ba15fc7c8760ef667188c22b999aee03dbc7132c1a138250fe5e775,2,1,1,2025-04-18,2025-04-18
9eea032e8ac3168cca337b3dfb7b990d7877522dd21e4ae54c80a85ee7ca4ab9,2,1,1,2024-11-04,2024-11-04
9f14e6088dcb12e1d3971882d8ab546d3b664e5beecba3e3675006a1880d9bf2,2,1,1,2024-02-23,2024-02-23
9f20d3cbdf81291e988ebf9eb179472dcd5804d3760c768a4c2f8880e0e5837b,2,1,1,2025-08-28,2025-08-28
9f27e6be6fbdeb0c2e32ac9a9009c4f11f54c35810350941857f5c00467f858e,2,1,1,2025-10-21,2025-10-21
9f456796ea3d1c48cc259f174d511498eb311f625d26465f4008d562e926636f,2,1,1,2024-04-08,2024-04-10
9f4c0c90afebb0429f395949e82023c2b1c1f0fefc87a39b62d3a01304c419c8,2,1,1,2023-12-14,2023-12-14
9f6226c4bc9e2f8f9f46a5937c3ef0467c813749a2ce51c37d25471fd4f7b737,2,1,2,2024-06-24,2024-08-07
9f6621f6d0745723c77c9f6728d710fb4236b10ad456a00f354367e29fd52b59,11,2,3,2024-08-13,2025-01-13
9f670cd92f2b679d76a79d82e9ac157cd361cb79ef5533b21bbb958a45562221,2,1,1,2023-11-21,2023-11-21
9f67ddd3bdcc6827f6ddd1cd6b33100a0a43bd33cf2b98a45f4fd1b488558549,2,1,2,2024-09-10,2025-02-26
9f6920cf4c5690a297fbb3bf957d897dd180b5525e8d8308192129944ed24a27,2,1,1,2024-03-13,2024-03-13
9f7201ee79a291a79eaf89ed91da12d59cd3660a6a33df6a3c8b5d38626e0985,36,1,2,2025-10-16,2026-02-11
9f7a0ec9c33b50209b0b6837bb44f574c225b71b9763f6c726645f8e349e2002,7,1,5,2025-06-24,2026-06-12
9f8d054b7d9904ec54412b6f6a9bcc9274bb39fbebec7b74757f98162812f30c,3,1,1,2024-04-12,2024-05-04
9f91245f0e9b757ce9d629da74a0f5414f468aa0ea28c907ba0ca7a0d3b2d56f,2,1,1,2025-03-24,2025-03-24
9f9fc6c2bce675df0dfade9cd32f2ffdbc8d0d0403bb24a627e02663622d5175,2,1,1,2025-11-26,2025-11-26
9fa314a5c5775a3665d8db88a32a868376fe028843419534a8cc1ef2d1c903f4,2,1,1,2025-02-21,2025-02-21
9fa5a43d0693dab38585574b2f2f89ded4bd9d126f96e61ce512901fdbf7e595,5,1,1,2026-04-22,2026-04-23
9fcc8935470bda3f0e94fe6a10701b6a6291bdf9dfeb41a88c683d039e4b813d,2,1,1,2025-05-20,2025-05-20
9fceda3174808346f8664009a59bf4e8fab38f7513590e585a43dbaf1b70561a,14,1,4,2025-12-30,2026-07-07
9fd310d49397102e0488746330fb892b250a1c1433d39a25b29d3dec8c9177b8,2,1,1,2025-03-04,2025-03-04
9fd93885ec9f6ccac8655dd92bb9e813a9be68d7da676db109d0336b6830a0e3,2,1,1,2026-02-05,2026-02-05
9fe6f2d6b0f9dfe15068a7bffc375b351eeb9ab1e0cbe83582ded1df5670e71d,2,1,1,2026-07-13,2026-07-13
a005299ce5893280821204d98858269c8f7fa998e02b68038756fab9ff1eb70e,2,2,1,2024-08-10,2024-08-10
a029178dc5499cd59995abe1a477ca533b44be19006751bfa0194aa2e525fe89,2,1,2,2025-08-18,2025-10-02
a032cffb28ed3c1540222194925806655850442a206a376cc31de4aba4f2935c,2,1,1,2025-03-15,2025-03-15
a03978bb90c641d5877c4c0b48146b705b3c9ff210809ab3d34f873ffa3b01fb,6,1,2,2026-03-09,2026-06-08
a03c0c9d646850115cc449caedc7ff11909bba88016065cd30f0702bcff55323,2,1,1,2025-01-31,2025-01-31
a045e5880053a9829192e071862e38b6836aad010374e9275887b700421b653b,2,1,1,2025-02-19,2025-02-19
a0470cbde433c6e63da62355d19d462ef57a8f0e4a3847858b536666e9ae7ac5,2,1,1,2024-03-13,2024-03-13
a04901763403fc920a7e7be74e1ebc1d580e69cecfbb66bf834703da75c5867b,2,1,1,2026-05-05,2026-05-05
a051aff634e99d4107e41463f8b8d0d4cb681309cb6b65e9361d93897ad5f893,9,1,1,2026-04-16,2026-04-16
a055831ec1799b5e6b6e6bf890fee3cdd296cf9b8d5d1bc4371b38b616fd0648,5,1,2,2025-10-16,2026-02-05
a05883fe31c0b2a198e95927e84d51b44c42260edc44d0f68e205a337bdd532e,2,1,1,2023-09-28,2023-10-10
a080d9f24d36be10edd6a6636a06083a2ff69b3918325628afa9b57a2c3099ae,2,1,1,2025-09-25,2025-09-25
a0a9ea1c70b8d5ef0d3905ca488d9806a43af739d710ccdc08fc514bd0901420,2,1,1,2025-08-16,2025-08-16
a0adf801cc13e3e3bcd2134dc5c7cec71115d092c7c0a8fe2cc0b2c09b3b8209,2,1,1,2024-02-04,2024-02-04
a0bb3a3e1765df2864f1d8edcdbd4b5dcf17b8551c8ec7a36b65ef7d805fc2d3,2,1,1,2025-09-05,2025-09-05
a0cfbab261127668cd450e3d5a6f4f255e8cd96a4ad898f3830368ee9e832be5,24,1,5,2025-06-18,2026-05-04
a0d73c8cb4a8ab3e1e9a0355dac6a673912a044c6beacb9c299681e45a8b477a,3,1,1,2025-10-09,2025-10-09
a0eab15c421edbce09f2bfc098806cb781fb10fad122a3cc56b7904be3e627c8,2,1,1,2024-06-12,2024-06-12
a0f22894ec2223d32b263f27f25dec4ffe169323150d5aaae96db886c35c5afe,3,1,2,2025-11-15,2026-01-19
a0f4f150693288c335f29b75119c9966b11d6d20a66294b057c565f0e516c810,2,1,1,2024-07-27,2024-07-28
a0f80d2127cf4d30a6325b040d8244c7dc8381214761c94bbbd45c5e091a0d0a,2,1,2,2025-06-24,2025-07-07
a0fe0fbc4d42ddb9a168b57e5f515ea6e8a653d09fa2dcffc017789ef324cdcc,3,1,1,2025-12-26,2025-12-26
a1026dd1b54f41d73f6178ec030da435a87a5d967d6c2d309ab466a3a2c249d8,2,1,2,2026-03-03,2026-06-24
a1028c1ef31b27b8cdbdab5dc75374636ba3e31679732b8c3e7c70cd6412527b,2,1,1,2025-05-25,2025-05-26
a118e0a1a56e1b5934598265d8ec9f7f3d16e35901e477c9f444feb9191d22c5,2,1,1,2026-03-05,2026-03-05
a12393c5be5faed21ddfc8fa85662ad056fce91d20f3b42bd5fc2eb72146ed9a,26,1,2,2025-10-13,2026-01-26
a147825b84bfeb8843d08bb3edb1ea17f2ebc3d2cfe7199d935a3007b40e4055,2,1,1,2024-12-11,2024-12-11
a15ec1749b577be58658b831dd9be3a6e4979d32498ec048290ce8b30c913515,2,1,1,2025-04-23,2025-04-23
a1643476bd1d087030045f940b067f47565a1e21e7ea1e3ef848ff2b5ecd4891,2,1,1,2023-11-14,2023-11-14
a1658a13741936274afbfb430f7463396b0984dd42c76a925ceccd141424a2ec,4,1,2,2026-03-04,2026-06-23
a165eeb2de4362aa41639b01ebd52597083a40e3e97583473adc3acae46e09f5,2,1,1,2026-06-02,2026-06-02
a16c8f32fa7a223cb1efa61aab509aab9bc3beee0b36eeb6b241d8193223ec7e,3,1,1,2024-03-13,2024-03-13
a16fb3a1afec47d9feadc0c543a57208df0627ace4144865a04d6d9e18fadf2d,64,1,1,2026-02-20,2026-03-24
a188080c6eeeb1026f6d7291e7c608c708d70c0e3131f65f2571eebb656fd962,2,1,1,2026-04-29,2026-04-29
a199c5e59232cdc361b70479ca6389c0e9450eec4261c869e2f8b29a2857cf0e,2,1,1,2024-09-16,2024-09-16
a19cf7bcb5759c799e7f8d54b131d96bbb815d9c474867b52af0bb6c84104708,3,1,2,2024-10-08,2025-06-06
a1ac652ba385b8e7d639893bba5f73fe49af2ff12d98d13f9a9e4b955b70400f,2,1,1,2024-11-03,2024-11-03
a1ae128744149f5410bc19d3166adedfded38214b8b87998d9944f17c0cee565,4,1,1,2026-03-03,2026-03-25
a1d7080f64874b0e5a5d98b3c3e0335090cb96ceadebbfc07ff925f59f1e2b24,3,1,1,2025-08-25,2025-08-26
a1d992dcca6a6372bb37c2529075bc1ff1f7ad4b9c24c1ebe1c1ed0bcce037c9,3,2,1,2025-05-26,2025-05-26
a1da7ebedc61c8c9d1a4b4a09a9c957c0ef156589300332ba4b404c5a41aa690,2,1,1,2026-01-29,2026-01-29
a1dbf2bdf27634b5c74f1de99f23c09c49c4cb30a59b5d6a26cab734a5c39722,2,1,1,2024-09-03,2024-09-03
a1dee9c0e1b64a0da2dd2b961d83dd8761e9630124993b852cb14ecb3c49a079,4,1,1,2025-04-30,2025-05-01
a1ea5375e2954d305b3f32b086156c19ef3fbd3d6c1ead9047eb724d2d4a09f6,4,2,3,2024-08-05,2025-04-09
a1fba2a6509ee7d1a1d0fc33caca96b4b28e28f6122d84a410cf715b58218f19,2,1,1,2023-11-16,2023-11-16
a2131e5df9be3e8ba8f4ed4681163d39f8ee20bb913a5c8474d3ca611b5972a2,2,1,1,2025-08-15,2025-08-15
a22ef51ff3bdcaf160dfd0ec8981f28ff7bf1739199989de6e7e8a679e747639,3,1,1,2025-03-31,2025-03-31
a23b69d9b2f821390e0ee94e21e53138decf4b42fb181715acc9366e8b2e0d1f,2,1,1,2025-08-31,2025-08-31
a244e00fbd1a94c68436492628ec935ff7fed472faee98c50e9a1835623911e4,71,1,1,2024-04-11,2024-06-13
a2464c5c2b4c1fbd981bac7f637380f2c08ba8cfcaf3085be311f454a7354e46,2,1,1,2026-05-13,2026-06-28
a253c057da1a7755e91b2d33120fc350acf684a334ba8f310d1c7e3435fe4e05,3,1,2,2025-12-04,2026-01-05
a258ffd3d1040ac490349009ebb992ac57f276be6c866071ad1d3d3909b01787,54,1,5,2025-08-07,2026-07-22
a26fc85a8a2cfe7b6eae6bf83262c8760c6ba3dd1963d64b21915195e61ac6a8,2,1,1,2025-09-18,2025-09-18
a2780a79da8c1835c86baadca872e5661f0d1abf4896b31a6f11b3eca1883d32,2,1,1,2024-11-16,2024-11-16
a27af73caa0213583183e22cfb6f6397a3f64e35a1b94070248897f086ba5598,2,1,1,2025-09-12,2025-09-12
a27bf7d736a4267c6084d203cc6314b8b4fa41e1b0f68635b3fbeb02fd89600e,2,1,1,2025-07-31,2025-07-31
a27e27aada85b86cf4167fa423d0d8bfdacd7440c287ac497d3c29caf02c3413,2,1,1,2025-07-29,2025-07-29
a2950ee6f3156a17ee2dace5fb0ac353677da4f31d0545606675e2516ae96f20,6,1,1,2024-08-21,2024-08-21
a29892f748587aa990410d205d2a0ae954970f7997ee0a08c38fb55ad6c9e263,2,1,1,2023-10-28,2023-10-28
a29c35419173b28dcf95fbb9a5e5877ce0ebddfb674070e1613015156b2d57b1,2,1,1,2025-09-23,2025-09-23
a2a04bc7fa361f6e54aa4c4e6acf7a99f8fb12d0d9a2f45ca1c7a339f4321b7e,3,1,1,2025-08-12,2025-08-12
a2a784821fa058e72005a85ca3d6b729d5f5b4cf2b2d6aab62bdb76ab82ac113,2,1,1,2025-09-02,2025-09-02
a2afe80c5611f35ca06e3d78e603902a19b1c6cd198cf463816cf06ebb2f4ae9,3,1,1,2025-10-22,2025-10-22
a2c20a03140ecead5356a99df1d4c0224bb9768e754b4290442c375579857cdc,2,1,2,2025-08-05,2025-12-08
a2c4e5472d0b68b44a6e06bf8ac656c3a2fd5ddb6da4456c939b029325d08c29,2,1,1,2025-02-05,2025-02-05
a2cd79219fe43bd753d53d7be04c1328594930de90c3ac7ee43f189709faf54b,2,1,1,2024-12-22,2024-12-22
a2d1cfec4bb30ab08f4b5277124ca732aa1ed361edfe65d2c29f24659064695c,2,1,1,2026-03-18,2026-03-18
a2d29b1bb74235fb1b304249500342d7f1b96e379591def82f1751a984fbe1ca,2,1,1,2025-04-02,2025-04-02
a2d93a6b541ced0074059c71e088d0f9d888e9209fa6acf0b34812615815b87b,825,2,2,2025-06-20,2025-09-17
a2ddcb19828fdf496a814db153713562fc87340e0fe04e96e016f4e610077b79,3,1,1,2026-06-08,2026-06-08
a2e5e4eab5d4a64e8a09c769cecc7c61d3afde5aae894114c7769140aaca171d,3,1,1,2025-10-03,2025-10-03
a2e6431c805829c18b81ea95ee453450ec0a4b9702fd649e1ad629e90b6c54a6,2,1,1,2024-03-26,2024-03-27
a2e75789e404bc9830eff10ee7124e4f1384d76181aae0895d30cc2408600e3c,2,1,1,2026-02-24,2026-02-24
a2f85c2381b5094ca23b75f942ff2c348b9379a00a4abc98721b0b8b91105479,2,1,1,2025-10-20,2025-10-20
a306755ab6367fc590a1a942f60b604b6af2872c1547a516b28dcc61197ef4fc,2,1,2,2025-08-29,2025-12-16
a30d07b79e9e1cb96f6fa0152e8e52697e70d822962878a64ab2ff720c4f3cb3,3,3,3,2024-12-20,2025-06-18
a317dcd48bff00dfc02aa4de95f95d45c64fec010a91c09bcc9fcc4d34ab08c9,2,1,1,2025-11-21,2025-11-21
a31a497d52948c4d0c5422b4b0e1c9eed0f614cb11b9d75efd7b128d9d239b5e,2,1,1,2026-04-11,2026-04-11
a32051b5281a1eb1de3b0d742ef1cb837d10bcb8bac942b9c1e66232b0f19341,2,1,1,2026-04-10,2026-04-10
a321798975b62b685b96a8137b23f90ad7f146d0ad53ffd7fd2ea578395c9a59,4,1,1,2025-08-07,2025-08-08
a323151d5c27e993268c0d61c88b7b973d41993bbc43d6375a6497b5ab0b88e2,2,1,1,2025-03-30,2025-03-30
a33057408e50bc6c85d79b72e0449a14d684086c8b71e18a99dc34808bedc7e7,3,1,1,2025-10-21,2025-10-21
a33b7d4a848956b2c56ef66649fc6a0e3e62e01c231a41662f88894deb3644fe,2,1,2,2025-11-10,2026-01-20
a33e1b6896822a75fa7c1489b2a854694a0ec1fdbea0dd4188e486ae53e09f68,2,1,1,2025-11-04,2025-11-04
a33fa3dc71bbcf2b5b0f82c4b8633190462d1d5ba562eed8e2b11e1952a21ba1,2,1,1,2025-12-03,2025-12-03
a3403a054e02719d31138e71cc6c51c34dc2e9babba770b7f3682a7e33756627,3,1,1,2025-10-22,2025-10-22
a3537a021c4c494c9b130454442f094dc8c961c9a3f7759b5c6994f2cfb3a9b1,2,1,1,2025-05-18,2025-05-20
a368ca5a3a7e744c1318e15ae7f9ae3c7364f5edcb38d27e2c0e1afbc3c14be9,2,1,1,2024-10-30,2024-10-30
a37062f632c4412a88fffedf87600dd68ae37b453651c8621c76be3d41ac12bb,2,1,1,2025-11-09,2025-11-09
a37692ea6ff1ff3b8be9e7013838a1f961b486b572aa26961465620403bd4a3c,2,1,1,2025-08-07,2025-08-07
a380d7c3b1235b4b22d47ac0c5341c06b9b1a48170df49ed2f7031f6b1b8c457,5,1,1,2026-01-23,2026-03-03
a38c75a00ab51a7a68acd9fbeb6d66b7c0dbf97d1540e3bbac706f3901e78672,3,1,1,2026-01-19,2026-03-26
a39077c08cd02492946e3e162cffe435ed526c6b00fe8637cf3cde1309389a9e,2,1,1,2025-08-14,2025-08-15
a39587c0cd518d56c3c0d0820e1e59b7eedf961fba447c8239d6e299918a4545,4,1,1,2026-04-09,2026-04-09
a39d71baa39c257257d0ab9975c50d35aa45a7852342ef2c9e4ba6f82e77c95b,2,1,1,2024-06-20,2024-06-20
a3a778129d6293bcf80b534f8588e54da0d79073c1db2c364d93ea6e2373bdbc,3,1,2,2026-05-03,2026-07-02
a3c7b4dbdc4ffa2ce737f3aa4f257cfdaf00d1e7502afad35dbe572521419bd0,2,1,1,2024-04-03,2024-04-03
a3cab14588a309f935f0b48f58b97e6fc695bb4366b20e750f972a1c58557ede,6,1,1,2025-08-22,2025-08-22
a3de047cf25353924d6ee6c36c0a617f9b0255350ba9c01780069bfb163cc055,2,1,1,2024-04-28,2024-04-28
a3e966d0e5eb306b9ae41b350fb4a2e04de051969b59c98882ff04ebb9e0fcb3,3,3,1,2024-10-31,2024-10-31
a3e96b8f20d8403e72bb8355cf944053daa81fbbf332c07e27bcb5092a4896c3,2,1,1,2025-01-19,2025-01-19
a3efd6d19ea05c7838e9714750dace8e73ca1634346bbe728647e04c68e4a988,4,1,2,2024-02-11,2024-08-21
a3fa60300a3d0f4ff444107cde9c3a2a625cd9b6ad80cc7d1212fcd64c96888c,2,1,1,2024-02-22,2024-02-22
a401f5e455bebb3d0e2fbde61d665d149b0d0f5483d3bdce493b4abb625fd29d,8,1,1,2026-03-10,2026-03-10
a4044fa6cc3ccde5898288536f1bd3e8a162841e64c1389873c89093eebddc36,2,1,1,2024-05-03,2024-05-03
a40aad1b0af4da94ca8ce4d59ed22e2618503470187e0ec510478ed484b1213f,2,1,1,2025-10-25,2025-10-25
a4103e14ad2a5090689ec861005638aca055bbf5bd4c862a1cd0e6197f61b6fb,2,1,1,2025-05-31,2025-05-31
a4228cbc37bae78a3dab7aae8218d49ab00722f3c9c0e97e6fcc4244309711da,2,1,1,2025-05-04,2025-05-04
a43be8b3bbf07dd565d6791578019f4af21038d51cfd5fa80d29761e000ba956,3,1,1,2024-03-05,2024-03-05
a44adc301c9a116a43e05e08be83e84d86b23d84be57619130358502ae32384c,2,1,1,2024-03-08,2024-03-08
a46098760ffbcdc5080500303f4f48188302f0799901c2db2657bb4a1d94e504,3,1,1,2024-01-11,2024-01-11
a462355fb8d10aeb07a2b376f2c3cf3bf1b3025404d3cf9be4490468c8011eea,3,1,1,2024-03-05,2024-03-05
a468f49f5c08a279a8a0a130b7fdbe3dd2a852d36a9845bc2fc31c61d80aea99,2,1,1,2025-08-21,2025-08-28
a493a7aa34f10b1691b679254f5ec3c530c42652a33e15262c19b017dfc8b721,2,1,1,2025-11-17,2025-11-17
a4990ff334e874c294a297a62d103a2cf613d091f9e1e644d4e9d268ae47c8ce,2,1,1,2025-08-19,2025-08-20
a499d4118ec0ac4451ee8820f5acc03dc5cf91fe4c258b09cb24088ac423f4a5,2,1,1,2024-01-23,2024-01-23
a4a5813aa56a0d3234ba5d55b10a496843c6f6665ae7993cd0a5c3c37efb5edf,3,1,1,2025-08-12,2025-08-12
a4b46e1b70bfc640939c5585d2cad2003c19f4fda4c16a611aefa69149f3aec6,2,1,1,2025-07-08,2025-07-08
a4ba117ba8d0cb5df96bc49e4524e4e987630b77ba2e5c73a61cf6242e0598e1,2,1,1,2023-12-20,2023-12-20
a4ca921b5364222add067b86e3141333a054dcb353a1409a03ed6837d2bc3e35,2,1,1,2025-05-19,2025-05-19
a4d28d8373ba8bf34d56b92eab10ab51e2e124ddccf574769ca8881d1dd8a40f,2,1,1,2025-09-04,2025-09-04
a4dce6d188b9f18cad41a2e2d4604075b629d43ffcd6945553d52fb65fd5c55e,4,1,1,2025-08-12,2025-08-26
a4e31360b21d882611b25a9564cedbbc1ddae6db8ac435ad7ece475bd364707e,2,1,1,2024-04-24,2024-04-24
a4ebc0e56bb0fa28ecb11bb694e06131d1b9bccc15f46cc1a6bc4097f66527d9,2,1,1,2026-04-16,2026-04-21
a4edc790789b0462dac65019cb43b1ed0bb540655beab1a1190a671784efd8fe,2,1,1,2024-02-13,2024-02-13
a4f1230f3d8aef576259f4331817572b06ef67794e61c7c9b9ed794de211ab88,3,1,1,2025-05-30,2025-06-04
a4f92263e237b2569046f1876c9a340740f1de29a01e90697e65edc3e5138e77,3,1,1,2024-04-16,2024-04-16
a50e34bce417a3990e48654308d3121d4a3d98a9a6e2ce197997be469c0971c5,4,1,1,2024-05-11,2024-05-11
a51715d5efa560987ffaee78fd5f7bd60962540a904555882a06e1b69b750c55,2,1,1,2025-05-29,2025-05-29
a51d49c290506bc447323344d89016b0484cfd58ebbba2e794170757f87f99f9,2,1,1,2023-09-28,2023-09-28
a523a72e414e352a599d5bc6d993b7ab95c521ed9f9b16ba3354a3015ce8e8f3,2,1,1,2024-10-23,2024-10-23
a52a0bda70e9412c413a6e9304c7c4dae87ab42493ebb57a0d7ed876f79d26ed,2,1,1,2024-06-06,2024-06-06
a5335f2d9558ce7e1cb51430cbcb6ce554ef0a0b2541518b9b558ccf3cf73aac,4,1,1,2024-04-24,2024-05-04
a533803a4813d04ad7af292bd96f6754d8876a10191291d8acf947f584bac67b,2,1,1,2026-05-04,2026-05-04
a54d503c1b2c07f141f1708e4fa25718de2cc9f54578fd0437bcfec008b92dde,2,1,1,2024-09-16,2024-09-16
a56b7ca6c8808c377d909e7c37aa4408de6df6d6be35081496b39800c4ae69f6,3,1,1,2024-07-29,2024-07-29
a578677d83cc72e32fa60f2f35cd66a1e39715af864154179697934a80aa86ed,2,1,1,2026-03-11,2026-03-11
a58bb893502ad294fff11bba520a57c262070bf9aef8126f22633e019833e7ff,111,1,6,2025-04-29,2026-07-15
a592c1fee27e6d212bf2232c18871597bef2e73a37755b592718e25e7a3f678a,2,1,1,2025-11-10,2025-11-10
a59551fdaca5b18c77406dd654b7bbeab1700d1436834c7989a212ded3556d19,2,1,1,2025-01-27,2025-01-27
a5a579b246f5e33777e355f2c2bff7357cbb904d03dd6ed4a7c1abc2fa9f9995,12,1,1,2024-03-28,2024-03-29
a5aa4c4f9c68ba4a4f20091df1d6b414ba81d71d006244779b3e3745f22d4dfc,2,1,1,2024-09-16,2024-09-16
a5b8b0512ba472009371ff38d8530b41e4d31cdd06e84ba2db500a0043ff479c,2,1,1,2024-01-24,2024-01-24
a5bc288caf9a8c27fb4d6a52376b42e56074e5d0d77df7f92b4df6c660a9ca41,11,1,3,2025-09-05,2026-02-16
a5cd9878e314c045453c00a4b8de23758a27e1586b96f0168a2104641cc6b7f5,2,1,1,2024-01-16,2024-01-16
a5ce881d4a2dbbcad814c1e835fc22393b08b16f11406931284fe5fa896615d6,2,1,1,2025-12-01,2025-12-01
a5d9fe62b8dc6f2f4e1f09faf544f4d31ed67abb4c9ef626667ae8997431a96e,2,1,1,2025-11-14,2025-11-14
a5db63c5ccf4ce0aa6ad1c6d8094cd776c36c4cf83e9f20b7143f82f02793f81,2,2,1,2026-01-28,2026-01-28
a5df5fc5e82c690366405df9657b8823a7b3d04bd35b4ad9298a50f5942a9989,7,1,2,2026-05-14,2026-07-12
a5e523092b5dc9a4ab32973bf7d5d1af54c0ceb839ec01c4d1bb77acc7d43323,2,1,1,2025-09-12,2025-09-15
a603cfaf9e3f7ba4b9aa2ea0ef9c0c089f4ec4fd1070edbb59f6757a1a895fa1,2,1,1,2024-01-21,2024-01-21
a6222a6452e305c27c37afdaaebd54589fe88f1d5be6cc8daa86807d12a23fc8,35,1,2,2024-05-07,2024-08-01
a62fad02ba95381250ee82752916f0db878deb166a18cde21de5a9ddfb565498,2,1,1,2025-09-22,2025-09-22
a63e8929eeb9797d152967f2715e268ca09f6f97c5db26dbe1bc69fb48d47b2a,2,1,1,2024-05-23,2024-05-23
a64aace83e4bd8b043fdad01d6782e98a0d230e8a4d29f9f1a353b8d72d71e79,3,1,1,2024-02-06,2024-03-11
a65111d57e6fdedda7d7a28450a2bf295a739b33e432bcb9ac3352de15f75101,2,1,2,2025-07-23,2025-11-12
a66880286f77c7b5da3657aae5ae205c71eaf28316660e1bf18c70ae256984d5,2,1,1,2025-03-03,2025-03-06
a66ef4ddd01b536e8340411df6f4db73dd5d7705f0b74a391a8259d4525850ea,2,1,1,2024-05-09,2024-05-09
a670ec37ffe8a4f5f39348c77d7ec62c7385764d52243095bc5b7e5d7ab7b47f,2,1,1,2025-05-16,2025-05-16
a67436f04b5db1e14d30842cae4b6ade0270bf4257dcc3899b4624650fa9847c,2,1,1,2026-07-12,2026-07-12
a6a2b6911ea13190c67f8ed93718cd5cf2e3e4e2d23be6b98ec4d1d0642dca27,2,1,1,2024-04-23,2024-04-23
a6a5bb532822ee1c3fba65db16d238338b78700e10d0733bdea287685bf2a7a5,2,1,1,2026-06-10,2026-06-10
a6aa4a98618d49df0098c77ba16f4389a14f34445fcaa828b8e506e5fe3808e4,28,1,2,2024-05-29,2024-08-28
a6b4a1c5f61b7d221b1e0fba19c1b69ce5fb6ef1d25b8970af558b6402aeb628,2,1,1,2024-03-21,2024-03-26
a6be281f0058ba4cc1c241ae96a80013489f16bca1db956ea5f6d2fae047bab6,3,1,1,2024-06-10,2024-06-10
a6c04a46a3b50433ac4f76b9a0f4fda9e76894725acbfcfa31b2b3b65833f75f,2,1,1,2025-07-02,2025-07-02
a6cb2ae5144fed3b10f629bba7aebc3efbe7496078978b9c476907a793ec24b0,2,1,1,2025-09-17,2025-09-17
a6cbd7bb3f3815b158f2c7514c5d8a8bb033eafa286f51bbc9e8ed02d9ac1297,2,1,1,2025-09-23,2025-09-23
a6d520175fdf9a231b7d3bbda71c0ff88d2c3748acee270f0dc63e38e83664e7,3,1,1,2024-03-06,2024-03-06
a6d595a7fb9014592171c3511c7e433bcd9c76416a03792ce74a22545d35efcc,3,1,2,2025-11-17,2026-03-11
a6d93824e211fd319e5b9e7da351a2a43714bbfeb3c3a8d569ceec2836ff4f4c,2,1,1,2025-12-19,2025-12-19
a6e700e29087fffa7bf41368f3095ac92be3c1c69422af994fa5b60a40d0b2ff,2,1,1,2024-01-27,2024-01-27
a6eca11732524ac6a67bf2ed2c78c1ed8d99d8e5f0f95f1ab2fee8158a89c995,2,1,1,2025-09-24,2025-09-24
a6f5514512ce12452652836e68e1316304b0581f8c57827232f2d451f455a32e,3,1,1,2026-04-09,2026-04-10
a6f7184765aed5cfc24d726ab1b8e67f97db62594779fdbee8fb8c72e030e35b,3,1,1,2025-01-06,2025-01-06
a6fa770f0b87c7bc02b93cdb6b5d64c77a840d55be889fd3214ae0e4bd533205,5,1,1,2025-09-15,2025-09-15
a6ff8c7af0ea4c530a4be10d84ace6f64181005a542c1fb9a69fba8cab69a335,3,1,1,2023-11-22,2023-11-22
a7038611306c5930c0ceb80755421202279673984f66e611546eb57e4b3918dd,2,1,1,2025-01-14,2025-01-14
a70a1dfa76b50b2a944acc8412b8b129fae91f8d08eb22f163f547a3ea46a7f6,2,1,1,2024-05-08,2024-05-08
a711b336d6173191cd82132573b19531dc4cfca2e9722af2aa9777c65c5b8a97,2,1,1,2024-02-22,2024-02-22
a71819f28075e59733b2b772fe60bfa3134ef80325e4e306ac32ee5c290c2c58,3,1,1,2025-09-18,2025-09-18
a72061b7ba7196a96cfba71c3db94db25d69eb005a731d6a71f7e57515cf43a5,2,1,1,2025-09-05,2025-09-06
a720725d7e980cd9a1ee3f7a6b5f764b3341428f15d1c6de020dbd4fee199f38,9,1,1,2024-08-19,2024-09-15
a72a2d6ec9ea6784128bc2a9190425a23fd75732c68c4648e604fad4e70112b7,2,1,1,2025-08-25,2025-08-25
a7352b73cc97dd437ac509c8bf1ff54134e4d1f02904017c87dc36fa3cf835ad,2,1,1,2025-02-09,2025-02-09
a7359063d7243a19ffe4adb99f7943c4240b4ce3ef9d2825daaad5eb980ed30c,4,1,1,2025-08-06,2025-09-25
a7417d6df599db3408eb8f1d3fe53ef008ae8294b001380e3e9389d6eff525fd,2,1,2,2025-08-01,2025-12-29
a74781a680417419159615e73352ed2e60a44144ae4c4d8471ce62f6d8ee2dff,2,1,1,2026-04-23,2026-04-23
a753e0766ccabdc834fb1ec0598346681fb7a5346fcbb91ec89d0ea5a58a1249,2,1,1,2025-01-15,2025-01-15
a763d35a64599a3e63ac936215d7e05b6693f4261f48b4a5a1518c28a75971e1,2,1,1,2024-04-25,2024-04-25
a774b2feb589ed358c20ed737175f457033bf7301a13a154e5f8c765f165fcdc,3,1,1,2024-04-01,2024-04-01
a7899298f7cbc137ecf74ccd5a53d08098dc0913bb5bf09b0509c0ce0049cd4a,2,1,1,2023-11-30,2023-11-30
a7b1a7a11f11f8b011a4113cb29e1223db786c3346357e8bb81307d2b960f860,3,1,1,2025-09-02,2025-09-03
a7b85ce6dbc0f2000f6d46e9b9704fc97f0dc13c5f89941e5a8c4560026bd9d6,2,1,1,2024-05-31,2024-05-31
a7de100fffe15bf48b67d374e8dc45dd84e29e271525083bce13ed23823d14ea,3,1,1,2025-07-04,2025-08-25
a7ea676d071fc525c3d51d95bd953f65ebef1669f7f7c5024e4ac5b458d47154,2,1,1,2026-02-09,2026-02-17
a7ee387fe4c3dee93bbaa88485bbc3fff114eec3bdc0086b0cdcad1e558c7158,2,1,1,2025-09-11,2025-09-11
a8065fc00e7b01c0ae67ebafdcddad99e7d35eafd7aab91abcf53f2eef5de230,8,1,2,2024-03-24,2024-10-27
a810c463f3767d129043350d0349bf84bbd2c5bad402c9673d8f1a56e233384e,3,1,1,2026-01-12,2026-01-20
a811ce6c109301ab56b6a6bfb8135aede380049f2b2c053a92d475fc734cf24a,2,1,1,2025-03-26,2025-03-26
a81b772906306696df2b07ff9c881e64956f79d1e20292b8dd38931c44fc4693,2,1,1,2024-03-14,2024-03-14
a8297ad68fd424cd3b5207c6c3762605d523f8029334dd2128ad0b547dabd78f,32,1,1,2024-03-29,2024-04-05
a833d6fcf492f84e7a93a437a9f9a504385f21a5dc8e48f21a163eafcb234d94,2,1,1,2025-05-16,2025-05-16
a842b94cbb344da19d79b7c19dbf0131b0086466a5986f4e34ac53f98b33b3b7,3,1,1,2026-02-22,2026-03-22
a85495e3289cc50413aa8fac5cf7f6346f7273c1b0d3f71520fe3940950dc523,3,2,1,2025-06-22,2025-06-22
a862c2c572a9823d794492d6200fba9b727ebbfd56fffc40d15427ca2d77e9b1,2,1,1,2023-09-25,2023-09-25
a87fff0f02eba9e8e62cb600a28e47d74fd09166529963caaf8180cf82dcff12,2,1,1,2025-04-03,2025-04-03
a8872de4cc73b5e3bd655ca4068b918ddf6e91a9fdaa9597294e4f5063d0eb44,8,1,2,2025-10-14,2026-01-29
a894b8bca287419bc8b81f9a66a83027347bd9699cc113bd192f79e88718ed06,2,1,1,2025-08-23,2025-08-23
a89d859e9f19811fcdd8691b5539f2ff181bf257a82bf72e2c3fe28c08ac8363,2,1,1,2025-10-15,2025-10-15
a8a51f7d7196d1431fe19c50a206592896d4ad6fd801cc27af10b1f05f5b1a0f,2,1,1,2025-05-26,2025-05-26
a8a69379bc4b34c050870078aa800196d5ef8dda7cc29503ef4831b05bb200cf,2,1,1,2023-09-05,2023-09-05
a8a7f844118ca4756d75cf831a4709b262e6bf19a6eee8cd5948d977033db802,3,1,1,2023-11-28,2023-11-28
a8e1e416f8ee74a8247cf961e94c6f9861968a3e10673694f1e8cb9baa4147e2,5,1,3,2025-09-22,2026-02-25
a8e2ba7af9f2efd550f4984d7bdfbe8460e66bde2f684a62b49196882a8d31f0,2,1,1,2025-05-09,2025-05-09
a8e3aa2cb4e23d92bcc0e4661a6e8dd70343ea63ee245efe8bdc6d89fb20f7a9,22,1,1,2026-06-10,2026-06-16
a8e9375ab25b7edbdfef0df754069db85194dc8d938451b96e5ad4e5b5b63ea1,2,1,1,2025-08-21,2025-09-02
a903934c7c0239da99e282bc1461eb052ff9454d68e50a9bfc1c01cde12cce53,2,1,1,2024-10-02,2024-10-02
a9067dbb7f68220b5680beb26117f4e1ac3930b79cfe08253aec0073de61e972,3,1,1,2024-08-18,2024-08-18
a909b06fa87d61d9969d4cc6cd6fe84a8286c3949ad2a757f3335b3c7f5320c0,2,1,1,2024-10-18,2024-10-18
a90b7b3f4e70536bbd58035d75036b7468de3479709bad507a44b2d607c75600,2,1,1,2026-06-25,2026-06-25
a91977d31886024a2473b2231bb8a798b4d6df28855fa4c5e53839f69beaccb4,2,1,1,2025-01-13,2025-01-13
a93397a9a93d62075d5b3b90f3d05410129a106429523eb90355063c08e0ea2b,2,1,1,2025-11-12,2025-11-12
a94f62c8375a6a4995405876daae436606fce59948ed538db9793fe6f660278a,2,1,1,2025-09-17,2025-09-17
a95374eb7f0f64870af666f86c6ba049421f9c64957106559f43ea5c3eda875d,3,1,1,2025-01-26,2025-01-26
a953e36407f3bf903c8cd798213144e6d349ede8d6a54f78e8f8997a02a2d200,2,1,1,2026-05-14,2026-05-14
a96762e336436cdad1560192b0fb2d1e2e868ef35d23f787bd96595c5f387be9,4,1,1,2025-08-25,2025-08-26
a96ee700bb4893592fef79117689928d9e69df761eaf1fc27dd3ba7fdeb1ec69,2,1,1,2025-10-13,2025-10-13
a9707594027b3fe4d0ca4dbe260a97cffc84df18ff50810db118d0cb4952c1a7,2,1,1,2025-09-16,2025-09-17
a98ca5267e3d53cf5f6c2d507c3fcc60263de0e1f3c440fab152f7d529fb2bf1,2,1,1,2026-07-02,2026-07-02
a99ac28f5ce533d7fbd8e8f7c458625fd5fa6c7e940a7330c6ba46d452245f6f,3,1,1,2023-11-20,2023-11-20
a9a64d8e485064e71f9496764ea5105efa37104a6f950aabc6cb19459d5523a1,2,1,1,2025-10-31,2025-12-03
a9af269c88af9a671439bd927904c52b8ecaeb0856e0b5441ed31f6f7a85f279,4,1,1,2026-04-24,2026-04-24
a9c3bfcee6beea4017f2ae183f67cc8fb78c5c854bea5089a59ded26c4471f7f,2,1,1,2025-02-03,2025-02-03
a9c53100ee693b3bdb8d1c27c9a9ab99ad904dd5c2e97187df711e3af0db1998,2,1,1,2025-11-28,2025-11-28
a9d594d0da840a69213d16fadcf7788f65721262474d262f7db80658883b9f93,2,1,1,2024-07-12,2024-07-12
a9dc53d22095c4000bd808706ff5b27ae92e3e255037ccb88a01ed07070c8abe,8,1,4,2025-06-28,2026-06-15
a9dd16654cf5428d5e86f6583f6b145870fc9633d0e634260d24e1ab0c587845,3,1,1,2024-03-12,2024-03-12
a9e1ee16490926832c0b00cf6c13e465a7a73d87e92ccb85d8932db197f6b5c1,2,1,1,2024-02-09,2024-02-09
a9f673b629f340cfe90cf90dd4dd4c0525d0f9c093ba846d6a1ecb1c4d3b26f3,2,1,1,2025-01-22,2025-01-22
a9fd225e2539c65f78aa5ffc0992002937ecc03028a10ab52715d5cdb7588e91,3,1,1,2024-01-25,2024-01-25
aa05ab2f9f6289000144fb102db46068b618b5973a565023c0c04dbf1acea7b0,3,1,1,2025-08-22,2025-08-25
aa2286c2e2afb977d4763b21d89df53d3defd38ff4565abc6db49aed5e6d9d8b,5,1,1,2024-12-20,2024-12-20
aa3771ce9346b6ccfef20d249ffeccaaf964e0f4ff95a89f3b939c2fdd0171b1,2,1,1,2026-05-21,2026-05-21
aa40753e874efd5b4e1d64d5dc8addb839daa3b1e39d0388df2cb63510efea9e,2,1,1,2026-02-17,2026-02-17
aa4471550dcdad75df9f5c25ea61635c515825a734bd82ea1f17f9fc237c8b9b,2,1,1,2024-08-19,2024-08-19
aa45b9a6fdc693695d3023d0b0ccd83c4b9e3b2643d233551f34ff96dc84c1e3,2,1,1,2025-07-08,2025-07-08
aa59dcf658d2aa3f04e72278304d7005aefb6e88b1b2f05f2f8b5297c5c83985,2,2,1,2024-04-25,2024-04-25
aa5bd3b808a4a2e07b60c1fbe875f473034381ce9324c5909b87fed2ccd2d799,2,1,1,2026-04-08,2026-04-08
aa61820026102e20396e0be93fb9492999a5656c95bd93aadf350e71e2a1f78b,2,1,1,2025-11-11,2025-11-11
aa6f4263d7beb970fbf6bec82c67e0af5b08c6ab0116e9f82f1cfed17af335af,2,1,1,2025-02-21,2025-02-21
aa716dda1b583e9090dd57caed5112265827a5bae4272b5f9bfc9c155b090dbf,6,1,1,2025-01-25,2025-01-25
aa7bf3a55b2ac0ad63acb9bfa0de035a873039ca90481dfd438d0c6237326d5d,2,1,1,2024-08-30,2024-08-30
aa81492e6849e5d8cb66ddbb8c5e400370e4e734a7eb16c4b31ccc4c55bd1fc6,2,1,1,2026-01-24,2026-01-24
aa8b3f2ade195bd04e96383fc5e7e8bc7e19233c90c0816f3cc396c7e5fe7af3,2,1,1,2025-06-17,2025-06-17
aa8f17d3c49c831b90907a4626b23e8430befca603a003d1dbb5c73aa4066051,2,1,1,2026-01-14,2026-01-14
aab3a50fc1ccdc99e8060df4696a7f94962f4048cfe95acebe2721570f8ca610,2,1,1,2024-08-10,2024-08-10
aab6ac5b19d39689a163f12523f95a40f26e0f8e0f05000cfbcdbe4573d5d109,8,1,1,2026-06-11,2026-06-16
aabd1412d8b05eaaa92f73e89537271d400981bf3123beec293c5763d6b310f5,2,1,1,2025-09-18,2025-09-18
aae439ffabdcf1e3216e66f796c813e969e5d9443d0044e439a81b2f969bcb09,2,1,1,2024-06-12,2024-06-12
aaf6d18de32534512b38e0cc625f015fa340f67f4d78abff20d827820f67d71e,3,1,1,2025-07-22,2025-07-22
ab0afe0df9dcc196537b16973cd0207d9fb4b27bd62e40e13f05123e7b661634,2,1,1,2025-04-24,2025-04-25
ab0b061de62df51b60192e31a77d3c383092291e8b0292246e0b7735909920be,2,1,1,2025-12-09,2025-12-09
ab2b33bc9e423e424af674d95916d77a94af611bce1b796f199e18d53c16e9bc,3,1,1,2025-03-12,2025-03-12
ab2c3a35695f2d2acd792322aa151b2296854f630b06880676e7e3ffb719371a,3,1,1,2025-08-25,2025-08-26
ab4b24a220a825bde21b0b03f8df83fc3344e4bd342120c6143d58a19a177608,9,1,2,2025-09-24,2025-10-03
ab56675d88ef59e6da1d619c08b78c68848f18acbc0b31d24f6d52866211b742,2,1,1,2024-01-19,2024-01-19
ab5be0b06f05dc80dc83b7f8f27e5536456c6002e45a130f229bc251669d74f4,2,1,1,2025-08-02,2025-08-02
ab5c7f8c00af0b04b36a9c589d5f9afb97b4fce4abbb71c73d25e82743fa501a,2,1,1,2024-07-16,2024-07-16
ab61984c0b17d56d5027ca127b400b4e392cd1bfbd369977f0506058eee61344,3,1,1,2026-04-21,2026-04-21
ab6296493f239e3541587f5bb479f805ec4cf64dd2ad3839535379ce84bc228d,2,1,1,2026-03-09,2026-03-09
ab6886ff6ddea0d45cd149a48689c031723ad2abde8151fb307a414c1567c2ac,2,1,1,2026-06-22,2026-06-22
ab6ba80bac8864feeae5cf0ebde80da9a50d40b4a8c8bf19257092e78f1ebe35,2,1,1,2026-02-20,2026-02-20
ab738b6c506be3e5712654e4a11d51db342d02bd3b15c32845fc25fb02d7d6a4,3,1,1,2024-10-14,2024-11-05
ab75464df37629102df78fedeb88dc9ad887051237197fed4e4c25d995627561,2,2,1,2025-03-10,2025-03-10
ab951a79dfb07ae075d8893382bd3355db2bf76a1157b09b7b1568ef520606d4,2,1,1,2026-03-06,2026-03-06
ab95b4207c6f49ef4b0c7e04af574a3e9faa3817aff3969f41f002789f8a0978,3,1,1,2023-12-20,2023-12-20
aba5c5f38ebbcbd787ad72a4a829c3de380b699ca8be6008c7c5da12b1c00cc8,3,2,1,2025-01-15,2025-03-30
abab7f5d0940e05b2702584a11e03161b04e9e9584b0020118693bdb5bd10722,2,1,1,2025-01-17,2025-01-29
abc742930914e7079fc135da9cac63ea80b4c5df239729a5e936d86cb4536e5d,2,1,1,2025-08-11,2025-08-11
abcd20c7e47467aeb938b11fd8894602a6aee125b9d8fbb9f10fa42741c491f6,6,1,1,2023-09-21,2023-10-03
abddd14e59dcbab478403ae82574dda8121c757e0e0904828f4a1ff5f8d88c39,2,1,1,2025-09-16,2025-09-16
abea8de1afeb501fd97e999b02372f14cc4360984775cb490e3f6e71d02c5652,5,1,1,2024-10-16,2024-10-16
abebe816d3a922c0a0df0ebbe9a9d5ca0ac06164d350d35dc2f1fbc549a1f819,2,2,1,2026-04-21,2026-04-21
abed035095d2e8f19bc0d3218a6f3555381414a7286664b6a686ae61f8f793f0,3,1,1,2023-09-25,2023-11-02
ac015467c4906852b2bc4c7b0ec6da9cc2e79268fd6f5706d45a18125bf7d754,2,1,1,2024-08-04,2024-08-04
ac11c32d80e55ab69243864d277103620b29c75e4c391fbc0c015062afa26f1a,2,1,1,2025-09-02,2025-09-02
ac4482e2895c06ee51ae59b42676aa606c2e18b403bea696fa5966b1881eaec9,2,1,1,2025-10-09,2025-12-26
ac50ba89988bcad0cccb7d2014cdd6a02510cf3f9f1f73da5213646c5d154aa1,4,1,1,2026-01-29,2026-03-23
ac5495939978bf725eb109f11b697aa6f8fdd133170252b7af6cdb161b779aa2,2,1,1,2025-10-24,2025-10-24
ac596579a8b9d821b9b3908f5548e99efeb7a2153b1a6e603e09ac6c7f6efe07,2,1,1,2024-08-10,2024-08-10
ac6c82a0ce0908ddad40b3b5d202636c71da3b86fb01fd908942eb1db144b402,2,1,1,2024-11-03,2024-11-03
ac6dac89046282d2f1fb9b065830b2e71c73657ba2bf65b096f7f6cebef81e7a,2,1,1,2026-03-26,2026-03-26
ac6f98d9bdc44de5eaf2b6545e73dcb0f117459583562fa41d683d4eae5b2bcc,2,1,1,2025-03-31,2025-03-31
ac7be9ea7cba1a65f70f3dc64484284e4a8fa9102ee6c567611ababd2f2ac19f,9,1,2,2026-02-19,2026-04-01
ac7c044cdd4e5a0a05518dae5c0ac96114ac78b7f9c39629057888b420af1f62,2,1,1,2024-08-24,2024-08-24
ac830f8ef6e5cc03a5026c46b6bd763b4407036d51b717fd91f83ccdc99f6b24,2,1,1,2023-12-14,2023-12-14
ac8b47e68e011ca99aef44fd3236be736bbe0c33cf6a39489b09cb4db9847d62,2,1,1,2025-08-25,2025-08-26
ac8eef2b4b52e388ecbec7b16868de7dd19e88189cefaf45eb6b14431bf038e9,2,1,1,2025-10-03,2025-10-03
ac8f496aa092e7a5fc951f1866866dad2206de9893e967d3dcb3c28b0a58873a,2,1,1,2024-07-08,2024-07-08
ac958537922aaa00918e94646c7f91025248c98f1f19f732c27aa6cb89a113bd,2,1,1,2026-03-26,2026-03-26
ac96caa74a6aeb44f234dd07446523286994e6b2655cfac5cfd18c996d63971b,2,1,1,2025-08-27,2025-08-27
ac99460f56cf4d6b1534386539962ec9add23d0ea11861a2b4f6815cd2239481,2,1,1,2023-11-15,2023-11-15
ac9a87c9cac9763c9546412ec2e0eac2d1032e3edc78dc77256a4ceff17c7d8d,2,1,1,2024-02-23,2024-02-23
acaf2886eba7281ba4f1ab94bec36e7dfc9db7a5a870facaa86825a000526ae6,2,1,1,2025-10-23,2025-10-23
acc540b1deb210e007701393ef17fb0951daae72fef4d4c28e4650703edc73f2,2,1,1,2024-03-12,2024-03-12
acc7273c9a5c23b5fb29b799a8b8af8f166fddd8cc02675b4d3202f2e7ded1d1,3,1,1,2024-11-12,2024-11-12
acdc55464bf913df30aacd7ca7d294e21605fa6073122e5be6aeba72380cbddd,2,1,1,2025-08-08,2025-08-08
ace1456b3ada3039e725aea71c61c07e809d52374267fc6089ff0f80d93ace80,2,1,1,2025-05-03,2025-05-03
acea3d1ea30bc052dc8706b8c5ebb1656106910e3c90f0427ecff03760b6039e,2,1,1,2025-08-07,2025-08-07
acf8e7f9673028ecdb72345c3bb02bda9f39924550e9d97d5e35f7582fb00a0c,15,1,4,2025-06-19,2026-02-05
ad1c8e735bed79989e8d80fdc015fe0868e1115f01ded3488e64a08c9b5bf7d2,3,1,1,2024-12-27,2024-12-27
ad33e8d937e5b65564d20a1ab1ff876f13c2af44162fb4f8067c49ec65bcc959,2,1,1,2025-05-29,2025-05-29
ad3d18e13194b2d6791975f356a48c771ab8b528f554a5364a2c7ff221b23796,3,1,1,2024-03-11,2024-03-15
ad40bbc7dcedd91464a7747a0238f24609d9b73389ef49ae8cfa26ccc2093ce1,2,1,1,2025-05-18,2025-05-18
ad45830357f049ac663665f77bd4e0ce52c34ccf3809d0ba9898b742d2209bdf,13,1,2,2026-02-04,2026-06-19
ad57aa33e2860f3fa75561a85c91d0184ef1d74d156315afb462893db41ad9d4,2,1,1,2025-07-11,2025-07-11
ad5ccc40f40d89233a918fa73fa9002760ad354cb23621b5c783e752f51800ad,2,1,1,2026-02-20,2026-02-20
ad645b872fe6dda6588f476e83008ec11652088d80d49a72e211900f22ea5436,3,1,1,2026-01-09,2026-01-15
ad6bd5173734f9b4f0de11c4b92d3f7a9304abb28a997673c178fdda1ec95997,2,1,1,2026-03-03,2026-03-03
ad839a7c20696bff9633a2439d4848c01206386a3663d1950602bfecb8ccffc1,3,1,1,2025-09-03,2025-09-17
ad8c621579865863108ce0a96816d4512479db51258a54458aaa8b2d71eb79c8,2,1,1,2025-11-20,2025-11-20
ad90fd73c0c16d96628dbdaddf2ace4cfa13ca94db5aeb38d29dabd23da074bb,2,1,1,2026-02-22,2026-02-22
ad9189a2251645db354298422e9c04774e168455c92880e67cd35d687c38bc20,2,1,1,2025-11-13,2025-11-13
ad983298e34c808b3e0cb043e3787850d59cdaebbf81dcb63ddd1616cf58a4c9,2,1,1,2025-06-20,2025-06-20
adaab27637461223d5674f8ff22012253f4e8c0bdef5c0cfb4fe6ae78487b1db,2,1,1,2023-12-19,2023-12-19
adc5b36196eaa3aa89fc5983ded90606ce8e6a7f72c26226a915b3e391767fd7,3,1,1,2024-07-10,2024-07-10
adc5e2fb698368b6e0070d97fe9684b1dc49048fe8fad580c2194e1e0b01d13e,2,1,1,2025-06-12,2025-06-12
ade3ed17c6a5625ca10b215f56888165878e38f51a180e34edea541dd126703f,2,1,1,2024-05-11,2024-05-11
ade8aa43ad20e30a50b1b9aa5df1a7bdfedeab293120c725cb0d4cf2f432703c,29,1,3,2025-07-29,2026-02-05
adf0a832efd563508dcfb047fefdc003f11b6e864f78bb87ded87ae9467a2a68,2,1,1,2025-02-18,2025-02-18
adf7e2b78a1ff9b8e7820c8cf83fcb43274cb8ec3262bbfcbd2fedd674afabaa,3,1,2,2025-06-17,2025-07-01
ae07d61c65bb51b91c86c7e61d42a990c9a4a5c3b8830a747f771b5229dc2136,7,1,1,2024-10-10,2024-12-05
ae244f05b622e53fb28a2ef9a6c0f8cf4ba971310e878b7231b862cc85054a41,2,1,1,2025-09-03,2025-09-04
ae2b56991100afcce65071a7d549a2409f90862d2883d391e9dcb337052bae30,2,1,1,2025-03-28,2025-03-28
ae41d2cbed5cc1b89a636cc64abb9e3bfe5e36566b6b2a943b75d099f196190d,2,1,1,2026-02-19,2026-03-09
ae444721187cd06ac17ecf873e83ecd19077ca41025d0a1952708abe6844426a,2,1,1,2025-06-20,2025-06-20
ae4a32639f1723c549dc70dbb578fdb8543aaed75f11cf27954e4ab63650f3b2,2,1,1,2023-10-24,2023-12-07
ae4b470564dd77ca69864b5d2c483a3f6e807b10cb801d6d5a9f6a36844f95a1,2,1,1,2025-08-08,2025-08-08
ae54e6864a24863b0f4ee409f8b0f887aa292dab3e1f7de700a317038bf1cd36,2,1,1,2023-12-21,2023-12-21
ae60d28707d8ab86e63a1a72e914beea5c37e024a2d9725d788e567fdcfc165d,22,1,4,2025-07-28,2026-05-20
ae61e217624720943dd767257ab7d13349bbc7eaa7cfb07495b4bd1d324c1c0f,2,1,1,2025-06-21,2025-06-24
ae6d1d8d27a689d614b35f67424c81550280892f7742a8dc67df5cd318cdbf2a,2,1,1,2025-03-29,2025-03-29
ae73a2d9b85a3cdaffd3728a96720a432d8378ae718e8b24ba93c02c5528e27e,3,1,1,2025-04-18,2025-04-18
ae74aca9585a2ecca93a709d880181f6f44e4a64ca5a7ba3e7cce8238934ba70,4,1,1,2025-07-14,2025-07-14
ae8e8cadde586c4d8541f3636e74a05491a614c66dead8bb86f295c0113d8e60,2,1,1,2025-09-08,2025-09-09
ae9564f402a1afabf6b24d3d9be11d2992c5a182ad28f0169e95d3d6a972f91c,2,1,1,2026-07-13,2026-07-13
aea1d28151d98a98d7286fb4af75d314ded2ea4746e613958970087ab643854b,3,1,1,2025-09-08,2025-09-08
aeb66a7ad874103d7c7a10ae62de6b47de0a9a57f234ac31bc827563a3df69c0,2,1,1,2025-04-20,2025-04-20
aebd30c22d37ebb3b205efc07f6470481254ad7f32c3466e40270a1909f498d4,3,1,1,2024-03-13,2024-03-13
aebe92531f8be5b1c13552a8d70a50add30e7f21f533e5b40fe2026e206def18,3,1,1,2024-05-10,2024-06-24
aed19ccf2069e033861c6d51054f281b2f2090b84c68d01709afa2ab50430ea6,5,2,2,2026-03-10,2026-06-22
aeda40f38b9314c3ac7f4a7e1d56fb6807a48c5dd6ea3e7f812493647f745923,2,1,1,2025-01-23,2025-01-23
aee5a73bdb80f0752eb126c40d8321ff8dc1ee772a5bcdd26fdccadd8c96fb40,2,1,1,2024-07-24,2024-07-24
aeeb3d63b4fe77843ab6caf80b7f8ba4902b962e18c56f259286359ab7982139,2,1,1,2026-01-27,2026-01-27
aeeeb0bf46861b9f3a80e094d467ec35b00399ac8a0599156f59418dcb72b6de,2,1,1,2025-09-12,2025-09-12
aef8304ba14e2ef24cbd28580e173df88a82f5fb136f661d0559b0f2966b535c,2,1,1,2025-10-03,2025-10-03
af11100179506eb7081e62297d9f231de021ae7f88ca21a7a5378e1dfe201483,3,1,1,2025-05-04,2025-05-04
af20fa509eb2dc78f2bedf0f64542d14927917286ef6fe2935dc6eba1c3858d3,3,1,1,2026-04-10,2026-04-10
af2913092bccc017e94b5e40084899168ccc49f74491a9194daebfd3e0b0c386,2,1,1,2025-08-27,2025-09-02
af2ba180a646696ddffc839067ba4d9d9b77a103aed48d453dc7aea4e78c3108,5,1,1,2025-05-27,2025-05-29
af32d80b3b8587e5ba240d8489cb63e081ee0279579895c8a2e2cc97a0488c74,8,1,1,2026-01-22,2026-02-02
af34a7d6d97cfec1e0cabca86e00f7942ec08afd9ce48b16d5c4a13d7696d3c6,12,1,1,2024-10-28,2024-11-07
af3a691c16b5bf55e2993e1af57fd1a723e58a0baf08f854fce93988e6c38d68,2,1,1,2025-05-02,2025-05-02
af48bec73974c02f0cfeb3c9c53aa32d8e5879d57fa18f3c18dfca266364f94f,2,1,1,2023-10-16,2023-10-16
af4aa83fda28d062269e78023650f89a7efabd8920a3aa9924d7112243208caf,2,1,1,2025-03-11,2025-03-11
af69ea022e910e6331eba95fad910d3ea780a6d8821cfad7c072dd31eb31f11e,3,1,1,2024-04-21,2024-04-21
af78e32e3ee0704fead2ea7f4867a8e52c2882375f274a9105187a0f3ff0fd96,3,1,1,2023-12-12,2023-12-12
af844034bcd03b2518b446098add416c36887363623d173e16a469381fa6f541,42,1,1,2026-02-20,2026-03-23
af926fa9ff2efcaee819698140e1bca2382df8cb90bccfdae030c6da068c42f1,4,1,1,2025-04-21,2025-04-21
af9293fdba8226a8ce592c46a9141e8647172c5b087c02292bbddf7643836fba,2,1,1,2024-08-28,2024-08-28
afabc22b900e47bfe79f69cf8e2ebca849fb0e47dc0330e3a37cd75d77e72ffb,2,2,1,2024-03-22,2024-03-22
afc024bddbb2fcb101cd73ad0ea58597372cd2e91c786a74a579eefd5b257c2c,2,1,1,2025-08-02,2025-08-06
afcd6ea93d04c6f9a262ab83d33c0465cd5be855703f39574fa8dbcaeedec813,2,1,1,2025-06-22,2025-06-22
afd0b9f0e552c9799025c4a8ee45daf8682c3fae8cb129d2c3f9e83202a50d79,3,1,1,2024-11-04,2024-11-04
afe4de49126f4ba6151b1d7bc3e156e6df32c61d1a507d647c4e6c576ba433ac,206,1,6,2025-06-25,2026-07-01
afe6ff6bd7b8b64cd8b68695096fde881794a25c61f8a7aa4463d05afba58adc,2,1,1,2025-06-14,2025-06-14
aff4cd14d22b848824ca6414f604f37fba117ee075ea70e5c373ed24a1ab8936,2,1,1,2024-07-22,2024-07-23
b002d255dc7623354d426ed8f6fe4d9f4a6164dbc2629f7602ccb57094f54deb,2,1,1,2025-02-17,2025-02-17
b005b96fc060abe090a6e7816930719903c1837d69e642ced154cce0a6c05d9b,2,1,1,2024-09-26,2024-09-26
b007932222c30db51a6a896148f82e1703df1a2fdc09df5aa7e3efc60bdf61ce,2,1,1,2024-09-12,2024-09-12
b010b82abe95b750905f1613ccf78c1011f46cbabcebdc10f33741fdbb7d0d8f,2,1,1,2025-10-27,2025-10-27
b015562b36133f680c34787dbb6994f13d4cd379e28280de9ab6403adabcc217,2,2,1,2025-07-16,2025-09-06
b0180e511a3472710d99c56eb9dfe6c2f804fd37fa5cea7476f024d61da7a588,2,1,1,2025-09-04,2025-09-04
b02077d6e61646874326dfb5f2ec2301735f1139f02c47d18281191033906d01,2,1,1,2024-01-11,2024-01-11
b025800e03b6d873521632c1ff78e988e36e9f52dcc033fe479db51c5ab636d8,231,2,6,2024-06-24,2025-09-26
b02827aaf7e1f5b6cb96abf059689323338bf040f7704397971b0427135d010c,2,1,1,2025-09-24,2025-09-24
b05575e55ef6f1ea6669c13d55c51d128b1392c9ec75e51e015ed719c0f71593,3,1,1,2025-01-10,2025-01-10
b05c531ba1d42696df1d5823ea1e3d305c6e002ed29464be2eb6c5173bf3edea,2,1,1,2025-06-14,2025-06-14
b064d2fcfbcc498a2379efa6ab46203e3d80c6af77705d46e7e91cd4209cfaf9,2,2,1,2025-04-16,2025-04-16
b06562cc4e493062d25cbee5ca66668f07bcc6d81881526e327f860b1f9d2d49,2,1,2,2025-05-29,2025-11-19
b065a9b46821b4fff176072c7589d391ba43017e873d645a777ec2f8bfb11d64,2,1,1,2025-10-21,2025-10-21
b083d8fdf5241cb8335a8b8b20feb362c56deaf931c95bd6c7ab2516dad5fdb2,2,1,1,2025-01-31,2025-01-31
b088cae45219a40e5e118f80c51c4ad7fd60bbcb53cb07f94dcb19c3c989ce53,2,1,2,2025-10-15,2026-01-28
b089e9d46893b2ce1a31c6a053a8e1f4a618fb122a65c7391ec9aa65fab9f203,2,1,1,2023-12-04,2023-12-04
b094972d0d85b549bbce3560c90e95767ab743d1f523188ea174668a22868733,3,1,1,2024-05-29,2024-05-29
b0a72fc6bc96791ef2e881d4f47f166c17d3c2963fe84bb7723c012470f02d22,2,1,1,2024-11-01,2024-11-01
b0ab12e1e7e13c9059664ac7bd16a2bcfb7d1a3191d4abc52a1d14e2d086a7ae,4,1,2,2025-11-27,2026-01-01
b0b09dc0cc54e102ada523381325bb30c8c36fb77802097466cc26ed1b9d5388,7,1,2,2024-12-30,2025-01-03
b0b0f5d67a4474217189e0128b544912ab8b5815ebb80ab52eb8f8b4abfe85e9,135,1,5,2025-06-19,2026-06-15
b0c9acbf73846c9e7cddac8579bbe90d7ef1207a9ac5ecef6a5224288ad585a9,2,1,1,2024-08-12,2024-08-23
b0ca6f6628a0ed7fe4ef613b88a7c6111cf97272999a38ac2a65e22b1b77f70e,2,1,2,2026-02-04,2026-05-26
b0cedacb6bc5f63184fa5e441c41ad5a0fb5b1e344c98f29229d5a1ce797d156,2,1,1,2025-09-18,2025-09-18
b0d624ec21ab60eb767bad18ebb087a10d10029c60bbe8bfca087a3e63237ba0,2,1,1,2024-06-13,2024-06-13
b0d73675971cf5f548ea3771ae496720d93ce4fcd5d65d2b5584c7729252a454,2,1,1,2025-04-11,2025-04-11
b0f079eacf9a7ab7516ea14e524280de6c6e16f8686fead86851d2a6d8a55fb7,10,1,1,2026-02-09,2026-02-17
b0fdd5eae3831d67b18b37dfbe2b32fd933fca1b132817d267fe160598a95cad,2,1,1,2024-03-23,2024-03-23
b107d578bf0be713d4e836cd8cdeb4d104cece5479848fb46e308f7d22617719,3,1,1,2024-04-15,2024-05-20
b111704095643f9bba32161ff3a552db8488e76e7a35129d8f94632b86bf261c,2,1,1,2026-03-27,2026-03-27
b1136ab01259b102b1c2048659201cdc19628723050b076757097222dc4d6022,2,1,1,2024-11-21,2024-11-21
b12b15482bb74eeba260a65b6b4e0ea46cd2c4a379c94a1231a98a0a2ecc8028,4,1,1,2025-03-06,2025-03-06
b1325efa732d3dbcefb547d72893e53b738351e15f69967a4a81f09fdc1f0bfa,2,1,1,2026-04-09,2026-04-23
b144cca12f97194b43c2d84c3500699ef7470b392c4f9eb04a798360b100915b,2,1,1,2024-01-31,2024-01-31
b149f65c07e00b03f7642f063e6cad7488d2dd068d093cfe3e3d76db5b9c6148,4,1,1,2025-10-22,2025-10-22
b14c06d976761a3487195a54603b4e305864808c46303bbbd3777d8c21761e59,4,1,1,2026-02-04,2026-02-04
b14d4ff931a456a10103e6ae21bea63196cc559334ece02970f0f9ffd168b2c1,2,1,1,2025-04-07,2025-04-07
b14e73fda9a7d5328c7141193142cc9033fe668b48c34be5884c40be72c61c2b,55,1,1,2023-09-07,2024-05-19
b14fb921fb6e8ceda59a677462a448eeee4824891e780e34fde60391862dd560,5,1,1,2024-03-20,2024-03-20
b15549de186579a62f30797ef460cb25b927c142d5269824370e64fc8e96607d,3,1,1,2025-03-03,2025-03-03
b16ba5e8d6dc5ebf55139ae72bc229cecef5b7e3cc9ca3d6163956beb4cbfe8b,2,1,1,2025-04-22,2025-04-22
b16ea89be70023c1d8be1debfbb96dabd4b0017f2fd7eb9dd23291fd9a3659c2,2,1,1,2025-08-30,2025-08-30
b16fbca291edb5388130e68ca1082aa6ee446792b7434ba38ba47b2fab8abf91,2,2,1,2025-01-08,2025-01-08
b1822d192b924276c2907238383250989313689ffcfcb7c621e81610bb1fc70c,3,1,1,2026-06-18,2026-06-18
b182a63937051990144965637d48f535982252248cf63172af1f1add297ff278,3,1,1,2024-02-10,2024-02-10
b1a8c477c0eb521cd5cc8cda3a8c05446ddc91ada418a756b655ef70944e0bbf,2,1,1,2026-01-22,2026-03-24
b1a97011f648b9c157db8a88fe07699d4500e95860965f7f51b4ad09bdf8c41f,2,1,1,2025-04-16,2025-04-16
b1b039b450da4f267bea8f326beb92bcc98df807f500992f92d76b00c218c983,2,1,1,2025-02-13,2025-02-13
b1b2abc61256789ba93b95618f4ee89eff9c2d8542885092bd351df3492162be,8,1,3,2025-09-10,2026-06-23
b1c765b4e80e17efc55bb5232b7287412879495e3ad80911a89634c44f4593db,2,1,1,2025-12-16,2025-12-16
b1dba81c57a02404192852d5c8ad5fe243313fe67a722b5e8b63dc1cf6ae11a3,7,1,1,2025-07-13,2025-07-24
b1ea0f0032c49dfd18da291e865137214fa9ddd8232f82d4210d5847744d1e36,2,1,1,2024-05-02,2024-05-02
b1ea1c8edadb5d8b30f189beeb54bf0c08bf8c6537a9a6490f482f9fd177f93f,8,1,1,2025-06-03,2025-06-04
b1f73ea95a749b5b861d0b21863216292f7b7031cd46c930482f7b417e17eef4,3,1,2,2025-07-14,2026-01-15
b201334ce7e952b43b7aa6fcab3dc3c9eb2209ec24e0e264e439137d180a1e05,3,1,2,2026-03-02,2026-07-01
b202d3a6ae193b466250687c8043cca73680b739ca33e6204b11243722297ee2,2,1,1,2024-02-24,2024-02-24
b205c3e8ee2e168c22621149d3bde66f115f6c971f5c50992c1c14b37454b654,4,1,1,2024-01-23,2024-01-24
b216b0c9b79520a3363e475045e7f4e449f4f39cbfa49da9e93d652050820381,3,1,1,2024-01-24,2024-01-24
b21fba1a592d74325c339a980cc4261b05ff54eceef58847c66fef82edcd25ea,2,1,1,2026-04-23,2026-05-06
b2217e00abb34aff9720069e852c2ab80d8f2a32433451900b512643cd4d7840,3,2,1,2026-03-02,2026-03-02
b2271314549f548193e57f4540abdf3444a2104fdaf52aa72399a8c0a0dda9a7,2,1,1,2025-05-06,2025-05-06
b22c95b161821bec848bf66155f32acf727a9956fb8297ecf0443db51dcf8445,2,1,1,2025-02-12,2025-02-13
b22cd08a2802836c02d60acf141923e5606a2b7c4eea7949ec38df80c787a361,6,1,1,2024-04-22,2024-04-22
b230bfd1b6ac232039015829d02af1434c60b6578cc235a229ce29053a834509,2,1,1,2025-08-11,2025-08-11
b2336e917fa371b9cf61a000fe284b33bd90ad0e657ac51fbcbb3f7b09e3b2a3,2,1,1,2026-06-11,2026-06-11
b236167a3897c216f88383bb137aa904106fdc782012231d6c1ff6076f1a4798,3,1,1,2024-11-01,2024-11-01
b24c43bd9cb8ccc9ec4ace9d80c641bea2be1ee59775bea31c40ae48347769e5,2,1,1,2025-09-22,2025-09-22
b24e513ae21cf6717a8736d5ba20309fe558142b351269afa47afc7164153a0b,2,1,1,2024-02-28,2024-02-28
b25ca486c47ffb12bd6187e7cacb36d5db0c1f506d7632f4c87557935d4d0168,2,1,1,2024-10-09,2024-10-09
b26050571477ccb05bf5372136c98f35260cd0becff257fc45a181e86aee4dcd,5,2,3,2025-01-11,2025-08-02
b26422bf415a2a4fa0a9774cda0525506ddf8bec4c0e33d34af7a3d8fef0a89a,2,1,1,2025-01-02,2025-01-02
b266974c480d27c7375c0d255a989dded8cd27217f164ea8d17ddece434f8ddf,2,1,1,2025-05-30,2025-05-30
b26a4900de785a33f23ce65c21ec7d23d82fe7e28bf2d0366dff794fa04d2f42,2,1,1,2025-02-10,2025-02-10
b26b36d68f5422688703859babde33c57f67c9749a2e5c8583c1f876afd1c913,8,1,1,2024-04-18,2024-06-13
b28c42530eec98e2da4d04c0ffa0813b16e3730c2db07aaaa44c601d1f152ffd,2,1,1,2023-12-13,2023-12-13
b28e010dd6956173f56940634dc694a467563994f7a76762bc1bde40df94f7cf,3,1,1,2024-01-25,2024-01-25
b295a7249f1c9fd982bdbfcee458f11f7fac87542a7998a6f7039545fa69c5b2,2,1,1,2023-11-08,2023-11-08
b2a0e99731b794ac9789bc3a0ae93c092a1d894a9fba3bf98b217844f72b71a7,2,2,1,2025-01-30,2025-03-12
b2a12d2176f87d2834f99e1297d54c57b076cdb0ad6170b3d930ad6b18f80901,2,1,1,2025-08-27,2025-09-02
b2a29446a209d43fed8ca844ed72743b7813be2d202f1b27fb1d485e857f82ed,2,1,1,2024-05-19,2024-05-26
b2c14a68b94cdfee3df9d141e75382fac7d42542a07b33f2622f2ea68f7ce573,2,1,1,2025-02-10,2025-02-10
b2c6c6fee59d0cd61788b93bc00068b84e8ecb22e0a63ed095e60bd51ff717d1,3,1,1,2025-09-25,2025-09-26
b2f2cdfd3101de7c49009ddf96c14993d450537f6bce786923513ee1e5c03d99,2,1,1,2024-06-27,2024-06-27
b3094621ff4c774341577b412e0d7fd96bb5b0403e07e0b7655828852fd487dc,2,1,1,2024-11-22,2024-11-22
b3182a55ce72ea4a0d13ba15d267dac4e2a3954e9a0c3b3dabd6e7a3b2dbe987,2,1,1,2025-01-25,2025-01-25
b32f8a75ed788da3a7b8fb9094b663d1ce066a87f09f6fe71328334b00d9884e,22,1,1,2023-12-10,2024-06-17
b3322f483afeba91e1191cd15979c6983ef04a19e7b9ff0f3198f70b9fffdbb8,2,1,1,2025-12-30,2025-12-30
b34027e5b5ab5021629098e29f08cb62d5c2324144e1e7c2622b3faf3b44eeb3,2,1,1,2024-05-19,2024-05-24
b34c5d1cb0c50a6d6cca49766676b9b9066105dbf8b49e73f969af9d520dabc8,2,1,1,2024-04-29,2024-04-29
b34e778f210c4286fe65e227c8654cba6a2669a87b313a57d16042d0ff46897b,2,1,1,2024-12-28,2024-12-28
b3589d97fd34d3d6d35cf413e11f911fe950c786c25082c22b2112fbbc0af4b2,2,1,1,2025-08-19,2025-08-19
b37822b17ef30e6ff8816eb55a29af3648a80976f12eb575eba25a5a71bb143f,35,1,1,2024-03-27,2024-03-28
b379c7894d5c7424ba0218743d33642abc1dabaec9122ef8bb21fdbc2e9bd245,2,1,1,2023-12-20,2023-12-20
b37d2d92cb5740f027c5dfd35e03fb5bce45c432fb8bbc2d81f9a09618f67b38,3,1,1,2024-10-25,2024-10-25
b382f5944fb4514266c2e44a36336025842edd90dae6ccac550468c4e3088377,2,1,1,2023-09-16,2023-09-16
b38398e4b11e5f0ffffe79acd52bd4ae82d140e2f8c95363b0d12796d4371846,2,1,2,2025-09-23,2026-03-05
b388c32180844d32a2f49a54f71702c3837a3e2fcf7402eab01323e72dd51976,46,1,4,2025-07-10,2026-04-23
b39911e04b6992641a747bce5f5d6489ee5d060984c50aff4e92b6a07d5e7fc8,2,1,1,2025-09-24,2025-09-24
b39c998f3a098bc23745ef580998d8951ebd493edb90ae3e4fc04a504cf3f1c0,2,1,1,2025-10-03,2025-10-03
b3a4556cacf4321096f1dd6de3bdea797057322fa7b4dfea86e285468037178b,23,1,2,2026-05-21,2026-07-09
b3b22bea3f3001375cbc5b775b15b060dc4402fea9b05c70e71903e104d77f1b,3,1,2,2025-10-09,2026-01-28
b3b82a203ae243990278fa5895357e0e2905ea42fd29d4a37d8f2ba4e86cb8bc,2,1,1,2026-05-07,2026-05-07
b3cf0328f1c1bd83a6a4facb368065372d160b5ed1748b148d0cf3ac831ff417,2,1,1,2025-04-25,2025-04-25
b3d147ec2ae372939499966d3b78bf52d2dd6629377a29d3905739b06b6297fb,2,1,1,2025-06-08,2025-06-08
b3d2cf69f4401c0756c3ae29b12dca1b22de1532d4dabd68fb81325ab9d45367,2,1,1,2024-09-23,2024-09-24
b3d8859b87ce518e415c5f1d3cbbb694dc9c7acfc78389fcf9f6975cd43fd982,2,1,1,2025-10-03,2025-10-03
b3d8a535db0194ba83cb87af25e72d3576d3f7e177ccd21436c14bc4fea83a75,2,1,1,2025-11-19,2025-11-19
b3dc867a0ef414c5ecd2b97d10e4608d884b3cc34879aefd813854c858b46574,2,1,1,2024-03-26,2024-03-26
b3f4e8778f6700a491151c238478ccfb464e4637e777b33ad7b5fc18131bf9a8,2,1,1,2024-04-15,2024-04-15
b40bf6b4a05c9bc0e371d1c2a85dad97b24ca7a13d91ab4534624b9dce085ea3,2,1,1,2026-02-09,2026-02-09
b41bc7397433b72052b11d774b298e8d25f7fa53f0f6d6d839bc531d7e0e0564,2,1,1,2024-11-23,2024-11-23
b42213531971ccc6761a821507dca6e8fc3ffa857c8531acaddacc1ed351e5ad,2,1,1,2023-12-12,2023-12-12
b42aaeec96e81678ff342cbe288d20a9bee05a696fc46ea2fc26133faa109432,2,1,1,2024-10-03,2024-10-03
b42f5849821f777822918a29b8621538ffbc21c10e9dedc490ad9ce8a2e10e60,3,1,1,2026-01-09,2026-01-19
b43c2243e75f84f8b3f0834a3fd65e89751df91ecc0a200065464970651c623c,2,1,1,2025-09-05,2025-09-05
b44822198e1f43ea06cf82e8fef2d1e03f8e1ca48bce6a07695829e5164fcf14,3,1,1,2024-03-06,2024-03-06
b44eb346af339568968ba78d2d0249bcdef9d5e0b11d0a74ece0991e6e960bc2,2,1,1,2025-11-05,2025-11-05
b4544f588edb379be9e4da7d66cbccfb4e0e334cb7b533597c2806e4591c51f5,2,1,1,2023-12-18,2023-12-18
b45f2eb2aca2bcfcff795cf117b17a7466d304cba4342e147658a3019afbd85c,3,1,1,2024-01-19,2024-01-19
b469e4eabc4c5f3be7eab1e926a3aa3b0bee178f2b7c20b19808c0221658aa09,2,1,1,2024-02-14,2024-02-14
b46ffce04e4541ede4c4a1c2c82aa74cb01b39c44608a9a934fead6c66335558,2,1,1,2025-02-24,2025-02-24
b47ba996adec840dab6d7ac878a933ca06b3204890bff7b8cf783c6ad90919de,2,1,1,2025-03-02,2025-03-02
b4825b523adc70036d673ba35d83213a7e29922972eb8e7eb6295122ffa74061,2,1,1,2025-04-17,2025-04-17
b48847d8306a8e5593f3ba6fae94e8fdbd4512f8ae730532288dedcc2c1fb92f,2,1,1,2026-05-05,2026-05-05
b4bab1dd13b4801e1cc27ec7a677cf9810c331962ec92697ed32c149d10dd95c,2,1,1,2024-04-04,2024-04-04
b4c26430874100494c2d0260c88a39152fb311821c9e2aa4c90faf94a4b1f9fc,2,1,1,2025-10-17,2025-10-17
b4c339f87115e83713de8ea552763dd9725eb28916a85c863b4654bcc189eef5,4,1,1,2025-09-17,2025-09-17
b4c7666c1f52f26786e45e6152cd38584e3e25e6cdfbb457c59de54ac8a1d98c,2,1,1,2024-07-22,2024-07-22
b4d375a297be8f1f5ec01da34a8493bd872b7c69ae45fdd083599c98dade8f26,138,1,6,2025-06-23,2026-07-02
b4d924354065098eda4b23578a26d8e4d41693efd37f777e793162699ea89b90,3,1,1,2025-11-14,2025-11-14
b4e47c08b31171b00a24a2f2f2756e8e4eaccf9d00046eece54b62794c56c5e7,2,1,1,2023-12-10,2023-12-10
b4f394743f4a68c2af5bc5199b163d171529040857534d9d10394a6dd3e36f5f,2,1,1,2025-09-18,2025-09-18
b4f82fbaa3c634e076cfbc2a301a2238c4a28dc24e595cd9bd378d59138348d5,4,1,1,2025-09-25,2025-09-26
b4f9f6cad7ce113870e48435131505a99348df02e2edc2317d1466dc1f38bc54,2,1,1,2025-09-24,2025-09-24
b503c29b07f428f2bba0aa3a2a532f78c6557997516a116810ab549725decd40,2,1,1,2026-03-03,2026-03-25
b5113394a8b1b302dac75b53e92733df89e8df7a2caa1bbec34ce2d10899889b,2,1,1,2024-02-13,2024-02-13
b512ebe53e3cb5b77852087f0c08f6d48a8ef626e3c912d4fa9ae661c10c2f50,2,1,1,2025-08-13,2025-08-13
b51cbc3e73f4cf97b45c5e62e2324c2759d8965eb4bee82ceb4d30af2829260e,2,1,1,2026-05-24,2026-05-24
b525fe614a1e32a865c4c61d95b7fd1c3a952205e687d0dafb9a5e7190cce613,2,1,1,2026-03-04,2026-03-04
b53994c743a3f1ae6363141aa7992c89dcbf6a56aa871a3b5ae0d9e3fc27c372,2,1,1,2023-11-21,2023-11-21
b53d7b323c240c70514d53a175e574cd8dd76bb4bcb33a38b54766c076dea722,8,1,2,2026-03-19,2026-04-01
b54f4e0695e1a9bf4d18a7027be1bdd81a40e52b55f8cd35d159b3a056e51d37,4,1,1,2026-01-26,2026-01-27
b550885f9235dfe3d02a6d583790f1638e3dee5f7c99795a660d681492261ac2,3,1,1,2025-05-19,2025-05-20
b558d854772efff9f124f377230efd45475d0b843d622080426202600c60c006,5,1,1,2024-08-30,2024-08-30
b55a061696936c3ad20fd5ea71faa2ef00a49f1b169b5e9efccd7a7ad9459024,3,1,1,2024-01-16,2024-01-16
b5730ecd419f5d6f4b6aaa9070a5d1ab54a516c62539a61adbf22cb175089b1e,2,1,1,2025-08-14,2025-08-14
b5886730597d78770ff2d2959dd88613b938e378c32d90b9d3208a6f52d3344c,3,1,1,2026-01-02,2026-01-02
b592c45f76327ae6472715e7257b251b26b5a0462ba0f79653d5c912da3b6305,2,1,1,2026-05-29,2026-05-29
b59a4cbfaf0a4d57e8797b23a7d5c43e6c9a92ccd3fbb0f6a15163d76ac3dda2,2,1,1,2025-04-26,2025-04-26
b5aa3d52f2eeab2dbf531b5ffa2436bb4bbc5ef2acf25d5c3f8c8eaf509c4bed,2,1,1,2023-10-08,2023-10-08
b5ac4dc7113dac1d246b0c65147b553a967591dc8a16c5a85acc6db3787f8b5c,5,1,1,2025-08-31,2025-08-31
b5bb10bd07aa7865dc23793226e0e7a331534c1dd36be98c416e501a5b29c591,2,1,1,2024-01-04,2024-01-04
b5c8d33052bdb7f924e8f160e1167bba624c3c232bee300ad922a08e773bc77e,2,1,1,2024-11-18,2024-11-19
b5d9f9128ec764c45b0fe0eb50f2d9a3ba3248e5976395c4e9cd128b5e564b0f,2,1,1,2026-03-08,2026-03-08
b5f211b820419af07900eeeb252add6dd20bc250269f793a5ce20d8418cc2b6b,3,1,1,2025-08-07,2025-08-08
b5f4f9d36ad3dfc69e7a1bfa806e27b0e1bdb70905a8cdeb967d9a380cb2376e,5,1,1,2024-04-15,2024-04-15
b5f7c734090c080342fd8c5207ef9ed05e4a823a72ca55ab52e991c52cfad6b6,2,1,1,2025-04-21,2025-04-21
b608a0e596f01abca8641db3f0e7e78890a13f850873870eb5b55510c0ecd600,3,1,1,2024-02-19,2024-02-19
b61e18f687e5ec836e7603df0494d54aea5f633de899638f4ef31f9058c25f3d,2,1,1,2024-07-26,2024-07-26
b627f33f776ff1abe5079ab166612a09c07dbe8c20b0a971df1bf5016ef987a0,2,1,1,2026-07-06,2026-07-06
b6299f10c517ce97c775c5b10ae4a6e3a91e750ec0ae872fb0225eb7fe1290cf,2,1,1,2025-10-21,2025-10-21
b62cf05de3c8d46beec41532071c60bec33d75185fb6452fd00e968444c3c613,2,1,1,2025-05-25,2025-05-25
b62ebb99a05cf8b733079bd381832a0ae469171c9e7f5ba7e9955f04f1cde90a,2,1,2,2024-05-14,2025-07-07
b6380d023edc7ea7ad777c140d91278db2c17604e5b24ac3b56e8aa7a810e540,3,1,1,2025-11-12,2025-11-12
b638beb2f63f2ebb37c51f3a41ece869b6354d7e3043ce3c11cfcb0884376828,2,1,1,2025-08-27,2025-08-28
b63c9a9e6e7f83787613bd84abf525f014de27a473d313c60930a68ad5dd313c,3,1,1,2023-12-26,2024-02-24
b64a3b9a77d0d3ecae5f798947ba86198f0f51772929037d77eb6152670349c3,3,1,1,2026-01-08,2026-02-25
b64e24774427f995012d3b6f532063faa02a3873b55908b58b9e60c9e04d2e23,2,1,1,2026-01-22,2026-01-22
b659ae45b723b2077d80651b89ed02a4cebc0635ecb1ed05248eb888a2b497d2,2,1,1,2024-06-07,2024-06-07
b669f7ae291dcf3d7de3429758d9bf8a80045a3b29b62e0a5bf18c7290ba66ed,2,1,1,2024-05-25,2024-05-25
b66a9f45b4f980afbd91219d1b4baa5e36d41ed08aae88b9e82b23b4773a56b5,2,1,1,2025-09-15,2025-09-15
b6726eaf4bd3a5f25a8700e1d54d25d45c0c46f014000a0e592f68698a55122f,3,1,2,2024-08-18,2025-04-21
b67adf21f8462d08cd811356c53ab18d24d93ef36fa5f287b237f47ec47e2b63,2,1,1,2025-07-04,2025-07-04
b67afb9055a893939085fbd61d4206c4cea2605d42f9f5a2b96996dc97eab0ea,2,1,1,2024-11-21,2024-11-21
b6880e6b4f2e73cc77afde2abb91dc6ad926e777eefac3abd245316093c1305f,4,1,2,2026-01-06,2026-04-10
b68852af7fb59fdc508b2e20fda1fdfb4a095a36c4ad51efd2d283638477ae02,2,1,1,2025-11-11,2025-11-11
b690e25e5d6c114323516e53a0fe35d3130d473aaf0e4aa0bc2d27689b2c605f,2,1,1,2025-01-20,2025-01-20
b695df28a1b2b0c2b1ddaf6715385e11632b9f90bf6e18c60ae637a680dfef9a,2,1,1,2024-10-29,2024-10-29
b696c20e9c0a3493b5bcd63d4140a6a08d1c023ca9046a2267d6fd2478c21c70,24,1,3,2024-09-15,2025-01-17
b6973bfcea1e6acdcf68ee7e18b05bb0f91d52337cdc7b63728b2f4333bb0686,2,1,1,2026-01-08,2026-01-08
b69e27ea3b8c61f628d611a32c5738d875055e0a6274007e8bb8d36d36c7cb6f,2,1,1,2023-12-12,2023-12-12
b6a6b36c9068f15fdbbfb5d24008265f2916dfb90e03b8e07ce495bd8b969fd3,2,1,1,2024-03-04,2024-03-04
b6a6d28804f9a603cd27f7e44d8c9e9468940a8a14adcb90d3b1b8ce1d9c48d4,4,1,1,2024-07-17,2024-07-17
b6b3185a2ea5eb21565253eb5749a28889966657f408d699ff9a0650984ec5f6,5,1,3,2025-04-17,2026-07-14
b6ba2ed576e806058ffdfed59e6e4acc31c882a0aa35fbd63a8c7bb767d7dd70,4,1,1,2024-03-07,2024-03-07
b6c976977402404576f832965bf959661bd956a741f4bc9ee9e3fae8298b8dc9,3,3,2,2024-12-14,2025-01-22
b6cd3b103c3e059df746d64b9639bedf4121dc09b5339d6040fceee616febdf1,2,1,1,2025-04-16,2025-04-16
b6cf8a4db49529dc13614863f99f61ed7b2788522a612d107ea2a99ac2aa7197,2,1,1,2025-03-20,2025-03-30
b6d89f7830eccaa0f346844d25c1e280df6f59ace27bb7b02f2791d3224bb71a,2,1,1,2025-02-28,2025-02-28
b6e123f42d5416fea2099555c77143e0064d11b06da83dc6c6d504c87417ee70,2,1,1,2026-01-21,2026-01-21
b6f230550a61afc6187c03960b70b69efbc1585ff0406eb481a25a6051c22468,2,1,1,2026-05-05,2026-05-05
b7007ae9204d10b04a34639b9df1477a190c1fc105b03a08eb574e4b743717e7,2,1,1,2025-05-20,2025-05-20
b7077c2d19acd5b75a1a1f90c3a6f394883510d24e28f21b317eb45b57bb7e5b,2,1,2,2025-06-19,2025-11-18
b713b37cf1d8aac2d244405591f7d579ff48cc955a662d7f9dcbc131ae2fdb7a,2,1,1,2024-01-21,2024-01-21
b71f71e79cefd0911b35c8b68819d59545da1f42878d1a9be105b64f02e174d0,2,1,1,2024-05-20,2024-05-28
b71fe3e3a1875101e45b09038ee9aaaf1aba820bc486387020e6c6164b8170b4,4,1,1,2026-05-06,2026-06-15
b732fc5882130e44bb0b0b713b5a549325b2b4f82ba2bb61b2d995fa6e564624,2,1,1,2024-02-23,2024-02-23
b753a9b0e0d6c3a71d91b81e22b2129b5b80a92ae1e815804ab101d8c4aa8ae5,2,1,1,2025-09-23,2025-09-23
b7555580445a03e1e7f783d8576e9cb5d3f23e742e45d235d83ccb49d689ff32,2,1,1,2025-12-23,2025-12-24
b760df3befd6c0fae3393e897a54ac99ec0ad838009b35a4a48e80538546156e,2,1,1,2025-02-08,2025-02-08
b7623767a2dfa1919797a9f4621a1ff7b9298f293515b969313144f8b96c67b2,2,1,1,2026-01-19,2026-01-19
b76408482dbb31fb5e5483ac5196af7f207bb5ade01e4178c79bf1c3b3d5b830,2,1,1,2025-05-19,2025-05-19
b7751c843f0c098d2ef995c56e8b3b06c677afbaa63d29ac12cf7379590c553b,2,1,1,2024-03-09,2024-03-09
b77db3884bd8308046a2bff0da4b9a877875ef914f266f20b173aff6503a4100,3,1,1,2024-03-15,2024-03-15
b77ee533da351062cc3ca33fe4359f00848a47be2173e7f95e0de075d2fc0d76,2,1,1,2026-02-04,2026-02-04
b7801457bfdc712eca01d47ff467988e71a4b6e09931dbe2a0956e8c04c0d7e1,2,1,1,2025-10-03,2025-10-03
b7912023b21668ad01285e964fe33261531a0647453673bf069ef18ce7536316,2,1,1,2024-08-28,2024-08-28
b79546d864970b87cd50a8c8ba07f86680b2c68b7cb6efe387f7b46887865c09,2,1,1,2024-08-30,2024-08-30
b7ad3d2621e0fa24abe3e95218bae84159b602d540800b165ac43576272b743e,2,1,1,2024-06-12,2024-06-12
b7cbbcc3614349b56bfbde018d8625d7b0da877fbf6bed501671a3c08a115470,2,1,1,2025-06-01,2025-06-01
b7d2bb0fefa740c119e69dd4a365aad49d5dc51f9d150c9fbe90c95e216b994b,2,1,1,2025-04-15,2025-04-15
b7d5840747f50048ef8012634f957bc5c9d2db496a88b372534ea84d791452d1,2,1,1,2026-06-01,2026-06-01
b7dd126bb65cf845749d607a4881a0a523c77bcf6ce4854dd69580c8551158d3,3,1,1,2024-05-07,2024-06-11
b7e8632fe3f22d075e7f706feb1992d01cf27e517554eefeddb28e01922838d4,2,1,1,2025-10-03,2025-10-03
b7ea8245cd0ebb62d25fbc1be12472a798fc0fcf2b0af776ddc223d4fa870d59,2,1,1,2025-01-01,2025-01-01
b7f33a12ecc047d69637430c568b31cb9456a195e582517606e31a8c24270454,29,1,2,2025-10-15,2026-02-09
b7fd82c4f610a0bfc9be89cf1ab1ce412b762768fcf47a96314ebcdf320c189b,2,1,1,2025-02-28,2025-02-28
b805e404c3c7ba6e85ecfc23473f86dcba92d5099788ee8a076cb77b464eb94e,2,1,1,2024-12-19,2024-12-20
b80995d12578dfa3675c835b77af38a6e7a84d48457a26adaf77ffb9a74b0771,4,1,1,2024-09-15,2024-09-30
b8182a85ceb4607443344f2b8f159822b4f77048f7001f62010fc50074f716c2,2,1,1,2023-09-13,2023-09-13
b81b8c5d12e365c15e42f291c8e2fafc11ba5ed6a3cc1d397b745317a4c971cb,3,1,1,2025-11-18,2025-11-18
b81bddbc86c7c3d40909c63e3708ea11fd2424f854a2eccf7dc6fdefef8cc2b6,2,1,1,2026-05-20,2026-05-20
b82454a8e836cea0d3bd641a45ed5ad651c6d4e9d0c601bc096acd8cf249c7b9,2,1,1,2023-11-15,2023-11-15
b8276de36d584fa617464c6618fe4e5fd45e9b608cd945dde35c11d7fea885c8,5,1,1,2024-03-21,2024-06-21
b82ee3023351c5f09ed7f2b6dc849f15a504de516da3434fdb9ae4d263ac26f3,2,1,1,2024-07-30,2024-07-30
b835103b65d7b4256577970c00a9d7b6b14fe5edf05cfd5a830889d9f041a390,2,1,1,2024-03-17,2024-03-17
b8495f18d46d6d2ccacd5638799c33d5705bd5a28c77781173136563a9676b11,4,1,3,2024-09-19,2025-11-20
b84b668c5e6dfc7be514923556a4f1f29bf1cc3d05b56c8b4e61338876ed1464,3,1,1,2024-04-17,2024-04-17
b85cf1ec57c56c0a0f874f99da350cacd632c65b0d20e120b4413315862bf518,2,1,1,2025-09-03,2025-09-04
b85cf3e4ba4207c81241a56f6564ef55ed43ab39e4d0693490fcbb95c8bd26dd,2,1,1,2025-04-10,2025-04-10
b865ee6a936ecae1354f244849a800a0ff8070d73faa04ee013c58b44aeaa514,2,1,1,2025-07-07,2025-07-07
b8769091c7620a644df4cffb99412277aeb3cbdd81dc5089e5cb8640d3f5b403,2,1,1,2024-01-23,2024-01-24
b87cf726125da284fa651529120b19a6d8d5d29a2c6ab4b2f13bb1e4962dd4b4,2,1,1,2026-04-20,2026-04-20
b89c2f749495b0d296b64f905649803ec295266d9c487524b4e734e0e871a3c0,3,1,1,2024-04-24,2024-04-24
b89d404c26241009ae8ac5bb158091f9b980b1b3286dd12f65a1110d9a13a540,2,1,1,2025-11-20,2025-11-20
b8a7a4cc7c8d100295f482afc38cf4655bdb19de5de6d9a4fc4d5df4140a1832,6,1,3,2025-09-02,2026-01-13
b8a977199fc58cd291c23a6f2d28f281a6a7327642c3e1e5ccaff3343e894054,2,1,1,2025-08-30,2025-08-30
b8aa57dc63f1089883aa2e08c36edba4e59a36c30b7a7c338995568d5ccc69ac,2,1,1,2025-06-05,2025-06-05
b8b4295f830238e44a5a78d3110933ddb165706fb97836c74e30bc72a5b35543,2,1,1,2025-01-23,2025-01-24
b8b8f3dfa9ab2c7ff59bb29098f6fa2cbef6d3cee67d0a56dffc06f2a61fa665,2,1,1,2024-04-09,2024-04-09
b8ba8b54741439e52ec095675b6e9810c6091fa19fa3b41812109bc60a448cc5,2,1,1,2024-10-11,2024-10-12
b8c63b895d39e7e6922984986f8f28110ca2b2af7bd271ada3f6d83c7dafba9e,2,1,1,2024-11-12,2024-11-12
b8c666d8b845b8c3b79aed546d11307bf215e9febc4f4858ac0eb201c8c3ee96,2,1,1,2025-01-21,2025-01-21
b8db760b3ee9d9904cfa2ecb1fd534b1646bf878a29525c74f443072aca4c837,21,1,1,2026-01-19,2026-02-16
b8fa62c4b1143247f3bb8add4bbcec53aa505ddf672c25b5fbb788652670d80a,4,1,1,2024-01-19,2024-01-24
b90b0cfb9fc53cb559b6a8ff6e192158427260fb63c641fa9ea2e8df00b2b697,3,1,1,2025-09-12,2025-09-12
b91658f8b665d5eb004fa2bfe394345459795f497f4fc86238fef95d283d50d4,2,1,1,2025-06-15,2025-06-25
b92080bd47dab9b660d4dce1b3ab4dca2decdbae81c434a24025f5f6b4adcdc6,2,1,1,2024-11-16,2024-11-16
b927c5e4aeaab1beda24417a32b9d695f63ad095083400060a0cf02365fa8315,4,1,2,2025-09-17,2025-10-02
b92e7fe324d868f8aae7df2ebf413d168c03611d3f839c4314ca5b8d566c06dd,3,1,1,2024-04-09,2024-04-09
b9531770e70b58212322cd329b8e9841b348e3468483ad0a82f629b3e00ba127,2,1,1,2025-03-11,2025-03-11
b9649e8fe8cdc37a94d463c14b4d5ccc52525c089bc7d8d88b43f66e8fea477d,3,1,1,2024-11-04,2024-11-04
b9655f90e818ed1f7404b6c7416fd52ba43c00f129bf2eb81c61161da7646378,2,1,1,2025-05-27,2025-05-27
b968a81abd6a37008c5df7f8d8919d2f2660b00fc1ce010892eda5a7262fe99c,2,1,1,2024-10-13,2024-10-13
b97a1e1b83a3670a42130a144d9e431f54d0fff8a91eadf43f0b7247794f991f,4,1,1,2025-05-08,2025-05-08
b9854ca3f2c6caecf83d47275360f9bbee0c47e2d1973988eebcd0dfd5677765,2,1,1,2025-06-30,2025-06-30
b990c6c22d882f85b66f64c4803802d1aa2f058ec6fb33bedd8377a2519e5c7a,2,1,1,2025-01-19,2025-01-19
b9989cf0274a496f8f49a358243021867078212e404cc6ba836679b04145f057,3,1,1,2025-11-09,2025-11-09
b9a083e00af24ad0399615bd1ab3fe9ca5fb71cde2b2647dfa058b722d78ab05,2,1,1,2025-05-24,2025-05-24
b9a332d7ce254832935dd7b4001b422be3efd6499766c1f6a2ffeff26b992597,2,1,1,2025-02-08,2025-02-08
b9dc07d281cd95443d1b468622181eb7bc6fad64600b4f60a1653daf31875ebc,4,1,1,2025-03-05,2025-03-05
b9e1b116d5baf418c8f9359a95250af3d85dc48dddad85d6fa6f35add9cd18a7,2,1,1,2025-09-09,2025-09-09
b9fb298a35e661ff3749e066d9fce5e92039f809a9e733f5c435951b06d726e1,2,1,1,2026-02-12,2026-02-12
b9fe40da932047495de0761adfbd3a3883cea53adf54529e1063eefd1043f47e,2,1,1,2025-10-20,2025-10-20
b9ff9c84764210b939e821d17111cce644cda0ae7550e85d71e15a0f313b539f,2,1,1,2024-03-02,2024-03-02
ba00dd6e10f4b40666f815a635ede727f2836e3d8a122783fc9b16ec983cbcfa,3,1,1,2026-03-19,2026-03-31
ba1dff306f8231aa7cce3bad1b5efe344bac9345899fe4edb9d310f8c4a50f93,2,1,1,2024-01-29,2024-01-29
ba22e65cffcd0be96f15cf821ed111b60b17c592e6d644c4c5cc005aaf6dd705,2,1,1,2025-07-21,2025-07-21
ba2e23c778e4628b9a8e8c0f98c6dce4b451ca7b2a4514f9e5ae50641b51b882,3,1,1,2026-03-06,2026-03-10
ba39802a17ed3e0ca568b0b5d44eecfa69fb3732a21e9f410d9e848992aa8524,2,1,1,2024-03-18,2024-03-18
ba406cdd3d4617fe12184b6bba99b99bc252ed4e7e7f1521536e1da8c589f204,2,1,1,2024-04-03,2024-04-03
ba47830d1f0ab4ca596794bf64c95b7e9b20429ec50986e38991dc06dd938b9a,2,1,1,2024-03-12,2024-03-19
ba5a974a32d8342f26c1b98e633061a7437fb2569fc710598f079b441f7d1e2e,2,1,1,2025-02-05,2025-02-05
ba5d6630c8f902b7061a4048fc2010dab12319b7627a1adc51b4ea6ef031b655,3,1,1,2025-08-05,2025-08-05
ba5d8c96efeb179b87340f264a9f579cea50e77f55174d4701e25e2ed7847b33,3,1,1,2024-03-07,2024-03-07
ba7b38d389c619f83a4e43798ae02f200375ee14c9c987bb60507bf15fddb7f4,3,1,1,2025-10-30,2025-12-04
ba7c891479fcfb64150807e7b9698070492bc7b6d988ac42c1a6629eeaf5886a,2,1,1,2025-11-14,2025-11-14
ba87ef34cdff75eb5484ac46aaf0f6e3e2a9b291cb38ca2d9d8c3fe02eb61dee,2,1,1,2024-07-13,2024-07-13
ba8dfc263574d0613045a3c91d25e114dc0ca2d9f0a4224adcf142c0b4de0c83,2,1,1,2026-06-28,2026-06-28
ba99ac9f2873ea76b49d361b31b4fa405a9e721fe3544d2c973c07281478e3d7,2,1,1,2024-11-04,2024-11-04
ba99b7a3e4d2de78739a74189cd53689bc45efcc66d1b6ff208e42333de7f51a,2,1,1,2024-06-12,2024-06-12
baa08b74041da7de15412aba9a2c0ed716347277d9c09915caa3926485851c12,2,1,1,2025-08-18,2025-09-26
bac4b1ae5883a5eb84357be54f2724638aa132b6ae8dbc28da1bb634c59ba7cc,3,1,1,2024-09-10,2024-09-10
bac7e8d6ecbdefe8ff8b962cebbd8acc2f8dff839001faee42d8e42e432e26ca,3,1,1,2025-09-30,2025-09-30
bac9c4839abcd837c1e873331fe437cf09990a214bc3cd75a2757a362d5534bd,2,1,1,2023-12-02,2023-12-02
bacb686fd7f9464bd204631f7b2a1b80d4e6eb6401e526ec4dde0e182b0a3c29,3,1,1,2025-09-26,2025-09-26
baccf9b11ec2aa34c83c86c72006fa734bd92155250837e0a228fe620a8377d6,2,1,1,2026-02-02,2026-02-02
bad8003e663208dd1b67b064c817d5e27da57ca41b758ac58c2fcf00d2589d55,2,1,1,2025-04-30,2025-04-30
badd257ae082c41b8ff31e382110caea37fae1d5fa1b27b7062e43122207565a,2,1,1,2023-10-22,2023-10-22
badeac01e2fc3fe1aab7098bb2980f3dfb0c19837f54548dfa47d1734a98208d,2,1,1,2024-12-07,2024-12-07
baf618481b47796ef7686011368d252dc0ff42172ce0a698de6660a595ea9f11,3,1,1,2025-06-23,2025-06-23
baf9fce4020717c96d2665925b61fcca574bfa26448c68e8703d20d81de422bf,2,1,1,2026-01-30,2026-02-09
bafae4e42555efb3695597b104d6133b05f9127d378c4a30eadc05fcf72edd97,2,1,1,2025-09-16,2025-09-16
bb0d7cb2ff58941fa191a49b55cbe8f6f66ee491177dd9bb91cd5fb956e62dcf,14,1,3,2024-03-08,2024-11-29
bb12accac763fb7080ee9e9cb55c2ece11f31bd8514a76e6c193563f05e7c0c9,2,1,1,2025-12-09,2025-12-09
bb1ee5c4092f07e1767c0a7b97091459efa3ad72251671953e3cd017c8ae9a38,2,1,1,2025-08-12,2025-08-12
bb2dcc4412c0e9f19efe4241a4363e7b468025a0b137ef4df9f1bcb51409d8c4,2,1,1,2023-12-06,2023-12-06
bb30b5e7ff4c45811b852c02c6eff72c645028b65ac59fa0750529e5edd1e645,2,1,1,2023-09-14,2023-09-14
bb32e775ef4cec48a0428ee0ad8846b5cb17085a81a6efa60ea3985b66f1834e,2,1,1,2024-06-09,2024-06-09
bb3c21d8b8b59dbea8b769961feef5cc371a963f0501639177fe63543b84b239,2,1,1,2026-07-01,2026-07-01
bb40b15f160725a596dc22f6e36ee2a008b84c9e1c16cc2005d2ffe6094b9a23,2,1,1,2025-03-24,2025-03-24
bb4a5db8e20f7a9effc141e770e9896af5e8e8f121b041193eca7de1d82436cc,3,1,1,2026-04-29,2026-04-29
bb4e597989e6db28952fbe385e223a704ffb7a2ced14e3a1421af4fde8032b89,2,1,1,2024-02-20,2024-02-20
bb57c6905498ce7aa6fcc3ea256a7ad47f8c59c1a0d948fa9625adaa66906357,17,1,2,2024-11-24,2025-02-05
bb584e3b40a552455f512d6cf42ae9a2c8ac14258a529cafe4efc14d3461fae2,2,1,1,2026-01-19,2026-01-19
bb68116c2c7f1ea23af7f62d3fe29258f11ae7f75f26c99da978b5d211a8d5a4,5,1,1,2024-03-18,2024-03-26
bb695564ebf6f92ab4057e5d6bcf2c64331a615781c2dbb28b94f481e22868ce,2,1,1,2026-03-11,2026-03-11
bb6bbadfb3eab46fdef9d9f94c1f69adc4d2c12d9d3df49c0d3165b480865c5a,2,1,1,2025-01-20,2025-01-20
bb6d8256a6dbb7a9942ac236a4f357b54ac61af16210c1d1c2fc0c3c410930bf,4,1,4,2025-06-23,2026-03-06
bb7029622058d79b9545a8e1004a5be421913da710ffd364ad91881ffac5523a,2,1,1,2025-02-12,2025-02-12
bb789ac18520dad75e00d1dd0777b28fe504c005d83e690c69168c11adffe517,2,1,1,2025-07-25,2025-07-25
bb8a6096593ec832f4587cd49cd8fc00cd5839c21961dc98f8b75acc6b7eaf28,3,1,1,2025-09-19,2025-09-19
bb91bbf0ed885df106fe8dbbd33ab2824f66df35345dd213539fae6f33f10a0c,3,1,1,2024-08-30,2024-08-30
bb9aa9c94a0e676be88fd21e94459c54fdbed62b27a4f7994e55c323219909a4,2,1,1,2025-04-30,2025-04-30
bbb1be1dce2528269780a1f66be8693f2e694e04ce5822023e5082f5254bdf8f,2,1,1,2025-09-26,2025-09-26
bbb54c13b2412daa493182230083d4a3209ec567c6a39d2664b827603fe210dc,2,1,1,2024-09-05,2024-09-11
bbe4ad1c6bddaaa3d2b1f92c293e7181c708ef2a53270a0b1e449cc8c6261247,2,1,1,2024-06-28,2024-06-28
bbe4b3733d61f217b419a2a91343977b97832a198c9fcaa662b84afdd6f92ac9,2,1,1,2024-12-24,2024-12-24
bbebb9c8dabc03a5e06d3d74686861bce7788103aa8101fcc217fc7705ff0d18,3,1,1,2026-06-11,2026-06-11
bbf5fed4eeb396eb2c43da7cac33393c8e58ed16502cb1caf2484b0a39fd8ba5,2,1,1,2024-12-01,2024-12-01
bbf62834c5111a531c60054d8790852ed32cb91caa10ac942aac0c2f86e8df01,2,2,1,2025-09-01,2025-09-01
bbf922d28628bd0e1446b83fc082a138c58f09254b64a9ae1ac85d1e75f81f5d,2,1,1,2026-05-26,2026-05-26
bc0d68f2e6d27c40c8db8a4ee2a15e578bc48a58c34804a8cd6275fe3516830d,2,1,1,2025-06-10,2025-06-10
bc0d7801d715d380ba1d46f5b991d49f95f017a415d473e2a09729763cf75ef9,2,1,1,2024-02-19,2024-02-28
bc1a3c0fa452d42b642d5051641dd72209391efee54be08817f4dfe71b3ebc92,8,1,1,2024-03-30,2024-05-09
bc1ea1918d55bed32fbdaa097bbca536066089dd695e2c501325ed18512b4584,2,1,1,2026-03-30,2026-03-30
bc3de1c976656466914f73d068269f0deef62959c761f97567691f1f4f57e200,2,1,1,2026-04-21,2026-04-21
bc3f34e4996815be21dd742a097094c58a34ab34b136aa19ceec169fc28463ac,3,1,2,2025-09-18,2025-11-13
bc40590126c1a12ddeee0be4ea6ba8e05765241241c5aaebfe5eeb5a40f9b9db,3,1,1,2024-10-29,2024-10-29
bc47ef50019d0378c5c2839a316573767a0de1f42a3c5293038132e3520245fa,2,1,1,2023-10-06,2023-10-06
bc65d41d13c3c01d2aeac1babb2faac5ba76d72e262090525b206ab16a0d7765,2,1,1,2025-12-27,2025-12-27
bc72cb8a33fedd16dc05db519cd69416a519306edc9330fc805675a8248f45cf,2,1,1,2026-03-18,2026-03-18
bc79251e1f1d291a1b8ffe71ef22bfe7b00c44ebf720389adaa1a95e22d8774f,2,1,1,2024-01-26,2024-01-26
bc945219ce6a6d7186e1dc7d5bd634d987c970bb1fe32a7f8d884c786069c04a,2,1,1,2025-08-12,2025-08-12
bc968e0d117bf44d05a73139e2c3c06e6d33b1ec130f3f114ab7ae151b306528,2,1,1,2025-06-02,2025-06-02
bca6f0854b63a26690670dc2b6468581f7025ae250581c7701acc3aa2c944869,2,1,1,2024-02-02,2024-02-02
bcae8a81e91ca3103271491180e41299bee9afa2190a5b48e35fcd12b9ac8398,2,1,1,2025-05-25,2025-05-26
bcc2fc72cf921fdbf47f389ceb5cb228c9aff8628dae2bae665a1a7d6fbf3160,2,1,1,2025-08-08,2025-08-12
bccc64d33ea155550662a54f1addcb8101dd15e2c18f4ebb2748e587e3087e6c,3,1,1,2025-07-14,2025-07-14
bcd3d215763bbe4b63d1b32f4439793ba6c1e36a05843d1656ff74cfb172907d,2,1,1,2025-07-10,2025-07-10
bce22c8ddce78cbe31ba21a9b88f243e205e3b6af82bfa84266a347e15272f55,2,1,1,2025-04-01,2025-04-01
bcf285d525c8f11f103535e95c2245a8d0c0178c03b7ca1a3cce15b0d8b1bb18,3,1,1,2025-05-27,2025-05-27
bcfb2040b7869bb034dfb8a23d9939ef91e6d335e5a0dc58dd6b1dca039a2f13,2,1,1,2025-11-25,2025-12-14
bcfd599efcf81b55c1e827a798951c02171c720f8f40dbe865209ed2bc691adb,2,1,1,2026-04-10,2026-04-10
bd01df8b5fab12c15ffb521769bc3141c88bbb16f3a8f20cc6baab3af7f52e90,3,1,1,2024-08-19,2024-09-05
bd057eb12eb059f36077b2019d95bdf319dd6e3b504106eff33ad68c6260c2b2,2,1,1,2025-02-06,2025-02-06
bd10b1ab2ffba028bb1deeee1185e006f4fd8cac5b7b41cff4728cdf1ff3dd34,10,1,2,2025-10-16,2026-02-17
bd2136536c5b09c0225a19c8cf7ca17cc2d112b0cf74d21abc036cc28c90f70d,2,1,1,2024-10-15,2024-10-15
bd29957c2084ac5a5a778ae7edfb6658317647203425b87d34dc660b32c48075,2,1,1,2026-06-10,2026-06-10
bd5205b7654ab395ca641fbde68bf3ce6fd1d844969c88c88eb8b20969dbfd34,2,1,2,2025-12-02,2026-06-15
bd740b1e4a430163f1f16099094c5f6822bf2c7959de3bec94e59ba69f970e89,2,1,1,2024-12-25,2024-12-26
bd7ca4a8fd26de68415c68ebb0f5a1b2bb58fa6179272fea8698f49b043e0953,2,1,1,2026-04-20,2026-04-21
bd901fed0d9195d108736de3443f3c5ebf5826b5c90b463030eac185a98088be,2,1,1,2024-01-18,2024-01-18
bd9d21cce83f88334abf99d81ad4517db81626b2e862f03675f51d1adf0525a1,3,1,1,2025-01-23,2025-01-25
bda91da82246dc9736accb385d6009af2698712e7e46c509f3b97a3ae583cf0d,2,1,1,2025-04-25,2025-04-25
bdabdcf87c6715d37e36cd61001970d921555cbd6787865832a42339ab027b70,2,1,1,2025-09-26,2025-09-26
bdbcf2f4112a212c63da9a5841613d173cd883f2292f95654c06f921816597e8,2,1,1,2024-09-03,2024-09-03
bdcc8b929ad59c708bb8c79b751584c07d1bf760233cbc937477b5a3afea00a8,2,1,1,2024-03-09,2024-03-09
bdcc9dc69a656f4d2638ede1f639917a964323d8333fb135d2dfd1e0dd8b2eb1,22,1,5,2025-06-19,2026-07-01
bdd1406ee6ff3a37a307806aea702f0ee12430d7e633d8cf36ecd5cf3ea8885e,2,1,1,2025-04-20,2025-04-20
bdd86180dd670de2a3c8a7c4348058f1aaab6cb1ae931af7e2120660364d9777,55,1,1,2024-10-08,2024-11-29
bddcda3d15aa32a5de4330b46ad5bd6b3461fcb656f88ddd7ef62251ce45b37d,17,1,3,2025-10-14,2026-06-09
bdefc47a0efc48fc3c1ddbc0a3739820e7ab7b97b41ebd894cf97c9dc9ab228f,2,1,1,2025-04-29,2025-04-29
bdf066e35bf5d20f07421841b9b690114905951eb3b8288c86f62ceabfab0ed4,2,1,1,2024-05-29,2024-05-29
bdf260e0d0307d3eb0eb50aa7cb2d0b4fa619b300e70b2e8a81b8c5eb8d98de9,2,1,1,2025-10-08,2025-10-10
be0a02ea6eaf6207c44bb51acd94346eb63d52cb971d2409a0dfd8b3f999c3df,6,1,1,2024-04-02,2024-04-10
be0f4cb5eba4ecf87caefe8c57cc53be5fc88ac958f2f0309e0aea06cbe442f4,5,1,1,2024-11-23,2024-11-23
be181aac0cbeb618ab08f6fe73f5c9856397dd3e30e0a5839c0661a99611baec,2,1,1,2024-03-07,2024-03-07
be2b9137c0796017153f57f74015ffdbb767b23b4bf309eaa1307bb058d7ef92,3,3,3,2024-05-27,2024-12-16
be36c9455f5a4df201c780a76e0a92dc292bb77b35db43ada679640869e3f38c,2,1,1,2026-03-18,2026-03-18
be40fe9c088af95785166b2adedab7efa50dfd31b9181b40b253d757a8c45430,3,1,1,2024-12-27,2024-12-28
be533eb490b552c8afb7ad73dae0231d253ac691768c9ce65a00305baa208a44,4,1,1,2023-09-06,2023-09-07
be5ddcdcd00262c9b0a862fa594f60b361bcc7c364067e3a4039c69de7bff569,3,1,1,2024-03-11,2024-03-11
be5dfa878cf62121ffae81c765de222f8fd21d5a37fb95a280bae2f3df8aa0e0,2,1,1,2024-12-27,2024-12-28
be7b6392e8f71d3684400964ac06b01421fa6b37f96f5d1e2cbf57bd1fc9c352,2,1,1,2025-03-09,2025-03-09
be7c38b00fdfc6fa59e0300268faa91b38bfbc6d0cc7740c64aa9562daa642d9,38,1,1,2026-03-05,2026-03-26
be7cb128dcb5aab4b6ae7e06f5660ff0b717b802ae5de8d1e4b0c4cc6b241d03,2,1,2,2025-06-24,2025-08-21
be8288bfdb41e4cd32f3045eb94f3613c39b7bd3663fa17c000711700100fb36,1895,1,3,2024-06-17,2024-12-11
be82e3b38f6ba9b18db1dffa1ebc63d3a5917463729a8ecc0a1350e96ff5d59b,2,1,1,2025-07-15,2025-07-15
be9264b45be0a94a83b160ae1f4a07a60d33c757f4491501a391f4f4b20b3cba,2,1,1,2025-04-25,2025-05-06
be9292074e060e39c68622b10732a5835d32d00ceeab34b9a1e89ab6a7c29336,2,1,1,2025-07-22,2025-07-22
be93de2bafe7821135e7e723d304f25e5f8f8833ceaed2795cfe65f11cc66d33,2,1,1,2023-12-06,2023-12-06
bea75ae3b98e03b5753e573e018c3edaee8b50995b6f07a7415e094d86c37fcb,4,2,1,2023-12-24,2024-02-21
beb5379fc2a26c7b6552a5d45664f1cbb1b39c8989d203509253b687e35d12be,8,1,1,2024-05-03,2024-06-27
bebe33bf8d7a7e1c16d039106677a0704f1d97524e2a5c6ae4c15d3ba2cfd078,8,1,2,2024-05-31,2024-11-14
bed9c72b712dc93caa9b77967a8982a308a7dde37035323b289671d587e0ff4f,3,1,1,2025-08-30,2025-08-30
bede827c013e83b1d540f49a1401e59f10087c26fa9bb8be0f9e54a5a6f81124,2,1,1,2026-07-08,2026-07-08
bee4bd0029254b9644c60c4a62996f684e224bc95e9a7658cec058f8a912152b,3,1,1,2025-10-30,2025-10-30
bee83a051a7dde3a8a3717b9fb0f277d961429ed946b7a0ea3788ffb7ac17562,8,1,1,2026-05-25,2026-05-26
bef1322745bb18ff1f5f4b5126e17cd6663f9d8ad7229298aa581a1b677603b7,5,1,1,2026-04-21,2026-04-21
befb84573fca38e0263625304c2ced478abaeffbaf192648c33a189f51655f4d,2,1,1,2025-12-04,2025-12-04
befece2c4a7dc3b4505eba04969a8ad3930e0a15206190a7544153138baacb9c,2,1,1,2026-03-06,2026-03-06
bf005c587bb01b951467ce21e761fda97efb19d61dd509270375aa3a3eea29e2,3,1,1,2025-05-31,2025-05-31
bf014f27e7d843fcb6c443bc1496771341cec9f4f8d3b67c373e171e33ce0cb8,3,1,1,2024-07-08,2024-07-08
bf01ee44e3f1a1da8155e2209caa7ae4328a4d4098001c308636e34f38dbb5f2,2,1,1,2025-05-28,2025-05-28
bf1a6241c4df3129bab1356e746c164293c7e0fe9baeae56d5912a6a67f87458,2,1,1,2024-09-12,2024-09-12
bf2ab3b6efabda94ae7dcb43f2597715fc5e8fb2f7961f8e25753d53571e7895,2,1,1,2024-02-16,2024-02-16
bf482934ad32b9ec8238804339ebce088ff35f78f668fce48590945d91911208,2,1,1,2026-06-22,2026-06-22
bf4d6290e32aadd35e352470dd561b2bb88b2d67662509b7fe6868569dd03478,2,1,1,2025-09-12,2025-09-15
bf5527e86aa0480cdc583a5f0a497cced083154964386f06a58f43f4d84ba925,2,1,1,2025-08-22,2025-08-22
bf55b6046df7b4470b5418f4bb7ba5c6b56453513358d9f9db494dd5aa6f36cf,2,1,1,2026-05-19,2026-05-19
bf5f59ed6943646c34ca7c64348858987428bed974dcb226db61c3ddbdb272ab,2,1,1,2025-10-08,2025-10-08
bf603ec5e08654f685dd64bc8afddde397d9dca5a8c3aebd751dea4a7bbf8cdf,2,1,1,2025-01-22,2025-01-22
bf66d5651670085df2328e4706201e8f1480e3f79213f48fe29c8684dbd90245,2,1,1,2025-10-02,2025-10-02
bf7306434d7783c312010069fba0b69e5dde14443a63b4ccacb8f05e78330d98,2,1,1,2024-09-03,2024-09-03
bf97f08485276810662981df9017d9e4ba5be1f9245d6ebceaad69dab67c4097,2,1,1,2025-04-01,2025-04-01
bf99d25bdd26554f5fa8fbaa4d2544428a8ea5f0683759635295939427bd656f,2,1,1,2025-09-07,2025-09-07
bf9a66a29d3ad33332f94356491d50420656ba07e738ddc478034a5a9f9695cc,2,1,1,2024-11-14,2024-11-15
bfa0d046ac30f59b72a2e4054c5fa447043923ccddada1f2ca37a4d3d1c5ea9c,2,1,1,2023-11-16,2024-01-17
bfbf57d51aad4112b291895a4c0df49b56c090833278f105df9a98813be79e04,3,1,1,2025-05-29,2025-06-04
bfc1cbca035710e5d410b5edabefa3de259f7774563c21988e8d50d4352be038,3,1,1,2026-03-10,2026-03-10
bfc5e9d4e8a8d45b5a956c47bb724bd1bbad7d9d1600681264c6633092735df9,2,1,1,2025-07-29,2025-07-29
bfd33edd8d64614783e6c22842aa447363d83710409d026bcda664e1f4453967,4,1,1,2025-05-12,2025-05-12
bfd8d2d447085ee2839efe1975254369fb82ed458706a18f12a52a2a6c972fd4,2,1,1,2026-03-05,2026-03-05
bff102e295679ba528907d49ac7f5fc9c5a1d9dca069547d67461fe96d3dcf1b,2,1,1,2025-09-05,2025-09-05
bff54bc69d77649756be8a4f823baf5f38fe7e6b2b735655b127f3ea7c4d6e3d,2,1,1,2025-01-14,2025-01-14
bffc2b443216a5db5e6cb4efb899d05ff58744f1ddd09037467e6532c161db7c,2,1,1,2025-09-26,2025-09-26
c0039741ae939f68810858ec94f509a37acc0b2f63d506027e9dc3ec470aa031,2,1,1,2025-02-10,2025-02-10
c01034db4ed4db9a3c88bea6926047e64dd3fe3743f6b53f4394125ba77b922f,3,1,1,2024-02-01,2024-02-01
c014205805982999a976094b7ddd4cd337dcc9330e37a7002d40dee5b44a8384,2,1,1,2024-01-04,2024-01-04
c0144f0288be485a2c1aacfa2af73c3bea2e9af78d2ffc4c19bea45b8c1c9232,3,1,1,2024-03-21,2024-03-21
c0264884cac308eeb8b2db97f0327ce1a497c243a0a4130843400d47064baedb,4,1,1,2025-09-25,2025-09-26
c03d854b6e96c3ebab6a701bb8d8d473ca472f9518052da57e5523ff8c3b819a,2,1,1,2026-01-20,2026-01-21
c048871dd4ed4435c7aa20f0b048f3d3be91362b77667bed2cc8f690035bd765,26,1,2,2026-03-29,2026-04-15
c04dd4cff832d2db91ed033334265ab63ae59136e6aceb32949091749ba1b736,2,1,1,2024-08-16,2024-09-17
c053db68a83a0fa54cc2866210b0601c461d44da324a9a0339db8b8eef4dd586,2,1,1,2025-06-18,2025-06-18
c056017f8b6f10664166b67170e52ff25b91d5e77c65fcc42289503b3444e7af,2,1,2,2024-12-04,2026-04-08
c05c31b4f27a681c0afcf32964ae9af9ac602bc068a6565fd0a9f777a878fad3,8,1,2,2026-03-05,2026-06-09
c068d377e837a97d1d21143b4d9edb0b16639f6a56d59ca5a836d3dd155597b5,6,1,2,2025-11-06,2026-03-10
c069c7faf82125123afb30bca83da5379483d5d59809f7618afffb981ca30930,2,1,1,2026-05-05,2026-05-05
c07a7f6d22f57a992f13db4e7a3059ff7e2bf23963213db51fc85e0bf7c5f997,40,1,1,2025-04-29,2025-06-30
c09e06f71550a78270282274c932d2ef389855bffe0c7d8024a5f83a8d56d5c9,2,1,1,2024-01-26,2024-01-26
c09e46fde15aea262c62f07eb0ae3593d8d34539b90478a9df1d3ad9f1fdb03b,2,1,2,2026-03-02,2026-04-01
c0a1890431459f8a3a5ebcfb8a85c417a6ecb8389050db2ad1cb3eeeab84337c,2,1,1,2025-06-06,2025-06-06
c0ac971ea3dec4487334d6270d1bb1353e1add164fd4456cb047168475501e84,2,1,1,2024-07-11,2024-07-11
c0af2f0c5d4142634f4cc45d2452db3214d24027eb55c6e0faa31b1d43404f70,3,1,1,2025-08-12,2025-09-02
c0c28758ef9564cabeabfbc6d97c8ff2920f92e222e5517ec95894920e551cb0,2,1,1,2025-02-02,2025-02-02
c0c85b820df6f664b1191e14653b2e343db4e1d0f5a3a03a49d4aea932170b68,2,1,1,2024-05-06,2024-05-06
c0ceada56146a0bf5fcedff71760e0c570f1e8733408638e353dcae4d5893311,2,1,1,2026-02-24,2026-02-24
c0d309eeca211b2d80e0713b06a5d2f0d6846a2c68d960e235d393f5511e59e9,2,1,1,2024-09-07,2024-09-07
c0dc8bd3b9fa2285354cb1c3d27f122cc549878e87a0ba4c4036aaee8f6cb974,5,1,1,2024-03-12,2024-03-19
c0ed6e29bbb532ef20a6a716dca7bb256229b2514579e634e647757dd4831fa2,42,1,1,2024-03-14,2024-05-07
c0fb24612b339ed8094c718fb3e018b8da49d8eb0981fed4f225574dc70e2b80,3,1,1,2024-01-23,2024-01-24
c1039319d7f01c120f8fd384e56f52f0fab86e952704e995bab5d46407b05541,2,1,2,2026-02-03,2026-05-14
c11aebc6d6a14b92e6609242c404a0268e7c0eea743a44a565c4041ca7402a49,2,1,1,2025-08-26,2025-08-26
c123c1580d5e584f34550f8b420fb4685de19955963043c9d48368f7f1b0a3c4,2,1,1,2023-12-22,2023-12-22
c125722b17c2f1e3ee29a26907946cdf4863d44cb6cca19e9a5bb6e9b897db38,2,1,1,2024-12-17,2024-12-17
c127218b8ac54e45267854464ce9f1c993246205abdc459a17a2eb911b46b7cc,2,1,1,2025-08-25,2025-08-25
c12b88e37c674d9d90010262eb1674beb190e25a10c4b33339ba84d4bada32f0,3,1,1,2023-11-10,2023-11-10
c132fb5e4aa67619130ffce442ae3a5661cff6e77ba1af762f63959bb9a80983,2,1,1,2024-09-23,2024-09-23
c136308ffb7772b8649bbe3cad0dc106a9716d9a2d78d8e1ea08ec52fe5bd9dd,2,1,1,2024-10-04,2024-10-04
c13ad82ebf32bd3410e8275bf88fbad544b17b9ecb55d2e17c4e03ac7ae8d942,315,2,2,2024-04-23,2024-07-22
c13b4c7f8e9c2a3722c858ac9a051c956c84b8a09ad844dac418bc93cea778e8,2,1,1,2025-07-03,2025-07-03
c148e247f12e1369afb5162092add601e1afde2663b7a39ba312bb4ee2b04de4,9,1,1,2024-03-15,2024-03-21
c14e213e53619c5ae387cab2140b67821dde03bbb947c2d35fdcbc222579eb27,5,1,1,2024-07-04,2024-07-04
c155b0d24bc1570696507cd379bc77278edad374667a815ad75ecd5ee67b7697,2,1,1,2024-04-08,2024-04-08
c15b4ce1d07a5a075bccd2e6401ba17264125de9a8ba2fb74e27ff25ee666707,2,1,1,2023-11-07,2023-11-07
c1708210b09954154efa93b5f664c652b36836441b57fe2ac3051a794e883942,3,1,1,2024-10-13,2024-10-13
c17a5ab2922f5404f2592a461c010371c1ebeb6883f1930935983cb9ccb66c6b,2,1,1,2025-05-04,2025-05-05
c17df921e9bfbdfb0b7798169648ea9aef1dbb82eb21e3b8100599a815c8a1ce,2,1,1,2025-10-15,2025-10-15
c1858bd3219fe6b00520832721bb863afe933bf17fec6257dd09087a04ae516f,2,1,1,2024-01-24,2024-01-24
c19112bfd5b7a50cbbfbbe6b53e639ddb2c902cc8cd6d54fafee37d8eeccf4c9,2,1,1,2026-03-24,2026-03-24
c19511851b983d1fefa0d90a75e0fb2323e13f5a1a477feddaa5cc57d8e6f652,2,1,1,2024-01-10,2024-01-10
c1a6c82a883eff60a8dc5e6d43e80ed865c55b16c3963af9eebd46400c689dab,2,1,1,2026-01-07,2026-01-07
c1b25622520dc0e5e29b5d94d0813c75ef1604c41a6103e65b92ac2f8ea029f2,2,2,1,2025-01-31,2025-03-16
c1b935c0e943265fe274a16f5f2d1fdccfab8517f9cf60478225cb53d76c1a82,5,1,1,2024-04-08,2024-04-08
c1bbe942c9f255cb17b95d3433633c613e84243c38c1b4514b76e340702005e3,3,1,1,2025-09-27,2025-09-27
c1df1dd56d29d4fdc588c4d53d1646fe0d08bc39b720b69b8d534a9c176b7f0e,8,1,1,2024-03-11,2024-03-11
c1f2be37d7108d7b457bbd564878c3b76156db5072dc10d3551720b8c40b22f3,2,1,1,2025-01-22,2025-01-22
c1f3c396f105d7431a57cff695cf48e54579e98ca8f6c5ae2356888676ac1d91,2,1,1,2023-11-23,2023-11-23
c1f57dbb7f3afe5d40a664db09722a13365965efec60255c4dd44bc38bb7f264,2,1,1,2024-11-11,2024-11-11
c205721a39764974cf6565d4f9fdf1754514a32613e6de1a26b2514d9fde7421,2,1,1,2025-08-06,2025-08-06
c209add20811941a5f697ae766e6502977ec858e4274a5483499d32efb490138,2,1,1,2026-07-03,2026-07-03
c21433080bc547850bb726e1deaf3795b697dc1e7c13f9eaf08c57fb56ebf6e1,2,2,1,2024-02-22,2024-02-22
c22d225f95bba2250c6fe2edf36f4741e36e746459b70d364c5247fa8b2aec86,2,1,1,2025-01-11,2025-01-11
c230b9e3a1a024b417af9114f398dbd3edda7dec704ab74fde85170909476bf4,2,1,1,2025-11-26,2025-11-26
c2321c02f45790d88f22bcea0fbf58547f8cdaf020c749d3af56192320ea112e,3,1,2,2025-07-23,2026-01-01
c23c3ab3a734407cca75a02c49bd0086de17ca475597bb85155ba83be9e590d4,2,1,1,2025-07-31,2025-07-31
c2404d2320563ed9f4e512ab0ee1f5750fc9b729769c1ed5834e031d72a3a3ea,2,1,1,2024-03-11,2024-03-11
c254458b970993eed44aaeaa4911642e82fe1a9095152c53dbae48ed69ff8116,2,1,1,2026-07-14,2026-07-14
c254bbbb75ae20a20459abf29fbb398cf6080a74666b2812074930af72da1b9e,3,1,1,2025-09-23,2025-09-23
c26c81e8446cb7bbd4dd7167420402655bc2e310933aa5e6c32f348439752706,2,1,1,2024-11-13,2024-11-13
c27276bd71020eaf142ec53b832ee59879feddfcff7ed55cbd2ddeb93f8bdbc3,2,1,1,2025-05-30,2025-05-30
c27985b53aa6fbf8676329de769ee42dee2b83e15973b546a6fd5f37dac6d725,2,1,1,2026-01-09,2026-01-09
c28d783303f6fc19d5eb28e87324da5c1d476b0ca27a44a7e217f1938f29a147,2,1,1,2025-01-05,2025-01-05
c29185f2745e26fca13cd83fc9cdb66196d5a2c2f4b505bcb590d80d325862aa,2,1,1,2023-11-09,2023-11-09
c29227da35b5554e7a6773cf6b065c2abd54d9c271ddb0ae4cec23a30b31e09d,7,1,2,2025-06-26,2025-07-02
c29f4f0abf8be995ea6bb1139f06fddd6a4d8660cbb1bf8d45f38f2f98eb37a7,7,1,2,2026-01-23,2026-06-23
c2a50c12153b9565bb8de419213c3c1c13058faa12824e1811a4fac644064ba4,2,1,2,2025-12-03,2026-01-29
c2ab30edac6cf6459b2ad38936716d395fb063a00276bfacb78db4b55c557e79,3,1,1,2024-08-12,2024-08-12
c2ad07567445db2f6384f56ad17216872b19b3e2854146d4938d64766db4c6dc,2,1,1,2025-10-12,2025-10-12
c2b16786011dfa5b8dc6f8a9a98232d24ffa1e3515135d54894d9e21b3ce01be,2,1,1,2024-04-18,2024-04-18
c2b217f84b31493d01187e7b9062fa56917723e752220069ca54d13e417269ac,9,1,2,2024-05-08,2024-08-26
c2b55849b98e212f51c171b0f25f804071afc29e9685fc6c6060ce4036478dbd,2,1,1,2025-07-13,2025-07-13
c2b6929ec00aaa869065451c2dcaebbec459116170bb71c62b15d06fb6256c56,2,1,1,2025-06-08,2025-06-08
c2b6d1e5adccfffaac5d12086347719d9e1c79d3f775a2107022eb775d28cff7,5,1,1,2024-11-25,2024-11-26
c2bee7764e34b2c9a374fb927a8a2c92cd66e547b7a92acfc06e1014729806af,6,1,1,2025-04-09,2025-04-12
c2c1940db4d6214fc2135961596af4694bdca7775040e4e648e491ec06aa1451,3,1,1,2024-03-12,2024-03-18
c2d129f491798dbcc8d4b30255dd1e5b4a29f5b2e7b974400105033dbaf6ba63,2,1,1,2025-06-25,2025-06-25
c2d4d1a7669e1da294938b97a53b72d0135594183ddc00ba7351ee5ec221dbea,2,1,1,2024-06-01,2024-06-01
c2de856d1d1bee74c1532adfdf88b5d88dd131d5f2d9844d7dcd41ba8c7afd9c,2,1,1,2025-01-16,2025-01-16
c2e473c8fbbc2883b80da8a5b2b1b3edc8af4215272f3bbc4dbdd476a8e23bc9,6,2,2,2025-02-01,2025-08-27
c2f80aac589abc7f32c5423635a17ed5e0545b157b7666e867d125e813671bea,2,1,1,2024-01-23,2024-01-23
c304a67d6c0224e96e65f3138c64dcfad390835d687434161e9e0181e3a2e058,2,1,1,2025-01-28,2025-01-28
c304b8e195657df8c0e24443ad8ffa4ca6b38f875bd84b15098d553b419e9e5f,4,1,1,2023-09-08,2024-04-08
c30e3b4e027ca356baa517952739450092a8387d92c208db520832388dcb24b9,3,1,1,2024-08-09,2024-08-09
c313c57e091b0bdca0eb11c22e4ffe0846f11d20f224e458d8f7ff20afecf469,7,1,2,2026-03-12,2026-04-01
c32a1d1eb8634969479446ac76f70901698f9521b46a466f46131fee0852cb94,2,1,1,2025-09-30,2025-09-30
c32de585121085d285b053f327089a601a61530ee01d575ab6721981d6a8deb3,2,1,1,2024-01-25,2024-01-25
c33189a7a5149eb9ee2ae1b0994c40cda8bdcdf7835c992dac9a30a965918591,2,1,1,2024-12-30,2024-12-31
c3400107e9936a7f55d08a86b5dfb65fa2f73ac187a782c1702e69bc414022c8,14,1,1,2024-04-28,2024-05-26
c35032eec8cc9f726a8aa856a21ba7b5ae7fe90931cf5246cccff6c5cda88d46,2,1,1,2026-05-29,2026-05-29
c351384b2b05ace56d1868df2b4a83ad5e9a807613e0a1c6188a3e21b0fe017a,2,1,1,2025-10-15,2025-10-15
c361302efd25645d80bc796e6e3263e23ed88d50171cd43ad05bb3962398d698,2249,1,2,2024-04-19,2024-09-11
c365af1b02d98302fbe30c81d1b3046a87f3327aaac6e7cc2611b81f9ccb4268,2,1,1,2024-06-05,2024-06-06
c369ce176fd32a797e0dc9912ee4d68218d7490bca961914805665ac48bfa31e,3,1,1,2025-06-03,2025-06-05
c369e400c4b223685b542e5d4e67e4c73a6f827c707ae6196f3a959639200d38,2,1,1,2025-07-07,2025-07-07
c3719918315da58d7ce39adca1b6463484092f5637af20d7cdcd13a8a8061ae7,2,1,1,2025-07-12,2025-07-12
c37bee6181baf4302c87d9ba773bbed3553bb42b1fdfe2f2d693fb225f52e88f,5,1,1,2024-11-13,2024-11-13
c38177a1cab766744bc620c6dc7496604ed66f18ae123c26c608c66c2c3afe40,3,1,1,2023-10-20,2023-10-24
c38255236cc72c1731b5ae9d5312c420e4c76333821e6be1dafc6450ca94a944,2,1,1,2025-09-05,2025-09-05
c3836bb3a9e9d146d995abd0e92f68fd1ead3402bd219e8b987568b2c02c25e6,2,1,1,2024-04-01,2024-04-01
c38f897f64a1fec01445f9e26ae0877ae01cd2e277d81fb3191aa42805b07b86,2,1,1,2024-03-29,2024-03-29
c3953d5801db8a490eee71845b9f65a023c7fdbda00c8ae98b2d0f691658caa1,2,1,1,2023-11-20,2023-11-20
c3a00b7a02a1a1363c478c50eb4603149321a3a147542b429976a77cdb007135,5,1,1,2025-12-09,2025-12-09
c3ae57b7070740a8a5454037a63c1a8d9854e508275a09fbe579d223b5b0cb55,2,1,2,2025-09-19,2025-10-02
c3b0dabc2a4c8ba59c13ce69c1af02a279278047e97b3c5884557641458e24ae,2,1,2,2025-02-22,2025-08-21
c3b661cf7a87383a6e266d809418e85794a620beba498cddadbc10159eb3b318,2,1,1,2024-03-04,2024-03-04
c3ba2290791fdd6e9e91d7a48132dc633d44d942051a69621a7711a2d9f3c492,3,1,1,2025-09-25,2025-09-25
c3c789b39a79c01fd5247a4f1704f2376ae074b78498a44fab3d3914c7a93276,3,1,1,2024-02-17,2024-02-17
c3d7b1b52bb7a51d913839aef72cf5fb677bc92ab4cb74e2016c8b58ab9533d2,2,1,1,2023-10-04,2023-10-04
c3e564fba236515d4d871835a08be1ef9d99c685ba68b02e31fa53c9c011174d,2,1,1,2025-11-11,2025-11-11
c4013a12b40308715104f2b346f3a0899f4565990841abc7ec88f02a0ff52d60,2,1,1,2023-12-11,2023-12-12
c4040a839199efb5fc1951f78af3f41a9baed72f7d821e45fabd0228d27818d3,2,1,1,2025-11-11,2025-11-11
c417db3bb1137ec20e0338fee82c9ad70b0b2cfc2ab6421ac29913db3bc6a9ac,3,1,2,2024-08-26,2024-10-27
c43514d530497242bcc9f62e5f94c204e12d7d05ba234bb641a6e24938f35979,4,1,1,2024-10-24,2024-10-24
c4358aeff255823cdf50e663980bea81261c04d7a3020172ee736b2eacdd5d5c,2,1,1,2025-08-06,2025-08-06
c445d04a4ab1eabab3c1374fbd7aa31d7fb7754d46435eec1cf475873ca34ad9,6,1,1,2025-01-29,2025-02-27
c44929fa9e3083311c464a164bc66eb8fda5f9ef90c138dbf58c9d48e73f500f,2,1,1,2025-03-11,2025-03-11
c456c569b767f0b3dcf1a1c0d155e475c6e3b7671b82e4e36c0c6c39b5675f9a,7,1,1,2025-10-20,2025-10-20
c46a2fadf40c6c4d3fe0f8fec88a24bd2bd7c7a794d7f6d4d7270d63e4bb7ed8,2,1,1,2026-03-02,2026-03-12
c47416db759fb6484fc20b7db2aaabb78aac226bc4b0d222a12fe90d2728256b,2,1,1,2024-10-17,2024-10-17
c486d9a6ce6d0580b5f22bdaccc6c0378c3312142eaf89b39d8d326197b162e5,3,1,1,2024-10-11,2024-10-11
c48a3f0b46674169991e5b89dd219fb9881cda35506455e689f1a0ed2bd22bb7,2,1,1,2025-01-23,2025-01-23
c49e82bca269313aeae633d8dbcc9e91b19f7100ba0888ba0c0b053eac3d780c,3,1,1,2025-07-16,2025-07-16
c4a32496fedfabe4c652a50d850323801d76d9c1ce1693141fab1fe3b569bc31,3,1,1,2025-09-25,2025-09-26
c4c3e3e44987f99b23d313bef1207386ffc84cb6441b73bf36a3d5d01ace9713,3,1,1,2025-09-04,2025-09-04
c4c73dd982446331c72ac97efea8608c2776be065e11b3fdba3bd967c72d2e3e,2,1,1,2026-01-25,2026-01-25
c4cc3fb632ddc36a3f3e6e6c46bf1d6d694a4076fa38b01d4a0ad757f63d8a8f,3,1,1,2023-12-19,2023-12-19
c4d6ad64ad1793bd0ce6b231ff9644d8712b7e541bb36ce41baf6d37f4cdb622,3,1,1,2025-09-23,2025-09-23
c4d76770ef12ba04240c0fc49a9334ba400d5926d105c6ec8f0a0cbed8863501,2,1,1,2024-03-23,2024-03-23
c4e04bba72c17eb023f329cf2f87a3659b84c78b9bc4e8a361d34f7ddea46dac,2,1,1,2026-06-15,2026-06-15
c4f98fe96de94a505dff71d00adf9c7dcfb625849cf0d0f8587d56bbf23dce9d,2,1,1,2024-10-24,2024-10-24
c4fb6b62a416d7d89e98bb060f619fcaa2da0fc21c289c69b99154646a721685,7,1,1,2025-06-21,2025-06-21
c4fe3cf131ac1207439cf74e0529d45935c972c16451414064023731e3109496,4,1,2,2026-03-26,2026-04-10
c50458714678d46d8e39bcffdaa5859e9b15e4dba488cd486a957d9bb3920f1d,2,1,1,2026-06-30,2026-06-30
c52691a79954388ca73162bac8f790a31ca45a49de8b401ad4fa813847fb7be6,2,2,1,2024-12-18,2024-12-31
c528ae6850af299115d97922801e849f12a8d87c7028fd8e80319b69141f51ec,3,1,1,2024-12-02,2024-12-02
c54a048e22f299803b5e9642b04cf0f459a36aae0baffe727155206125f0e6e0,2,1,1,2026-07-04,2026-07-04
c54f62a7d2eb079246a2023af4eca38d04d30289107706b6e83f992978999513,3,1,1,2024-03-11,2024-03-11
c55aa34883b1bddc07c7b5996052df6540a40893d4ade055f3c9ade5ddd97efe,4,1,1,2026-03-05,2026-03-26
c590c9b48281c13b493ffbb1215d4e06423289f0a954bf10021dd8d701bc97c2,2,1,1,2026-03-25,2026-03-26
c59747881003074cae811feb1dac3b9ab9c9293cbace71c5569a6199ec0ded71,2,1,1,2025-01-23,2025-01-23
c5a6e5509713433d4df182e00674225d87f675eba105cb6ecfdc2a5ac6244cd6,3,1,1,2025-03-16,2025-03-16
c5a72f0ff6fca1731d342688c4977f9c0320f04e2cdfc9d62ea566a182f353ec,2,1,1,2024-05-02,2024-05-02
c5abcd7460c5f63a6f0de49dcbf1ed240e708176b9e2ece9fe222a2b6750faf3,2,1,1,2025-08-18,2025-08-18
c5b419cb0065250d103a45b2d52611b30388fc19a33c721ba8913cde731c0b49,2,1,1,2025-08-21,2025-08-21
c5b78df2644e07bc8b66b1541c60935c6fb71c0852e109cb1d72636d4e083032,3,1,1,2025-06-03,2025-06-03
c5bbb168739f0b46b4c0442ce91210843a0ad145e62b6d34260e472f5652f9ae,2,1,1,2025-10-30,2025-10-30
c5ccc03522372ecc3e69371c7525ff2f59ac85cf877ef4368a4d4091132f837a,2,1,1,2024-03-11,2024-03-11
c5e1ff6ecba1af4ffc454b4e9e445cb56541414d2b3ca09011170984374133fa,2,1,1,2025-08-14,2025-08-14
c5e6c8c77ee64cf9b0ced32e7d379de2afe96329ba09f0444ef90650f9b92255,2,1,1,2026-03-26,2026-03-26
c5e8b22ac3b6dbd756a51f60045f3c70c766f7e422bebaebb6929721dc5d17fa,2,1,1,2023-12-20,2023-12-20
c5ea0b471b78acf82e859977b2099fc127d23bc80552c3392c8f10d9c4fc6bff,2,1,1,2026-06-11,2026-06-17
c5f158c300907b051cac6e33e77328e61728320b9f073fbe6faeffaae0c75097,21,1,1,2023-10-02,2024-03-12
c5f206551cea7d324ecb9c4b67a4a50fdb2d2aff2b53153ec080fff1c4f7b41b,2,1,1,2024-01-26,2024-01-26
c5f7b41eb61c45ec3e21589cf1f683bd06c74bdc6b3bdec8fc8773acb3427445,13,1,1,2026-05-31,2026-05-31
c5fe3ce4b9781d273360aa57e635f1eab460dd077985a2e043dfa8ed20e586d8,2,1,1,2026-05-31,2026-05-31
c5ff56112a54a975b1ae4d05fdd95ce69da22e34be1483c0b5d3c8b9aaf130d9,100,1,6,2025-06-28,2026-07-03
c60290aa786cc2e4169a76c5e5f77b1c4ab078064c76a4e7159b61f9bc6a2211,2,1,1,2025-09-01,2025-09-01
c6088cb2bfe4676c566710f451d3f12abdeb4c816e6098b67a8f3ea1c47fb680,99,2,3,2025-03-07,2025-08-22
c60b73de939d9b9e3c1a723ea86456307cd146f23d29bc1ff3059830fadb1fb7,2,1,1,2024-08-13,2024-08-13
c6185f66f617c46267fad0bd6574c29baaf5546c862e06f0eb16f687d77e49c2,2,1,1,2024-10-22,2024-10-22
c618fe82cb2ca94b22915ca1dae7c8a3b47356be0244f753e203a18fa2160eaa,2,1,1,2025-10-30,2025-10-30
c61d2308f61c08469094a41ebbe0af252b6401f08830bac4007fee3114378336,2,1,1,2025-08-29,2025-09-02
c6307e149c1e80296faebb9f38251499ea92a48a51a5125bc9593f0e842a8c8e,2,1,1,2025-09-24,2025-09-24
c63401ab74c2fddf99b8fc72e4c2dcb8753d3dd49722a955d6a2d30c0803a7bd,2,1,1,2024-03-05,2024-03-05
c641647be83c2082e53268fb6c95047d784980389253b36cad16922677c029b9,2,1,1,2025-03-06,2025-03-06
c641eb4f7cc3543357bc579a8b03aa85df204fe96439cef68e3c780f2212f79e,3,1,1,2025-10-03,2025-10-03
c64269a19d3c365f20750a09542b4b3f08d1ca94b9ff64c57fd57a0c04ca108b,2,1,1,2024-06-13,2024-06-13
c644317bcb0baab7bbf34b076942339551cb613dcf6f74c1c20b70e0cd125036,2,1,1,2025-02-20,2025-02-21
c64533a34ad4939b7b0a3b69f45371de255dfc1779c3eb707db9d960c2e56756,2,1,1,2025-01-26,2025-01-26
c65119dc3ae3c54c2535254eced98a9398244c3d78ecc8e273ec039f87e7f649,2,1,1,2024-03-31,2024-03-31
c65b9eeb9d415de83d9976742bbfa6e99d7921734e5e25a79030a8b73ae888ac,2,1,1,2026-02-04,2026-03-04
c68a8911e51398673712f435c7614bcb58d13837d0dd6ca1a2a167b858694c5b,2,1,1,2026-01-20,2026-02-09
c68edc0e29658ca32cf78de5e4d03b30de2e3409cbeb81910279ea2e6126b2ea,2,1,1,2024-03-08,2024-03-08
c6a60f36debcc43a208b5a8c409477b771e9f5c409ff48df42322023cd418212,2,1,2,2025-12-03,2026-01-08
c6a938f2f0eb143a070a673ea4584e7d0fa839004d4620d7542c3fdeef2b8d9d,2,1,1,2024-09-17,2024-09-17
c6e21f8f8e3e3f9cd4fbede73ae934446110512c2ab6c395ef38c35330142639,2,1,1,2023-12-20,2023-12-20
c6e3b3c6ac1819e5c667b657dda892f71213bae32d6463405616f903473ece57,3,1,1,2024-03-26,2024-03-26
c6e624d46df7ca458298aa1018d8c2e3fa11f8d7d20e447099ab2b4471c66ac6,4,1,1,2023-10-18,2023-10-18
c6e7f7d50f37bdad4a0e5d68d57f354b52abc0926ac08c558e54e9e88e2f422f,2,1,1,2026-05-05,2026-06-22
c6fc034ace75b0a94b724984088a5de977db2b9117c3b77898827b5d16ea4836,2,1,1,2025-01-25,2025-02-01
c6feb5aee79f7c2a3b498c2e5bc8d4e3306a10c8518994fce54b7655d415e408,2,1,1,2025-12-18,2025-12-18
c70a1378dd87870be4bbbd6020d6576f140344477c0bf9e0a2f16636997b50a2,2,1,1,2025-04-20,2025-04-20
c70b7b2ec68d4658779112fe44496378e2919376df860c7909fcc2b3efdb050f,5,1,1,2024-12-05,2024-12-05
c70e55759be3aaa20bb2a5dc74c082d0ea10e4279da1788ab25019e2f2855f1d,3,1,1,2025-07-02,2025-07-02
c712d026b4393bbeca3f5b7282903ea20f66f95623e06b9314b84ff61f1132e6,2,1,1,2025-09-05,2025-09-05
c737fe1e18cdaa44f12ded4bde15451510dd4c2087c341bfa4ab4373c25604f3,2,1,1,2026-03-26,2026-03-26
c747d725eb42c78609d44fc1f4fa6815faa5b571da7cd03ab729144723c5b7c0,2,1,1,2024-01-25,2024-01-25
c74a7c1bf5e205114a53c605b3eb8d25e3b3c24265fb8c2c2d916e1772a4c569,2,1,1,2025-05-03,2025-05-03
c74d679241180bb13e9086b3d0d0333172a07a7d4d779bd7b4931e377d82daa0,3,2,1,2025-10-01,2025-10-01
c7563d1ab7de42dde8cbb83046a43521ceef9b8c9002f41827c2fdaea749c8f7,3,1,1,2024-02-02,2024-02-02
c762eb0efa6a102696e97c77855842ee1d22fc4c628ca9dd7a719571f2d9ee36,2,1,1,2024-03-05,2024-03-05
c76b05ed500411ee1bcea4cd171e698a2f7f115ff3b2ccb9cb9db05a010426fd,2,1,1,2025-10-12,2025-10-12
c773800a5dbf9da95a8fe3fbe4041e4271625b884332683a1b1551cff7cd2a44,2,1,1,2025-08-21,2025-09-02
c77519d1c8da33175e54e4398fea7ee4eb290768947c7693924a6dd101e10ce6,2,1,1,2025-03-24,2025-03-24
c784460af34bedf864e38daecd93ac01c0c606bb1f1792bf28dd264979f4c30b,2,1,1,2025-06-09,2025-06-09
c79f788dc620123d54a5e77b6ab19c757b9c53f0659c2fa7d9f98b82c2823576,2,1,1,2026-03-05,2026-03-12
c7ac1f3c055e68c8d1b10d629df33341d6996ea41efcaba38888083edfecfdba,4,1,1,2025-10-23,2025-10-23
c7af542117b1a0c598cfb202b15cea8a122b159ad0797c6461d5bbcb54581595,2,1,1,2025-04-07,2025-04-07
c7b1c4ab3617a94ecb6145869e734ad5a19d0a0380c4f2bcd559ffe97d1087b3,2,1,1,2023-11-10,2023-11-10
c7b2ef8a92fcc649ea4a171d8bcf8bf21857feea14ba6af577bb29bfe05e5951,6,1,2,2026-02-22,2026-06-29
c7c648659c8a2b4248bbf66cc92af985736c8ee13951a2ecfc5a7eb68a0bda7f,2,1,1,2025-03-28,2025-03-28
c7cd7f8e8a457f0abab8b5181c411e00e4851f81c116c2be0a1364619ebed161,4,1,1,2026-04-05,2026-04-23
c7ce2cf934b2f3802a7e2d3237617574158af48cfa2c0dc795796b5876348221,2,1,1,2025-05-04,2025-05-04
c7e09fd418e11009eb0e6537a75a080303f106c9ec9a0cba36043c278586d72a,3,1,1,2024-09-30,2024-09-30
c7f592fd034aac25da41418f69242c9c74aa8081cae4bd96e8bb327a6b475a64,2,1,1,2025-03-09,2025-03-09
c7f8ac3f59bccf5d4e97d3645f555d70be28f239dfd0042c3a124d380caab05e,2,1,1,2024-03-16,2024-03-16
c7f91647badf90ccd44d15f2307ebe3ee31666c26bc4846ac364598aceb3a3bf,2,1,1,2025-09-29,2025-09-29
c7f95650a3848ef737824dacca31a766f417128b5f75bf2d3029ebdc21a49fee,2,1,1,2023-12-28,2023-12-28
c802076043e2b42936d02e2a1aa08ee169681aff91458720de2955e1132f9741,4,1,1,2025-08-20,2025-08-20
c80b9c9f55923a6199ca5f0451044b1c5b525389d830706455d5cae0309cb3a9,2,1,1,2026-02-25,2026-02-25
c80bc3d8a67122d0f96cbcbf871195f8c4c28a62b54348a5bedbf2dbcd67cf13,2,1,1,2025-08-21,2025-09-23
c80be339e4ed24849096fcd1d2710e1b0419cc2390c14f7f7b48d587c3ff4e66,2,1,1,2026-04-11,2026-04-11
c80c6049bbfb32b01c2f1ad44b0a3789ec5e1ec435a3e9b51d33c17cf3161fb5,2,1,1,2024-11-30,2024-11-30
c82ace000af3a70e0d03b1e59208fa10ae850f837504446d3bfbda3457c3bb27,2,1,1,2025-03-29,2025-03-29
c830ce60a044a88fbcea8c071cdcc864348b2e5dd2a51fa6b503ac489df94a3c,3,1,1,2024-12-13,2024-12-14
c831bed7c113e13a575810d65e1ced1a7cf7cdc538068b347badd98e03c831f2,2,1,1,2025-11-10,2025-12-30
c852eff0d478ac9e5ddc6ff2c76fb20de6afb14965e89d1c9af73d92dcc4e583,2,1,1,2025-04-02,2025-04-02
c87bfde4e5e14ff2ae4b05521cbd6e787ed363c0f488fb2e88ad24f2d361692f,2,1,1,2024-09-09,2024-09-09
c8b71795907d4960e0611b06e3dd441676d8268d5750940a4e559c46565e040e,76,3,8,2024-12-02,2026-07-04
c8cf625353969723b39563ace1508784eaace8c90dc0d09991f8d89ebc53cad3,2,1,1,2025-11-24,2025-11-24
c8d224c4a42876eb6a82f590e172f74625c4d8212ce67533fd88dda036a94798,2,1,1,2026-01-03,2026-01-03
c8d581f96f14035b27d7dbdb49c8ca525a44e739d53702f8627a9d9230a50db3,2,1,1,2025-10-27,2025-10-27
c8df7423496a19dc1bc501a3454c492bd53877a40983cc949b2482e6513d7020,2,1,1,2026-01-08,2026-01-08
c8df8a2770d5e596ffe5ed4fe007116678c754a29db09e982b20c7ba8e5a8e00,2,1,1,2026-03-12,2026-03-12
c8e2d4d190ad1ecc74aba86d4638f8ec5feaf64082f1b4d5c829abb0e0180e1d,3,1,1,2024-04-20,2024-04-20
c8e6e29cba168dd53b004f12b72646a27ed97c5eb77c5da935394b7213de7a5e,2,1,1,2024-02-18,2024-02-18
c8e810f8e3618f5c5cf2c522563230864536f9dec8ceb4bde7ba93ac95f8d811,2,1,1,2025-10-09,2025-10-16
c8ea3186d5fffbeb2580bf658215787860376ea6f09a52873ba4371c991f613f,2,1,1,2025-08-05,2025-09-25
c8eaad919023deb6ca3c2dc357ea7aa04198002dca94c55cf50f57ef0d6b700f,2,1,1,2025-08-03,2025-08-03
c923467302854fe32456dcd891d001da95dfd3331f556bba0325b2608b533301,8,2,1,2025-03-14,2025-03-15
c92744ea433cc78f9a32d13c1640b281d80cb790de81015b143b19fa8f0a7314,3,1,1,2025-07-17,2025-07-17
c92bbb2fb2c35b74c2ef3ee837ae3cb60b2098de94491b68d0f531f1d12341ac,3,1,2,2025-02-18,2025-04-21
c932e730b22f42092653a962a4bb0b11d331ad8566ae31a4a045194721c3380d,2,1,1,2025-12-08,2025-12-08
c942c5b55e5c7a21391d963dfe4677f9bc7eb6ccfb60a38ad2fdc128c38e0c50,2,1,2,2025-10-23,2026-01-28
c964d0d0110912b00cb77a5dac8df995cb34f58d6a7b083c63ec5308e528dedb,2,1,1,2025-07-26,2025-07-26
c997588439b8435270d7d8e51a44bd2766ade20a484a46b0f70099f696854085,6,1,3,2025-07-29,2026-02-17
c9a9746f257ae3509d081b957ab1f2661f9b5f465e74562805651df934f39f5f,2,1,1,2024-11-14,2024-11-14
c9acf5a64185d148aeb2bb02799fd210f7141cdf2088ab24f93bc9cc50119115,4,1,1,2025-07-31,2025-07-31
c9b45bd824b690449b1efa956e91c33225ad71b9ece07b226cbb517b38f26a5f,3,1,1,2024-07-15,2024-07-15
c9b77481d00cc9726aa5552408a73c9bb62e72847da777469f78b68bf20db968,3,1,1,2024-10-28,2024-10-29
c9c6f3a99ca7ed96fe0fb93f21f8e93dc0a80cb8db75116737f75d62be94c36c,3,1,1,2024-03-12,2024-03-27
c9da12d682e2f9ec65c7520102f7b267383b4f1535b1fcbce65a64ba2314594b,2,1,1,2025-09-02,2025-09-02
c9e37ea65c8e8f2a8d4f68b1e233f342ecaf5b31e8a57fba7c8243a3d78cd16b,3,1,1,2024-03-09,2024-04-02
c9e384f299da2f5f25545ab3e6b08383ba5b4f0c1e8224879122c5c164bce189,2,1,1,2023-11-02,2023-11-02
c9e777bfdc847597fb743b5230ebc15771524327d061679b29fc9bf840b6c33c,2,1,1,2025-06-10,2025-06-10
c9ec9b566b56813f6b3f45df6e18d31a480b979e6e20abd536367728929bebb5,16,1,4,2025-11-14,2026-07-07
c9fde91b7b33f42c68000673132ac6ea8eec696d0a1409aff03be9d116cba603,3,2,1,2023-11-11,2023-11-11
ca0526c3a3761d9e5d51419ca6584dd7ec76634387e0c60f0adaff7a03379c97,6,1,1,2024-05-13,2024-05-19
ca06e97d6c66cb9f7edf162344b41840b6f2d61b27780415df8d103b68d14b06,2,1,1,2024-05-21,2024-05-24
ca06ed5977e1720961549eefbb4211948295046e66ba176e40ffd9d0efcc7775,3,1,1,2024-02-08,2024-02-08
ca1527e137e2f89598dae1950d5cea85c5d4e7bf9027318402151109a6e5ba1b,2,1,1,2023-09-13,2023-09-13
ca1e8944e965d248b8dd9bfda7953c88b53d88fd766ebf4b867d7621815bd689,2,1,2,2025-12-01,2026-02-12
ca1fc57aba8625f6a5530f87c8725786ac78cdf160aa5c37cdf8fe7c8b5b77d7,4,1,1,2025-09-15,2025-09-15
ca3c0d1c5d4c7a5a38d31b82d1d613fa8eb4d4c1c141269f39a2f3e2ba461c08,3,1,2,2025-09-16,2026-02-20
ca44f38668d08fd269d10827568f285fb6676c39d84f687d83e755dc5d31a70f,3,2,1,2024-10-21,2024-10-21
ca4e69269d9e2dc67b5e686f03585c7cafa4f2da43c1ab1a79a0b0eb7a0a48ed,2,1,1,2026-06-01,2026-06-01
ca51610607ac99da8bc493ae624ea0cbacf9992367e3c7cf7d0970193e44a35f,4,1,1,2024-05-03,2024-05-03
ca5336aa97e75c1b4f16c35958ea62fb5cb52c41583fcc9b9ffc219c2a487024,3,1,2,2025-11-25,2026-01-27
ca5a18896dafd1a365478da517b2963c22d5b1602908a43721d12903612ebfb2,2,2,1,2025-02-06,2025-02-06
ca5b02c21e5fc1933d90ff60e6180132365dd854f937c348473b89e8d906a363,2,1,1,2024-03-07,2024-03-07
ca61f97d948c2fb99ed98b4f7705330aff253b8ef81a80e6d423d43fb55381d2,2,1,1,2025-04-25,2025-04-25
ca68dfa1ea564f7479bf282a17ecfbada981d3c9affe9d54537aa67c9265f133,2,1,1,2024-03-19,2024-03-19
ca6fd5ffc76dec588dbc60cd91ae797af26af01c83a2a78cbbdfc4ee2fbc4da4,2,1,1,2023-12-01,2024-03-18
ca896bb77756503d5b280372829c46ebea87e2c7ee61847b2fca89267dc1aba4,3,1,1,2025-09-05,2025-09-05
ca918767f8a918aa16d5f18477d7b0c1f488461213704812e98987f39fdfe2bd,2,1,1,2025-09-22,2025-09-22
cab48a3ed2891153b4fde13502ebfaccbf1fe012fc40fbec987bc4b2603f634d,2,1,1,2024-09-25,2024-09-25
cac9c30ba1f634d54f47db9f7f6b9ec51362f1c55ff8cc73e47a4f42a3a7a154,2,1,1,2026-06-17,2026-06-17
cad0b39201a16ac666fd0cc5e2c53d1013bfc7f759251e1b5832e5df47ef9c3f,2,1,1,2024-07-20,2024-07-20
cadfcb2aedbe5ca439eb30d82e1a856945914d3c636f92ca75ab2ccc9f465f5c,2,1,2,2025-11-19,2026-01-22
cae480c049d1c7ca9cfbd36269253067fb4ee9275253360a606eb9dd73169f7a,2,1,1,2025-09-02,2025-09-02
cae8bb8fbc1c76bb086221271c21dce22b902649ed14efd5cbcbbfc5d8105cfc,2,1,1,2024-04-13,2024-04-13
cae8e1adef0400aed475c070f14a5f32a5befbaafce98116435aa90dd441836f,2,1,1,2025-10-30,2025-10-30
caeb0258ea5294f77f1dc81c1207b0ede9c24676478ed3f51530a985ee994890,2,2,1,2024-04-01,2024-04-01
caf357df7dcee1cbbb8275467550823e8b2d6ffcedd749642e9fab89eacf43e9,2,1,1,2025-09-05,2025-09-05
caf68413ae9a088c520c1e50fc4557252d48ba011dbd3a9f139e21b679362a27,2,1,1,2023-12-06,2023-12-06
caf8862f6de40e8a6bfc1bc1d16ebf2a6dc78d78cad536598727204a1356bdd6,2,1,1,2024-06-20,2024-06-20
cb0b0adcbde5be724b46d3c398183b5ee908eb5276eecaea13aa69b627618164,3,1,1,2024-09-16,2024-09-16
cb1316a91b6267b08341e09028e1a4a403dda51517ccd06d6e25cc5ececdd7a2,2,1,1,2025-06-24,2025-06-24
cb1a95fc39faaf8ae07e28b954209003a65ea26901dd3cffca2aa40cb1190aa9,2,1,1,2023-11-20,2023-11-20
cb2099c34ec1e3e576fb4ed9bdf915b0cc7fb04963d309a5db6d138f1f12dcf5,3,2,1,2023-09-20,2023-12-29
cb29840ba15b159eb7aaa16dfb5fdb7a6ac630c298e48534664f4329c778662c,2,2,1,2025-06-10,2025-06-24
cb378f2427f513c065f8a3bf1fa157a5868c6aa6254d88e16cf433f94cda4824,3,1,1,2025-10-29,2025-10-29
cb49a52256eb363d4a8b46dd90df64bcac938778a650c432fbdaf0e51db6e46d,2,1,1,2025-10-13,2025-10-13
cb539e4cb0944a9d95c46b6448de0660cc5e0510d82796198a00b3ece447d843,2,1,1,2024-06-10,2024-06-10
cb65f0862146b550ba17e0e74c8b79df7b4d96b5edb4c1ebb2a5ea35e23b705f,3,1,1,2024-06-04,2024-06-04
cb66aa3f4ef6122020f1bd328de5bc81f60b4b8266c5451a35a1f65b4feff27f,2,1,1,2025-05-11,2025-05-11
cb6de36a0f98b82945c5b88710795dd7e301b3d28397a20fb4392d964f8de8eb,2,1,1,2025-07-27,2025-07-27
cb7054cb0d2e9f0aae53ffc3bbc2975e58694c6196a857392cbaf3b7add2d10a,5,1,1,2024-09-05,2024-09-05
cb7235d1910f0136d1236010fb06a04ff882fe30f037fbc473e05be527c24c36,3,1,1,2025-10-22,2025-10-22
cb7712da57ac774c8a1caa07a421f505d490e215846699d42a459e41b42f0ed2,2,2,1,2025-10-29,2025-11-04
cb77ca90109db1c1457addf76c6b31c6187ed6d8864a56d251fa5a6f4c08502c,3,1,1,2023-11-14,2024-05-02
cb7eca1fdd1933709ce011e6f80a08a62df765f10e5a6e45377d4c677c262dc5,33,1,1,2024-03-25,2024-05-22
cb853141be7c795e2c9eae9f5d54ea98e29e3267ceedb523f6035265312f85e7,2,1,1,2025-07-06,2025-07-06
cb8c673965180b9988ee831046aa8dee0f7b4523c4ff3b003d57cae5a8ffbd00,49,1,1,2026-02-19,2026-03-30
cb8f2d8598c5c6605cff8b6e9bc0d78d9f3c0dfe79757d93f8c83e79f3c40b2a,3,1,1,2026-03-26,2026-03-26
cb9b34d371ba4d637308f6345e8d27dd16e42060bc46fe65b1580f65f80f9fef,2,1,1,2026-01-27,2026-01-30
cba3923deb560434bed32cce8e2ce895066ceb1f46c5920f30c95ae08f67c29e,2,1,1,2024-07-15,2024-07-15
cba54d9d25c59ebb5d8b9ffdf262c117e2991e5c904372a4b8324f444d8f6006,2,1,1,2024-07-10,2024-07-10
cba8982a0963491af4a1a144afae1761750cfe58baddc644ace701a1d5fce56a,2,1,1,2026-04-09,2026-04-09
cbb10824556c9a7b1b7fd0695e31ea705e941070817bf0c84da3a019c7573e27,2,1,1,2024-05-29,2024-05-29
cbb5f8b2662252a79f7a442b6206e66faf79bd0ae3f805b767c98bb977fb2d7b,2,1,1,2025-05-03,2025-05-27
cbbf1539e5695bb68f6b7dd31e2cf4d7b53efe6663282cfc42dbbceb5b05a7ba,2,1,1,2024-03-15,2024-03-15
cbc5657d283f8a5152ab462490d8ab450d17c1875c7f43cb44c76f943be25d30,2,1,1,2023-12-18,2023-12-18
cbcb4907ece3e84a111db00c01b44152bdd7da21a0fca56f7c08852d3b5986d3,3,1,1,2025-10-03,2025-10-03
cbcf10faae0bec62b6a22b298228f0f75418483fc1e918522bd480f27e59e187,2,1,1,2025-09-09,2025-09-09
cbd169fed3fc18536a5167c8e5b32f6dbf1de7225fa9bbc9fe8fe7f140e48956,2,2,2,2025-12-26,2026-01-02
cbe97a7db668bc41f1b6ec3b9292bf79146d370a1102803828594583d2b8748a,2,1,1,2024-10-20,2024-11-16
cbec76fe16afa01a2d302daff16e9591fd44798acf26f580831dd6198f8fb3fc,2,1,1,2025-05-14,2025-05-14
cbf01fee070f16d211b9e4874cadb51ac8968627e8b77874cc7507a3a326a1c7,2,1,1,2024-05-23,2024-05-23
cbf0d4ff983447f0a93026134b58925e6485f2f6d8ccd3aeee3931ad6504efe6,2,1,1,2024-11-21,2024-11-21
cbf3d52c24bb83808f928d486268a53ad9127613bce5cc6fa74a78014e52fb5f,2,1,1,2026-03-18,2026-03-18
cc14e605916f35223aa7254bbc8ac6d3356890f72be5876e2cb05ea60f7ba590,3,2,2,2025-09-29,2025-10-29
cc15a290911a825307ef19522da3b10136eceaf89af5acc9d50840af62b00299,11,5,2,2023-11-27,2024-11-04
cc1bf94c05c74e88e4f3c0200743f23704221ba1607e93e17941f63c9fbc4c9f,2,1,1,2025-03-05,2025-03-05
cc21b7131bf89d6ac905b3655526b43a6506ae4160da0453dccac25e63a4b63b,3,2,1,2023-11-28,2024-02-19
cc4215154daa3a8c2d909ce673734997c3c01b21c804aac9374413a6d22335d6,3,1,1,2025-09-04,2025-09-04
cc4953fbe7c93ce376a645147f51f6b038153d447ec29f5e78269acf0c2cef15,2,1,1,2024-05-20,2024-05-20
cc4d2750bb98609d5a78ddf1b402c7e001170fa84fada429615ce8b890c1eb89,48,1,1,2025-11-16,2025-11-25
cc53b017d911467c9999dfc7244ff6f706bbd3c85d7090744d70396cdc45fda6,2,1,1,2024-03-31,2024-03-31
cc67aab8557ab0c17be8d0af54e70f6a8c3c004becdbf6b4e5ba3c9453716608,2,1,1,2026-02-24,2026-02-24
cc67f84e7da4ed3d0d4906214921f8013c5ecb0c219676151858fd8557fd12a3,2,1,2,2025-07-10,2026-01-22
cc6b6eb189f00cc761636a566bd9a5c9129c236e1a48c5db596005476b7fceb0,2,1,1,2025-04-09,2025-04-09
cc825f9550e4642351c6c7b15ce87671a1a3bbedefe05f5820a983eeb7a74160,4,1,2,2026-04-05,2026-07-20
cc82aad14b0d779e79897ce9a941458f722dd8c87a639e9bae7c1aeae99c1e14,2,1,1,2024-11-19,2024-11-19
cc943f66600c7753132849bdf55e102d64881153f32901e4dd6e4e6f877a0bfa,2,1,1,2025-08-08,2025-08-11
cca352344b3e7121e1955bd99237251e9be05b7549dc6ef4f4777ef6104a08ca,2,1,2,2025-05-31,2025-07-01
cca55f77dac84c5ccd4a87aa513fe585e6f2a726abdd43a5f1a4c666d9ee8e2c,2,1,1,2024-03-28,2024-03-28
ccbed0eaaefd0e2ffe3277cdb9a3322eeb21048eb349963078bec8c97e991b73,2,1,1,2025-09-03,2025-09-03
ccd2d502a2b916b360cf928d704f906c48337d71de07b2356e4234ca7f1b200f,3,1,1,2024-07-28,2024-07-28
ccd4fba1b0cd093c1ef148394ec87db6389c2d885200a4d59d77d52639864fc5,22,1,5,2024-06-02,2026-06-23
ccf74795a97858d9caa41bd03396b3be5d3040820195f726163d4900acad596a,2,1,1,2025-07-29,2025-07-29
ccfa5992c3cff30d7937bf8b4e2182f8ca24e2574eb0be1946ebf795da101ac9,4,1,1,2024-07-23,2024-07-23
cd0c2d027eee19fdb6bd9543942e592b3a9bf92b99d6354397cf4f4a81e551bb,2,1,1,2024-12-03,2024-12-03
cd1bfe15094b300d6f1d77903db4ed8f77c9ea754949aaf3aaa9d052901d3ffa,2,1,1,2026-05-21,2026-05-21
cd209b3aaefeb838112bf082189dd5a997035531570a8b73725112ef7f5712cd,2,1,1,2025-08-21,2025-09-23
cd2aeacfc7d066abbaf91013cc23fd98c230b1450ae187722f549d18dfb51f07,3,1,1,2024-10-21,2024-10-24
cd3ab4ea5bf39f6665eeea597ed8d94e3013c8254dc90f5aff5b31df7a885240,3,1,1,2024-05-08,2024-05-08
cd4344e0f7b90b1411457527b8da6e7eb495c8a3cbc1a76251f4427d3680be8f,2,1,1,2024-02-23,2024-02-23
cd5330984e604e9c85a9bfaf1833fb61bb73e1e521883f4b4cb24e9dd24eb0bc,2,1,1,2026-05-28,2026-05-28
cd54812cfce4a2be0bf1826e8a28b025e1a49f8212d5a4a0f5ecc595a1b1bb72,3,1,1,2025-10-06,2025-10-31
cd5c95a698079979c2cdf45b644fdaf34a4640d68075ecd0221d56ca337b4bb0,7,1,3,2025-09-18,2026-03-11
cd5de21427efadf712a0f82e90a44e5ce99329d1d00ef43628682721e78e4114,12,2,5,2023-12-22,2025-10-01
cd6d2470dc97dbbf62126efc4faa7950d761f5cb596d6d2b72ac6bdc6916fb00,2,1,1,2024-07-16,2024-07-16
cd708be98504beda2c87d448222ca97715f46b20fe9c143780a58ddf4d1494ab,2,1,1,2024-11-20,2024-11-20
cd79b5252e42b901f222906fa5dfe81891cf7de0dfe2e221974e61890f2444c0,2,1,1,2025-12-15,2025-12-15
cd7dc14d5274e5d843ea5f663d8d9e85bd0294f4a2928594fd07b44bd3122d3e,2,1,1,2025-05-03,2025-05-10
cd811e4f7b6b2a730448eebd1e8f35b17856c092267e32b296419960e806431c,2,1,1,2025-03-23,2025-03-24
cd9ba48922334f8193efef3c24fbdb199d441b01a7998d09d0146912c4890bfa,2,1,1,2025-09-09,2025-09-09
cd9f90e489fea9eb3003456986c7984546544afe1e619b7ebee1b48f2748ca71,3,1,1,2024-03-05,2024-03-05
cdae2cddcdc5a08db88c7c69f2c95d96d7bdf150820a5e88390a02121cbeaad9,2,1,1,2025-10-15,2025-10-15
cdc0e7f30892beafd7a1960a226acedfdc6ed7c606687097edb0a6bd55726e13,3,1,1,2024-01-25,2024-01-25
cdc71ab693a6aa278f580b09a0be61efa480f49d777b94f95e7a869c89eb2f2a,2,1,1,2024-10-08,2024-10-08
cdd416a5e1daa22a34b73151d34e6959aa721e8609b9b7167deafb5e40457c55,2,1,1,2025-09-12,2025-09-13
cdd7beb1dc01def98b82a13078b73857961319fdbaa6c9a92a564abf283755cc,3,1,1,2026-01-20,2026-02-18
cddf5329965eb774b55d7a7f90efd9b5b975ff135f1f5f137c70607a5b926534,2,1,1,2026-05-14,2026-05-14
cde22365a90c8a83f17b009b39fc7ad9dfa55f2a058a5b0d65eb9bc48cfca3b2,2,1,1,2023-09-19,2023-09-19
cdeaff3be2e296aa21c0efb85b68eaa5df9478be498abd0c8e9ad82f0ed70c05,2,1,1,2024-03-08,2024-03-08
cdf405989732b4192ad3a3b40c23ef70c03c5d383100e780e7b44e539f06584e,2,1,1,2026-03-12,2026-03-12
ce02c216687e040d48efb618917ff667819a49266e3d865c9205ba3fbacbdff4,2,1,1,2026-03-27,2026-03-27
ce28feb4eec5b177affaad2949357d39cd2551b19c4256460786436f6c0b57ab,16,1,5,2025-06-19,2026-04-21
ce2e2b045559b423d0605be11a70a764813541150d23930c45c3d31b6da6e6ba,6,1,1,2026-01-26,2026-02-03
ce356abff5809e320c4a83cba976ec764893a16b383ef60650299bc1a74afdae,2,1,1,2026-03-26,2026-03-26
ce42988769c3f1a9f6b485251829306d4d8a4cbdb9fe07e7dfa1f95aed65dab5,2,1,1,2025-10-09,2025-10-09
ce54c669115f622d456f1eea709a735cdc2d451c1e0c4dcc888fbb44163bca75,2,1,1,2024-02-15,2024-02-15
ce769c2538f8ebf93b05f4ab2f33531838f67187e168df29894496fc89d82a7c,2,1,1,2026-05-29,2026-05-29
ce8ba7c22ef0883bd29164f032c338d38ac7112b8b96a5653304797b4544f88a,2,1,1,2024-05-22,2024-05-22
ce97d9b3c4d114f4fba220c1bfa524b5e1cad40f1c3b9e775fcd4953ae5efca3,2,1,1,2025-01-26,2025-01-26
cea901018f52ab8c06fbe101c004358dc9384e273241703b9fcd163ca31802f5,2,1,1,2025-06-10,2025-06-10
ceaf9aa065b112627ce0bfa71ab611fc696d2d481f33d97eb3f2a694d95b6c7b,3,1,1,2025-11-13,2025-11-13
cec7c13643bbfedf37adc13b2d0eadaf766c86310a4208b63bf4795b1ab04544,24,1,3,2026-01-02,2026-07-04
cedace4d13f8a80a639b35de51136ad0ee5d063c13440365b840eac612ae96e9,2,1,1,2024-09-05,2024-09-17
cedc1b8e6ea79ceb2314883eef6cd12a6ac1611b838dd2011ce6d9967d713705,3,1,1,2025-08-27,2025-09-02
cef81827880d35cd140d1ae33c701ac04a952276fdce8fd60cef7675c6624099,3,1,1,2026-01-08,2026-03-18
cf0051f8f794bdcca1398a63e84869ddf1a63ac1f491d1b50f32ff6131e90885,3,1,1,2025-08-10,2025-08-18
cf09b72bfd549196fb21487892435a868c66c4230c7b39729c0d3a0623a25966,2,1,1,2025-01-10,2025-01-10
cf370454ecd060a93da2f3d5e289adb41d9153b3a7235df8fdaf588069eeeacb,3,1,1,2023-11-13,2023-11-13
cf37939041bac426fda3b3d49f3b8b259ae93dc6b6c2c7c3b2363233d7b16593,2,1,1,2025-09-15,2025-09-15
cf668b189dbe3b63139a4181d2604826660ce39c0b37efa522a5ce8994126664,3,1,1,2025-09-24,2025-09-24
cf81ea1ea738104e7264a2df6dc8e7200375399439cd67983cab090777aced05,2,1,1,2023-12-08,2023-12-08
cf871b3e13065593b9ce916de6e80496f0bfe43c39609b2f19e3b50268025d25,2,1,1,2026-05-06,2026-05-06
cfa7f63aeae7c8a5b3be6a4ac9331b4f0c6c4badc92385d3d62e118067451371,7,1,2,2025-10-03,2026-02-16
cfabf5894b0ebcd3aad931044ee6ab8ad4d0c3ef7adb35275c1590ee0af5036b,2,1,1,2024-01-31,2024-01-31
cfacb89c8bc4385ea98def0a265be962fc09cb84925b281a27ebf3c48dfc7cd7,2,1,2,2025-12-25,2026-01-27
cfb180ef6cfad27350f0d8fe818a397ec6aa1c8148a87832cbacd622d3bf2122,93,1,6,2024-06-20,2025-09-22
cfb61ce164f28e9163ec9d9392463876e958a0d426c7937fb34d13fb38650ebd,2,1,1,2024-04-30,2024-04-30
cfbbdc292aaa6ce990f1c72cfd55f5d81bde3fe69417a04418e0e2aa8ad98bd5,2,1,1,2024-10-16,2024-10-16
cfbd2b6297f614276e0beaf8a04567d432138c54320272d014218cdbb9fe89f5,3,1,2,2025-05-19,2026-04-24
cfc5e6d997b5990f0846d14d2e7fd3deb72d866c7f4ff74df3d6cfd7853ee4a1,2,2,1,2025-01-09,2025-01-10
cff0b7b7702a9002412cc49bb34e717bee02b392f53da0ac30aeb903b9d1acac,2,1,1,2025-09-02,2025-09-02
cffa53bc12e865e47553251c1be653930889f7bb535e2e2b43b849fa89c71727,4,1,1,2024-10-12,2024-10-12
cffee61eb42f35843f5a0874a01d1c3c2b1b1d1c8cd0842e6995ba06c193cc97,2,2,1,2025-01-16,2025-01-16
d019a409cdf98f940d99397105df098f985d791bcba872091eeea62f21fc8a8b,2,1,1,2025-09-16,2025-09-16
d0283b80b6595cc20678ce83f6d3387c5e168178386242f08449d407c2ffd53e,2,1,1,2025-07-28,2025-07-28
d0285e3d99784f934e075789ff80d4d38e0834d223328df9514e6aa77aa2b09f,2,1,1,2024-01-09,2024-01-09
d02993f55ead6871bddeb8baba0169bfca80254c8a8a336570904aed3c41bd20,2,1,1,2025-10-03,2025-10-03
d02bfd28216c7f53aeccd9db76aa5721f2ca277790a60741c3ff5e53873ac18e,2,1,1,2025-09-05,2025-09-05
d03f6e9cbdd5c38ecf8fd3c751706a38394640700352da870a14f4cd77b31c6e,2,1,1,2025-09-23,2025-09-23
d042fd5116e1bcd3d2949ec1726db2854370a213aa435a87a9155cac10df19ce,3,1,1,2024-03-07,2024-03-07
d047c9eaa582093320567423584d96288a73adad4d4801c8b0b889f019137dfe,14,1,1,2024-03-14,2024-03-20
d04be239236abe13b24507a8b846101261c8ced789861079d71d5be416ab5d4e,2,1,1,2024-01-03,2024-01-18
d04f4bacb9bb733f99c9c7f358eafe57d8ce591ebf288d049054fa92bc2f1531,2,1,1,2025-06-03,2025-06-03
d060a0081a0ff3217c25c47da0137c6a53c66a06fb79e90c8eaa3e422e3288df,2,1,1,2026-06-17,2026-06-17
d06eedd03d4391b323eff649cec728f548a32069a83cdeba7b35802550d9bb7b,2,1,1,2024-03-18,2024-03-27
d07040dd2f0e832203c139c483c1c913dc9abe7c11c0e0684af3b6425c5e7bcb,2,1,1,2024-03-28,2024-03-28
d0735ef5c7c27c12512e3a5757856cf247a751813b97a69fccf26f204c4f7a05,2,2,1,2026-02-17,2026-02-17
d07ebb2867a57256b9c982e77824d1e4e1b2de4c0b373500c77658d369dc88c0,2,1,1,2024-03-21,2024-03-25
d07ee2d546f67c76a34d9da6be04b3a4b80b47e714b91a3d3241cce864130fdb,2,1,1,2026-04-24,2026-04-24
d07f201c9b67ac7cf6ba24fd62c3c0c9398457be10d946569700622ca1896713,2,1,1,2026-03-02,2026-03-02
d08e960cca320d9acfeaf3a287b7c66ac89ee02649e87da9631eca10f536862f,2,1,2,2025-12-26,2026-04-20
d08ef7907211c834345765753aa7133e9f90afa4024eafb740735111d43a15b1,2,1,1,2025-07-11,2025-07-11
d093850cac984750d10620b44a47fbcfb0e624818beda0721ad080597f8695b6,2,1,1,2025-09-24,2025-09-24
d0a482c22d0a71afcf73f035c3c7cb5b85e92731cb42ded8a2f3a959b0b7cedd,2,1,1,2024-02-15,2024-02-15
d0c6d8d68b322e63e63d7c2707073e229b9cc6fde505d0fdff54f815c2d94197,22,1,1,2024-03-11,2024-04-04
d0cb65b8e1f153e1cd3612e0cda8afa07c15ef2ea9956f424f4fbe988f82c569,2,1,1,2024-10-17,2024-10-17
d0d6c09e46bf890e9435f9ce9d15677d11b6c5cc97e87e8b9c4d25865de1892e,2,1,2,2026-05-29,2026-07-08
d0d9b7f204311b4e6a4440695b8ff97a5d435c7619eb79964e45b46b5fc54fdb,2,1,1,2024-04-28,2024-05-06
d0ed7222f41ec33e233e983476e806eff3fca403f4ccc6103bff70525f6dd7a5,3,1,1,2024-12-13,2024-12-14
d0f940974d03edce98ba3352eefea0d81aa006e12c22cb5eab3765d4511bde06,3,1,1,2024-03-05,2024-03-05
d10ee430f360a8893e11a0aa9042951bcede42ea29e559bb338f3038e479f152,10,1,1,2025-09-04,2025-09-04
d10f5999e1d38265d19c929561c4c9a77ad43bb9f10ea4a5bb8359d4351f130f,3,1,1,2025-08-08,2025-08-11
d112b2bbd2b1baeb754544a757547225150ea329915ea0e76a283540e3449035,2,1,1,2025-02-02,2025-02-02
d11a03184acbc805bdff25f347b6d690b1cca6b8c0255c556342bf57a6719a5c,2,1,1,2024-06-12,2024-06-12
d1246b6bc59a562ebaae2e1f793d665ac72bcd67f25517b954bf75ef65176bd6,5,1,1,2024-11-25,2024-11-25
d1362b12a25a464672fc32d14e6e6ccad4b3670eebd764806a794177db8874ad,2,1,1,2026-04-22,2026-04-22
d1414636d4c43012ceb9b18a5ce9beafaa8a83deed6f923ebf951268dce04a66,2,1,2,2025-08-26,2025-11-13
d14a81cf6b1371c9c9b8ead26582f4be1bd8cdc400b30a9ef1a77bd61c3ede17,2,1,1,2025-07-29,2025-07-29
d156d8bf88add99c5bddc885c7f11d0f62c0ca7d35b1db2c1205440f47264114,2,1,1,2025-07-02,2025-07-02
d180a297c202895d3ff0902fd7f3ae4df09fda9dbd0301f5a2dae09f58dc1f41,3,1,1,2025-09-25,2025-09-25
d19867118ad95391897470714482f48cbccd674c7dc7de93103f68c2cec53bca,2,1,1,2023-12-05,2023-12-05
d19d00579f9e8ca05e6f1c9515a1edd9182d78f992af6d32f72d709af0c7bfff,2,1,1,2025-09-16,2025-09-16
d1a9cc99e5e99368b5b8340232ab8b6a2b604ef3bf082ff780d362a1c246d0de,3,1,2,2025-10-13,2026-02-19
d1af0a28f7fe8246cb3bbbd0321bd05fa2bb266bd32162742973355f742270ee,2,1,1,2024-02-16,2024-02-16
d1b32f12add4a61bc32ca15212b702b80b5b86070875bf341b909781bda75c9a,4,1,1,2026-04-24,2026-06-15
d1ba6cd86d7f1341870745829a1953110bcb17d498002670d30b9c59baa87f18,7,1,1,2026-01-04,2026-02-15
d1d2e9a60efb9098b6d175a3a264f15ca0e6d187d1e8662693f8d97327454451,2,1,1,2026-04-28,2026-04-28
d1e348162642bf789bb3d95229ef089742cdf5fade9276ae697bd65d6b0bf6d2,2,1,1,2025-03-29,2025-03-29
d1f316a228bf879797f7f2155e39e222e7f81329a545369d9252ed4897b2a6c3,2,1,1,2025-07-23,2025-07-23
d1f75a967e2b357e67a7e5c3b2b0f0b18bc07444ff9ea0fa2a74fe39b2922075,2,1,1,2025-08-12,2025-09-12
d2088401499ec714d7886424506e4230637f860c5b0f1a37bb367a4accf237da,4,1,1,2025-01-27,2025-01-27
d20bc76ac147d12fe7bec491d9af925526168f481989f27de4f199c4510cf5ed,2,1,1,2023-09-04,2023-09-04
d217ac74e279901062451b87c276ab5a91fe18ad8eb714fe77d453269ec33714,6,2,1,2024-01-22,2024-01-23
d217ed08fef2d55a992708f25c129e7929d7deb250944a9cdaf67a27031c5152,8,1,3,2025-07-24,2026-02-10
d22f57f70146c138e26bcf63a22890decb519535defa949872832499493cd7b8,2,1,1,2026-03-03,2026-03-03
d239f3abcfeab8cbcbc6342ef776d656d4537f6239f1c8ef6b78057631f64662,2,1,1,2024-02-16,2024-02-16
d23f55d85401ca9e53e120e432f1a81aa8b38b6a435ec82af2f80ee86d166a92,2,1,1,2024-03-18,2024-06-28
d2526d4274cffab12feca5b5bf6450128c03f95dd6e8dc7cb466a1b1fa7d3e59,3,1,1,2025-09-24,2025-09-24
d283bfbc9ac8064e1d2f5cd6c5412039432b999aee8273602d2c5cbf52fdaf46,2,1,1,2025-08-10,2025-08-10
d2863b47d863813a0ce1487a9ec855dfe71f81e37ff8bcdd3465de53421f7a7b,3,1,2,2025-02-21,2025-04-07
d28a69919e695595d3818dbd61ee49a0690b30076c0d65bc12b354823d9f513a,2,1,1,2024-03-05,2024-03-20
d28a865b9480cb2586ca8fd630c5c84612af90f5f65c0061a834124f9257848b,2,1,1,2025-10-16,2025-10-16
d29812d9119625301045d5d9430d9ea0c9c0524a9412404304fc02d15d7202fd,2,1,1,2025-08-20,2025-08-20
d2989c9a992e4164ba86d1318180aae95f59f222c3e47b8f224dc51c927807ea,5,1,2,2025-03-06,2025-04-29
d29b4ff6d4a064a0a9a4b84c9f70141586b5c5cf5e70c7d31720bcd4946b86a8,563,1,1,2024-03-12,2024-04-19
d2b513f3ca69d36ae1d8b7da870534f32da5029aebe915efd07e1dae16ab9785,13,1,3,2025-07-22,2026-02-12
d2c098790cc12c38caa2c01f7035cdaa2588590e32ed1e95412969e808c77be3,2,2,1,2026-01-23,2026-01-23
d2c0afbe745cc91609e7c3de59e83f91ecabe5295bb32a3c2ddc1ba1803e9bf4,2,1,1,2024-01-29,2024-01-29
d2ca2a6de3977534da89c544a10d76731c8c40e641dd9d209b3086e73ed61fe9,2,1,1,2025-02-18,2025-02-21
d2d0c597f708d5e46791f138b647b1da0468d9ac33c8fa864898e8960b1e6b5f,4,1,2,2025-01-03,2025-10-15
d2dbadb128bf0420deed9305efe081b902a24dfc6440d06ce918eec78a5bb2b9,4,1,2,2024-04-12,2025-07-29
d2de3d8865064bd21e9bc9eb9b0d46f0ce82faa97a8d63e73e2abde35c427156,2,1,1,2024-09-12,2024-09-12
d2df6c1d74d5312649119aa1257cea0bdeb7d74a04985cd353f4b86df4051d56,2,1,1,2025-01-20,2025-01-21
d2edbd3ebc9bc9fac76b11e50b6bdd5e36a4239e96ef2a02c4b4bde22e09d361,2,2,1,2024-11-04,2024-11-04
d305c7647b913c0cb63e6ef4cf979364396e7f734b043526aeec735e056ad4d3,7,1,2,2026-03-11,2026-07-14
d31ba48955fe8e9c16d64ce9dbef074a8b3d6072c21a924bd768a57778f94e1b,2,1,1,2024-04-13,2024-04-13
d325a54aad38131493cfe823600a37cfea9783ad99f089f7e1ea7234c0ff0eda,16,1,4,2025-09-16,2026-05-11
d325c6bb279a0f768274c97bbc215d28c00740b1215d817eaf1b8123d6e3eaa4,127,1,2,2026-02-24,2026-06-22
d34f0e94b8fcb1f18bb7a00c7c7b7d6bfde1cf7367e992136433c2c2acf8f940,2,1,1,2026-02-19,2026-02-25
d350934089873d3c52a48486c7c0f54a62ab22ef9d9184f4fb5b147c5c28801b,2,1,1,2024-01-30,2024-01-30
d359623d909c1a63f6cb5abeb45dabb6a266d20b06c00f298059affee0be651e,2,1,1,2025-11-08,2025-11-08
d3710a0e980435c364cad93bb4df2a64d964919466ea76d1bd404d6f10cb73fe,2,1,1,2025-01-09,2025-01-09
d372127749ea02a6593ac384b60c141663b154d8adfdef19dc3bbe784861cd11,2,1,1,2025-05-12,2025-05-13
d37ca39e5f95553dbcc5497abe7244cae1452497349fc064d09b67cf20bca8b4,2,1,2,2025-06-20,2025-07-03
d381f4fa6a9d87876eb1824be48f03ad800cb8485a606972314af1faff6620b5,2,1,1,2026-04-01,2026-04-14
d38a62b5bbbac3baaa4955b872504c0f17a0dffee92115895de6f55d4fe936a5,2,2,1,2024-01-19,2024-01-19
d39f418254c5906bbaf7f3419afc8e727c394eaf448dda50f13b888f426b2aab,2,1,1,2025-09-07,2025-09-07
d3a9ac1478be1381dc9b661d8b5f53e246826eff9bd7944be5240e3eb6dae5c2,2,1,1,2023-12-21,2023-12-21
d3ab3abc2fe114ad8decac5092e91723021fea1f062888d9e0bca750139eb044,3,1,1,2024-03-06,2024-03-06
d3ae934417d898f8cd19fe0c6835a3973f085f609d7d4e9126b552c743e1c51f,2,1,1,2025-10-30,2025-11-14
d3b23931b096d5bb2cce04032ea29fa8cb244feb4d96d89272f53518b1710379,2,1,1,2026-05-18,2026-05-19
d3b2f5a2ec76e572083a063e214eb57795031e22deb9b4b30d4279256f960991,2,1,2,2026-06-01,2026-07-22
d3b7694ab14ec4e5b22ceb5847d49ee7ac877337a6adb3852e9a3105877f0310,2,1,1,2025-09-02,2025-09-03
d3c3c658ccbf901bf16667ce7cb0095c8d0d895df58e7eceea4212f67aea2211,2,1,1,2024-10-10,2024-10-10
d3c99dff78b9ee22d6665ad29f4964663b231d531dcc7de3aec431383ab6e60f,2,1,1,2025-03-14,2025-03-14
d3d72a5de6ffbe885b908d7209db163694e4ee5811848ad500a41721887375db,11,2,2,2025-01-21,2025-06-03
d3e898ef2bc5933b53346f19603adcf419d59df9a6fb6768995e1c7c882c6115,3,1,1,2025-08-12,2025-08-12
d3e9224d560f6284d3f0d609fa88d3fa96769ddac1218e43eb54f297857911b7,2,1,1,2025-09-23,2025-09-23
d404220c2edc0dd7251901bdc7e565f578df62c276bda9caeb57eb72b5cdbb71,3,1,1,2024-10-11,2024-10-11
d411daab2d10aa5d1ce881d7cdcebc2728df92593eca99fb652f7b55466c0de2,2,1,1,2025-05-01,2025-05-01
d419d3d92b4214930a876c1a74b97ebe21d7b503b088c0d9b7255cf65180ada8,2,1,1,2026-06-01,2026-06-01
d423b20bd279b4a252f3323a8b54606a4bf9aa5bd908ca5cac98b7e6ce9010fe,2,1,1,2025-06-03,2025-06-03
d4381779809980f48c57a2e212abc1d1a5cfc9982dd859699631d14e93239363,3,1,1,2025-03-09,2025-03-09
d4389749780c6244df309c39f0f00a33c9cedc6a7dd80c4b3437ccc050669034,2,1,1,2024-01-25,2024-01-25
d45e51ed042c6385e9da606c2ef00252aff3af4342481989161aaf9bc380b7d3,2,1,1,2026-02-02,2026-03-02
d4602202f51e1a59fbac84c825692c8f4f5fdddf535a1fdc77c00a4d53c997f6,3,1,1,2025-06-20,2025-06-20
d4619a5d6c4b599f9754d6dbed9af6d4c7b1fbae7494a5410ca82ddbc40a5d46,2,1,1,2025-04-26,2025-04-26
d465a0b6ebaf6ca7b8cf02593769193d156febebc7736494a03fffb78ecfb95a,3,1,2,2025-10-28,2026-01-27
d476f292ff46a5623ef1b63d5a44530937bfdb61e00cebf308b2b6c583e2eb1f,2,1,1,2024-06-12,2024-06-12
d48abefa353907bbf7c1db4ccbf4261765278496499859a64e053ce3be68bc6c,3,1,1,2024-08-10,2024-08-10
d4a5a228554faa803d22cc735d24420c2b5fef9fbfc0f6c2aa4bdb93223c3db8,2,1,1,2024-09-01,2024-09-01
d4a99ab32e137813c43a29cbf2eb1b50b5e79bf17df6c019e935af0b78c06425,3,2,1,2025-02-02,2025-02-03
d4a9efba317afbef6b4d0c769bc9503d7aff1f576eb64c4a0007d3ada8fa7615,2,1,1,2025-08-28,2025-08-28
d4b77dc9d5ba86f354430fde385d59ff449a4a854ed1ca8bf77f8f3bd599ef38,2,1,2,2024-11-11,2025-07-31
d4b9d326869cc879b6282071aa6551422a5986949e1d54c4bf05937608e237fa,3,1,1,2025-10-28,2025-10-28
d4bdf207b813240a39459707d7931590532c1b225e69c328fd4eedfbd2611e92,2,1,1,2024-12-10,2024-12-11
d4c8f1cc013ec09259a51c3a476ec6748f104342eaadf693a422433bef94e128,2,1,1,2025-09-15,2025-09-15
d4d50918a2237e658a5ba53d150dbf9c490c2febcd0f0cdfab43a1d33ac2c708,2,1,1,2025-06-12,2025-06-12
d4e6a3fe3ebb941b99194533ccfbd4b1a32ede83b1a1197ee466f86f787e479c,10,1,4,2025-07-10,2026-06-29
d4e8d9bbd9fde1faf6b2bbdbef16d3cd3008d04f8483fe78109e94fbb0ab3350,2,1,1,2024-01-18,2024-01-18
d4ec362252a5852e41ecd07b84f3656564c212aff6752b736520e5d121e21b18,2,1,1,2025-04-17,2025-04-17
d4f0a7e5a9e67923c5192a01380a766cda6d2eda73a7f35b1e4503b5bb25a9dc,2,1,1,2025-10-27,2025-10-27
d4f8fe7b5dd460303bae17331e6ebd26f0ec2f32a93c4c3c5c281342ed4cb7ef,2,1,1,2026-03-06,2026-03-06
d4fb97336fd630cca4ae174eee74d6f14fe00a99a9c62d2c35c5f6bf02755886,50,1,2,2026-06-18,2026-07-15
d5092001a0f88ee12e4e3e9d86d43b1a4ef13ff3c1f3d1f25b89634b2c1662f1,2,1,1,2025-09-23,2025-09-24
d511e084e19f5525802de992e2e901fd1171bef0ec3f9ad3b54a8bc9deb2e34d,2,1,1,2024-05-19,2024-05-19
d5123f3eb7c83e38cdafb803cde2502e5f086c6ea38abcb8277c616850aeea1f,2,1,1,2026-05-29,2026-05-29
d52337a77c8d84a1b30c834421a545e850f8bd676f6f4648a531be544b4d6895,2,1,1,2026-02-11,2026-02-11
d5337d648948e976f3be2588784bcefa66caaa6c51fcc68aabefb4df9d3784d2,2,1,1,2025-03-09,2025-03-09
d54a5be9f589af8988372255224239dbc50dd0fe1fa12ee54ba09997a5e43f53,21,1,5,2025-05-12,2026-07-28
d54a753fe8672b96736b0db475d4c1dd76fcc517e67de6f809c8dfb495715637,3,1,1,2025-04-27,2025-04-27
d566a104d766cb5512a7c7f9ca80e40b8ee4deb77b2861346c0af4091d3308f9,2,1,2,2026-03-23,2026-04-07
d573904444556bac2b5c598a8e0a0b54137c051b847a77a35e173f7cb4fd46cd,8,1,1,2025-08-08,2025-08-09
d5808d78a038025683c7923e57aad198151595f5448769a7e0d04ebaf8cb4680,2,1,1,2025-07-07,2025-07-07
d59290bcc69522d1e38761da17eebd25a59c08c8894784c0bba8446236c76847,2,1,1,2024-12-30,2024-12-30
d5adb8df9d71a88a9aa747b777e294913d1aa139a1adb723cc6b9b2c858bb8d2,2,1,1,2024-10-04,2024-10-04
d5bb2b299f1c8aa826c1df51c96dc5e4aa9569af92ae0838cb25878e12f2062f,3,1,1,2024-02-06,2024-02-06
d5c693c77df7b962472b27c51af5c1653fc393563927ac3a9afb7a279014f82c,3,1,2,2024-03-29,2024-10-15
d5c9e564eeb76f107a8b21b4fa5268cec2468a729d2cf583338a697e966b9a44,2,1,1,2026-04-30,2026-04-30
d5ca88defe2ca4e63b557a3855ec40e248975f2a8eff56525ef7a08054deea6a,2,1,1,2023-09-29,2023-09-29
d5d0983a013d9e5c41ae824e6e8f9b6d9664d6b7ab430fc96277279da1855f2e,2,1,1,2026-03-03,2026-03-09
d5d98f3c1b2f61e9035084bdfb63828cd152b7ea43acacae8d0d82ffc7c14ada,2,1,1,2023-11-08,2023-11-08
d5ee8f957c419b7e568e695f404b067c3e94d7e5ece6749216c0c189230d2a01,2,1,1,2024-12-19,2024-12-19
d600b1702a7caae142b708a5b799c50c520eacc9932c0da946ab4e93511777c2,16,1,1,2024-10-07,2024-10-11
d6179476c73df326e2ef16d6bdbd741aa366fbddfe84eace48635ee0c1d91f75,2,1,1,2023-09-04,2023-09-04
d6338da8ba487ba37b9b29a4d15f8b0a0da6083f56bafc77a456591e23ab430c,2,1,1,2024-10-24,2024-10-24
d6495ae781ffc3f9c2db75295b18eddc80edd26a29bcf4590b283d916086230d,2,1,1,2026-06-24,2026-06-24
d659fb49d43840d9c380ed5ad9f4e16267c450cc31d55f72378caa944619f94d,2,2,2,2024-09-06,2024-12-01
d669233fed89c371745b7ab15c477fa2f602a9479fc7cfd196f404bdb0dca035,2,1,1,2024-02-15,2024-02-15
d66f0e0d5bba79925f70f9ff66717c57cd590eb7795640f6c10ae1d4a935e4bb,6,1,2,2025-04-30,2025-07-15
d688f98fd913f6ae3afb32f5f370d0bff228c80f6b248db33619150a5a156f8b,16,1,3,2025-10-30,2026-06-09
d68b3b3f709abccf1beea15b12ad1e009a225e1e76fc1eda75ab30527f492872,2,1,1,2025-08-18,2025-08-19
d68dce4e52fb3776a8509367d01d3cd821ea33b5f007872f8f770f9ae7759a1e,2,1,1,2026-07-02,2026-07-07
d69227cab15d8222da5ddbd1af02661fd742d92d5e07a005c995b1dd92d5bd57,5,2,2,2023-12-22,2024-07-30
d69b7a74c9da5f3ecbc9303fa37cfdaa3cc17ef025b14bd55bc8ceba708e5ce1,72,1,2,2025-11-24,2026-01-29
d6a7464f7b2688b527cb36160d0b526c6a3cb9cfa433f125a10088cb8ea9d85f,2,1,1,2024-02-23,2024-02-23
d6b95162b89e607c69bff20ffba9520af43778721f5a65311abd77d621f2200c,5,1,3,2025-08-01,2026-01-09
d6bf1c61c23f0426841c33eed80017d306460503c5858128bf6bc075bb333422,2,1,1,2024-02-27,2024-02-27
d6c8a6b3e043d71d4eb4ba0cba3ffa2724dd968df2055a2c519051a5675c580b,3,1,1,2025-08-20,2025-08-21
d6ce5de617897aa09d2bf405903419c4ade531db8ad294823504e3c9d2df3ff8,2,1,1,2024-02-07,2024-02-07
d6d5b4cfc74b4b1aca128eeb7c95a9e9b177fa15b1c04d0bb83de70bf2d6da61,2,1,1,2024-04-03,2024-04-03
d6de106463084ea48e1cb00dfcf1f96e5c694f6116ea370d756ac1c046b1f29d,2,1,1,2026-05-18,2026-05-18
d6e110b0d6946eab9aeaca74681fe21f54d2e42ac3cc86dd04ffbbec5ee2969b,3,1,1,2026-04-10,2026-04-10
d6ea3a537981c444865d44dbc35f057f9d641d867ae2f7c4ef0758a29f5a4c2f,3,1,1,2026-02-24,2026-02-24
d6eef03c8c69ffc10f951f471b3836ee6a014ca6d0773be25f6e9d682c671263,2,1,1,2026-01-09,2026-01-09
d6f73e9c20384e3a3364d491e501b5d2df6ad11e261d63a46ba6788d827ac22e,2,1,1,2023-11-28,2023-11-28
d6fca758c13cc42235f67a429f961937c60b2ee363e296d91c147ec5d5e03747,2,1,1,2024-04-05,2024-04-05
d6fd66a8804509be6db5ed263c74113f84511902db779f192bb69c26c00a270a,2,1,1,2026-06-25,2026-06-25
d705d8d1f1dc62702c4b2d96b5a793eb5bea4c3dda8ddc8131c0b779b67f7766,2,1,1,2026-03-02,2026-03-02
d70c8941325579e9ee4379cc084b1e61d64bec233860ff557084cb5e3e5e7544,2,1,1,2023-10-19,2023-10-19
d72c121dce7c0ee87ca0ddab81e7155c8f67e55498ef6de2a27ee4ad0144ef9e,2,1,1,2026-04-15,2026-04-15
d732af3d3456a0e9f27ad344511a981b730ec04875c649da090f4e12be4cd90e,2,1,1,2025-11-09,2025-11-09
d73c48d6361dab4b63805e8ff1a150a7cf9fe4ca88e14728915d43802808ff77,2,1,1,2024-02-29,2024-02-29
d73d172eb0d265c4aebe2f589192aeecbaf554e65ef636a9f176881f7e987083,26,1,1,2026-04-13,2026-06-17
d748feb40c7b461ebfb6e7fef079f96b6c14d5ba5e8b811cfdc8b15976f5b96d,2,1,1,2025-10-08,2025-10-08
d74a6aeade45db8a24710a0d18eb55ee5e95a1a508a32bf47373ceb07ab46b50,8,1,5,2025-06-23,2026-06-10
d750c3c0f26017bbe64f42addc17adb4cfaf8cfe0fb52d5a7ee2b0e35bd073a3,2,1,1,2024-01-03,2024-01-03
d75361abf03bb7c65e6b54e2731a7af395c4800e7a8064a3e677ee55c843317e,2,1,1,2025-03-03,2025-03-07
d75ea96704d148870626d92aae985de416a808624f8ea11934aee03aa2b09423,4,1,1,2025-10-07,2025-10-15
d76d4823609bec86caf15ba327b420b01ff20afacc406737da6386df712ddbd4,3,1,1,2025-08-22,2025-08-22
d770403cfeb0cc04fe1e9cf2085c8ed5d702177ba21288e8d9cd2bdf64a3ef33,2,1,1,2026-03-02,2026-03-30
d775803b77904397a83a2196bf31576cebef42193db679ba56b79d2c4e85ba08,3,1,1,2023-12-20,2023-12-20
d7758a3af67829c755415f07ebc35eb4ae5a0d11e02813878354283308724255,3,1,1,2024-03-09,2024-03-09
d7819a02ab4af2334a7d1aa05fccccdcb52ac34cdc64147709dcd047896fe2fd,4,1,1,2025-08-07,2025-08-08
d784779d9c41036b927d019ac44f55500a7da633417e258382adde3878499b5a,2,1,1,2024-08-14,2024-08-14
d785fa38c52194c1e68964dc3077f8b9a025254cdf8ff39f0248bc20edb42544,2,1,2,2024-05-15,2024-08-27
d785fa669400b8e3fd6436fb258b9ea50ea01773464b510f13d4604e8ce144b6,2,1,1,2025-04-10,2025-04-10
d78916e6ae792e558905dc857429a6481376f9b9a29f41ac7d8d74d350abef11,2,1,1,2025-09-23,2025-09-24
d7a48462f75f3b32bcfe140e068da5263284b7bb7570894b77dc173f4074eafd,2,1,1,2025-09-18,2025-09-19
d7aad27113b5184bc245d332dc0f5a5399ca1c14e500767925bbee377c83cc95,2,1,1,2025-04-27,2025-04-27
d7df13c6839f89da2b9ea70d4ce50eabc40dff6c1b2d12331d56c57f7f101566,2,1,1,2024-06-09,2024-06-09
d7e34f276703b545b92193301cad77653d9b31eecfb053cd00bba61903e03838,6,1,1,2025-07-06,2025-07-14
d7f4f506cf0130dc9609f39ed1c20e40288772ff3b5a4ed0ef696c94938a5afb,2,2,1,2025-04-12,2025-04-21
d7f92f87c7aad4dcb807bfb60461a8823d71574220bf7dfbad7b12ca7432a492,2,1,1,2024-08-15,2024-08-15
d7fc530f553e901bd5dcfa439a921a1dcc9db31341c06323ad252cb5b36529bb,3,1,1,2024-12-20,2024-12-23
d7fd94dbca33c4a26323c30855e4a145f2f36892b9309ba3465a61f25b45703c,7,1,1,2024-04-16,2024-04-16
d8089c6aa8610498794347edeb5fddd5225d11f9259a931b3ecf8627e192d4c2,2,1,1,2025-04-24,2025-04-24
d8157e27a8ba26f2faeed6cd748c1858d044d8369b4763a91ed9288db142f574,3,1,1,2024-04-17,2024-04-17
d828478c0e4f70e011601cadce598083ea77147b3d33619a8d189138be74a635,2,1,1,2024-10-17,2024-10-17
d8430258e48a8dda0283a5a6af1b1754a24dd9ef806dc0aac3d348efcb175057,2,1,1,2024-09-22,2024-09-22
d85b16117ede642eb11613f5c858253dfe21198394e437adc944d30a29cbdb01,2,1,1,2025-05-21,2025-05-21
d86b05137544b77a8b08e7f61675e79f43436ef926fcc3851b62e71db8ef1635,2,1,1,2024-12-14,2024-12-14
d876d461f0cd640e4a8d100d07e57be791f170728387e262d126429ab1050148,7,1,2,2025-11-10,2026-01-20
d87e3f3d83a74d4a133b9b2f5e6fba4a29c32e3073bb61ae6d1d883ecd04bd54,2,1,1,2024-12-22,2024-12-22
d88c8087a2276ec264e150056fa59a96b82fba9b260929af1f1940a888d719b3,5,1,1,2025-01-30,2025-01-30
d8a3b89c3635c0cc78802fe53d16d969b56404ad81c9a0f06e9048aab210966a,2,1,1,2024-07-01,2024-07-01
d8ab711fc5832f2d87a23c48e54fcbde3273cd9a2dc5223f9d86c4e9ae4316e1,4,1,1,2024-09-25,2024-09-25
d8b35ef6137c851cda99a5b958ac19b4d127a50e17c963d7754c78e33fa9d7c0,2,1,1,2024-10-16,2024-10-17
d8b6d4d68c7d81ac7cfaa7c271a13ef44ed4bf7c69c44a87cd032f1f23f6b9fc,2,1,1,2026-04-24,2026-04-24
d8ca4ad478a445e182267c7fbeb602f56ee55fe8f73de41f1e99b86a0c7217cc,4,2,2,2024-08-22,2025-01-28
d8d552129e6392b4eea1d30a99f0653579820bdaff60d5669a11107757993487,2,1,1,2024-12-26,2024-12-26
d8e239b8dd8136860ad228ffef608c1c05b5eb59367f2bd3750162e967ec0fcf,3,1,2,2025-08-07,2026-01-22
d90447d933397be57fa66c44baa52842db2753293e1ec1adb5903f329d88afc5,2,1,1,2023-11-04,2023-11-04
d922b4d19baa2e4bf898ec2e31943850d4475ee18f2b5045d7e1e8edadff7ffa,3,1,1,2024-03-25,2024-04-23
d9244bf3187a8c98691b4aea79f42ad908fef3851f00656fd9da7c7ed4323026,2,1,1,2025-12-16,2025-12-16
d9254a2206855218d02858e30a6b0d55d0c4af504a4c0b1619d752ededebc3f3,2,1,1,2025-06-12,2025-06-20
d929d771ef2171374ab098c1de675bfd63dbe14d3f5317e541e7d9422d7631d6,2,1,1,2025-12-22,2025-12-22
d92a41bb33af3b57fea19a6df4b46932d7f92e3f72c22a576296937ff076dd3c,2,1,1,2023-12-26,2023-12-26
d92bfb4bdecfe10d5c17f4b91ffc9532c992a37ed024f42f4e05a819b34fe3c0,7,1,1,2025-10-09,2025-10-10
d9317710ed0e22cbee7bd668166fe898c5c58b8fce44c9584ac375d54187c8fb,2,1,1,2026-06-10,2026-06-10
d9487bee3bab821861c3a3ab39decb3ef742606b902b755be0330162124f3f4c,2,1,1,2024-01-23,2024-01-23
d94b1c52fcdf9b15f0595cbb8e67761eb5dba10453e4ca974e37459e3606dd18,2,1,1,2025-03-26,2025-03-26
d955717483fdc4f0dd9b0fd4487c67864cc60f7aeed809ab26fd651f56f071da,2,1,1,2025-03-28,2025-03-28
d96de17a68dd5675ea9c272ca98d1b23ac3fe156ae9c86c2bbb70d4f63ce5aa4,5,1,1,2025-01-22,2025-01-22
d98b25072340f97c2a495d3c7ac067bde745cbb9a7a5ea50daa87ed298060cf5,2,1,1,2023-09-22,2023-09-22
d99260cad52f73ddce62c0899c0832361465df8d8f9b92f0d7ddd7ec38f62175,2,1,1,2025-05-05,2025-05-05
d9972d70c4c4986c6478882422ab455fec3213ad889e625114a793c3bf0e4acf,4,2,1,2024-12-10,2024-12-10
d9a4c91b50dd7cbcac3932c2b6d2a83630a67f324ffd7d397c5a5e6ff10b2041,2,1,1,2023-09-21,2023-09-21
d9b32926ee1f32748248bcace9d586880028ca1d2ada87603f8fd6552c3e16ba,3,1,1,2024-03-06,2024-03-06
d9b8474b5946e79ba703432249611c7db2290440840833fdc1b75acf5778faf7,2,1,1,2025-09-16,2025-09-16
d9bfc80b064c11e7e32534879fae51272f44bff652366b6a8b1b49e8c23761df,3,1,1,2024-10-10,2024-10-16
d9cc9cf7b79831b3e12476daccc0e5ab4e4f5c4e8880ad6cd94c14ce245f5ef9,2,1,1,2024-11-16,2024-11-16
d9e43cb66e12d2cdbdd7ef555b19aa395c4449232578e3dea364ab8a971fff0a,2,1,1,2025-09-12,2025-09-12
d9e60bb3e2a3129ccd60120038e4d91dd10547d557c9412ed919e93cf154533b,129,1,2,2025-04-14,2025-08-08
d9e911df52d059eace388da2a4b34ec8449f6987a4ec2d251ff39dcf3e765382,3,1,1,2023-12-06,2023-12-06
d9e975fcde1ed29209fedc42e32703b1063760391f99a9b7ae48e49571ddae07,6,1,3,2025-08-04,2026-01-28
d9ff71e195e22c50dce85b7bbda1817bc8c86a3ea64bea88cc877baf841ef3d1,2,1,1,2024-10-03,2024-10-03
da07f0e6271fda359d092ac8ca0246e3dd7b90b659c30a20780ff8e03b323745,2,1,2,2025-06-29,2025-12-03
da0fa8afb96e669c477cf4626299ae0afeea34efa5c64961cf0fb3d069995246,3,1,1,2024-08-16,2024-08-30
da13ae2581f5955e2fc3046a8048f1c9849da6966a1924dae65bd3bd9641d31a,3,1,2,2024-11-13,2025-01-25
da1902f64b90b6876cb3429e86f3befc4b698d2506af1a66bcb8a1838e97bc59,2,1,1,2025-07-31,2025-08-04
da1d145b600d1d63d7cdb7f689f9821269f83a67cc7301540af06c5422f77ac7,2,1,1,2025-07-24,2025-07-30
da259fdc4464404fbf11f8fbfeaa2743017e887cce443807c1f5cc25f571769b,2,1,1,2024-08-07,2024-08-07
da29f9b3bb2d619e4f67bf57c957672b776fa80bdc6c1056ebcbc4f3e3f663e1,2,1,1,2024-11-29,2024-11-29
da3797f68a5748b91b79d7053893ab72679fc0daab57b85a955872b6dbd4d3e3,7,4,3,2024-04-12,2024-12-30
da3d0c4e6b1d0234b2f4b3589b5232d797e71b75833a0b0b74537124c76299c6,2,1,1,2025-10-21,2025-10-21
da4ad0d1c4f5bd4eb9235ea93ca4f1da5b02d92492b6d44709a3c3ecd5634a4e,2,1,1,2026-01-25,2026-01-25
da4d834e80439e8828d36ad7f8ef157f00feea9aa19b5e89ffde4243cc7556e7,2,1,1,2026-07-15,2026-07-15
da59482786bd24115d773f042c03fa8ea9949184b90352a36cf60345160beb2d,25,1,1,2025-12-03,2025-12-26
da6fae95e97f95b9a5669afa9a6ba875f3419f7b02a6b17e2889ac93565ef926,2,1,1,2026-07-14,2026-07-14
da8084c574c0f69e07bf50700aaa1f53fbf3e4e1cbb4285dd6045e0ff0ab8f99,2,1,1,2026-01-09,2026-02-02
da92b943c1f9fc02679295d634c16fedf47d553400ee1e517300358711aa59ba,7,1,1,2026-06-10,2026-06-17
da93b11bf8c6b97e3f19516ac65561339c06c9018640441407df13cc01d52322,54,1,1,2024-04-26,2024-06-14
da9587f368b0c50fa1158a01463d46c645c99f6e9a06eb662036153b1a9fddb2,2,2,1,2025-11-13,2025-11-13
da9cd4abe27c263492180f72f6f65b3d52127f0ac644883c74036f438c34d3de,2,1,1,2025-04-30,2025-04-30
daa3abdb43f329734b47ecf07acbf8c6637a8b60f20046c92d6ec380a42c8eb8,3,1,1,2023-10-18,2023-10-18
daa5cb67e8b27c073846e858e44022dea8304f1aba9f766926f6cc192a985550,2,1,1,2025-08-28,2025-08-28
dab668dc2bc3c624e0dcd1dc62cd36996b22b89dd1ad0ff27da629d432567a41,3,1,1,2025-01-17,2025-01-17
dabc782099c486b204d694b26a02279523209aa0917717c4366cd28b9b2626f4,2,1,1,2026-02-19,2026-02-19
dac63ce76289490481057d4ad4226f0ccb6a54ce34ba2a55614f1432e2b3f770,2,1,1,2026-01-09,2026-02-02
dac9fa6b96806096787e64c933a8a6b06f610728fa55dcc941901c7dd3a71402,2,1,1,2025-09-18,2025-09-18
daccb656f8a60c8e7c158117d968c0290d60235a22f0b94b6aef3b9b7cb70473,2,1,1,2025-04-16,2025-04-16
dad01d32f779700d0a974fc47938bd83ee2338479f85277bdd31d2892f1745bd,2,1,1,2023-12-06,2023-12-06
dad30a8fa80d1015db75ec24c8da8c691dd7adf51bfb118ea98b397b4b9802c7,2,1,1,2023-12-19,2023-12-19
dadc9ecd66629f1613d8176951bdd62b1f1bd35eb854ff3c213c4a9ced8fe99c,4,1,1,2025-08-26,2025-08-26
dadedad19f1e05800d2bf0536da6d25962595489887e9411df10660022ad0034,2,1,1,2025-08-13,2025-08-13
dae6475bc97bf64a527fc2144a58dccd4ffc8ed5c305eed65c24c86c5181945e,2,1,1,2024-08-04,2024-08-04
dae941b2f7282dc44b97abbf193a50e8bcfcc172e137cb8a38700608ea7a14c8,2,1,1,2024-05-31,2024-05-31
daecbc466240fde37d754b1d6b043f10830792abfffb6d7ca982b33315519e28,2,1,1,2023-11-30,2023-11-30
db2b1d44082b41485c187e164c4db7561280f45ccc447524d353ef3bd4c360cf,2,1,1,2026-01-28,2026-01-28
db454e8db1e9e84a233f04ad9c09fd4dcb30b633fdced8cf248f632927c8564a,2,1,1,2024-05-17,2024-05-21
db4baa5686d4ef901a1d672ca4945e66a9494f8c83c428416b4ae5e91bbd5de8,2,1,1,2024-12-11,2024-12-11
db4fcf7b3596eaf961e3170c7fd974aeaf9ac8851ef0c87d5ec7411360690c60,2,1,1,2025-05-05,2025-05-05
db5001bb62e3af9489d86b8489f87403406e8cc9c5f3f4731dad59d2a3f2a293,2,1,1,2026-01-04,2026-01-04
db54d8f5aa5c1648e658e128012f34a5aba7a9e595b9eeb797ca659ea6f04706,2,1,1,2024-01-24,2024-01-24
db555fc8f6118371cfcab8bbcd2d072c3b99ddc8c48611a86d12c32ff9728be2,2,1,1,2024-09-26,2024-09-26
db710d9e2c461ebf7e8acf6816e42bf81110374fea4d915f4679673492132f61,25,1,1,2024-04-05,2024-04-09
db741efcfc5ecc81c013c77e3620f3891ec306cf53c24447ef674154b307d858,2,1,1,2025-01-04,2025-01-04
db8998de309f620b2b6c742078cae2244fef0c68295a51c5e48dc0fa69c790cb,2,1,1,2026-02-15,2026-02-15
db988fb0b3995ee8cad965951b0c8635a598815966ef788493b781b2ff457e74,2,1,1,2026-06-01,2026-06-01
db9927891016039b9778c953147f04ac24dd6d5f2470b47f592f95cd12828c02,3,1,1,2024-12-17,2024-12-18
db997962ad758145943b803c3446de057456a38eb8bf35343ceb317a8116e968,2,1,1,2025-10-30,2025-10-30
dbd222a1e36cf5e7b320c2b7516ed572b701f5a539c2bc6b63ba8f374ef452cc,4,1,3,2025-08-04,2026-06-09
dbd4788ee3fc772e35e70e6a7b8a90bc85968210910e2fb19388cf887ee3cdbf,6,1,2,2025-09-23,2026-04-09
dbdc040824d98c58228e0c9571fb952aa9a76f9404fb71c01ddc447cea8617f2,2,1,1,2026-05-03,2026-05-03
dbf08f2e20a75af120b7e5657a60014070155b9d93c4f1ccdbda2108524485e1,8,1,1,2025-02-01,2025-02-02
dbf525f1ffdb00c91c1ffbe03e6f3d0cd23cdc860ab4491b1074f02c0315ad79,2,1,1,2023-10-01,2023-10-01
dc0212e278898ab312491d411b43d8cf1ca3bce3981d0ca9579462cd382f5427,2,1,1,2025-01-24,2025-03-27
dc0688832b31f7b041d076b81ffd648d3750da6fc418bf2089d6953186dc1284,3152,2,6,2024-07-30,2025-10-02
dc0f0348c265432a0039b98beb2b47b34f2e4a314badc8a90b97af5a75f97d30,3,1,1,2023-11-12,2023-11-12
dc12ff5085cabd96e1ce82ccb32b3ecf69dd9a70b45122bab013c8918f0a420c,2,1,1,2025-02-06,2025-02-06
dc15c7bc116d89ec2042016424dea3ad233dec9f43e28984f1f63828a3d4ef0c,2,1,1,2025-07-09,2025-08-26
dc2990cd27a4d7e1fe89248c84b51ce035486ff36e6f493c2c4009ecd04502cb,4,1,2,2025-11-12,2026-02-09
dc325cfb9594b5a6874c6caf2d8c0928113564b3e1f8c7736b52dfb7cb4cebc8,2,1,1,2025-09-03,2025-09-03
dc5b1ebe58de3a269adf62a9a10639755944f0e4b4f02faab257d7ecde7e2792,2,1,1,2025-06-24,2025-06-24
dc61051ab29affd8fdbda4ad8539925ac517f801bf21dce70dafb819c142abb2,2,1,1,2023-11-16,2023-11-16
dc8a707f126e289c6b266dd507be4bc4d97c929d4ab754e9e6841598b3986b72,2,1,1,2025-03-01,2025-03-01
dc8bfd12f2c83ea8d99b33f624b32176ce4f0f77cfca3486de3448b773711f0b,2,1,1,2026-03-31,2026-03-31
dc96e5327e98addfba7a537458fe9da9cd2eece16ea1aabb76dfdb84a8c71d64,3,1,1,2025-03-18,2025-03-19
dc98648cf9dc2046132b68f1f1a8c0b180a11b34b269bb3587abfa1d6a1593ca,2,1,1,2026-03-04,2026-03-30
dca1797061d4a4991c26a69891a30138ea3c93d57cb59c32d581aeceb86a86b6,2,1,1,2025-07-25,2025-09-21
dcb3e00b6484fac1c7d0379395d8868c1a1e9510c56866f67657314848340cbf,2,1,1,2024-11-25,2024-11-25
dcbab89b1c5deaa5dc3f1f31633fcee05615168a47dfc8a3471c29a24bd5ae6c,2,1,1,2025-02-12,2025-02-12
dcd43377abf08245e5c5a89e4774bfc3dcac8274c932853a60a56e5a0987b416,2,1,1,2026-03-10,2026-03-10
dcef410cbabb592de9180f17eecc9003650a1e45bc3b96a6932b17bb3af6ef8c,7,1,2,2025-12-02,2026-01-12
dcfa672fc2406aee2617b4c6638f318e006759bf24581cab3dadb9b83508b8c8,2,1,1,2025-10-01,2025-10-01
dd0b018601b9212731a4d565d9834fd6339351f01cab9b78be0a07eb41340478,19,1,3,2026-02-12,2026-07-13
dd307c201c4984ead450cb5656b4a6e8f0a28b1e42c3baa78b8f5a332c2f24ee,2,1,1,2023-11-10,2024-02-21
dd39156dc41a988c906d996015c71d20ebb09a7129f30bf81b0497208238e33c,2,1,1,2023-12-12,2023-12-12
dd54a660c16d69a3931334cab46a4336457836229e6f724291c8cde2406ec78e,2,1,1,2026-02-24,2026-02-24
dd650d7a8f9b448a1973b55e86034569e96c02e4c9feb3f8b36a952a330fb343,2,1,1,2025-03-11,2025-03-19
dd6f5310ce448d308c35c1d659d88d82a804ae175a54743533642772dd924ccc,3,1,1,2024-02-23,2024-02-23
dd730242f13fb05af0f7d19730c16dfe8c033280cb5bbee2dbe04d1abc087dc3,2,1,1,2025-05-20,2025-05-20
dd7f13a86964373fdec0393135de80f1e084387e37fdea1a7083494b8f1752ed,4,1,1,2025-12-27,2025-12-27
dd8089e9917468727959376e9eca365e684b9b4ce869e03dadafbd2f4e340c5b,2,1,1,2024-07-16,2024-07-16
dd8b3ab0ae4b46038e7e849863d09a3af222258a2c0f3c719d3736f7cf35f5cd,2,1,1,2025-12-02,2025-12-02
dd8bc09aa3881dd640c691a4a2f8d0d5b193af82d90f1f3ccbf07bbb0280781b,3,1,1,2024-07-29,2024-07-29
dd9be8e5e9c2d3364ad413680eed5944a3f619ecdf13d5b46b6d6ce360122012,3,1,1,2024-01-29,2024-01-29
dda2f5ecc086089cdde34ec5c497c056e6e2b4b83db59e065d8ba1fec422085a,3,1,1,2024-03-28,2024-03-29
dda50bc113af566484c8f062af6db7e7ad921df25d5b4e643433d428331a55bd,2,1,1,2024-05-10,2024-05-10
ddb6bb81465b1910a7702f827fb05fe1d92fa6f0f0aae4e0add532cd022ccbb0,2,1,1,2024-12-13,2024-12-14
ddc74b2d75b627444f5114ed9fec537f95466a87a9285cbb41c19e2cf07d949f,3,1,1,2024-04-10,2024-04-10
ddcc2c64e75f96db54c0051bc244f4bbfc2d9b4d94d59e65c59c42ab8f39a13a,3,1,1,2025-09-24,2025-09-24
ddce637d8618e554ba699b65197c27d314aa920892dfc8a93a3a54adc95525a5,5,1,1,2024-03-12,2024-03-27
ddda7f92a0f3f52f501303d570796aaf776150b3c4827adeda0a4a573372a0f3,2,1,1,2026-04-11,2026-04-11
dde6e47ea25f1d89ed7e4cf1ab29ca5f3653cbdcb1888eea794510a137b4cb8e,2,1,1,2025-08-05,2025-08-05
ddf33b2dae63124c13c8d279b0a4932d9fb2903b26f8994a1b74c12342a6023c,2,1,1,2025-09-22,2025-09-22
ddf7dbfaad77803e91bf2889f51089bab128c9f039a7a6dcee624358d4cb36fa,2,1,1,2024-07-23,2024-07-23
ddfae5baf9e58d5fd3f347878cc79feb4ee155ef68e9abbcd9c5ae55d8c3ba72,2,2,1,2026-04-08,2026-04-09
ddfc3c3b2e607790c51834f4ec8ef6c052d53e7418cb454b66953881f713ce45,2,1,1,2025-09-08,2025-09-08
ddfc9acf1c0520ef548816fa0f04ee09d442da4ebe2db6dc4f5cc75aec85cf07,2,1,1,2025-01-22,2025-01-22
de0659a1b76fc8effe2fff40ea3aafd4733fee814a6940e9f63a7a4362dc9e84,3,1,1,2024-01-19,2024-01-19
de068450d3bee657df5b08fcd0e0e2ab7522b0ac281a623b9eee3c388cc1c05b,2,1,1,2023-12-11,2023-12-11
de0ca654c85d76276796a94cb006bce7ea27c0e7dcbc51ab9e6ea9e92aefa8cc,2,1,1,2024-10-03,2024-10-03
de1ccad986a19e9eed572c61fafd44c5bfc11146ff041e84c3dadfc48909a57d,2,1,1,2025-08-28,2025-08-28
de1d0321ef5fab8a0cccce497ef28ac9c363e90fcbda3387d7d6893cefd31ddc,2,1,1,2025-12-25,2025-12-25
de2685c813f7e3e944d89a7f72d5ea72ba604f264130ec7eafcab6ce3ee60774,3,1,1,2024-01-30,2024-01-30
de2ddb358ba0238af4186f08b3feb4f7afc66dbc5414d96932311f007156152f,2,1,1,2024-09-26,2024-09-26
de419c42b48e3779b1f58206a42837d08af06e9d6c7e9f3e1d826343f7960bef,2,1,1,2025-05-25,2025-05-25
de5f752fbab46569631dca5e588c91a72b03a094715334c8be2da1aa1170a2d1,2,1,1,2024-04-21,2024-04-21
de6ac27c4bd9f013b173a76978a0bc12c4ffa7d5cb279bcb0e06ad2d9d7f0157,2,1,2,2026-03-26,2026-04-08
de782e6d7365d02c797740bf4579c6e142a51cab9c4c78db5f7bb5b855d02454,2,1,1,2024-02-07,2024-02-07
de930526aea5914166ebe316b4e790e8bf4d8256852f47212a0e127366a5ad1b,3,1,1,2025-09-24,2025-09-24
de99cc6e4ba6d7935a9e5c7cc35b81a94d94893aa52e579cf88e9080210cfb47,2,1,1,2024-12-07,2024-12-07
deb589958a00aaec756be7a1f51aa488682503737f76548b06f16ac46547c6d8,3,1,1,2024-03-09,2024-03-11
dee48699bcc7ebe58ec9e9cc5bc265860379ea5d4cde905d2563d6faee46cd29,2,1,1,2025-09-08,2025-09-08
dee6d8f01bde8dde5620258adb36c0b05647a75b8d53733c43ccae4d89f09750,2,1,1,2026-01-02,2026-01-02
dee9fceac4dfbd301a9d6b44b745c482e5f9b2ad55073c8fb57708fc4f2a2636,2,1,1,2024-07-31,2024-07-31
deeabd46a08b6a25bb130eb4861d65552579cd611c1fe43c522887e7bf385c20,2,1,1,2026-06-06,2026-06-06
df100e2a487f8e8a9a80deafb22ecb0e1ec51486f9ea6943b242775b3298469d,7,1,1,2024-07-19,2024-08-01
df15dc850b80358a392de597c8fecadbe60b8fee4339f56eb7b896fb9f2a0926,2,1,1,2024-12-25,2024-12-26
df23711d42f3e731529d5140b8af9687d7dfc672edf9433a7f83327eaa720b28,2,1,1,2025-02-12,2025-02-12
df2c9377cd8bce8a62f459233627e313a8ad25c2c9e99e3ef3a6e6976d27c70d,3,1,1,2025-08-25,2025-08-26
df387759a2b4af0b45a05f1b81bfe32e80954aa6259193a37591e33518a90134,2,1,1,2025-01-11,2025-01-11
df3f83bd314ea33026a4c74d7e2475914aa5c61ec0a0468af59f5937d48fa722,2,1,1,2026-07-03,2026-07-03
df4931a68e3b89e18affa1a889f2a79ebe8647df81962077ce385d62a85a40a2,2,1,1,2023-12-22,2023-12-22
df535af25684e7f2b1db0e5276e9f6dab3f8accb1923c1d395d39bbfbc34a673,2,1,1,2024-11-06,2024-11-13
df619d1b148c20d2a148e791be03ec1b4170fcca15f0ae22daa8f63d08dcdde8,2,1,1,2025-09-18,2025-09-18
df68f27b04e3b391d957a40fcb12b21f31c222932c4c0445af888852002ddb9f,2,1,1,2026-03-18,2026-03-18
df6d1b8ad225cb76b50bec07ac066b42234a93999ef32efaacbbe4d6a8020fc5,2,1,1,2025-06-06,2025-06-06
df77063eaa3bd83c2e08f98f0b5921bf4e644ee160ae98c26814a55da2455f43,2,1,1,2023-11-21,2023-11-21
df7bfdaf434101b886e755a2ef319bb01ebb56f26f98f07ee51e1823c107ec95,3,1,1,2026-01-13,2026-01-13
df8a658baf0f84c3fd05e21020505459eafb94d69ec1dfed57b02e3026074435,8,2,2,2024-03-25,2026-07-16
df8cadd68b4a5407755162058d356bc77dfdec4affe1daa58a5f4f710266d1af,3,1,2,2025-07-01,2025-11-26
df940afd8c1675292a445ff33c077a59fa11d8f6cbe638b9d1e2d3b29382305d,3,1,1,2024-04-02,2024-04-02
df966ad54b4fb27899c0857bed354eec762c071527c6dea9be28371df096eaaf,2,1,1,2024-02-25,2024-02-25
df9a0ea9b032d018078cb959e9aaa189edab0b37c3568e377932a8502fdf5ddc,2,1,1,2025-04-22,2025-04-22
df9ace093fa3a756b6549f155d801a98cb0396e5f997e9b7436344f78582bd47,2,1,1,2025-02-04,2025-02-04
dfaa3c819d76f83cfac5c5cb1866be3c3f377bd4f4456fd206bce553092ea68c,2,1,1,2025-08-15,2025-08-15
dfab7977c7f9e186d5acbfdadae02bb592a7591baf7002287a7c856f219d14ad,2,1,1,2025-12-28,2025-12-28
dfb4212a4d6e6f1b70f2738338003cd786fd8edec43262dbf502e1326c8bf3df,2,1,1,2025-01-22,2025-01-22
dfbc975436e9053f3c11c5ad84001e755f26a82ef413a0ad387158744c8f7210,2,1,1,2024-09-07,2024-09-07
dfc1be38a167113687720d126e9795dc3f37a355742d7c65fd9ef4a13ec9f6b2,3,1,2,2025-11-18,2026-02-17
dfc8ce58ba1193c18c5b0b05df6794a25a68892513977fc55df6811a855218a5,2,1,1,2026-03-25,2026-03-25
dfcd07f3ebdbd8847713ff4c93122e8637ec5e0ceef3b33d9d45ee9b224a5981,2,2,2,2024-12-24,2025-04-15
dfd14ad4a122f5e92b456df60378da210a43ef7bfc4d5498d778a94fae1ad60d,2,1,1,2023-12-07,2023-12-07
dfdde4166fbf2ccd97679834187b2ee451e3b095ad6ce97184db745fabb95873,2,1,1,2024-04-05,2024-04-05
e008d4d19bed622231ab6860d88d75537ec78feaf85cf7c009d7f0038cd0a553,3,1,1,2025-08-11,2025-08-11
e02ffc7feb16606a3a2a0952383ebadef9efd9da83f7c5cbcf3d5fc306193f6f,4,1,1,2026-01-04,2026-02-05
e0360053853bc4a413afda456032a6c48c3e5b1c821a3cdf6d48c2505b9ebe41,2,1,1,2024-08-10,2024-08-14
e03946ae0fc284aa60f03da76591eedb199fc448dcca82a22590f59815590f41,2,1,1,2025-09-23,2025-09-23
e0510e2f8887cd061506ffac6fae2c829da0947577c2934319d95e2e426e7d89,2,1,1,2025-10-14,2025-10-14
e055e78d69d841d1dde66e28874e43a0c1653d79457f593d4f6edc582bdc7607,3,1,1,2026-01-27,2026-03-03
e05f42e538715813cf42935d19f80e67d6cb254caaea5841f07b07faf5309b78,2,1,2,2026-03-31,2026-04-01
e06a9a56f2b39542b5ac6a8f4e813e49a84845d9b443541648a61d0563921dbc,2,1,1,2025-05-13,2025-06-12
e095f31bf8ed6dfb5066daf620ada07b5135f7ccd1f89c3ffb132e56660c204b,2,1,1,2025-01-13,2025-01-13
e09b8d6df32d3bb6ff5fa0e99f4971726c892256feb4a1128df2bd593d87a419,2,1,1,2026-02-05,2026-02-05
e0a3fc040f4cfd9575af8457929df39c726323cb6b5e78f79d4f5a6a1adc51dc,3,1,1,2025-02-21,2025-02-21
e0a92631e2d0e7f8859ffa0b9784b6a79ce4b77988c0ae21b1982f035ab82fda,3,1,1,2025-02-14,2025-02-25
e0afa2fc899624e6910eb2acaa18a471c75cc0176678f1697fd783436b38753d,2,1,1,2025-03-27,2025-03-27
e0b97a9472ba1c25898935ba56a52166768b4b55fcf1cdafd426922ca86719e1,7,1,1,2024-11-01,2024-11-01
e0bb28ee82e9077188a25981676f60512cd2aa0b8a7e3d7ae272905bf6389371,3,1,1,2024-12-02,2024-12-02
e0bc2e463d2797a8f112af88f161dd7a7d4e5790f361a1aa6e30773653391692,2,1,1,2025-04-08,2025-04-17
e0be697d6ffbf0338aeb71536f18298d398aa3e9d3dc2a5abee5bc4f59cff5f5,2,1,1,2025-02-02,2025-02-02
e0c70a46513ccb26cf818c39787cab3014043868fd651f6659f4335c5c8c8515,2,1,1,2024-04-24,2024-04-24
e0dc04c5af58a9300ed2fce5c1fe7fd27011a47ff29a085d9ac78a677e962cdb,6,1,1,2026-05-06,2026-05-06
e0ddbf2846fa5844ed1528d441d121ed172587fba854f1bb9a2aa7996b26f8f7,2,1,1,2023-12-16,2023-12-16
e0e82718da3eb88751c100233a3e9a7967f230a949edacb110d1bb63507888ed,5,1,2,2024-12-16,2025-05-02
e0f0b63613bf1f01c95a6b3c542a3a4a3d5ace9c2d4d607107b0145c2b3be489,2,1,2,2024-09-15,2024-10-08
e0f57fb9a0b77bd82af8261468679e4ab98eb4603d2c6a04f0af047a085d2124,2,1,1,2024-03-29,2024-05-30
e10ad48cb15aacf0476ee20a80e4075aef3082c01ef093da76a3e7940010e034,2,1,1,2026-03-11,2026-03-11
e11550e934f08236111fffae61331a8f394dcfe92b02c03938d55b782ab42222,2,1,1,2025-11-11,2025-12-03
e12a084f9c1784c05361622d29d1fc8533ca574c1a62ef0de57d826526553cc0,2,1,1,2025-10-01,2025-10-01
e12ec42f8e77f7ca34700bde785d8097a8aa3f4fc02dc1c0c45836be825fa205,13,1,3,2026-03-23,2026-07-08
e14ded0e61f3e0c63d98d7da6c558e81789ed8f11afb3fc8e3d3bc4de4af9843,2,1,1,2025-11-29,2025-11-29
e1909645054140522e61716a17a1882b8dd1df3093ef6b1f2cd2b7f43f3a36a2,2,1,1,2025-06-27,2025-06-27
e19b7ffc839880ec9766c77ae9a6d366265bff370d42a7631c7974c4841f27c3,2,1,1,2024-04-09,2024-04-09
e19eb374c15d994a040752655b31efedf275c2fd029ce9ae78a91108d6fa1d46,2,1,1,2024-02-05,2024-02-05
e1b5ff819119b36e018871263c09f7c6910cbbcc7376b208d725a760da218b95,2,2,1,2026-04-06,2026-04-27
e1b72251b6a414a318aa378304c56599109abefd494e45da170affa186e4390d,3,1,1,2024-02-09,2024-02-09
e1bc16a15c1bf8c1bf68aebf709425c8c0ef35801ec7378a8908fde83019821b,2,1,2,2025-03-31,2025-04-04
e1be5a0698a6019a4994bd6d3d1d50eeed11085e781a7c51588fab271826365a,2,1,1,2026-03-11,2026-03-17
e1bed62cd29b475e02fa560196375eff7e0147d18798ce8c6f7529cfbd687887,2,1,1,2025-07-13,2025-07-13
e1c230d0c2ec80210f83505562264c6a5d7ce0d416a324a759346ae640e4bd08,2,1,1,2025-03-14,2025-03-15
e1ca1d55150a3e060de13aff1a6f9ff4560e7e921cc73fff31ec20ffebf0be26,2,1,1,2025-03-28,2025-03-28
e1d4d52881ceedac860697f79986ef8ff9870dd3fa4c1c2abc7dc13c1d8b6f03,2,1,1,2025-12-04,2025-12-04
e1edcea8591b1561360539d172b6bc9718d6e0f827f756478828488b4d09e0b3,2,1,1,2026-05-18,2026-05-18
e202151b5425517d31bbebedc734bcbe3cd244175d0be36d82b8c9f091c55683,3,1,1,2025-09-23,2025-09-23
e203b223c18412a10a3497ba9db7090a89060558ff37b31e7f4e76874d9b55ec,2,1,1,2024-06-14,2024-06-14
e2048f9e57261767be84322f92cc52e1dec17e09cd8c8cd0cb6985460d3822c1,2,1,1,2025-01-21,2025-01-21
e218ee64b9d334324a4e9efb9e195bd50a2581a8ba5716d5ee4bcdf34e9a38d7,2,1,1,2025-10-15,2025-10-15
e240ff6d16c34915c17e0cadaf5f7039aaffbf0c4e3ac419912af8b2a22cf543,2,1,1,2025-11-13,2025-11-15
e24cbef317fd988415a6b1c1c5fc3b6f2c172f88e19723fd9e299e1d9ce74e4f,2,1,1,2024-09-01,2024-09-01
e260cfba9feffb48c080bde99ee9909bb712a2ecac91b5489061d83acb6919a9,2,1,1,2025-02-01,2025-02-01
e2703ef36015a8bf0a5f201e4b422e6467db51ad33223a2306d8f5a4ee4a8476,4,1,1,2026-05-03,2026-05-04
e28790b848746eb0d2fad11e491dadc18a98b092597009ea9f00a2acf6a27927,2,1,1,2026-03-18,2026-03-18
e29193ca293e839bb1cdb18844d7966b4ba503296d73e9d102f3b9f011d5eef4,3,1,1,2024-05-15,2024-05-15
e293788d849c715b6c1400d5b793e6bd7f0f00fa120cdf7def9429959abc017e,2,1,1,2024-04-16,2024-04-16
e29b3226d29b357b98460fcf1310274fcdeb496c4071ac91c395433577e640ad,2,1,1,2026-06-12,2026-06-28
e2a1f99cb88e49ed8012ae093d8c63ff07405d84c1f3f09149f337068ad4a6c3,2,1,1,2025-11-12,2025-11-12
e2a69317a18b9e4a3e9e0cb59ccaa464975d70cd222f27c466f6d83fde152fdc,8,1,1,2024-10-10,2024-10-17
e2adebc1e8080c1383bc7f1d8284241577cf1a2dd09b0452689a6240c4c7a60d,2,1,2,2025-12-10,2026-01-06
e2af018b6505cb164c69ab618c37bac02281924c88891f10cbc7957660e7133e,2,1,1,2025-01-02,2025-01-02
e2c0637ad1609ae596bbb7dff20332470bde69911aa594adef2cbcce0facd080,2,1,1,2024-07-29,2024-07-29
e2c90e6191f26c94dc03ee48fb89e24990ed0f0dba5d11eef38f3dde2cf2910b,2,1,1,2026-02-21,2026-02-21
e2ce5d2c883d10df58f056ad0336b36c0993e69228dde03dde521d26ab6b6c34,2,1,1,2025-09-05,2025-09-05
e2d165dd8ec7e69ddf5d57d222e05cf3c84a82388aa1066811118af79d9bd128,2,1,1,2025-05-09,2025-05-09
e2e5eacbafad7cf471ea2ec9ac74497776b108973b1a9137758b98e8b91ef795,30,1,1,2024-03-18,2024-05-24
e2efae29d14b5db59a93733efa65d6868cb36901c5f20b5c14b2586bb18f52ed,10,2,4,2024-06-01,2025-06-23
e2fcb4a160c021bf68109f65f291b24e004a53ebcf819072d3f7d265bdd5f055,2,1,1,2024-11-25,2024-11-25
e2fedbf1c73bdcaa9c1694396fdf10296495a6880fa815a8f22463f2e4ca23fe,2,1,1,2025-04-14,2025-04-14
e30763c0158c0c8c5f94046ff0c63b9f6bcfa301537948684aac76011d23d3bf,2,1,1,2025-11-19,2025-11-19
e30a76f44f4425053bcb8c3211652213a9ee43cf16098e7fb3da3f3085de7653,5,1,1,2024-10-04,2024-10-14
e310a9fce3ca668ed875989a778dd97d2585a123092ffc09372dc3a86a0aa06f,3,1,1,2026-06-25,2026-06-25
e310ddda8fbf5835f81af1507fd1282bfb8ca4eded8f2af7868f04ad4016b336,2,1,1,2025-08-25,2025-08-26
e3179f8cd7013995c842d26c9e6b59a143730c580c7f8f948da805e5a0e2b237,3,1,1,2025-10-20,2025-10-20
e3355539a41d03bca0056f5369765b0c14e860dcb58d252030bbb11df1dc2d73,2,1,1,2026-03-18,2026-03-18
e341b4fd41494c30716672d57110a36ddb58b91b27a46769a7859966ad08ae38,2,1,1,2024-02-22,2024-02-22
e3463434ae9afdd1256ca7dbdfebf90c9da65fd7d2fee80b7d78f657796a2452,2,1,1,2023-12-06,2023-12-13
e347e3e78cc86d70c66ecf2d0ecdcd6153140490c93b19055f42a5f5cefd6ac8,11,1,1,2024-05-10,2024-06-21
e34e4e97059ac3d55bc0dd9c7067f88c24a33f848985dd8648e86d8ad8fa2009,2,1,1,2026-02-23,2026-02-23
e36140580728951f5ef27c3a7676267f31c74f79fb0d7231441c6bfa5a3bfab2,2,1,1,2025-03-01,2025-03-01
e36439d95a9d415976ed5d8a114037a8024b9239a8bcb2abf497a67c5e31c5c2,3,1,1,2025-01-13,2025-01-15
e3673d7dd9e8b44256734a258dd34fcc4cb1c421ff9e553d0231b9d678f828f3,2,1,1,2025-09-09,2025-09-09
e36c9898e5e0e58ea3ba19eb339d36fc1ee21e7eb003af66a7b719de0b64acbe,6,1,1,2024-11-03,2024-11-03
e36e0c9851dae8653893c44d76d17d0e22c8da4dd9604fc96773f930f640d632,2,1,1,2024-10-30,2024-10-30
e37255e130803a4617418950931f7dffb1e6fed79295755b5317362135ab2ced,2,1,1,2025-01-15,2025-01-15
e3776923de5e83be5641bb15162a21787833797d9c07e3532a90f8a317cc6c5e,2,1,2,2025-07-10,2026-07-07
e37ab1dac3929349fd1cf7a1153700c167345608ab046cc6b3409022afe425d9,2,1,1,2025-03-10,2025-03-10
e37eb6d3b6d2bb9af4082a2bacd448868357634b4044cee47e2a86f19b150f30,2,1,1,2025-09-16,2025-09-16
e387d0978e63c68ccdb2741f02edb009f5b88a3c7da84722bf3ec48f6bb49f50,4,1,1,2025-05-14,2025-05-14
e38ada2f12c9c22a335eac678a5bd6d17c2f4a789584c786dabfe0e5ad866c46,2,1,1,2025-09-16,2025-09-17
e3909c5579221efe1301c00a159c549b0ccd68e4783f4c18650cc8964be7475d,7,1,1,2025-08-03,2025-08-03
e392d2a9669194084a4b9470b3510e3a462c06570eeabb7bda391b705642e602,2,2,1,2025-01-26,2025-03-03
e3932de33c67991c7a9329b6c69d7d8cf9b63af23cba94aa5c25704232534fe3,3,1,1,2024-01-30,2024-01-30
e3b07d5422ba6caa365d44939126f6f5ee4531a7f5b5900782b929947061cb77,2,1,1,2025-08-01,2025-08-05
e3b550d4cb7ca263dffce705aa20683ae5ee5a5eeaf1b8de2fd553c3feaa3cb2,2,1,2,2024-04-10,2024-07-02
e3b7ab10c78d8405536c109436f72d82336025a02e47005be168df2b5a8541d8,4,1,1,2025-07-10,2025-08-15
e3bb47955fbf0cf51a57fd0733476f752c01ff96ecb3e76c4f03de87d7fb599e,4,1,2,2024-12-29,2025-01-08
e3bd807b500bcf7f7e3b26159f1df46e27094d5b9c760bd34c44acebd38fb3ab,2,1,1,2025-04-21,2025-04-21
e3c50c45e26c0eeb00abc32d50b69d9bb3e001495ec3e62961344f6c4a70fc11,2,1,1,2025-09-22,2025-09-22
e3c5303c44dbadd86ef2ee894a7fa44185f0bd6d8d0b4a2edeb366d3e83c0c7c,2,1,1,2024-03-06,2024-03-06
e3c6b411da0e9a6a1068bba8d5ec4b1d8f67861627954e5a0b9b2f51e945c6f9,3,1,1,2026-02-24,2026-02-24
e3ed1a7bbe5ed6df66612ee65fc52a1dfc2ecd4e3cdd7bfa142e8680748a6438,2,1,1,2025-10-22,2025-10-22
e3ee750165edc86b9f4feee2a874e07b025fd0ef57f722e0815cbb32b179338f,2,1,1,2025-06-16,2025-06-16
e3f0a3e386113bb460477523f11fc56eab210748fd406aab7b4a9f07ae9bfb5b,2,1,1,2024-02-06,2024-02-06
e3f2c2621e0ca6711421be20c50b0d0ff50cd782348a9c9e7eaca25ec8c59711,2,1,1,2025-08-26,2025-08-26
e3f6afc138b5578d54af5c19bb868e3196d85518a9e868f0057dedd9a2b53a98,3,1,1,2025-12-02,2025-12-02
e4022c33c75cd1c77c4189a94b146cf14c41e1ff7aced43b911d6a7a044316d3,2,1,1,2026-04-10,2026-04-10
e415276a453076efab7e298197f63bbb22ece1ef944667ae8a6c469290be111f,2,1,1,2025-06-30,2025-06-30
e417bd5e75003e8c09f4b67d02ff466bc8b63a9f2f331d0d8e9bd05d7f7152ec,2,1,1,2025-08-11,2025-08-11
e4256364b477519cad781e8c0785af945dc78068fb53653121bc18e06187b5d3,2,1,1,2025-10-02,2025-10-02
e42602457bae27ef089e3151c6623c9d511a372470397819db19992f48f92a68,3,1,1,2025-09-04,2025-09-04
e42aa5f662e472acfd80108327738b92c6acff965009ad5825af5fa8f185234b,15,1,1,2024-03-11,2024-04-01
e43e9a59c119aad73a2b73949c1102a82a6a55a8411e2be18c582993cad048d6,2,1,1,2025-03-08,2025-03-08
e44b6c53d8e2295169389f4f52b1f9e8b73708cb389e8ae7fccda9fff535e607,2,1,1,2025-07-19,2025-07-19
e44baf14d45eeea1a6f0e121121b0c7a1eeba717f0a1c4ba7560cdc0d5dd0ef9,3,1,3,2025-07-24,2026-01-09
e451f230db606de62139d4eca5425a47b121a09f5368d76ed764ed96c25177b6,2,1,1,2024-11-13,2024-11-13
e46b9fb990e4b00b524aff805b4da1c0d28e72e7e26457cf0020a0ffc20940d7,2,1,1,2026-01-13,2026-01-13
e4750eb2ecea3f6665cb85cbc349748983b37b020ae8d66e4e3380722e3f418d,2,1,1,2024-12-08,2024-12-08
e478323f1cd2fe8676016de8b26c91ecc5659cbc9120bcfa5a1357fa7d0ad149,2,1,1,2025-01-17,2025-03-08
e4899e38767a963c5c1f705fcaaa4fffca7f6b97962cd8e77b5f8b053d3b1cc1,2,1,1,2025-10-17,2025-10-17
e49e7a7c75bfd46588c621387bda3afba78eef6972ff37822ffa8cbf2f80b180,2,1,1,2025-07-17,2025-07-17
e4a851bae9c1c046face88dda6131d18bb672d886975d8a8fac3b2ef1139e231,2,1,1,2025-03-06,2025-03-06
e4aebca765b6ed770ed3b12642b05c65621613855c789be59774588ace6c7c75,2,1,1,2024-12-02,2024-12-02
e4aff7196bd27f916e5dd4975ed7dfdd017542ae162b6c69db5e3d1ad91433c0,4,1,3,2025-06-15,2026-05-26
e4b7f6ae2adc3c3a0de42b29029cd474c3cd2ff1a67d8ba598c3d2b502e2b849,2,1,1,2025-03-08,2025-03-08
e4b98fb6e233c2855769634f058118fcaa1481114d4e1fa9793d98ded7c253a5,2,1,1,2025-08-26,2025-08-27
e4cd53b38052b64a57084ed26812aee9bfe94e6a4bca7c457a7cc7e707cee064,2,1,1,2024-06-22,2024-06-22
e4d1bb1c708b79805feae9ba86012219d460d5e8d18e76e323a9cb0e8f095878,3,1,1,2026-05-15,2026-05-15
e4dcc11b4223651fb4c9ea9d131351e63bb5195bf44dede23867eed76e26d79c,2,1,1,2025-01-19,2025-01-19
e4f3663b8d0774fd71a1ee1d91ec39cef39aaad71fb71f8e2cb414138561a892,2,1,1,2023-12-12,2023-12-12
e501e0ddde4df4be8f9413c7bc47ca7c6886010f65611bd2c3be2a241d023a43,2,1,1,2024-07-14,2024-07-14
e52dcbf400b350b5924cb7c72f63f7907092474d68c76b048d62c9418de6f529,3,1,1,2025-03-22,2025-03-22
e54b8c46abc580898330656d6fa707204b2d45510d33034dc56927ff25bf21cd,7,1,3,2025-03-01,2025-09-03
e54eb15ab005e4381b4dc0486d7b164077fe1cbc19683a403d135993d0b7a606,2,2,2,2024-12-22,2025-01-18
e55619e8770e52441e09c730e966e6a84f0c6148e163a17aed2ce4bb525ce2be,2,1,1,2025-05-04,2025-05-04
e56395cbd9350081b324f102acbbf83230371f1e11adf21411aea73a01b9566f,2,1,1,2026-01-26,2026-01-26
e5722def43775663ee8b11775d25aa9f921d253f74cf0c0d3844776606feb48e,2,1,1,2025-08-06,2025-08-06
e58e53eb6388a3a276b653a3130a98a83c514d03b3c2d944bff243df039df78c,2,1,1,2023-11-19,2023-11-19
e5976865a4324261287579ea0b24d62a56925ab5c5349efc34f73558b6d29b93,2,1,1,2024-05-14,2024-06-05
e5acb045132141bae91cb19d6bbb675efd6388c99c10028febd947ec4b98604d,2,1,1,2025-09-03,2025-09-03
e5b38f66d8a8d969e75465759673e57c4324dd0908af69c1c5b7559216c0712d,2,1,1,2025-11-17,2025-11-17
e5c3d8ee97e40c101a09bb3491c1d2692460c768d33727ccc0c4c3aac14a41ed,2,1,1,2025-09-03,2025-09-03
e5c53598fae0f77637187f9e9fb20e1d0a29879e4608e97d8a837a4968eff3af,2,1,1,2025-01-16,2025-01-16
e5cc9a9020d0eede0c33352c415665b0fc36f89191a80abcdb84b6cc67fb276e,2,1,1,2025-11-20,2025-12-25
e5d0237db659a159b065a78cd074a2c016ec660dd14a57b426e3c0d0d2ee662e,2,1,1,2025-06-05,2025-06-05
e5d1ef51bb9ad2919ae90cc720b4ffe9fb9284f76979c78c8b1c3c55f2e2c64d,2,1,1,2023-11-22,2023-11-22
e5d7b51e90f6c05bf64c070c3e2b2580a02084138f7e665aaf1b3f5fdf190e7c,3,1,1,2024-12-13,2024-12-14
e5da59ded533ad860535b6e18867c04c01e1f600cd5d3e9f370d18811f7e4ce8,2,1,1,2024-04-10,2024-04-10
e5ddf188f6aedfd43a5d6edb67f3b64fb4b7fa2d0a199ef2b89e5a9646ef689f,2,1,1,2025-10-10,2025-10-10
e5df64575f21dd6383fb94f5a2af25173e57e3923fb6dcb871514a9ed3c7060b,2,1,1,2025-08-19,2025-08-19
e5e27eef8916ae8da8bf7022947a61994d0489452dae45d023f87976e2ab4278,2,1,1,2023-12-06,2023-12-06
e5e2eb0a52cdd36e8630f698c54354c181e9a1281f642fe66e67b9f0b36cf68c,2,1,1,2025-06-30,2025-06-30
e5e6db607d8f52ce42dc710caf251459931958f57400d6e6837b700f6a3998a3,2,1,1,2025-04-07,2025-04-07
e5f5347b165f45f535a502a187fea162f56327623ec0e8e51f581faa65405685,21,1,2,2024-09-26,2024-10-17
e5f5af423ae1af4292be86aca52c181da3b41fd568e57a9d420937fa62d0fd8f,2,1,1,2024-04-16,2024-05-06
e5f8f39dc91ac9181160fda825dbc7169c9fa89b8652408fa8dc6f339757568c,2,1,1,2025-03-09,2025-03-09
e601e65708ff878261727d64a6781d28046690a36a567c00c54f406f8d4751a3,2,1,1,2025-02-02,2025-02-02
e60ac084ead4b833229cfa879131b6ac4ba8fbbd65822806061788a1228ad361,2,1,1,2026-06-25,2026-06-25
e622f8386c2cecad5f5e102ad8895ee4f8f9f0883577c8c64beeed4dfd57c850,2,1,1,2026-04-08,2026-04-08
e6287b33ea71dea9c39cf96916a16f342efd53bb06d223665fb19d1023bc3d1e,4,2,3,2024-11-11,2026-05-03
e62f271ff12a44f900b5f25ba756e15f222a580b573aef26b52a58e45d00ed62,2,1,1,2024-08-04,2024-08-09
e6396a4c4a8f4ffe58ca32c61f8b8e7221532da5433ccc6508dc2f63df66b28b,2,1,1,2025-01-31,2025-01-31
e6450531e8a288e48e06cb4e618f75fa5ad5b548e1e8d03700b7dbabd88ef869,2,1,1,2024-01-22,2024-01-22
e64554e76a42eb916be36efb8219e1826dfa5f8cc203b176becd5e3bd552d598,35,1,2,2025-05-23,2025-07-10
e64ecb19f7a781ecaa1611478fd3c9cd52ec8d0d72646b7dc3b96a8d3c3a3f33,2,1,1,2025-12-30,2025-12-30
e65445c262841a7b61689e342796ace8f0e71cd59edadba9edc9d40f08582e7a,2,1,1,2023-12-22,2023-12-22
e673f86aa64d6ffd8a4e2e1356c0acbadc89732b2dcf751c6beff3e17d646762,2,1,1,2026-03-12,2026-03-12
e676bdfbf189d7d525d36294d1ee0abb3f308a8f967bc14f55a5374cc8f47779,2,1,1,2026-04-08,2026-04-08
e67d01db8f969dc1ff756fdfce0b4cc474e18284bb5deeeda5486294225e9814,3,1,1,2024-03-08,2024-03-08
e68c103f4a34902597686caa8f6a80e898f6bd8ce2516ca0d7191455525b59af,2,1,1,2025-08-12,2025-08-13
e68eb555230aa569065181e53fd93f02e4273603f414fca161be73ea78aa55f0,2,1,1,2025-07-09,2025-07-09
e6ac630f8da8034e5d8f743b8696b01d628c0ab0fc4e0bf7cc9d949d68c419eb,7,1,1,2026-02-19,2026-03-26
e6c6241d4ce98bc8e3ccb911141526bd726af258b224c7f1d75e02a1ad431dbf,2,1,1,2024-05-10,2024-05-10
e6c7a08547791763a7887920975a466a2038959fce255c9fe0a7e9072d91b878,2,1,1,2025-03-21,2025-03-21
e6dde8a3993c8f6d283ee3bd5c13bc94abe74dab25942ab4c26a9d2451d7d9ee,2,1,1,2025-01-01,2025-01-01
e6e325a2164ee37528704020201113e49c43435646a6afad74653e5acbb3a9b1,4,1,1,2026-05-20,2026-06-12
e6eaa3c322c85c53ddfc764f8c07a5ccdaf49a633376a485934d9905893a02bb,2,1,2,2025-11-18,2026-01-08
e6f466d03df31a49c420ff4726915ece29511b6ca017abf768d3da32b209c3eb,2,1,1,2024-08-28,2024-08-29
e706c4b459a1c113eb5508f62f94f8a5cf938f292a0b34166d660468e752ed0b,2,1,1,2025-12-01,2025-12-01
e71284b7fe7ea6940c3442de47681acd3ebddec99b4d0cd47b3eef1bae0dd274,2,1,1,2025-08-15,2025-08-15
e715ff2c552af1ac432d81795257c08ce52fc5b06b82fd872fd422c6c6a754ff,2,1,1,2024-01-05,2024-01-05
e71e92f8e08c4d50cdcce13eee908a5ee0ee9229496265278096562782420379,5,1,2,2025-12-28,2026-01-30
e72d9c851b550ee9539c50a8216783eba7264eb968986ab8ae4e9f8fecf1a1e1,2,1,1,2025-08-12,2025-09-02
e737541b62426be5ea6b554c469760ddf4c13e7d2114a8e070cc29c0afc34634,2,1,1,2025-08-13,2025-08-13
e73a9f2b5960ed35444b512e9978bfaa065cbbbec20fbe6a89f6605c92f348b7,5,1,1,2025-07-16,2025-07-16
e745301675a463d8e95c9c57d82c8b8b2ded6ba63739fa232c4c7b7d44336c56,2,1,2,2026-03-23,2026-05-20
e745df7be35c12a66f6952a6291952107e907e208dd278f2db7e04fc48a4ad5e,2,1,1,2025-03-15,2025-03-15
e749f0fb898a7876da7371caa1866abe84492c42fa666ea500aa134d1426c8ef,2,1,1,2025-09-03,2025-09-03
e74ab86bbdecb45bff55fbe8e571713e27c52ff8d01e8be5eddcc716f79c6454,2,1,1,2024-10-24,2024-10-24
e74b0d9157758139680799c96b16cebf6cf5c89e9be1aaf4c92288146278d804,5,1,1,2025-09-02,2025-09-03
e74f047ea683b8a0d53b39ea68dda16ed7e09954af1937797371c861dac5cc94,2,1,1,2025-04-04,2025-05-10
e76945ce8489377948e45757154b73ec889c4c594e4f7d40c8e11f7160521f5a,2,1,1,2025-03-21,2025-03-21
e7743aef06e47c366db692ee6e76b52f5676b5ed011994f2c4bf4c8d2dbe4965,2,1,1,2024-08-29,2024-08-29
e77452a899e710d38a5f191acf1f31d7b18f88ccf52e7aa73fba4a3f555bb416,2,1,1,2023-12-13,2023-12-13
e77f29f91c465d8eb88909eb08ba4f7c2e60ecce8f63632a4e759b62d80ec6fa,8,1,1,2024-03-05,2024-05-28
e7838e380dc2795f8e6c24edd09486c4359e3c3c45e388aa29e986e44f073de5,2,1,1,2025-08-13,2025-09-26
e78d47e984e082b4f1325367f461a2943a2518f4aff694e11bafab527fd6d411,2,1,1,2024-05-29,2024-05-29
e795d4c4461c2009f6f6e5f114cf890d347a67405eb36f8e5112a4fea5e63b54,2,1,1,2023-12-04,2023-12-04
e79abe1edbb116dc85d141a068aff9f7fd8d2015a69d102a671388d41ece8f18,2,1,1,2025-02-15,2025-02-15
e7b8ac23b7f271441fa92b51c57d7addd91f7e67ee9330d4f548c9f0e8720ed5,2,1,1,2025-08-10,2025-08-10
e7bb11896aa510b97ddd6e2c73fd4e64f1b07a6755b0d0ab8954e297bc84d88b,2,1,1,2025-07-01,2025-07-01
e7bbf4de1b735c9d5d816f152ef777cf69184b3e418f4074d59786c1389cf187,2,1,2,2025-04-15,2026-01-21
e7c0fc359996278a85e083510d44d1e4cd733c470d5a53920f28a185ddacb697,3,1,1,2025-05-12,2025-05-12
e7c10eb350de0f35f7f9342dc5abd032a39f2268240135f8350162369d9f0323,2,1,1,2025-02-15,2025-02-15
e7c14964c4e27c9ea8b64b2040b904fa5ce89f566629646ad70fc1cb68df8443,4,1,1,2024-09-05,2024-09-05
e7c3187fa1329a451365278e6d1946228de99635ebcb8567edaf07fa161209aa,2,1,1,2025-08-27,2025-08-27
e7c51606a702326282798622b8b77a57b70050bc6a20dd33a60f76f3ebea1e46,20,1,3,2026-02-05,2026-07-08
e7c77d54ccd1081b47fef16eafb9d1022132f4d31dc4646a74b954ec94afd75f,2,1,1,2025-12-16,2025-12-29
e7ce4ec4a580055b69964d522b211ec4582b7863568096ceaf2c8228398f8185,7,1,3,2025-09-28,2026-01-28
e7defa7316f77d12281f09205311c75720e7b024b4ea713d6ef4d0f6836c0f63,142,1,6,2025-06-18,2026-07-06
e800441b09c78921f487a7e130e0dc70e7ec30fe633a0d88acb6496e271c2e7c,2,1,1,2026-05-21,2026-05-21
e8072a8082e07076eb2c2b4d6909324be7805fe4b4beb4a1ede33f3652cb8f25,2,1,1,2025-02-12,2025-02-12
e8155d1ddaae39e0de1b7b4f584dda1f268f5655ed7206f0031225c34bdf6ef8,2,1,1,2025-09-24,2025-09-24
e82fd730eb3332b91fdf385e746deb03fa64529eb9ec4a0622746699628cecc2,2,1,1,2025-07-12,2025-07-12
e8395599efa4674dbbc25e1407f95f586d9f1a50b30bb1d42f49fda304dcc2ea,3,1,1,2024-05-03,2024-05-03
e843017119356a83b38b06d4a03f8a03631531440939f1c4a854f5601f2f5577,2,1,1,2025-10-01,2025-10-01
e85257a9025ca917561faf10e152726542b0a075473f439343649bf127f0b557,2,1,1,2025-01-02,2025-01-02
e85cd668d2d8d70ce98cdd168f66a3dcb791a616bfe64c1f775953e1c7a0072b,12,1,3,2024-06-03,2025-01-27
e86862d940581332d7500ce5a98964884a1c77c77a550db54d0bbd2889232d34,4,1,1,2025-06-03,2025-06-04
e8691e7f06851bb3e2a5d6041f33b481fd682f71a2b0a9046db0cd5d2c8b89e2,6,1,1,2025-07-23,2025-07-23
e87bdd964484aafecab1502ab4cc0afbc264478870ea9d59d8564c40c3e18dff,2,1,1,2025-01-02,2025-01-02
e890630845bc0f6bae3e86375a69d69bc1c203d77aa2a76e54ef053b1de38087,3,1,2,2025-02-21,2025-04-07
e8931aaaa05a0ba055cec409e3107c5be3f590f91df7419cca9e6b4277973df9,2,1,1,2025-04-11,2025-04-11
e893435ee025eac3cc17de9505dca08835a2908e4f0c8dbf20da812869318b15,3,1,1,2023-11-14,2023-11-14
e8a9208b561b5d0d5bba6c8b86a7babec03d9fa65b8038cf6db10722549d04fd,2,1,1,2025-08-29,2025-08-30
e8aebc9532531af5d392ef1083fc4f5ded7bd45181902243f43389f759de107d,2,1,1,2025-03-31,2025-03-31
e8b7a503a8f66913e8acfc669ecc235aaa9ffc53cedbc926ef86ae03c28962cf,2,1,1,2025-12-10,2025-12-10
e8c40a913e70b5ad852ce132cba50329d9a7d4a9cc585101fc40a61400498378,3,1,1,2025-12-05,2025-12-05
e8c6f3cb7fb535cd42353b7d43f4b38e6058e5a245c6fe2e56639990ec8828e9,2,1,1,2025-03-06,2025-03-06
e8d5f3253a0a41dcbd419b9d081a4c352de3dd19b5f58a450a5a12215e2b7ae2,2,1,1,2026-04-22,2026-06-15
e8dfc84dfa5109d94f139731136ae4e2ceb68c1a1386b51927db8d5941bd0fd9,8,1,1,2024-11-18,2024-11-19
e8ecd8822c2acb351088f1821a8a02a96c9867be395f1ffbb7f17df119b7e770,2,1,1,2026-05-12,2026-05-12
e8f739bf3b23f3f411a3f2136aca4ba15af02c0e05939dd25cebf539afae09aa,2,2,2,2025-09-21,2025-10-07
e8fcd0debbb91f93bcb99a398a3c7cea1ef506bc1147b798953eabdf5616a7e3,2,1,1,2023-11-29,2023-11-29
e9015097392f4cd52e4c525e5028e8a829ab9a0161aeb07d4e40866649d8c5fa,2,1,1,2025-12-09,2025-12-26
e901d5bb06c3aaa05e0f9fd3a1ece365867a1683c6a8ecea7c07318bd5d32f51,2,1,1,2025-06-30,2025-06-30
e9064f8715503bdca9bd22a3bf6989619e397f80d29e30d460df0b3d8ca7c73e,3,1,1,2024-02-01,2024-02-01
e9066c5fadd681f9c07c47e57513ebaa4711369444c71acac6805bda0dafbc3c,2,1,1,2025-01-08,2025-01-08
e91cf1c63f2c1d828d7e70ae626c85dd1a87a6b2bb5b3edd9ef2f8e2a2d84ff5,2,1,1,2023-10-18,2023-10-18
e9203dc59650eccf7cc35bc77f9b9b80ce0885b8176b39dff12b070013a7da28,2,1,1,2024-04-19,2024-04-19
e920bd0e4a7bd4b77f7a4d297ff7234fe7c1f045e869fd336c9375c6e4a5ba3d,2,1,2,2026-01-18,2026-05-18
e950804284ef84dae608479ad41c7feb645c11eff7495dfa4146ca75019860aa,8,1,2,2025-03-02,2025-04-14
e953a649e9bd17004aa7f0af1a488c35016aee61fa1f3ccc3493d6d26362f1e1,2,1,1,2024-03-22,2024-03-22
e95bc757b6a2a59fcf3a2c2ff6d5d9ddedbe741ca4177d6df90b266389655359,2,1,2,2025-10-02,2026-02-19
e9612478d208999471ba0867367d7f99674de1fa33a375aa66026fff5eeda298,2,1,1,2025-04-28,2025-04-28
e96214955254ec2ca2c5a117ed8dc3fbb459eec050de601642fd8c14387daee4,2,1,1,2025-07-02,2025-07-02
e96befb35ee3590a0882d7291897294f93d0b3413193ae6d3e6e1f2d73bed0d1,2,1,1,2025-08-14,2025-08-14
e9881f09781fbe94d57f1aa147131db3aff99d014f739201243313248baa300c,2,1,1,2025-10-03,2025-10-03
e989e49edd54fc90222bf50296a9912bb10e70278b837a5b91b2ef54fdc61225,2,1,1,2024-02-03,2024-02-04
e98b4f2729c732579f9aefd5e024f97c1072049b70410941fa92a970407e28aa,2,1,1,2025-05-19,2025-05-19
e98bb31e4fac5eae9874b144cf8750b354e1c7d91de99d82131363cf0cf6b0a6,2,1,1,2026-01-13,2026-01-13
e995625385d08d3dc7b44c4bb12a1fba6249255aa420b305db2acf1993545083,2,1,1,2026-04-07,2026-04-07
e99b52431cd0aeacb5261f566aad3cafb14dfc6abc81fdb106118e09454c6cdd,6,1,1,2025-04-08,2025-05-15
e9a8e3dd189c915f59cfcfbb84f9211aeea4e06de2e0d0029970ddfc8277293d,10,1,1,2024-07-12,2024-07-12
e9c934cacb6501d510da6313dd4dcf13619174a9e14d48d878cd23a5b7fb5a9c,2,1,1,2024-02-06,2024-02-06
e9cce6824187be67275d8edf3ed16cc16459ec8d7d09d1b6e26eeab55d7a49a8,2,1,1,2024-04-16,2024-04-16
e9d890f8a24131591651c504dfcd3e5ecf23f52553859db5120ff7cb879449ab,2,1,1,2025-10-06,2025-10-06
e9dce010d813afb37f5e8c37626370cb601f3ac0627ead880187fae06cc8bd36,32,1,4,2025-07-04,2026-06-12
e9e4a48266b8d6a08260f43be4b742a3a39525c102c4b3fdc1bcdaee5a5b1694,2,2,1,2025-08-21,2025-08-21
e9ec4527f41a8d07839ae8ce9a48748ea42fea5de68ec11b70a5cf530244fd45,10,1,3,2025-08-18,2026-03-18
e9f7f79e078060a75e227fa138788075d39e322d2b97b26a96906135bdea1508,2,1,1,2026-04-28,2026-04-28
ea024fa2577b1682cf29618ab32a867cf7b87bfe2154ab21b7524791b830e006,6,1,1,2025-01-01,2025-01-11
ea24ff39cb99115b8d60f9c0990028675fea2bd26bb8b1946930a2e0a505745b,180,1,1,2024-04-19,2024-05-15
ea371c817517504427bfbc9edde19ccc135ff31b9714bb92451f68e3a2ee0584,2,1,1,2025-06-08,2025-06-08
ea41f0e993c32c5a0581eb5a84ce3e87888f59f60a9860658a8cd3bf98de2d55,2,1,1,2025-07-28,2025-07-28
ea4eefdcde7c4439c04bad26f586b0488876fe3c67531b6b21c53953521c2f3b,3,1,1,2026-03-24,2026-03-24
ea676944622db1e5c3e7e5d318c8b9b5d0ef7e2c4894b363c8013680dde5fc61,9,1,1,2024-01-22,2024-01-24
ea6aa0d0916490fcfbcdbe6aa66209961ad5b9c01e44fdb12ac59c7eaa76e5ac,71,1,5,2025-04-12,2026-06-18
ea7687e2616b27e8eedcfd0d48d02138ed4682d954fa8703fc6e609cfea81847,2,1,1,2024-04-15,2024-04-15
ea7f6324b413698a158c1acb44c82b08a6736e26814923ebe547b525f01b3f92,2,1,1,2025-10-07,2025-10-07
ea862673c48ac00dbec70b82e761608763ce5d6d2185602d6b892e95260177d6,2,2,1,2024-03-25,2024-04-04
ea8c4fa8198e2d63ed958b56fa5f3d0e15cdc9030d323c7c2ac7a82f99ce9216,6,1,1,2024-12-26,2024-12-26
eaa292fca806876aaf050e44cd46c60eea92f3e231a948b946913e1dd8fd4c6a,2,1,1,2024-06-07,2024-06-07
eabef86cf9f21b0563f8d07951014ec5ae0e1822d1b852fa949c886a92c860c4,3,1,1,2025-11-20,2025-11-20
ead028838127cdd846b70062fc06e4e068a451e85464cecaf17904648a373e51,2,1,1,2023-09-21,2023-09-21
ead6536118bdda19ca7ca4f5a3de8372d8023fea6b24ae317945405a7e74f5a5,6,1,2,2026-02-12,2026-06-08
eada7c3a9cf94d0c9a095b2a1ece93caa8decb1dd36a57f8bdd6a543ca1a943c,3,1,1,2025-05-21,2025-05-21
eae872337aa2d2b6ba92f11a0147b54e0582f3c66dac4aac1c1c12cceaa1b52d,2,1,1,2025-03-07,2025-03-07
eaf5066a96afabaf9a64c96a52391e12b426cdc7c97108a7b0b505482187199c,2,1,1,2025-02-06,2025-02-06
eb144407aff90d2940fb292e5c113754a2f39fb416ef11a4f476228bb97e7738,4,1,1,2025-04-06,2025-04-06
eb15d3689af64adf5d7c3cbf757f6700e30cd1f322fb22fd50e1a362a8edd509,2,1,1,2025-09-30,2025-09-30
eb1cb535d8cdad3afd2c9927db1e2892f5e24987d17dffbfd69cfe1c6958f7d3,5,1,1,2026-01-20,2026-03-18
eb28f2321183958bc2db43801a6d95bbe4de430c9571e1ab592b452b75c9218b,2,1,1,2025-04-25,2025-04-25
eb321e11cc15a672bf4e67e797970c09568392b6b4cda2d265fafd022b984f5a,3,2,1,2025-09-05,2025-09-06
eb3c4ea6ba710a308cf5fb5522fbdda5ef3fb9e1ca15e09db17e85a2fdff4833,3,1,1,2024-05-02,2024-05-02
eb3dbc977e31ca38abc83e07d07dbbee9bc12831d51b44780091557daadd2164,3,1,1,2025-04-26,2025-04-27
eb4325d5894acd0c19d544153844ee7f47f94f4a23cea293da6cb946b75a3ea9,2,1,1,2025-02-28,2025-02-28
eb490fc2962dd5b68b58023e84c83d93fe2633e98c282096a7f8c1bf8c16a9ee,2,1,1,2025-09-23,2025-09-23
eb59c056e70ed851e8828dad44f912ee2d4666091830ec010c9961f5a43e97f6,2,1,1,2024-03-22,2024-03-22
eb5be52798983c56d9e001f5201c4c6008e10cff6748af17c9c19f5bc978b87e,2,1,1,2025-05-01,2025-05-01
eb73e01787f2bbf4f2feb4f9aa44e38eab107398564421bdb448f5498cc52134,2,1,1,2024-11-22,2024-11-22
eb7a06ee42f2e79c6d05a9be4906ce9520ca8f07e382d7a6d10cd029f90eb372,3,1,2,2024-11-07,2025-01-20
eb96ba8b3938dd3eb7dc00d0ba86825cb9b66f266c5df6ac9d005d63891b8ff5,2,1,2,2026-05-21,2026-07-15
eba572f64344083bbbfa0e0c72aa0a86f5e34c11a637fe3a6ac2b0a7553f8260,3,1,1,2025-09-24,2025-09-24
ebb34d8d428314a5bf3718b118f0c6bf03f92379d1d8bc98384fe2c87b90158a,2,1,1,2024-11-01,2024-11-01
ebc852ee7c82f83553f854481146d0610ff9cc541c00dd14818e77bcf0a6d263,2,1,1,2024-08-05,2024-08-05
ebce5e3974e3e0b5d4307467299a3abf59657b67e979dd88a6981a0f30814355,5,1,2,2024-11-26,2025-02-10
ebd137af18ca3a318bcd192daac813dcc9830b58790fb08265cfff031606b2f7,2,1,1,2023-11-16,2023-11-16
ebd6fe8264b8a4c3f43af76e212ab41b07855efbcb385ad8a1d4faad314fbeae,40,1,1,2023-12-28,2024-01-24
ebda46268dd3ee3501c9758b17dcaff02762e2f8a72724c0fae662415c39b97f,7,1,1,2024-04-02,2024-04-03
ebe7a9f520521c5d975ab7c2c6a67c8c840ac0a06e0aaaf6a9165bc36faad0e7,2,1,1,2024-03-27,2024-03-27
ebeb3112903bd6ecda64da55f1d1998d103ec6cb698fb0aa0d93ccb69f8a3634,11,1,3,2023-09-17,2025-03-25
ec422781d0f825be640861b8b193bfd4e8df3fca8fd3446c429676dcaff08302,2,1,1,2023-09-11,2023-09-11
ec449482abcd7750bc67d5652464d561c7f8ae38086dccef4534e10d3eb3b7d0,3,1,1,2026-01-28,2026-01-28
ec5744cb5c60497c8fdb1f6c48bc462a4bef725695100e396efaaf60818e506d,2,1,1,2024-03-11,2024-03-11
ec64819719c6d106bd580a20c1c97a753e8be435b6515140ff734f9680712079,4,1,1,2026-04-30,2026-04-30
ec725cc88198a74433dc8a4d9d6689cf092737537ac8d32dd43a2aa632b60bc4,2,1,1,2026-06-12,2026-06-26
ec7cb2ca5dc8a5e7cf721da62f60ce4bc3b470c1b5383216815776743bd245e1,2,1,1,2024-01-14,2024-01-14
ec82a03f6bebf5249d6f458c159f50bd86157a54c5d14aa8080393aecd251a53,3,1,1,2026-01-21,2026-01-30
ecafdfc48ffb306278ee4b78b1c369b58a4bd18551271853c6a8353cfd6a6f14,2,1,1,2026-02-16,2026-02-18
ecb5494cd3a467f4345001a7a9afb98934e5bfda452974f9c3de9141819702d9,3,1,1,2025-10-09,2025-10-09
ecb687d890e797e05744240bab6d508d77cbdcc3c5d740f1f392fd27efdb7963,2,1,1,2025-01-15,2025-01-15
ecd51951f3155d976decf9c4e05b40cf495b877406bdc6aa1f5f066c4110240d,2,2,1,2025-01-22,2025-01-22
ecddc43ad7a92f967beb198f7027affcda8b93f59b364aa089f54d62539ff89e,2,1,1,2024-09-01,2024-09-01
ececcbfcd6a1bccbebeca5782ead738b27746a9617da1d5aecf342609e6a0729,2,1,1,2025-10-23,2025-11-19
ed05b6afd3eb03f26bb4451b80546c9a8fcb5cbcfe1b48e4302f0c9703311bd5,2,1,1,2025-01-22,2025-01-22
ed068eacc5b1e37b9f224705647ffcee37e9125a3fa75074118c618f2d1f2e70,2,1,1,2023-11-13,2023-11-13
ed0e321c4262adcd3974549c9a9106001f256b1369d91632362470658c8145d9,2,1,1,2026-04-16,2026-04-16
ed30c920a2c927f8ef42d1f13e07578a87b7fb880fb3e3044ec1c7d59370e740,2,1,1,2025-09-09,2025-09-09
ed322f5010215786dccb79b171b6b8e814ccbe76a914bb02e483450f802da4cb,2,1,1,2025-08-28,2025-08-28
ed357ea296ac4660952da26e02cd0c5cb399be7b2f9af3fa1572861a673416d5,2,1,1,2023-09-28,2023-09-28
ed459c1c37f6e626b22d04a99bc764b2fdc01916a667fbb59dbe5b8185f190ac,2,1,1,2025-07-10,2025-07-10
ed50c2146a379efbd587232dded22956f2e531277c916455f12ceb99da1a441c,2,1,1,2024-03-18,2024-03-20
ed6b6ae4bc31e6b4d58f813353a815f833060886cbec74b13e1eecb44dfd4648,13,1,4,2025-08-26,2026-05-18
ed888a76658c6ec2046aad0467ac506b9b1204203d12df0cbe50419ad5c503c7,2,1,1,2025-01-18,2025-01-18
ed8c343d88e11e91b9275c0c18d15f2fe188ae2f9c4190a36841da68c0654eec,2,1,1,2023-10-29,2023-10-29
ed91efb4556b97c26e615e72eacc52583c17cabe641fe4a8ba170ff9ce5d1515,2,1,1,2025-12-28,2025-12-28
ed9203bb007e506975c42e63280af939a9eda01129dd1b61aa322e4cf62d97d9,3,1,2,2025-07-04,2025-11-06
edaaec5678ce1178f56e861e5348a511a8de3a9499cebb8e08d8a52162cc62ae,2,1,1,2025-09-10,2025-09-10
ede13856f4d961f2543ece779ff4d562d3ff6da52a8834cdbf259ba74e96a71a,2,1,1,2025-11-21,2025-11-21
ede2f052c628b529d3d0e3ae08c6516e61149d390de8fb524362806d202b4bdc,2,1,1,2025-05-19,2025-05-19
ede51e991dac23b3a9712ce93a36f3ef0dbcead42f49765146255b70103d804b,2,1,1,2025-10-30,2025-10-30
edeb2e2f8100c6496dad908ead41f18c2279048eef8b6853a039c2f0d0af2db7,2,1,1,2023-12-01,2023-12-01
edf1b367fcca2bce50ce407bc7f352812cff822e3bfc7e70b30f509fb87a03bc,2,1,1,2026-04-10,2026-04-10
ee1b0aa50520d9d66501ab470aac35627182c4353384a96806067ee1f008ea88,5,1,1,2026-02-19,2026-03-26
ee217e406d3c1fa40c20c777760b3674d06ebaad3fa9299e82ecb2e3378c6025,2,1,1,2024-10-08,2024-10-08
ee2f79aea50c72426187825f8ed9f429b4075d2cc6971cbd2fe5c3e8d9ed078a,8,1,1,2024-10-09,2024-10-09
ee3132f95d551c3603fc5f589a81c661393292823feb1564404fd909cd9337f7,2,1,2,2025-10-22,2026-01-23
ee355d1905b97651cf7ff0357dc4f07f24ef151677cc4178caa77086d9d5a312,3,1,1,2025-09-18,2025-09-18
ee39a2e9a67ecffb3293dd2f946255c7417571b2752d1fd469fc4e141e6a2019,2,1,1,2025-10-17,2025-10-17
ee566a1009593ac35f99ba75ea723f743bb9a0167f679a9523db363494eaff67,7,1,2,2026-02-12,2026-06-25
ee56f1950a976e0987395ea3974c4b599fc3c2cf16cbd2d3045c77bd2457ede8,2,1,1,2024-02-09,2024-02-09
ee62ee6bf462dd188c205778843c398b7c614022d1147ee92da1aecd470eefe2,3,1,1,2025-09-06,2025-09-06
ee64b2238813d3148f17930d1774683124b30614a95ce117d57ff29d856435d8,3,1,1,2023-12-06,2023-12-06
ee66b0a9a475b6615c31212f37b7447ff0a8f75460287dce68cfee6b21761f40,2,1,1,2025-05-09,2025-05-09
ee71b7f7f0bcd8792bdb17607028105d30f626163d3610d8a9cb3b044f53679a,2,1,1,2024-09-08,2024-09-08
ee76d2ab4cfff7d346ccb22690d02d371214af76ed6630f1121757c905b6d5c6,2,1,1,2024-05-02,2024-05-02
ee7b628cc4b3c33e5547edf1d3198bfb16e50b33cc0195d1269021899ceee61a,2,1,1,2024-03-18,2024-03-18
ee818698c880c828200c2f2a1dbe84271b63ea23aa7739e5f59b5cd8ec09f648,2,1,1,2025-07-03,2025-07-03
ee87ebbf513fff0b73d10f0dcdb1c59b396fa4a031a454c9f54bc9c673bf534f,2,1,1,2025-11-10,2025-11-10
ee8bece17913f0956dd67387ea8107f730c55109a5678e3e72434c192875f440,2,1,1,2023-09-25,2023-09-25
ee8f93d3fd0de228e046a3ccd194156bef866fac958f518c02c65b839bf0452e,2,1,1,2025-03-18,2025-03-18
eeb4e87e5305bc752787ba0f14c49fcba479a179677e2e3e784289c2da1cb94c,624,1,1,2026-02-19,2026-03-30
eeb6036a0ce1db74b221d7527cef71de8f762c9ccc67ff979e3d5bdedeb58dc6,2,1,1,2024-11-21,2024-11-21
eebf8cecbf3249546683b0f737def14d84a9e9a28a3de106ef51147171e788b1,2,1,1,2024-03-18,2024-03-18
eec2a9438f0500518885a49ed1f3cf53f990460eddb7c9de664b0d5c738beb86,2,1,1,2023-10-03,2023-10-03
eec799b6e0d8ff67477baed2adf76269accf75ddef4b09eb02ffa1927f20ceb9,17,1,4,2025-07-04,2026-04-28
eed1017433d17ac127ff05c100b35335db8d641bbdbad121ebf60222c0946688,38,1,1,2024-04-11,2024-04-19
eed1100d8848d83076ef0a00848b45ed0a23ff3b7a0ceadbfaad3a0e0840403d,3,2,1,2025-06-23,2025-06-24
eee5d8d2bec0a936b0768ca729374068fc344e82f5ae39f92d065f85a8aeeb23,2,1,1,2025-09-18,2025-09-18
eefeae915979255385ab39bb48a76047bdc710dd756297de044ed800b2d70632,2,1,1,2024-06-30,2024-06-30
ef00000bcfa01bf29a53fb0a0764d9f7bd87828ce3f505c8ebeda3cff83322c9,2,2,1,2025-01-15,2025-03-25
ef0ed8e922bff5edc086aeaf9651158ec3dbe3c84d503e2461235e527f5fec92,2,1,1,2025-05-28,2025-05-28
ef0f2ba7310a5f14aa81656e0093fb158f332394cbdcc2edcb0906dd400b7eae,2,1,1,2025-10-15,2025-10-15
ef16bd8bd8e7569506a672f0af3fd770991002bf4022b23feab6ebfb01ce5c6e,2,1,1,2025-11-04,2025-11-04
ef170a6012c8f5b1d7355414e30d16df05d2c04a47aaf0ac0f547639dbebb7b1,2,1,1,2025-03-20,2025-03-20
ef1f173149ca70711a3f4641baa9a6c5cf45fab6f194f6fcc8cca78312934842,2,1,1,2025-09-22,2025-09-22
ef1f76fc1d81b201155d9ec235a96afbe84dc9ba21271f1eaaee4aa2e55aa19f,2,1,1,2024-08-23,2024-08-23
ef32e613ef9d54fd9716ea835f4b0c1ee133fdeeaa780d05f9cb1531583b7a48,3,1,1,2024-10-23,2024-10-23
ef33aa2e3389e74ed9b08ad9ae5731dab78d3e10f65e53cbb7a12d919f54b91e,2,1,1,2024-04-10,2024-04-10
ef4131338d7e7e8fd6201f6eedae5533d315d27a0fb1617f1ef410bc7bfe275e,2,1,2,2025-09-04,2025-10-09
ef5ab717df85e11297c2c672cb9c5f26627d10647e64edd2c79009a04941a073,2,1,1,2026-04-13,2026-05-14
ef5e0e72a697008df7476d248595671a64bd01eaaa574a8dfc40f5adda0b2dbf,4,1,1,2024-03-11,2024-03-11
ef8ff1411cf62327724ef6ddffd8edeb3f349b5b24c911feff4e3c1aa8f811d8,2,1,1,2024-11-01,2024-11-01
ef91de641002b2e7b389b12d14c0e2c15ca6ed2f74a0b3b628daf1f82d5b16e8,3,1,2,2026-03-11,2026-06-10
ef95368af6e531309512e9e926283aa3de2f26556cf6ae3a1608a3730d6e8dc0,2,1,1,2024-10-16,2024-10-16
efa8f0a7890dabadc73d9f6659e6d2fc7ea2ea579f078186b21590bb331fbe1a,2,1,1,2025-01-23,2025-01-24
efaa137a61f3e8f5c4ab81a506b5ab5b954eb0a2b71a1d374c87d97551c9a823,2,1,1,2025-08-17,2025-08-17
efb6931e3a648fc87f1a0869c83670e58c2100ab8ed7def397d047fc0b9025fc,2,1,1,2026-06-17,2026-06-17
efb84b4bea7999e40bfe796017ee91d08c2c25db28e215c41c9a88373a2cf505,2,1,1,2024-08-03,2024-08-03
efc7752d6ba9ef6c3310a0c8f42aabcc7bb88505397034670ff5c57a5a1b0ccc,2,1,1,2025-07-10,2025-07-10
efd2278f30ea95e07697fde17c417ba10e64ee765b918f1f8f13846274a81724,3,1,1,2025-09-29,2025-09-29
efe79c5b08d538383a7b60b0e8bfe62ef71d4c2c648da74aefaf1151b278b8e9,3,1,1,2025-10-13,2025-10-15
efeb96206d5b4998a55df8cf86090799e28b23e25532ef389b63b8535ff783a8,3,1,1,2026-04-14,2026-04-14
efedc3c4182b6fc4dd70bcdb66d8c8307d64ff563386ed5549fa9144703a8cf7,2,1,1,2024-10-11,2024-10-19
f00a2a208885bbc21d97ab0f1213b773b593377ed617cdaf1a4f0becfe7b59d4,3,1,1,2025-08-06,2025-08-07
f00ada106d9c3dd73f50cd00deab41b218afe16d23b3dcdca1e4df97a40932b2,2,1,1,2025-09-18,2025-09-18
f00d338b223169aaddc3bae9758ecf6502aa83b33bf060d2f0efe38f5d67a9d6,2,1,1,2024-05-02,2024-06-25
f01094993a9b2aa21448f4e851d342d5330b394c2ae5cccb42881c4885dee3c2,2,1,1,2026-05-19,2026-05-19
f011f973b0bebb3da46779aebed9dc402ff1cabe58571a13e4871db8f73f4133,3,1,1,2025-08-26,2025-08-26
f013b7cbe74c8fdd618743b9a45230a8afa2b47a5b5f86a92a0ec0a25684c437,5,1,1,2025-08-09,2025-08-09
f01b35b51a11b872c699886f8609d2f5a815ac06318e382f2761137a83b142f0,2,1,1,2023-11-10,2023-11-10
f01c345d0aa3ae516caf6d66ade06890129fab2c673166df39110f1c3fd81171,2,1,1,2024-04-04,2024-04-04
f02c0be0599aa51c8a96c66112bd510814e0675102550338c35349d97b361346,3,1,1,2025-04-18,2025-06-22
f033b43ade2a0b763789a437d4f817ea76c90c93e7952b27169767f3f4ae3e7b,2,2,1,2025-01-21,2025-02-03
f0471fa2a5af2a698d21352215ecf6836548bd7cbcda6b5c59aa57f3b9cf2d4e,3,1,1,2026-07-21,2026-07-22
f04ed2f0976ca57d797ae486119b40c03afea0b287490d7381c9aa399eca0c12,2,1,2,2025-11-27,2026-01-01
f0607a0c06a45147921cd8fefb3ee9fe96ad79a8ee7e812f7c4e57f2ea8e7c33,2,1,2,2026-02-24,2026-06-16
f062b9f913d5046da81953ba1bdbd9870fa47af465a9fff122093462a5469223,2,1,1,2024-04-12,2024-04-25
f06e8ba92edb593d8deb4a929680628c1f64cb154ecdbd3aef1b203fbc4ee092,2,1,1,2025-04-28,2025-04-28
f07fbfd02a5c7c22cdf06d247ff8f7fa1361d4170ed115092cc402f33df17563,7,1,2,2026-02-18,2026-04-08
f081a2dee616623392cdcdc382545d1bb0a659ed31bfb4b6880521d5deb80a2a,2,1,1,2026-04-09,2026-04-09
f08cc1f6c1244dc8926e424c3542cb4b0cdd4ef9dea596e2ce7f2b0db3b1d8b1,2,1,1,2025-12-26,2025-12-26
f08fb3d9c21a10ae7dcd53ed3c276de9321d35efee195bbb477a9e294fbb6995,2,1,2,2024-09-26,2024-10-02
f09695fe43c54018460438e78cb1d6da4f3b4345808bf540164936c6c4a8407d,17,1,3,2026-01-02,2026-07-20
f0a045b5113f0bd0093e765a098a28c498ad72883e9a1c6b1a024ba7089b989e,2,1,1,2024-10-16,2024-10-16
f0ba274a442afd9ebd81ae179e7a321f539673a0374598f63704c8ff0f4971e6,2,1,1,2023-10-02,2023-10-04
f0bd061a3325cfa924fad8ff62f06993c311d4168d1966ab48ab6fedf71b03f5,4,1,1,2025-02-02,2025-02-06
f0bfa0b848fbfad328a4bdfa74c4080b61460984365945f4ac06881073d896ba,2,1,1,2024-01-05,2024-01-05
f0c2b488ab8e6b0ace50af3d765518a6299a1db1a1e448faaf955486d28d9228,2,1,1,2026-05-21,2026-05-21
f0c55519dd3be83fbd044dfaff8c8f932d32ca5bb5495395d39264b74328130e,2,1,1,2026-01-29,2026-01-29
f0cc9bd727de1586b1b8d8cd1b477a43f4f89c7df3023f802a34c27e6aaa0a36,2,1,1,2024-07-29,2024-07-29
f0ecc52f1f6669908e30e832920be32b886af71e5f4174dc8275a0523013f680,3,2,1,2026-03-09,2026-03-09
f0f2f9358ae15a07e9e5aed8a502cd23130d11e9caf0ea704ac086c95265d059,3,1,1,2024-09-14,2024-09-14
f0f454be2250ee5a4a24356a1ad3520d48a52bdef5e1e4e5a10ab1c37a81d60c,2,1,1,2026-07-15,2026-07-15
f0f5e75479c20d7784f2bd65d1b1851a585ffb11404712ca4afec4666208cb52,2,1,1,2024-03-08,2024-03-08
f111bb12f200800a3d78f2a6c79912bff6f3999495f8585b94f093bcdfac404e,2,2,1,2024-04-27,2024-04-27
f11529d3bc1a4664aa6aad95ecaaf42fda9edd41256d92e60d7ce19f03b37f2f,2,1,1,2026-06-17,2026-06-17
f13521c0825e65d1f33fee3e4f8bda266b52cbe840d7807d9c2a2ab26e253325,3,2,2,2025-01-20,2025-07-14
f13d69485afb8a897c27d649b7d844752aa8483f243b4ed9705e75039d9fa7c3,2,1,1,2026-02-25,2026-02-25
f148eec1d347fd919425d26607608f3084a89772c019a2bff4245c59680326fd,2,1,1,2024-08-14,2024-08-14
f14ed3f4abcd6a778cf92d463a8949461e33a068d5a60cc791475b22bef17ffb,2,1,1,2024-12-19,2024-12-19
f156fe44e61544c28ffded2913407ab47674c55bca67737b88a6167cdf155bc7,2,1,1,2025-02-04,2025-02-04
f162de052e70e1ebb0e60563de9c7816feaded141b1bf040621a27729b1323aa,2,1,1,2025-04-19,2025-04-19
f16dd6823147396d4e58d3a2c09218978c1536abd477245fd8ec2e349808126e,2,1,1,2025-09-03,2025-09-04
f18660cb2e32d386cc4613a9a4f37a9c7558332860194eeea6ec36c959b6b9c4,2,1,1,2026-01-04,2026-01-04
f189457fadef12f02aab0999d474065db48cbb2dc2b3abe6326e35e71fd45aac,2,1,1,2025-11-18,2025-11-18
f18b6105d3288bb7d7e0717ffd2c003d4efbd731a1e1b84fb646285afdfaae53,2,1,1,2024-07-31,2024-07-31
f1ae0e56f4bda0840b5b669ac6fa55fa13d160281ee0e461c7d8c8025942fe6c,2,1,1,2025-07-18,2025-07-18
f1afa40f28c1cdf9c2da5e9bada6912289d03f4cad01c9076edae80fff645551,2,1,1,2024-03-13,2024-03-13
f1afd1b43287d1bd3681686bf24ad840da937459561e4b092e9cc2cf6acdf5fb,3,1,1,2025-11-27,2025-11-27
f1becaa2fff29d52ab8f872b6ba27dc38339c1c723b282ab788692ed447bb86c,2,1,1,2024-09-09,2024-09-09
f1d6991a7219ff43042604b70b84fbd5c3250317b100591adba4110eb6e25905,81,1,3,2024-04-17,2024-12-27
f1dd952c6284041ccf69b50f45e30643518a4b043f514a48231344794f6e5871,2,1,1,2025-11-08,2025-11-08
f2066439492f39c80041d8fc997083fad2d6492bcbbf6253403d9133e9ef2953,7,1,1,2024-10-08,2024-10-29
f2109250c332541aa9c375819e9513d11189c37736c280f3f78b574fe8ba546b,2,2,1,2026-07-06,2026-07-06
f21374b442df9dec02cbc56c7bca69553e1624eb1f4c0e42c9bc627a20ddb26e,4,3,2,2025-11-09,2026-03-31
f21eec38a95a0c9c7388c3a6fe579826c131c306e25884ab5268324840ee1658,3,1,1,2026-05-29,2026-05-29
f240a045136cb826bca07915c0d82d66c5d8da0c18db354b12bf931922e6a6e8,2,1,1,2024-05-15,2024-05-15
f25729a4098808acc186477d4e5234dfdbacf94d1eb3a6b7203d4b25af9bb8ef,2,1,1,2024-02-12,2024-02-12
f25a2df002f0a70f751767c3bfc113dcada7bd8363842e50f57605ca39025996,3,1,2,2025-07-07,2025-11-29
f268ff26cf4f0691247b8611755fc0d1dc4e81e6437129906c07360d8241492c,2,1,1,2026-06-01,2026-06-01
f26bb0d641826e97f60a531d7fa34501d7409dc5dd9a094033e9ea6c37d11483,2,1,1,2024-10-01,2024-10-01
f29eff7754ffdc46f574f10b03d8b607d48e594af6bd0a5f301c675f39193e20,2,1,1,2026-03-04,2026-03-25
f29ff60809217657cbbf3263f16edafd84bf7ef56b39dde94624bb6e0368ab52,2,1,1,2025-06-25,2025-06-25
f2a430caf08d416e15793e9a638203696a74cfab0094f7645e9a57bfa9c8dfe0,2,1,1,2025-08-05,2025-08-05
f2af90d28d929c45af52bafa86a7d696cbd23db8bcfb32b2e4f3aa916d2d7afb,2,1,1,2025-09-16,2025-09-16
f2af9fab04023d126561ed0fb0bf079a9b36c9822e697279d1001790902cc408,2,1,1,2024-03-12,2024-03-25
f2b7772d626d5b7d62307ac93d4d59013a8860bee79e73d2b00266eab4afbe9c,2,1,1,2026-05-26,2026-05-27
f2cb0e49ad7a3d984555f597af27eeffdbc4fb2ffb31aab515aa410b27da242c,2,1,1,2024-09-11,2024-09-11
f2cf5f96cf59808de31b469831072ccda69abc03405f99f2a5026e360259a267,2,1,1,2024-07-11,2024-07-11
f2e8f7a57fb8f4114d8401be7af6e379cdcf814c1df269d6653eac41500779b7,2,1,1,2024-05-13,2024-05-13
f3022552aa37a6df92a9c134e874114fde51d19536e8286bf51c1d1c36aa2d94,2,1,1,2024-12-02,2024-12-02
f30451fdd472bc0a95245c5e9874d8f7ff9ffc12e74d3e1d6325da6d76381ff3,3,1,1,2026-05-14,2026-05-14
f30b2c7d59db4d12f9c1798bd58dd9e843be6f876e6693bc7ce9a7729541bd1b,2,2,1,2025-01-30,2025-01-30
f3104f84f0e5c7cc6eb6fa2501ab8a6aba29356358c5778baa13529d29b65475,2,1,1,2025-12-21,2025-12-21
f317ecffade18ec13ba9ad3109f1f50404c7082662f8b395e0557d7318307f14,7304,1,6,2025-04-02,2026-07-29
f3321d4acff4aa9dd6336b0d608da97e48a904ebf8b6f9e81b15c1f409c66291,2,1,1,2025-10-14,2025-10-14
f33a54b6483bd7bec276cdc064f29448dbfb1a9ae7c353ec132a17e63b4bc9f6,2,1,1,2024-02-23,2024-02-23
f33d7e0afc9faa78f6d391a46248b84b6e9b3bf36ecdf52e7c64d314ef7b0d43,2,1,1,2024-12-12,2024-12-12
f353da80cda31158953625b4fc9f4705f408ad75a5468794b73a26406fa06d6a,3,1,1,2024-04-15,2024-05-20
f35c122be1c57b9e81807ba7559958148ee3d0b7ce430efedd810e09e5e21baa,2,1,1,2024-05-09,2024-05-09
f35d661b41310809f3e7996e7e09a76434ca1bde9b4a0d36180ad95914e2ac38,5,1,1,2025-09-04,2025-09-04
f36215fb522afdcbe732bac5d193ffb719ca66beff4f3e0ac544b7b3377ac239,2,1,1,2025-09-23,2025-09-23
f3773e45794a852befde24cf1077ec99da237a911468da43fa22f82028ead9f4,3,1,1,2023-09-14,2023-09-15
f37a3746ac9991905df8e8a8566fe5b64419156319e9708ad1f8705cb99b4806,3,1,1,2025-02-24,2025-02-24
f37a42a0543279e9d025b31506e652c4039d3f67ac9e454a233c615a56d7aa20,17,1,2,2026-06-24,2026-07-27
f3863b9a6bee818ddb6580a34216a07fe1b6618d3ebada3e59f8059ca940f517,2,1,1,2026-01-07,2026-01-07
f3bc949dcac525e31d67cc9fe9a9fec0dc6a5186e57ec4d78ca2bee144a970be,2,1,1,2024-07-11,2024-07-11
f3c6ba9f47001d037a4c3477d1b9986e4b0e9f232dd3c3455fbbe65bbb6be0a4,5,1,3,2024-12-18,2025-04-22
f3c6bc3953eb03bb55e031bb798cd3537f80b4490c085c925ad20e99982473d3,2,1,1,2025-08-28,2025-08-28
f3d19326bb8c28c3c164aeb17461e03bacda167bff4ed992f2345eb35d311f3d,2,1,1,2025-02-01,2025-02-02
f3e3629994cea614151f090035992574102d139ece035b960cc7a54b06da8a7c,2,1,1,2023-11-21,2023-11-21
f3f45f37c6231d1fc71817a04f0533d70a4bc129432763c8efcfa5cfb7b68a9a,2,1,1,2024-08-22,2024-08-22
f3fd9ccc64fc3d2f2269eaa3f1045eead9a930e0c50121357c2072d1ea0dd891,2,1,2,2026-02-20,2026-06-10
f4121342605d7241617eeed16494ca205144e3e95a9ed0df891c35fde8bb57fd,2,1,1,2025-12-02,2025-12-02
f414972b45ea89f0b9ca548d0d3cf8f4beb90c2c365be5d371549b4ece5a383b,3,1,1,2025-08-18,2025-09-18
f41c7f4ad4abc5820d9c94f34a479ad5ebbdec1073317b10062eac636706f6e3,12,1,3,2025-09-22,2026-06-12
f42c909365bb994872dce15ae96ed9ad14cc520fa55c56897591fa6caa189bce,2,2,1,2024-03-20,2024-04-18
f43e8bddb98380af932b9aee95ae7f0468a3fb7a75d2fd0d7c271c77f0324e9a,2,1,1,2024-11-16,2024-11-16
f4487dd099add95b8c2aa03f562714679ddc3c2e868c291924dfae2d617c1ebf,2,1,1,2024-03-12,2024-03-12
f450cda9a9b39b69e094e360fa39f8d7606373882fb46a39a5b06454068c6bef,2,1,1,2026-01-26,2026-01-26
f45b5187004442077c402e29e2d48581c0467429ece9b9cd81bf4d4315cd62b9,2,1,1,2026-01-08,2026-01-27
f45da0eb83d89de71070d148b977e1b9eb9a29059633f3e14dfdd88b75289df5,2,1,1,2023-10-22,2023-10-22
f4707a1613dcd1a9ce8b290684204fce7ab93928001f47892c03220a446d9e2a,2,1,1,2026-02-16,2026-02-16
f491c36833c6936db380f9d7bb55deb94fa345da8a0d30942b9187f0b985003e,2,1,1,2025-06-17,2025-06-17
f494cc6335cbe70e63954a21b163c2b6501e81f56af5fe49771b788ce45a7b90,2,1,1,2026-06-17,2026-06-17
f4b0a2473403252838dc37f5c5c7c60aaf9cfbc42e54e935d64449dc61e046db,2,1,1,2024-02-09,2024-02-09
f4e0cd1dff51926e0e4fdd68bacf0c79b1ab099a20a57f01ceea0e6d52875eff,2,1,1,2026-01-19,2026-01-19
f4ff77a76cdb738436409f263f10df8609a012cd810089f46440fc559bb483f9,3,1,1,2025-07-30,2025-07-30
f51a3208dffdfc1983488515ba53dcd2c4783874126b3efb166fcbdb34a867db,2,1,1,2026-01-08,2026-01-08
f520920b179460c353917d36178b2a471e97f1313e3ba899c5cb96670c141873,2,1,1,2024-07-30,2024-07-30
f536d8f00eda2aee7034efcdb8c5b424c2d974773f0e2e3f8505a20983822562,6,1,1,2025-01-24,2025-01-25
f54584ed090c529c3da84766bd53a5232862d25c0ebf8a377d3f375224aeba37,5,1,1,2025-09-02,2025-09-02
f5543e7468c18d1f380b62566e6363217d3dee4d79608e3493e710d8950dea4f,2,2,1,2024-03-08,2024-03-21
f5573a23afb987c979513d7a69f187692a13baeff6443666e03cd79911876cca,16,1,1,2024-04-03,2024-05-15
f55b8c1edf3e5287cb622fd428c346a127127652d011c1e2b6c9a083cd95b1f9,2,1,1,2024-01-14,2024-03-28
f55bd9e14dafca94ecc1655df2047e92a34674da4342eb100370b1c2b409c2cc,2,1,1,2025-07-25,2025-07-25
f5695174cd3b242ecd5bedaa4553a4f8027e667c1b6c340db504a3a22b7c77ee,2,1,1,2024-12-05,2024-12-05
f56a8490933f8f1d943b9770957eb810f65e5609b898855b17297f2187bf6ce4,2,1,2,2025-09-11,2025-10-01
f5762724c59fd80b342b8d787afeb747efa4356539838b0e18a75b65e3fd3614,2,1,2,2026-04-06,2026-07-08
f5781cb4c631f1e4b992a8a8219d3c54db5b3aff7acb361b0479a79358065478,2,1,1,2024-05-12,2024-05-12
f57cb2c2b977642b2923dd180eb17555e7b48c1936d05160acdc905284318e72,2,1,1,2025-07-24,2025-07-24
f58648bd3ef826b741d61bc72f1ed8bfcbc326c5533c85ae9ed4152ee51c40f1,3,1,1,2025-02-07,2025-02-07
f58d6abacda9e63058e2e5819ab4dc0b1f1fd2b18a1745b40b99b354339576bf,3,1,1,2024-09-03,2024-09-03
f595f64a500a1d89d036a8aaafe0091b8b2f3df7b62a5b3a70b87764a3fb1f74,2,1,1,2026-03-03,2026-03-11
f59e4fdf6c8f6235c55551d5da8b5c76f9a133da3ac3d128e7899e16ba5a0fba,2,1,1,2025-08-26,2025-08-26
f5ac64ce6f7f1fe72a254070e70618996c1177a773f5703c787cf5b0d339df1f,2,1,1,2026-07-13,2026-07-14
f5bd71c4c58de3b1eaed12abbf3aaa77d8bcaa6c63ca3f572b68b90b4a2f6e64,2,1,1,2025-11-24,2025-12-03
f5d26fb73561aebebfaaef0d617b70c1a232c70dbdfef7811e5ed64e7ea07b95,3,1,1,2024-03-13,2024-04-10
f5d9279d98b2cd583c29ff7539a90a6f1f2b26aa7c94dcaac13e87a96516d4c6,80,1,1,2024-03-14,2024-04-06
f5df9db29ffadee1c94bf80959d02af330d491cd82215c8cef4edcdf1c2106cb,2,1,1,2025-04-10,2025-04-10
f5e8a7b6451455f758f981c0ee384649e6650e0ad340c3740e385db46a604fc2,2,1,1,2024-11-21,2024-11-21
f601ccefb33d5c17f9e4d0da9e8ddc11f9f37970d80c690927b0a7fd24cda249,2,1,1,2024-09-01,2024-09-01
f60c7297fea6f1bffc8cf77def4c5cea53dc0aa0413b94506ad955c221a46411,3,1,1,2026-01-28,2026-01-29
f6260dbe2871812fc5ecce1295bb6e883592cec05791a63bc1137ed753fc9dc9,6,1,1,2023-11-10,2023-11-13
f62e24a8f14735d3b4425838fb52a5f53be073835cf50d36ac0b106d897b27ec,2,1,1,2024-12-26,2024-12-26
f633514de240e1428e6fec3e6a8ec0b84bed869841393aca33a8f43e8b4dda82,2,1,1,2025-09-15,2025-09-15
f64358dd64987a44d67666e997657dd6ea73862071326b7ae1f9a5964951a5e4,2,1,1,2025-12-29,2025-12-29
f64b3063b0361dd2a94a02be6c0ea9c7392a843a34b7217265f26414ca6dbab6,2,2,1,2025-05-18,2025-05-18
f6589076b0488d317045e6963c69c1776e010f1a7137627c5a814aef00f5303b,4,1,1,2026-02-09,2026-02-09
f67c1657ae628793707cb627c29f362e962ae9e13e69e6a118ba0b6e6534ccf7,7,1,3,2025-09-02,2026-03-26
f682e06e6b41fd2963a098abaf9dc2eeef8d148fef886abd04a00bc18ebe5dd9,3,1,1,2024-10-28,2024-10-29
f68fa8aa59b32cdeba7c32ac41c4cdc09730c4f349f8edb3c321daf5f337a63f,2,1,1,2026-05-14,2026-05-14
f69b3f1de6d0a056d82f5323a92833056b205cf50c1f15db8cf4701867f2afc0,2,1,1,2025-10-21,2025-10-21
f69cb8b0aed5f9d126863c12a67ff29727d1066207637443308577ccc47b7df8,3,1,1,2025-08-22,2025-08-22
f6a180dfc0a524cf6bc68373534cec5e216bf9a3814884a33cd4e1dc93e086f8,2,1,1,2025-11-08,2025-11-08
f6ab68c5a88557c8a90f102b5219bcc464da1eb15a418013494a8b7f44a7a8bf,3,1,2,2024-09-22,2025-07-28
f6c212091e3359ec8faf89986ed17fb9561745df314ecb06bc99534db5f58bae,2,1,1,2023-11-14,2023-11-14
f6c5a237f59d7e1fcd88c37228c867d33ed5baffa347253664769afbb703bfdb,2,1,1,2025-09-19,2025-09-26
f6c7f9a44276c00e3f1bd4dab22bc69e6876437ee6976025824a2c6394dca66a,2,1,1,2025-09-23,2025-09-23
f6d234f3afd3e7c196bfb2f81b1984c313f7602efee8b783f422d4e7f53c122b,5,1,1,2024-04-23,2024-04-30
f6dbe4de7e0c345ec103388816a0ede6b9478f888d1bf33aeb6a54b3f8084ea5,2,1,1,2025-01-22,2025-01-22
f6e132cb92fa562b7593c9d65f0109e83f21bebc42406edc8d979bea86ed1b81,2,1,1,2024-10-04,2024-10-04
f6ecc769fdbb584e45cf6faa94c9b292f9e8b04da9a9c1887c71cf076eb8bf43,2,1,1,2025-06-26,2025-06-26
f6f894fd128a21a78b3ee04e125a0d213f5a8252a13d7c89907620c05e65ea06,3,1,1,2025-03-25,2025-03-30
f6f96bec47caaf65473f7e5d9de1e59f47c6c45ee39dd629649aa2213c8bb0f4,2,1,1,2024-03-20,2024-03-20
f7170c2d79a36ef06bf523f4bbdc6a5e90d6cd646ba2fbfb83aad3ef47d586fd,3,1,1,2025-09-29,2025-09-29
f727e13cc2c70e60493d7449045d2d495c245e1796e89a59529dfd71b969e1dc,2,1,2,2026-06-30,2026-07-01
f72d02bfa8164973df4fc2b389bd93339c59a906e754913b466653b1abd84829,16,1,2,2025-11-24,2026-02-17
f72fc98f9bd7ed32d4cea1bbaca1da0fd2831b124e0115d75b6b1b8a8c2246ba,2,1,1,2026-03-18,2026-03-18
f732b44f4852aa7d26687065ec44737933e0018dcac53c421e08691ec9cb82fb,2,1,1,2025-01-17,2025-01-17
f73bff13bd028ef64abba269eeff1b812e3a8131908811e8228c5a5077e20441,28,1,2,2024-04-24,2025-03-05
f74a7bae528e46c661d85a3e1205cbe60ba3f163a93b3a02c9035279ab834037,2,1,1,2024-11-25,2024-11-25
f75224e4e9d08ae8f86e5b347f19a4f993d433a858f57822463f23212f951caa,2,1,1,2025-12-26,2025-12-26
f7525b077b86665a73457cdf6a7de03af8f3ded7681aca07b4d0187e1c8e4833,6,2,1,2024-03-16,2024-03-16
f7646c97884e3296d5724ff6a429cc035459a1b5dcda7cb6b3f0030f6842d1bb,2,1,1,2025-11-03,2025-11-03
f766086a970f8609bc9b7a83e3599abbd0ef6a76882dbc9862ed833609a4a908,108,1,1,2026-02-19,2026-03-30
f778c9816009dad32a08c0287e04f20646dc6f7298b6fd5002ab57114e04ee82,2,1,1,2025-11-12,2025-11-12
f77b2c6ef22dcff0b266b087f43449e0bd2267142db214806baad9d9e96132ed,2,1,1,2025-05-06,2025-06-13
f77dc604e966fb2d1f510cc29df084646b30951ba73246b323e32b0d44a0a092,2,1,1,2025-09-12,2025-09-12
f781541ee83614ca85fed53e7fd7b03dd0fbb349a253b991be97c5ab48dbcb58,2,1,1,2024-11-10,2024-11-10
f790cc065e0fac4ee5ba450a180e652d5042340bde118d722b3cc28ee5123f58,2,1,1,2025-05-23,2025-05-23
f7a5f5b3f88a7b15188e3851e310ecefbfb6e950bf524052fe4febbf58f72fcb,2,1,1,2025-10-13,2025-10-13
f7bd330de46fc6a139ad988f763b7ceffefab595d38434ab5ebfae089bc4681e,2,1,1,2026-03-18,2026-03-18
f7c386c504b1db4a63485c6d8ff92a1295664d2aabc3ca277c152b041c4a18e3,3,1,1,2024-10-10,2024-10-10
f7dbed177b856c74f53bacd7aa5c0fa1246b755c44338ccee78bbc8ccb837931,2,1,1,2024-10-23,2024-11-07
f7fe1608bafb9e852ae69b3da7126b64eeeaa6798033dfa16800463899ec9a07,2,1,1,2024-04-08,2024-04-08
f80dbf008f0415674fb3ee9e62219e7a7b11ca890fcc92e23b18c69a08d98992,2,1,1,2025-01-19,2025-01-19
f8104edecb2be103fc461473b159ff06feb9145bd07577d5900bd9e2089a6ce1,11,1,1,2025-03-18,2025-03-27
f8549b39a443af7d73c53f96dbd407a3b08db635e24df0c1f580fdccbae3ae2a,2,1,1,2025-07-28,2025-07-28
f874552dc9c5f0f3852bb9e9577b87c5a64727ea96fd0f0477c000f7fcce9fe5,2,1,1,2024-02-06,2024-02-06
f885dcfdafe0ff62d3230a595268a4b51c5bde5f67d73999b758dd14ab926509,2,1,1,2025-09-05,2025-09-26
f8a597781c231c34564813a5c838226d1567a991772943bf6647ca4d8760b5fc,2,1,1,2023-10-30,2023-10-30
f8a7e8085a14ed7bf12bc007124680740b08a450eea1586126933974e1e884bc,2,1,1,2023-10-29,2023-10-29
f8a8dbd3dafdf17e9010a53e220bda34dd7fdc260cc26883b8732146614b46f7,2,1,1,2024-08-28,2024-08-28
f8a8f6b3c2c346496b37f7e1d522cb90a01672142b754b7ddba048951ea77597,14,1,1,2025-09-24,2025-09-26
f8ac30f957ad221d8a08e2453f11ba87bdb81c1ec95d74d26825350acd68786b,2,1,1,2024-01-02,2024-01-02
f8ac9dbfa93e3d7fd47250c40fcf326b6aaa0b90e100d456a0223c30680c4dba,4,1,1,2023-09-12,2023-09-12
f8b576529a02cc528ec2397bd623f0d70eeead8be77ed2c1dcf8a2d08a22f3fa,2,1,1,2023-12-22,2023-12-22
f8cedfef9b0452a7aa2be221b16d62259e0271924886c43c548897461b673973,2,1,1,2026-02-25,2026-02-25
f8e35fa565f8e82212e6693f21d590f8f04ca9c59999318f05cdd767007e13ed,24,1,1,2025-06-02,2025-06-05
f904abda5f20d1c76e52bda5a5fd21fdfaffe55b3095beed8d4e83bd041eab1c,16,1,1,2023-09-12,2024-01-03
f911247bd27c984924b985153b3763c23c2e268d41663180177e237ffa76bcf8,3,1,1,2024-09-26,2024-09-26
f9136a0ffe9598af7341787c245d84f0fe2e517489e7a339887f0b5cc5e05a27,2,1,1,2025-07-28,2025-07-28
f91c431ea822885f8e596e3c1e48b1ce4de4d2ae619d3329d5e68d4bcbd4e7ab,2,1,1,2024-02-09,2024-02-09
f92cb1196af5d5928451bbc93efe770b3f8b4930d1c0eaef80e09cf732964d43,2,1,1,2025-08-29,2025-09-02
f94fb119af04a80a0d7643c85a9b8ed5e96b07928308d5cf615fcc5c9b33a5c7,8,1,1,2024-08-08,2024-08-21
f9596875ca5ec788f3d140653de060b9ca2d2817b649f994138025d904b22d42,2,1,1,2023-11-23,2023-11-23
f95ddb3fd1801b675ba56f55da3616098558dea4efa2bc8034404433a186556b,2,1,1,2026-05-14,2026-05-14
f961cb15faf14aef53a5d060469b548c7bd66f7ab37ac19496a6dbf725c512a7,2,1,1,2025-09-02,2025-09-02
f977889bf9ea483fed1bd0a6f861e4fb52e0dbf0f378020fea509c15fbeb683d,5,2,3,2024-03-17,2025-07-03
f97b5d3e58379939c7b36bd3cd2879b55eccd42e729b89f67755dd1bf7625dc5,2,1,1,2024-12-29,2024-12-29
f97b5df66fd7924572e3c7035a1d94b25f94c0b601db4b70e196f5a8816ed2ec,2,1,1,2023-09-07,2023-09-07
f99471b70c3c39d8e811d0de74ce0a8806152927e45d9a68dd3d14c839a5612a,2,1,1,2023-09-17,2023-09-17
f9a717498842a3f1799878daaffa19e70779718ffbc2b5c4fe4c646fff7000e6,3,1,1,2025-09-09,2025-09-09
f9b25739c6dc047f7fac5178c330f4711754f073faa5d5374d8e86533d87d99a,4,1,3,2025-06-19,2026-01-13
f9bcfa561cb8cc20a5b32f59fef93c0ba31b9bf51f49b65b0bc38c7c8e35fe6c,7,2,3,2023-12-26,2024-10-18
f9bd9ae2d05f70897069f7fa3dd0fa4339dee6d4eefe6210ade015f4142b90c9,2,1,1,2023-12-11,2023-12-19
f9c1168d631b74bbe93b4c8ee05fb25cc73b8aa306a7056d5778f799d4e697c8,2,1,1,2026-04-07,2026-04-09
f9d7127ab8372e8f276793190cdf31e26896960c1b275e4df013f7afd4191d68,6,1,1,2025-09-04,2025-09-04
f9d8c29408efa502db14999521d8db79d5aaa957d755b0dea98184f71e63c9c9,2,1,1,2026-05-11,2026-05-11
f9ece2119788efa075f0413c820e033ceb8219e44ba758caab9cfb2069e3fa05,2,1,1,2026-02-20,2026-03-05
f9f0088931344ebaccd96d849cd8278687a85c3574626a0ceb3f36129575f5e9,2,2,1,2025-11-25,2025-11-30
f9fb2001d477f2495b0052ce165e3554285a6e82b4500a5064f4690bc4f56c4e,5,2,1,2025-03-13,2025-03-13
f9fc7bd5ad1f4e098d4a64ffd17486971e84abc206b69aea75da0f2cca49c79b,8,1,1,2024-01-17,2024-01-24
fa0adbad72624e36a03bcc9afd3ec4b60122bb368b18604008af48ba9586d013,2,1,1,2025-05-30,2025-05-30
fa17fd224a77284605be4adecec65d4ed6f5967d976d78740d36e134559b1805,2,1,1,2023-12-05,2023-12-05
fa278e1fb9e0c80465e9bcde9dc0ef6102cb82497b675d19b55af92d1628944c,2,1,2,2024-05-03,2024-12-13
fa2a7f8ac5a55169bf5c03851b0df09c831f58f5f1b0133808380ea1627faa2b,2,1,1,2025-08-26,2025-08-26
fa2c62955eae6b96620b08a7f78cb976cf85bf319e3f285b9e316e02d324db06,3,1,1,2026-06-01,2026-06-01
fa309b1e577d4ee001a7755bb4481ced52d082ecfa6a40bd8df920846571ba98,3,1,1,2026-01-09,2026-01-09
fa373c8e25c9399013765f423d73e3013dd44b17f5e3d522b558102d76f4e4bf,2,2,1,2024-01-22,2024-05-02
fa3b719cdd4b8ed8982ce2b36f137ea4a34aa6966b8d4540a0b0f31996cadc0a,3,1,1,2024-11-08,2024-11-08
fa3bb437421cf2af959c599b4d41fc2e8d1e21338cf6e208e66a869dcffb0f50,2,1,1,2025-08-31,2025-08-31
fa4186dfe7a1cfc3eaf1bbd40cb720fa82677299c3c72c236bd844d5db9dad21,2,1,1,2024-02-21,2024-02-21
fa6560df57559cd0e873cd133114c67c9f6bb8501e6d0bf663df8daf6fc2f0db,2,1,1,2024-01-02,2024-01-02
fa73f31c3e02e64e503e66b2ee42eb8401ea7f66f1bfcd6b55140c896e4aee16,2,1,1,2025-02-13,2025-02-13
fa7a82a47c6ad7b8961b7022e8eedd7d37a7ae721047cc961ac902e325f616ab,3,1,1,2025-05-13,2025-06-02
fa7dbba62c60eab55ed7fd198d62a5664bc76cfff98c4463ca5969f1a278d318,2,1,1,2025-02-20,2025-02-20
fa9c2a99671742429fb57d7df6e34d585e729cd50f4f045da7a5fc2bdb353a03,2,1,1,2025-02-04,2025-02-04
faac694c82ddb98e4f909b3bcec89c998fe12b930a898ea50191cc1587fdaf98,2,1,1,2023-10-03,2023-10-03
fab09167e628659a00cc54f38092000d45a9ff04a33b038f50f7a0e3f9dc86ad,2,1,1,2025-07-29,2025-07-29
fadbe20d85dde11d4fc0e8b167a4ab88e37792b3ec3ec865ab15ac10915042b2,2,1,1,2025-10-03,2025-10-03
fae5d4c2ea8df0e4894803a791921fcd70f502cc34b3f40506f1e65bcf212222,23,1,3,2026-02-18,2026-07-29
faea1d152a52a335a9d54eced02ec2db4bfe5b9ea7f6162e28cecd2a2ba31603,2,1,2,2024-09-09,2025-07-09
faf9ac3a19d3ae4176c28fbd13d413064b884fff00320d907958915efd35b8e0,2,1,1,2025-01-18,2025-01-18
fb02049715478966265081f37f7f0402977f58ec52c3be29f21c71204b65edc9,2,1,1,2025-08-05,2025-08-28
fb162c2048ffac69f5dcfc0b489683c35d01b0358f04c33c386269070f75f86e,3,1,1,2025-09-25,2025-09-26
fb1d8789e04059f714690497a2da114c1940662ce79bbb090ac29d5b5dff57ef,2,1,2,2025-08-26,2026-01-09
fb2a4229933ce51e1c5921393ee2d09919ee8c7a962495c6bb0d29dcb42f7d6f,8,1,3,2025-10-02,2026-06-19
fb2c6b072a678c5cf9316ea1a91825438be1e1364c55210a246cf658b4f1b497,4,1,1,2025-06-10,2025-06-10
fb34580eccb8151f013a330de86d171eb66287a8cee5f292adbe0853419426da,2,1,2,2025-09-30,2026-03-03
fb35112346f54f82e2e571e8240a026ea2832ca954892ddd8a9d3577ef251ac9,2,1,1,2025-03-06,2025-03-06
fb3b4cd2a084e86fdc351eb6e5f601b667da2973ffa7c9fa3ddb12f01055f566,2,1,1,2025-09-24,2025-09-24
fb3be44d6048345547d4b4d4a07c809d3ab4bc5b4580e5d2500384f8594999a1,226,1,2,2024-06-14,2024-09-13
fb3c49698d768706b167e1b6716f3476945b34b54d7e69c9091a8169b0904807,2,1,1,2025-02-07,2025-02-07
fb3cbce31f8fd0a96399d7e466ec473a4b80235af2c9a55245f3509b93bbe548,5,3,1,2024-07-13,2024-07-14
fb522e34241b9f3560d90e3c8889acc67baaa54dc2de6f255901572fb159f755,2,1,2,2026-02-03,2026-05-11
fb56acfba97882b213ca40d19068da8eeef03872c50e374c449bd27777a46a2e,4,1,1,2026-03-02,2026-03-12
fb5edc29257120c39186d338762873c5b039dea3906ae88da562b36ee42d72b1,3,1,1,2025-06-27,2025-06-27
fb6254a2fdfb0e1a6807a893430f8bd4b03cc5ab4bdb5d4b99ac753c8c0e3238,2,1,1,2026-01-13,2026-01-13
fb67cc638a95edc51c38d0c585da8681642028fc282290e363a918948cd1f1a5,2,1,1,2025-05-10,2025-05-10
fb8af1e7ca7b4105ad8c3be6f3315e9ee33f58de3be71e1a835f7ffdc6c8999a,2,1,1,2026-04-08,2026-04-08
fb8d98c461f9ae4ee77a969fbd42b7fa07510235e3d4cec7d9ffc0c6fc1b13e8,2,1,1,2025-02-14,2025-02-14
fba03f97d685d582f07b1f47a591603ad86d49fd83ba50edbee59b666c5abcb8,2,1,1,2025-02-26,2025-02-26
fba30b886c5b2b20b7391aefdda0c50e43bdbc86bc15eee8c66f3ca7384e9de5,2,1,1,2025-06-09,2025-06-10
fbb060666260e33f49009ae02c03d0352ba59dab228da53f72cad56d06b47994,2,1,1,2025-09-09,2025-09-09
fbc60fe7161859110972e21f71ac6344718262efe5690c6a7bee915fe6d01fb3,4,1,2,2026-04-21,2026-07-15
fbce86ad8ad14e8511a63c5b13a2a6443e1e5dc3e6521b77f82c5f59623fa75c,2,1,1,2025-05-06,2025-05-06
fbd36c0ce4770779c25f32c7dbc7ce166e43fdf4e7498525b82be32561a28de0,2,1,1,2026-01-13,2026-01-13
fbddace566941c80e4fd166af6580686874e338f877c7232da607ab1cc1e4ad3,2,1,1,2026-05-05,2026-05-05
fbe9a1c0084913f3baa5b0ba712d3c34cf0e23976311f45881dba522be62f2fd,2,1,1,2025-06-15,2025-06-15
fbf4a959cb3140e1f0dc971d5c49786209a7e7e758577f3a4dfd2d9c9e84b354,2,1,1,2025-03-05,2025-03-05
fbff986cb4c5b05435d78e8ca00f2995819a70e0dbb594013c7fdf1b438a7ed7,2,1,1,2023-11-05,2023-11-05
fc08221b3f2b140bad633c051306d7087afcefac3248f90d2d1b437e4b017082,3,1,1,2024-08-13,2024-08-16
fc23cc8a6a75629f29b8f3a459936bcc30f627b2a6dbbfcb1c07d1d437cd1ee0,2,1,1,2025-11-07,2025-12-16
fc33015269d21c73466feb52612585412dbec54c2116ee6a9b16d3e5cbe4b674,2,1,1,2025-07-28,2025-08-14
fc49aaf705dfddd9b7eb23add8aab9e39e52bba025e6a453d158aec52dff40c9,2,1,1,2025-08-09,2025-08-09
fc518fb558a11492881364d70809d73e954f12e1377467a9e06a8fe4e579e49e,2,1,1,2025-03-01,2025-03-01
fc59b4ba57a892cc54ef37123980d0e6b7fc85e3beabfd83a89814eed27c8912,3,1,1,2025-11-04,2025-11-04
fc63ca7facc6e1e9f04a3c4c4ad0196b03344a714c6dfe418579ea63ea91c155,2,1,1,2023-10-19,2023-10-19
fc6eb6ae9e87b6594587995c5f4b1b9a44914c19c054417d87b80ebd23af10fa,2,1,1,2025-11-25,2025-11-25
fc7ec097bbb07498dada7d2f98064055e6834cbd507cc22205fda028a65dec25,2,1,1,2024-02-21,2024-02-21
fc83de41a7f96cb1d64fd38a42551ce6232f6f4df603114213874f213cab37ad,6,1,2,2025-06-18,2025-07-03
fc8c38ccab4899316eeb95058bcf9a86ae84eadb9064c7c37a318d2b91fa2cd9,2,2,2,2025-03-24,2025-04-24
fc8dec2a02164b5263164b605d86d3a4809781b16aea63042223bdae13da8ed4,2,1,1,2025-02-06,2025-02-06
fc927e2d112d2fc2c76cdc506273c6392be2b9c745ed5fba6fe25313c7fd1b66,7,1,3,2024-02-02,2024-12-26
fc9b12c97b41e72219c71e1aac28a01d1b700e1a146e6c78834dbeb7373ba6c4,2,1,1,2025-09-05,2025-09-08
fc9c2aae2a2de14497e2d5c2a014ab6c500e48a2f20d16814a5f853d14d9f39d,3,1,1,2025-03-09,2025-03-12
fca7576a7b093b118312aa53fed6692fb8492870bf0f011c5d4a5aa70adfcd82,2,1,1,2025-03-06,2025-03-06
fcb4c1bbd843ef3ceb324faac7a935b16313145ac363f90791c3a440926d19da,2,1,1,2025-09-02,2025-09-02
fcc2b4774fedfa918b99367eb28d8ccc1b594ca34eec0aa79d72817d8a166278,2,1,1,2025-03-18,2025-03-18
fcc8c9fddfeed960f99b13565246ddf98dc3db98d8972ea229bda6173c2250fa,2,1,1,2025-05-12,2025-05-12
fcd55063b1fab05c9e48db7b045e7d8c6a53e8b899b72ae124a51d59f6806b2b,2,1,1,2024-02-19,2024-02-19
fce1494fe20154dfe056fe490391f981b78c24089fcc4d1236e462e9aaa0576e,2,1,1,2026-01-30,2026-01-30
fcfb4cfa76b05ddea8b38cabd4720ee7394333f8163ce7bb1d5cc90629270062,7,1,3,2025-08-12,2026-03-04
fd0dbd5ca3476aee2d7052f7506b97af3add5b48e0a1a14031a157d483c026c1,4,1,3,2024-11-05,2026-06-16
fd0e16a511d9f5daf2546ec0e6fd2fcf3b06c4d3e101ff63e1b2e1ab767a26da,106,1,6,2025-06-18,2026-07-06
fd21b3551e0d5f8f64f6ce61df09434ba1a061196b6fc3d4f9a2421556c9d3df,4,1,2,2025-09-10,2026-02-24
fd2ca4ae2513ed4f8a4a8233dbe58a79114f3c7f62e106cf98aa7d3aba5e160b,2,1,1,2025-03-24,2025-03-24
fd346d1afe4da86486aeb66bfaee52aae3ba09dbc68d64adb20cb48cf27f07e6,3,2,1,2026-02-22,2026-02-22
fd3b8819917609f931aaaf43b322d6daf357e7aa285ea43461e65e3100e975ab,3,1,1,2024-12-17,2024-12-18
fd42b19289d0fc6912fc643863eb0ec174143e0d01ac01532dec162f40f1f88c,2,1,1,2025-08-11,2025-08-11
fd620182bf15c146aca10b9a25c6356d517a23690b6cb595fdb14df33b95a973,2,1,1,2024-07-29,2024-07-29
fd6289d7befa14345bac902f6990c321819aace1a964a6535bd8e93bbf30ebdd,2,2,1,2024-09-26,2024-09-26
fd6346b115bd3e5df350754c34b2a73c2dc9c0b8d148c4a8a6e0fcbe8ea25254,2,1,1,2025-11-04,2025-11-10
fd727fa3112f2d3a3f049611a1c7776d17554393cd65991a2acbb6a24196a02b,2,1,1,2024-09-09,2024-09-09
fd75c9ff9d0ddf6ec0cb1832ee6b624bf5ac791db9d9f7d4d41e0bf46f2b2c67,2,1,1,2024-10-31,2024-10-31
fd77e41698f9cafeec6481a27684c36eb5228ccb8efa20b92cc637e52cc8a7a5,2,1,1,2026-03-03,2026-03-03
fd8d40d07dade3101314478a5bc69cfc2bbb0b9293a75b7d5058686c480d4a43,2,1,1,2024-07-08,2024-07-08
fd8feaf94b4ea2c2d5f71a47c0d0f78bc9901367207d348714b2063424f6f035,2,1,1,2024-05-03,2024-05-07
fd96d23cabe4f92068463aa3d3eb24bef8c00ff0f464ab43e24719a58f043080,2,1,1,2025-07-09,2025-07-09
fd9917403cd7726ac7d42da1f9b3582aeb4c32d723f5470d95ada7e3aac29eba,2,1,1,2023-11-09,2023-11-09
fda5d625a194606df9522311b2050773d91ba8ef91e9ee198442e93b1fab6dde,2,1,1,2025-12-09,2025-12-09
fda7f7b50ca2a0431ce8d5d8dbe575657201f85452beac0376f61185401bd7ab,3,1,1,2024-11-06,2024-11-06
fdab06c126374e98ae3432c55f7baa874639f9251a8fb9a8fdeafe2041c2b2fe,2,1,1,2023-09-21,2023-09-21
fdae135d71b3296394decc4f2191a0eb18077f22dd5b6511d19fc4b35e332ed2,2,1,1,2025-01-28,2025-01-28
fdb3f16b3d378e7cd28bf42bbf4c32819e6f29375068f5ff3209db232b3d0d12,2,1,1,2026-05-29,2026-06-10
fdb850e206da014ce8b75955cfad04eab92861d9c36810e7abad7104f1b69100,2,1,1,2025-09-02,2025-09-02
fdc5b23313c851da1cb63bcb5a84386947ff87bbdd272dfcc783900b5eac829f,3,1,1,2024-02-07,2024-02-07
fdcfb57a3bcd0347545f0f7a4107ffb228299573e0f71e102ceedcf57e215c69,6,1,1,2025-01-17,2025-02-28
fdd263facca8d3e6e4d6792b82790313c245952ee4a2763eeac700074870e7ef,4,1,1,2025-09-22,2025-09-23
fdd855c74c8b97f4b54cd965ddf90bfbba4b4753308e695affd6b788da9e888d,2,1,1,2024-12-17,2024-12-18
fdf0a5fd8332aba900fd04410b0c4c40c902733a53d7f9f5e169fe02c8b319e0,2,1,1,2026-04-15,2026-04-15
fdf2300f500175fda2ccbf5f723f6a1cfdc8d327eb93fbdd89c029f18f8763ff,4,1,1,2024-09-12,2024-09-27
fe092e1c54a17558960dfc7b12ea9d5837aac5230e39d74d022af605fba29222,2,1,1,2024-08-22,2024-09-06
fe0ea4a6a1d2d589510dc34e863775296857319837656c961662b382d332f4c4,12,1,1,2024-01-22,2024-01-24
fe2240e8409da476ee70d74f3180bb21127dffedbb995d0119abec36b59bcf11,8,1,1,2025-11-09,2025-11-09
fe2829fb44121403b7d05ee6a601b8a24ffb9a03a57ab955c12e96d95f530be5,2,1,1,2026-01-01,2026-03-24
fe323a89b1fa887dc7def10d10346ee5625ec5f77c754ce07cd5d8456be2b5bc,2,1,1,2024-01-09,2024-01-09
fe33e9e8300059a0b70dce3b0ef70f7b256b0b0927533a342f7dde48b7f844d9,2,1,1,2025-08-26,2025-08-26
fe48d6d9ef4e81e8c80843f05eb084b4997afb77f101a7f878250df4f27141d2,4,1,1,2025-01-22,2025-01-22
fe513e8bddf290248bb6788dd78e14ac3ea9ecdcc54855c4d0ba9a9ebdffd00c,3,1,2,2025-12-03,2026-02-18
fe554a2936dd864af4bd913e15e6d27ddae403d272d5c5112fd5b5a817fbe729,2,1,1,2024-05-21,2024-05-21
fe6cfa6e4143b225256620d53886adfd420bd220c33d089d501b63f306896679,3,1,1,2024-11-22,2024-11-22
fe8e35f6e3b4ce9e1b7f334de17ca32359a116e151b3abfecdb00b9d302a4231,2,1,1,2026-03-15,2026-03-15
fe9ba58236bf506c9a5edd021b23f3c41926d2238d7acf9aa8beb439faea556c,4,1,2,2025-11-12,2026-02-09
fe9f6421918e1699843285980d0053d8f6b4c26ec4f929984b61d76bd579b920,2,1,1,2024-10-21,2024-10-21
fea18a73210ed874bcc7b1c1f3ce03fb8b563e9f7c08ea57ed756adfdb1052a9,16,1,1,2023-09-07,2024-02-21
feabcabd4a1e193ef4dd79c8fca77d7ab5b3d4cc55c8be034bc15568e03362aa,2,1,1,2025-03-10,2025-03-10
fead197f9008bacc74b733e0da73c9db14e06b0f1087dfeddfb2a7df764ed464,2,1,1,2025-05-28,2025-05-28
feae2909dbd4be02dec081de5378e6b0c5ba7622a7b3e13db1ebb48e5c2a60cd,2,1,1,2025-01-04,2025-01-04
feb86b7969bec3eadc841148586292f120aaecd92778b2a61a92761f4a3fde05,2,1,1,2026-01-08,2026-01-08
feba2be1f6e09f04a4970ce6828c4b78f1a856dbd23b3e857a0c04fbf35920e4,2,1,1,2025-03-21,2025-03-25
febcba3ad76025d5d83484d493b8cf604f1dc13399965354a1842c5f95629ca0,2,1,1,2025-06-20,2025-06-20
fec7a38207a42d2dbf459f7a29caa6761a5db6a75f0b3eb4540743d1c0048700,4,1,1,2023-11-19,2023-11-19
fed20fe78da8784050669b10b7c4d61fbe1f63f3ba26e21c0ee079efa2f128e2,2,1,1,2026-01-01,2026-01-01
fedb028400726105e744feffef8165c8ccea4a700209d9bae813185b24642bb9,2,1,1,2025-08-15,2025-09-26
fee0ac84b0c1e1271b3bc37b268bc0c282debcac4e535c34aeb22d1f2b3ff910,3,1,1,2025-11-05,2025-12-08
feec87c94086cd29c3b14de00384464579a96d055d46ed92c49c20ca558b6f52,2,1,2,2025-08-29,2026-01-26
feed625d6dfe0b9586153bbf9ae5d273554b881565f07f8870e237dfe10562c3,75,1,1,2024-03-12,2024-05-21
fef0ce63cde64947f28a6c8cb2021b7a3a19377190ef0f19a8bbf01ba73304b5,2,1,1,2026-03-10,2026-03-10
fef144ce804ae2c58aab1dee57c4086db84d0a682d746848d2adcdcdd3c2e639,2,1,1,2025-09-22,2025-09-22
fefda96a9cbd2927808dfeed8e3d9da5834f7064435cfbcba225f38d0b257682,21,1,3,2026-02-12,2026-07-08
ff080be99ff49e3baed751f823e83c6931d4434666955ea2af3c5bebc6980471,6,2,1,2024-02-07,2024-02-07
ff17ea44f6aacc0f542ceb3e5312b49b0d0db12332ed90ba4801be582bb0ebca,2,1,1,2024-02-05,2024-02-05
ff1ad4c55d5bdba83f1f671f2e8e17384a0e6f49b5a778f17b32f4ca7b02d8c4,2,1,1,2025-09-24,2025-09-24
ff2a5a30ef1f7e8bbdef941a9e35b2c8da3ec8435b55659db0747bef736a8089,2,1,1,2024-04-09,2024-04-09
ff2b13deb3a6744f394e7f53299c78c4d31de29944a4ad36205cbcc1fe5898de,3,1,1,2025-09-05,2025-09-05
ff46ad04a7f2edacf641af655588518a0df58988cf0af72cb0160dc8abf7fce3,2,1,1,2025-01-23,2025-01-23
ff5f80d7c2591e9023181bc1187ee6f31f759e0b7bd0519776809f3a3347733b,2,1,1,2025-05-12,2025-05-12
ff7d756717266abb310f5a2e5176f410d5d9222517aeab01409c988d6820b5b1,2,1,1,2025-08-21,2025-08-21
ff8167c1cc4c13ba5cb6641e0b6f7ac1390fba2b9f10ea72b02141285e4add26,2,1,1,2024-01-02,2024-01-02
ff844e6e881d5378893d1a632b8bd5dd50cd41ac9f10e54cfeab20058b68f4c6,2,1,1,2026-01-21,2026-01-21
ff98849d4a5d05ae0d28cb62281fab20688cf8036943dbaf65493e687a909557,2,1,1,2025-09-17,2025-09-17
ffd6380a233c5693c305fe942acff7229284113f30e2ebdfeeb63969b5d9ff78,2,1,2,2024-09-30,2024-10-01
ffe237fbdbbb59ec31bcedca81eef1630056d32124a847679db6632f5f6d0569,29,1,4,2025-04-17,2026-04-27
ffe985e88fcf310cf05e4f16cabe2d16a17dd708cae77159fd8f20326dba3a5d,2,1,1,2026-01-19,2026-03-23
