family,n,labels,periods,first_date,last_date
4,3,1,1,2023-09-01,2023-09-01
14,27,5,5,2023-09-01,2025-05-02
26,3,1,1,2023-09-01,2023-09-08
27,2,1,1,2023-09-01,2023-09-02
42,4,2,1,2023-09-01,2023-09-07
70,11,1,1,2023-09-01,2024-01-24
107,2,1,1,2023-09-02,2023-09-02
145,2,1,1,2023-09-02,2023-09-02
182,2,1,1,2023-09-03,2023-09-03
183,2,1,1,2023-09-03,2023-09-03
207,2,1,1,2023-09-04,2023-09-04
219,2,1,1,2023-09-04,2023-09-04
222,490,2,6,2023-09-04,2025-09-12
234,18,1,1,2023-09-04,2023-09-09
265,2,1,1,2023-09-04,2023-09-04
270,2,1,1,2023-09-04,2023-09-04
272,2,1,1,2023-09-04,2023-09-04
336,2,1,1,2023-09-05,2023-09-05
354,2,1,1,2023-09-05,2023-09-05
379,3,1,1,2023-09-05,2023-09-05
388,27,1,2,2023-09-05,2024-09-04
390,3,1,1,2023-09-05,2023-09-05
415,2,1,1,2023-09-06,2023-09-06
432,4,1,1,2023-09-06,2023-10-15
445,4,1,1,2023-09-06,2023-09-07
480,5,1,1,2023-09-06,2023-10-01
529,3,1,1,2023-09-07,2023-09-07
556,22,2,1,2023-09-07,2024-03-22
578,2,1,1,2023-09-07,2023-09-07
599,2,1,1,2023-09-07,2023-09-07
603,73,1,1,2023-09-07,2024-05-19
628,2,1,1,2023-09-08,2023-09-08
640,2,1,1,2023-09-08,2023-09-08
645,2,1,1,2023-09-08,2023-09-08
657,4,1,1,2023-09-08,2024-04-08
668,3,1,1,2023-09-08,2023-10-18
692,13,1,3,2023-09-08,2024-10-09
736,2,1,1,2023-09-08,2023-09-08
766,4,1,1,2023-09-09,2023-09-09
802,2,1,1,2023-09-09,2023-09-09
825,3,1,1,2023-09-10,2023-09-10
856,2,2,1,2023-09-10,2023-09-10
868,2,1,1,2023-09-10,2023-09-10
877,4,1,1,2023-09-10,2023-11-14
914,2,1,1,2023-09-11,2023-09-11
930,2,1,1,2023-09-11,2023-09-11
963,2,1,1,2023-09-11,2023-09-11
990,2,1,1,2023-09-12,2023-09-12
996,4,1,1,2023-09-12,2023-09-12
998,5,1,1,2023-09-12,2024-01-19
1006,5,1,1,2023-09-12,2023-09-27
1014,17,1,1,2023-09-12,2024-01-03
1036,8,3,2,2023-09-12,2025-02-10
1085,3,1,1,2023-09-13,2023-09-13
1091,4,1,1,2023-09-13,2023-09-27
1095,2,1,1,2023-09-13,2023-09-13
1107,2,1,1,2023-09-13,2023-09-13
1139,2,1,1,2023-09-13,2023-09-13
1169,2,1,1,2023-09-14,2023-09-14
1173,2,1,1,2023-09-14,2023-09-14
1185,2,1,1,2023-09-14,2023-09-14
1205,3,1,1,2023-09-14,2023-09-14
1213,3,1,1,2023-09-14,2023-09-15
1225,2,1,1,2023-09-14,2023-09-14
1232,2,1,1,2023-09-14,2023-09-14
1273,2,1,1,2023-09-15,2023-09-15
1349,2,2,1,2023-09-15,2023-10-31
1390,2,1,1,2023-09-16,2023-09-16
1399,2,2,1,2023-09-17,2024-04-24
1400,2,1,1,2023-09-17,2023-09-17
1417,2,1,1,2023-09-17,2023-09-17
1427,2,1,1,2023-09-17,2023-09-17
1431,3,1,1,2023-09-17,2023-09-17
1435,2,1,1,2023-09-17,2023-09-17
1447,11,1,3,2023-09-17,2025-03-25
1492,2,1,1,2023-09-18,2023-09-18
1506,2,1,1,2023-09-18,2023-09-18
1564,2,1,1,2023-09-19,2023-09-19
1575,2,1,2,2023-09-19,2025-02-11
1608,5,1,1,2023-09-19,2024-01-26
1633,2,1,1,2023-09-19,2023-09-19
1646,2,1,1,2023-09-19,2023-09-19
1670,24,4,6,2023-09-19,2025-07-03
1690,2,1,1,2023-09-20,2023-09-20
1694,2,1,1,2023-09-20,2023-09-20
1712,3,2,1,2023-09-20,2023-12-29
1714,2,1,1,2023-09-20,2023-09-20
1726,2,1,1,2023-09-20,2023-09-20
1736,8,1,1,2023-09-20,2023-09-21
1783,5,1,1,2023-09-21,2023-09-21
1804,2,1,1,2023-09-21,2023-09-21
1823,11,1,1,2023-09-21,2023-10-11
1824,2,1,1,2023-09-21,2023-09-21
1842,2,1,1,2023-09-21,2023-09-21
1846,2,1,1,2023-09-21,2023-09-21
1855,3,1,1,2023-09-21,2023-09-21
1864,2,1,1,2023-09-21,2023-09-21
1945,2,1,1,2023-09-22,2023-09-27
1947,2,1,1,2023-09-22,2023-09-22
1956,3,1,1,2023-09-22,2023-09-22
1998,2,1,1,2023-09-23,2023-09-23
2021,2,1,1,2023-09-23,2023-09-23
2032,2,1,1,2023-09-23,2023-09-23
2047,2,1,1,2023-09-24,2023-09-24
2060,2,1,1,2023-09-24,2023-11-03
2082,2,1,1,2023-09-24,2023-09-24
2095,4,1,1,2023-09-25,2023-09-25
2104,3,2,1,2023-09-25,2023-12-19
2124,4,1,1,2023-09-25,2023-09-25
2147,2,1,1,2023-09-25,2023-09-25
2163,4,1,1,2023-09-25,2023-11-02
2209,2,1,1,2023-09-26,2023-09-26
2249,3,1,1,2023-09-26,2023-09-26
2261,2,1,1,2023-09-26,2023-09-26
2286,35,5,7,2023-09-26,2026-04-07
2323,2,1,1,2023-09-27,2023-09-27
2329,2,1,1,2023-09-27,2023-09-27
2358,2,1,1,2023-09-27,2023-09-27
2360,2,1,1,2023-09-27,2023-09-27
2388,2,1,1,2023-09-27,2023-09-27
2422,2,1,1,2023-09-28,2023-09-28
2425,2,1,1,2023-09-28,2023-09-28
2430,3,1,1,2023-09-28,2023-10-10
2438,2,1,1,2023-09-28,2023-09-28
2440,4,2,3,2023-09-28,2026-01-25
2443,2,1,1,2023-09-28,2023-09-28
2491,3,1,1,2023-09-28,2023-10-07
2499,2,1,1,2023-09-28,2023-09-28
2514,2,1,1,2023-09-28,2023-09-28
2542,8,1,2,2023-09-29,2024-07-24
2554,3,1,1,2023-09-29,2023-09-29
2599,2,1,1,2023-09-29,2023-10-21
2613,2,1,1,2023-09-29,2023-09-29
2618,2,1,1,2023-09-29,2023-09-29
2714,2,1,1,2023-10-01,2023-10-01
2731,2,2,1,2023-10-01,2024-03-26
2734,7,2,1,2023-10-02,2024-01-11
2738,2,1,1,2023-10-02,2023-10-02
2754,21,1,1,2023-10-02,2024-03-12
2759,2,1,1,2023-10-02,2023-10-02
2808,4,2,1,2023-10-02,2023-10-04
2814,2,1,1,2023-10-02,2023-10-25
2851,3,1,1,2023-10-03,2024-02-10
2870,2,1,1,2023-10-03,2023-10-03
2880,2,1,1,2023-10-03,2023-10-03
2900,5,1,3,2023-10-03,2025-04-24
2902,2,1,1,2023-10-03,2023-10-03
2932,2,1,1,2023-10-03,2023-10-03
2995,2,1,1,2023-10-04,2023-10-04
3023,2,1,1,2023-10-04,2023-10-04
3029,2,1,1,2023-10-04,2023-10-05
3063,2,1,1,2023-10-04,2023-10-04
3073,2,1,1,2023-10-05,2023-10-05
3117,2,1,1,2023-10-05,2023-10-05
3123,3,1,1,2023-10-05,2023-12-14
3133,2,1,1,2023-10-05,2023-10-05
3161,30,2,6,2023-10-05,2025-07-30
3193,25,2,2,2023-10-06,2025-08-14
3197,2,1,1,2023-10-06,2023-10-06
3215,2,1,1,2023-10-06,2023-10-06
3227,2,1,1,2023-10-06,2023-10-06
3231,2,1,1,2023-10-06,2023-10-06
3251,2,1,1,2023-10-06,2023-10-06
3258,3,1,1,2023-10-06,2023-10-06
3308,2,1,1,2023-10-06,2023-10-06
3337,2,1,1,2023-10-07,2023-10-07
3346,2,1,1,2023-10-07,2023-10-07
3348,3,1,1,2023-10-07,2023-10-07
3360,2,1,1,2023-10-07,2023-10-07
3362,2,1,1,2023-10-07,2023-10-07
3375,2,1,1,2023-10-07,2023-10-07
3378,3,1,1,2023-10-07,2023-11-03
3391,3,1,1,2023-10-08,2023-10-08
3395,2,1,1,2023-10-08,2023-10-08
3442,2,1,1,2023-10-08,2023-10-08
3469,2,1,1,2023-10-09,2023-10-09
3472,3,1,1,2023-10-09,2023-10-09
3476,20,1,4,2023-10-09,2025-06-23
3490,2,1,1,2023-10-09,2023-10-09
3498,3,1,1,2023-10-09,2023-10-09
3542,2,1,1,2023-10-09,2023-10-09
3546,2,2,1,2023-10-10,2023-10-10
3557,2,1,1,2023-10-10,2023-10-10
3579,2,1,1,2023-10-10,2023-10-10
3647,2,1,1,2023-10-11,2023-10-11
3669,2,1,1,2023-10-11,2023-10-12
3757,2,1,1,2023-10-12,2023-10-12
3779,2,1,1,2023-10-12,2023-10-13
3787,2,1,1,2023-10-12,2023-10-12
3796,2,1,1,2023-10-12,2023-10-12
3800,2,1,1,2023-10-12,2023-10-12
3805,3,2,1,2023-10-12,2023-10-12
3807,2,1,1,2023-10-12,2023-10-12
3812,2,1,1,2023-10-12,2023-10-12
3833,2,1,1,2023-10-12,2023-10-12
3854,2,1,1,2023-10-13,2023-10-13
3868,2,1,1,2023-10-13,2023-10-13
3886,2,1,1,2023-10-13,2023-10-13
3903,100,6,10,2023-10-13,2026-07-05
3976,20,1,7,2023-10-14,2026-04-11
3989,2,1,1,2023-10-14,2023-10-14
4015,2,1,1,2023-10-15,2023-10-15
4023,2,1,1,2023-10-15,2023-10-15
4029,2,1,2,2023-10-15,2024-09-06
4044,2,1,1,2023-10-15,2023-10-15
4045,2,1,1,2023-10-15,2023-10-15
4046,2,1,1,2023-10-15,2023-10-15
4075,2,1,1,2023-10-16,2023-10-16
4076,2,1,1,2023-10-16,2023-10-16
4078,2,1,1,2023-10-16,2023-10-16
4084,3,1,1,2023-10-16,2023-10-18
4102,2,1,1,2023-10-16,2023-10-16
4123,2,1,1,2023-10-16,2023-10-16
4124,2,1,1,2023-10-16,2023-10-16
4134,3,1,1,2023-10-16,2023-10-16
4149,2,1,1,2023-10-16,2023-10-16
4180,2,1,1,2023-10-17,2023-10-17
4191,2,1,1,2023-10-17,2023-10-17
4195,2,1,1,2023-10-17,2023-10-17
4201,2,1,1,2023-10-17,2023-10-17
4211,2,1,1,2023-10-17,2023-10-17
4237,4,1,1,2023-10-17,2023-10-19
4252,2,1,1,2023-10-17,2023-10-17
4281,2,1,1,2023-10-17,2023-10-17
4288,2,1,1,2023-10-18,2023-10-18
4308,2,1,1,2023-10-18,2023-10-18
4321,2,1,1,2023-10-18,2023-12-30
4325,4,1,1,2023-10-18,2023-10-18
4349,3,1,1,2023-10-18,2023-10-18
4350,2,1,1,2023-10-18,2023-10-18
4370,2,1,1,2023-10-18,2023-11-10
4375,2,1,1,2023-10-18,2023-10-18
4411,3,1,1,2023-10-18,2023-10-18
4418,2,1,1,2023-10-18,2023-11-04
4430,2,1,1,2023-10-19,2023-10-19
4466,2,1,1,2023-10-19,2023-10-19
4480,3,1,1,2023-10-19,2023-10-19
4500,2,1,1,2023-10-19,2023-10-19
4508,3,1,1,2023-10-20,2023-10-24
4570,2,1,1,2023-10-20,2023-10-20
4574,3,1,1,2023-10-20,2023-10-20
4575,2,1,1,2023-10-20,2023-10-20
4601,42,4,3,2023-10-20,2025-02-02
4636,2,1,1,2023-10-21,2023-10-21
4654,2,1,1,2023-10-21,2023-10-21
4656,2,1,1,2023-10-21,2023-10-21
4663,2,1,1,2023-10-22,2023-10-22
4678,2,1,1,2023-10-22,2023-10-22
4702,2,1,1,2023-10-22,2023-10-22
4766,2,1,1,2023-10-23,2023-10-23
4794,2,1,1,2023-10-23,2023-10-23
4825,2,1,1,2023-10-24,2023-10-24
4836,12,1,1,2023-10-24,2023-12-07
4849,2,1,1,2023-10-24,2023-10-24
4864,2,1,1,2023-10-24,2023-10-24
4877,5,2,2,2023-10-24,2024-12-10
4878,2,1,1,2023-10-24,2023-10-24
4925,2,1,1,2023-10-25,2023-10-25
4940,2,1,1,2023-10-25,2023-10-25
4950,2,1,1,2023-10-25,2023-10-25
4981,2,1,1,2023-10-25,2023-10-25
4988,2,1,1,2023-10-25,2023-10-25
5032,4,1,1,2023-10-26,2023-11-06
5049,3,1,1,2023-10-26,2024-06-20
5053,2,1,1,2023-10-26,2023-10-26
5070,2,1,1,2023-10-26,2023-10-26
5071,2,1,1,2023-10-26,2023-10-26
5080,2,1,1,2023-10-26,2023-10-26
5085,2,2,1,2023-10-26,2024-03-22
5099,2,2,2,2023-10-26,2024-12-19
5129,43,2,1,2023-10-27,2024-06-07
5137,5,2,2,2023-10-27,2025-07-23
5143,4,1,4,2023-10-27,2025-07-28
5162,2,1,1,2023-10-27,2023-10-27
5194,2,1,1,2023-10-28,2023-10-28
5203,2,1,1,2023-10-28,2023-10-28
5208,3,1,1,2023-10-28,2023-10-28
5210,2,1,1,2023-10-28,2023-10-28
5213,2,1,1,2023-10-28,2023-10-28
5240,2,1,1,2023-10-29,2023-10-29
5246,2,2,1,2023-10-29,2023-10-29
5253,2,1,1,2023-10-29,2023-10-29
5254,2,1,1,2023-10-29,2023-10-29
5259,2,1,1,2023-10-29,2023-10-29
5266,2,1,1,2023-10-29,2023-10-29
5287,2,1,1,2023-10-30,2023-10-30
5289,2,1,1,2023-10-30,2023-10-30
5350,2,1,1,2023-10-30,2023-10-30
5352,2,1,1,2023-10-30,2023-10-30
5358,2,1,1,2023-10-31,2023-10-31
5369,4,1,1,2023-10-31,2023-11-01
5379,2,1,1,2023-10-31,2023-10-31
5380,2,1,1,2023-10-31,2023-10-31
5409,2,1,1,2023-10-31,2023-10-31
5420,2,1,1,2023-10-31,2023-10-31
5437,2,2,1,2023-10-31,2023-10-31
5444,2,1,1,2023-10-31,2023-10-31
5453,2,1,1,2023-11-01,2023-11-01
5501,2,1,1,2023-11-01,2023-11-01
5521,2,1,1,2023-11-01,2023-11-01
5551,2,1,1,2023-11-02,2023-11-02
5569,2,1,1,2023-11-02,2023-11-02
5593,3,1,1,2023-11-02,2023-11-02
5597,6,2,1,2023-11-02,2023-12-16
5599,5,1,1,2023-11-02,2023-11-02
5615,2,1,1,2023-11-02,2023-11-02
5656,10,1,2,2023-11-03,2025-03-18
5658,2,1,1,2023-11-03,2023-11-03
5710,2,1,1,2023-11-03,2023-11-03
5713,2,1,1,2023-11-04,2023-11-04
5720,2,1,1,2023-11-04,2023-11-04
5755,2,2,1,2023-11-04,2023-11-04
5757,2,1,1,2023-11-04,2023-11-04
5790,7,1,1,2023-11-05,2023-11-06
5800,2,1,1,2023-11-05,2023-11-05
5805,2,1,1,2023-11-05,2023-11-05
5833,2,1,1,2023-11-06,2023-11-06
5852,2,1,1,2023-11-06,2023-11-06
5884,2,1,1,2023-11-06,2023-11-08
5888,2,1,1,2023-11-06,2023-11-06
5944,2,1,1,2023-11-07,2023-11-07
5950,2,1,1,2023-11-07,2023-11-07
5954,9,5,4,2023-11-07,2025-04-09
5963,2,1,1,2023-11-07,2023-11-07
5970,3,1,1,2023-11-07,2023-11-07
6016,2,1,1,2023-11-08,2023-11-08
6017,2,1,1,2023-11-08,2023-11-08
6029,2,1,1,2023-11-08,2023-11-08
6043,2,1,1,2023-11-08,2023-11-08
6063,2,1,1,2023-11-08,2023-11-08
6065,2,1,1,2023-11-08,2023-11-08
6108,2,1,1,2023-11-08,2023-12-04
6115,2,1,1,2023-11-09,2023-11-09
6132,3,1,1,2023-11-09,2023-11-09
6140,3,1,1,2023-11-09,2023-11-09
6148,29,1,1,2023-11-09,2023-11-14
6153,5,1,1,2023-11-09,2023-11-13
6161,13,1,1,2023-11-09,2023-11-10
6175,2,1,1,2023-11-09,2023-11-09
6196,2,1,1,2023-11-09,2023-11-09
6201,2,1,1,2023-11-09,2023-11-09
6254,3,1,1,2023-11-10,2023-11-10
6257,7,1,1,2023-11-10,2023-11-15
6267,2,2,1,2023-11-10,2023-11-10
6275,2,1,1,2023-11-10,2023-11-10
6317,2,1,1,2023-11-10,2023-11-14
6342,2,1,1,2023-11-10,2023-11-10
6347,2,1,1,2023-11-10,2023-11-10
6355,2,1,1,2023-11-10,2023-11-10
6357,2,1,1,2023-11-10,2023-11-10
6363,2,1,1,2023-11-10,2023-11-10
6381,6,2,1,2023-11-11,2023-11-11
6406,5,2,1,2023-11-11,2023-11-11
6409,2,1,1,2023-11-11,2023-11-11
6410,8,2,1,2023-11-11,2023-11-11
6480,3,1,1,2023-11-12,2023-11-12
6521,3,1,1,2023-11-13,2023-11-13
6523,3,1,1,2023-11-13,2023-11-13
6524,3,1,1,2023-11-13,2023-11-13
6528,5,1,1,2023-11-13,2023-11-13
6531,2,1,1,2023-11-13,2023-11-13
6542,2,1,1,2023-11-13,2023-11-13
6567,56,6,6,2023-11-13,2025-07-16
6594,2,1,1,2023-11-13,2023-11-13
6597,2,1,1,2023-11-13,2024-02-18
6607,2,1,1,2023-11-13,2023-11-13
6622,3,1,1,2023-11-13,2023-11-14
6626,3,1,1,2023-11-14,2023-11-14
6638,3,1,1,2023-11-14,2023-11-14
6643,2,1,1,2023-11-14,2023-11-14
6657,3,1,1,2023-11-14,2023-11-14
6684,2,1,1,2023-11-14,2023-11-14
6692,2,1,1,2023-11-14,2023-11-14
6729,3,1,1,2023-11-15,2023-11-15
6730,3,1,1,2023-11-15,2023-11-15
6731,3,1,1,2023-11-15,2023-11-15
6737,3,1,1,2023-11-15,2023-11-15
6741,3,1,1,2023-11-15,2023-11-15
6750,9,1,1,2023-11-15,2023-11-15
6788,3,1,1,2023-11-15,2023-11-15
6792,5,1,2,2023-11-15,2025-05-19
6830,2,1,1,2023-11-15,2023-11-15
6850,2,1,1,2023-11-15,2023-11-15
6868,3,1,1,2023-11-16,2023-11-16
6873,2,1,1,2023-11-16,2023-11-16
6875,2,1,1,2023-11-16,2023-11-16
6884,7,1,1,2023-11-16,2023-11-16
6886,3,1,1,2023-11-16,2023-11-16
6899,8,1,1,2023-11-16,2023-11-16
6902,3,1,1,2023-11-16,2023-11-16
6903,3,1,1,2023-11-16,2023-11-16
6925,4,1,1,2023-11-16,2023-11-16
6926,3,1,1,2023-11-16,2023-11-16
6929,3,1,1,2023-11-16,2023-11-16
6932,3,1,1,2023-11-16,2023-12-26
6956,2,1,1,2023-11-16,2023-11-16
6957,3,1,1,2023-11-16,2023-11-16
6958,11,1,1,2023-11-16,2023-12-06
6959,3,1,1,2023-11-16,2023-11-16
6973,3,1,1,2023-11-16,2023-11-16
6975,2,1,1,2023-11-16,2023-11-16
6998,2,1,1,2023-11-16,2023-11-16
7013,4,1,1,2023-11-16,2024-01-17
7019,4,2,1,2023-11-16,2023-12-12
7026,2,1,1,2023-11-17,2023-11-17
7027,2,1,1,2023-11-17,2023-11-17
7032,3,1,1,2023-11-17,2023-11-17
7033,4,1,1,2023-11-17,2023-11-17
7034,2,1,1,2023-11-17,2023-11-17
7041,2,1,1,2023-11-17,2023-11-17
7043,2,1,1,2023-11-17,2023-11-17
7053,3,1,1,2023-11-17,2023-11-17
7057,3,1,1,2023-11-17,2023-11-17
7061,2,1,1,2023-11-17,2023-11-17
7089,2,1,1,2023-11-17,2023-11-17
7133,5,2,2,2023-11-18,2025-04-17
7160,3,1,1,2023-11-18,2023-11-19
7179,2,1,1,2023-11-19,2023-11-19
7185,2,1,1,2023-11-19,2023-11-19
7188,2,1,1,2023-11-19,2023-11-19
7194,2,1,1,2023-11-19,2023-11-19
7198,4,1,1,2023-11-19,2023-11-19
7205,4,1,1,2023-11-19,2023-11-19
7230,3,1,1,2023-11-19,2023-11-19
7238,2,1,1,2023-11-19,2024-03-08
7248,2,1,1,2023-11-20,2023-11-20
7250,3,1,1,2023-11-20,2023-11-20
7253,4,1,1,2023-11-20,2023-11-20
7258,3,1,1,2023-11-20,2023-11-20
7262,6,1,1,2023-11-20,2023-11-20
7263,2,1,1,2023-11-20,2023-11-20
7264,4,1,1,2023-11-20,2023-11-20
7269,2,1,1,2023-11-20,2023-11-20
7275,3,1,1,2023-11-20,2023-11-20
7277,3,1,1,2023-11-20,2023-11-20
7278,3,1,1,2023-11-20,2023-11-20
7280,2,1,1,2023-11-20,2023-11-20
7301,4,1,1,2023-11-20,2023-11-20
7309,6,1,1,2023-11-20,2023-11-20
7323,2,1,1,2023-11-20,2023-11-20
7333,2,1,1,2023-11-20,2023-11-20
7355,2,1,1,2023-11-20,2023-11-20
7376,3,1,1,2023-11-21,2023-11-21
7377,3,1,1,2023-11-21,2023-11-21
7380,2,1,1,2023-11-21,2023-11-21
7384,2,1,1,2023-11-21,2023-11-21
7390,3,1,1,2023-11-21,2023-11-27
7392,2,1,1,2023-11-21,2023-11-21
7399,2,1,1,2023-11-21,2023-11-21
7400,3,1,1,2023-11-21,2023-11-21
7406,2,1,1,2023-11-21,2023-11-21
7407,2,1,1,2023-11-21,2023-11-21
7416,5,1,1,2023-11-21,2023-11-21
7418,2,1,1,2023-11-21,2023-11-21
7422,3,1,1,2023-11-21,2023-11-21
7432,2,1,1,2023-11-21,2023-11-21
7436,2,1,1,2023-11-21,2023-11-21
7472,2,1,1,2023-11-21,2023-11-21
7479,2,1,1,2023-11-21,2023-11-21
7508,3,1,1,2023-11-22,2023-11-22
7509,3,1,1,2023-11-22,2023-11-22
7511,3,1,1,2023-11-22,2023-11-22
7515,3,1,1,2023-11-22,2023-11-22
7518,2,1,1,2023-11-22,2023-11-22
7523,2,1,1,2023-11-22,2023-11-22
7526,2,1,1,2023-11-22,2023-11-22
7527,4,1,1,2023-11-22,2023-11-22
7528,3,1,1,2023-11-22,2023-11-22
7551,5,1,1,2023-11-22,2023-11-22
7556,5,1,1,2023-11-22,2023-11-22
7557,2,1,1,2023-11-22,2023-11-22
7560,2,1,1,2023-11-22,2023-11-22
7569,2,1,1,2023-11-22,2023-11-22
7571,3,1,1,2023-11-22,2023-11-22
7600,2,1,1,2023-11-22,2023-11-22
7606,2,1,1,2023-11-22,2023-11-22
7609,2,1,1,2023-11-22,2023-11-22
7648,2,1,1,2023-11-22,2023-11-22
7656,3,1,1,2023-11-23,2023-11-23
7661,2,1,1,2023-11-23,2023-11-23
7667,3,1,1,2023-11-23,2023-11-23
7668,3,1,1,2023-11-23,2023-11-23
7670,4,1,1,2023-11-23,2023-11-23
7682,2,1,1,2023-11-23,2023-11-23
7683,2,1,1,2023-11-23,2023-11-23
7686,3,1,1,2023-11-23,2023-11-23
7696,2,1,1,2023-11-23,2023-11-23
7703,4,1,1,2023-11-23,2023-11-23
7706,3,1,1,2023-11-23,2023-11-23
7708,4,1,1,2023-11-23,2023-11-23
7716,2,1,1,2023-11-23,2023-11-23
7735,14,4,3,2023-11-24,2025-05-30
7780,2,2,1,2023-11-24,2023-12-07
7811,6,1,1,2023-11-25,2023-12-15
7822,8,1,4,2023-11-25,2025-02-21
7824,3,1,1,2023-11-25,2024-02-11
7825,5,2,4,2023-11-25,2025-07-27
7867,2,1,1,2023-11-27,2023-11-27
7870,4,1,1,2023-11-27,2023-11-27
7872,3,1,1,2023-11-27,2023-11-27
7876,4,1,1,2023-11-27,2023-11-27
7881,5,1,1,2023-11-27,2023-11-27
7882,2,1,1,2023-11-27,2023-11-27
7891,5,1,1,2023-11-27,2023-11-27
7895,3,1,1,2023-11-27,2023-11-27
7897,3,1,1,2023-11-27,2023-11-27
7899,3,1,1,2023-11-27,2023-11-27
7902,3,1,1,2023-11-27,2023-11-27
7903,3,1,1,2023-11-27,2023-11-27
7904,2,1,1,2023-11-27,2023-11-27
7906,3,1,1,2023-11-27,2023-11-27
7910,4,1,1,2023-11-27,2023-11-27
7919,3,1,1,2023-11-27,2023-11-27
7937,3,1,1,2023-11-27,2023-11-27
7942,2,1,1,2023-11-27,2023-11-27
7946,191,7,7,2023-11-27,2026-06-01
7951,2,1,1,2023-11-27,2023-11-27
7975,2,1,1,2023-11-27,2023-11-27
7977,2,1,1,2023-11-27,2023-12-05
7979,4,1,1,2023-11-27,2023-11-28
7981,2,1,1,2023-11-27,2023-11-27
7982,2,1,1,2023-11-27,2023-11-28
8052,2,1,1,2023-11-28,2023-11-28
8056,2,1,1,2023-11-28,2023-11-28
8059,2,1,1,2023-11-28,2023-11-28
8062,2,1,1,2023-11-28,2023-11-28
8069,2,1,1,2023-11-28,2023-11-28
8072,3,1,1,2023-11-28,2023-11-28
8073,2,1,1,2023-11-28,2023-11-28
8075,3,1,1,2023-11-28,2023-11-28
8076,2,1,1,2023-11-28,2023-11-28
8078,3,1,1,2023-11-28,2023-11-28
8083,2,1,1,2023-11-28,2023-11-28
8100,3,1,1,2023-11-28,2023-11-28
8108,3,1,1,2023-11-28,2023-11-28
8109,3,1,1,2023-11-28,2023-11-28
8124,8,1,3,2023-11-28,2025-04-26
8136,2,1,1,2023-11-28,2023-11-28
8140,2,2,1,2023-11-28,2023-11-28
8163,2,1,1,2023-11-28,2023-11-28
8168,2,1,1,2023-11-28,2023-11-28
8186,8,1,1,2023-11-28,2023-12-07
8187,2,1,1,2023-11-28,2023-11-28
8188,7,1,1,2023-11-28,2023-11-28
8215,2,1,1,2023-11-29,2023-11-29
8220,3,1,1,2023-11-29,2023-11-29
8226,2,1,1,2023-11-29,2023-11-29
8230,3,1,1,2023-11-29,2023-11-29
8233,3,1,1,2023-11-29,2023-11-29
8234,3,1,1,2023-11-29,2023-12-29
8235,5,1,1,2023-11-29,2023-12-05
8246,2,1,1,2023-11-29,2023-11-29
8253,2,1,1,2023-11-29,2023-11-29
8269,3,1,1,2023-11-29,2023-11-29
8313,2,1,1,2023-11-29,2023-11-29
8336,2,1,1,2023-11-30,2023-11-30
8337,3,1,1,2023-11-30,2023-11-30
8339,5,2,2,2023-11-30,2024-09-04
8342,2,1,1,2023-11-30,2023-11-30
8346,3,1,1,2023-11-30,2023-11-30
8357,2,1,1,2023-11-30,2023-11-30
8371,2,1,1,2023-11-30,2023-11-30
8378,2,1,1,2023-11-30,2023-11-30
8382,2,1,1,2023-11-30,2023-11-30
8389,3,1,1,2023-11-30,2023-12-01
8394,2,1,1,2023-11-30,2023-11-30
8432,3,3,1,2023-11-30,2024-04-22
8441,3,1,1,2023-11-30,2023-11-30
8455,3,1,1,2023-11-30,2023-11-30
8457,5,1,1,2023-11-30,2023-12-07
8458,3,1,1,2023-11-30,2023-11-30
8461,4,1,1,2023-11-30,2023-11-30
8462,3,1,1,2023-11-30,2023-11-30
8479,2,1,1,2023-12-01,2023-12-01
8480,2,1,1,2023-12-01,2023-12-01
8485,3,1,1,2023-12-01,2023-12-01
8489,3,1,1,2023-12-01,2023-12-01
8508,2,1,1,2023-12-01,2024-03-18
8589,2,1,1,2023-12-02,2023-12-02
8594,2,1,1,2023-12-02,2023-12-02
8616,2,2,1,2023-12-03,2023-12-04
8629,2,1,1,2023-12-03,2023-12-03
8658,6,1,1,2023-12-04,2023-12-04
8661,2,1,1,2023-12-04,2023-12-04
8662,2,1,1,2023-12-04,2023-12-04
8663,2,1,1,2023-12-04,2023-12-04
8676,5,1,1,2023-12-04,2023-12-04
8688,2,1,1,2023-12-04,2023-12-04
8692,2,1,1,2023-12-04,2023-12-04
8709,2,1,1,2023-12-04,2023-12-04
8713,3,1,1,2023-12-04,2023-12-04
8730,2,1,1,2023-12-04,2023-12-04
8734,3,1,1,2023-12-04,2023-12-08
8747,3,1,1,2023-12-04,2023-12-07
8764,2,2,1,2023-12-04,2023-12-04
8779,2,1,1,2023-12-05,2023-12-05
8784,2,1,1,2023-12-05,2023-12-05
8791,6,1,1,2023-12-05,2023-12-05
8798,3,1,2,2023-12-05,2025-11-06
8800,2,1,1,2023-12-05,2023-12-05
8802,2,1,1,2023-12-05,2023-12-05
8803,4,1,1,2023-12-05,2023-12-05
8805,2,1,1,2023-12-05,2023-12-05
8812,2,1,1,2023-12-05,2023-12-05
8813,6,2,1,2023-12-05,2023-12-13
8822,3,1,1,2023-12-05,2023-12-05
8833,2,1,1,2023-12-05,2023-12-05
8835,2,1,1,2023-12-05,2023-12-05
8842,2,1,1,2023-12-05,2023-12-05
8851,2,1,1,2023-12-05,2023-12-05
8870,2,1,1,2023-12-05,2023-12-05
8883,2,1,1,2023-12-05,2023-12-05
8900,3,1,1,2023-12-06,2023-12-06
8902,3,1,1,2023-12-06,2023-12-06
8903,3,1,1,2023-12-06,2023-12-06
8907,4,1,1,2023-12-06,2023-12-06
8908,3,1,1,2023-12-06,2023-12-06
8924,5,1,1,2023-12-06,2023-12-06
8931,3,1,1,2023-12-06,2023-12-06
8932,2,1,1,2023-12-06,2023-12-06
8936,3,1,1,2023-12-06,2023-12-06
8941,3,1,1,2023-12-06,2023-12-06
8946,10,1,1,2023-12-06,2024-01-12
8947,2,1,1,2023-12-06,2023-12-06
8957,2,1,1,2023-12-06,2023-12-06
8958,2,1,1,2023-12-06,2023-12-06
8966,2,1,1,2023-12-06,2023-12-06
8967,3,1,1,2023-12-06,2023-12-13
8981,2,1,1,2023-12-06,2023-12-06
8984,2,1,1,2023-12-06,2023-12-06
8992,2,1,1,2023-12-06,2023-12-06
8996,2,1,1,2023-12-06,2023-12-06
8998,2,1,1,2023-12-06,2023-12-06
8999,2,1,1,2023-12-06,2023-12-06
9079,3,1,1,2023-12-07,2023-12-07
9091,2,1,1,2023-12-07,2023-12-07
9094,2,1,1,2023-12-07,2023-12-07
9103,3,1,1,2023-12-07,2023-12-07
9115,3,1,1,2023-12-07,2023-12-07
9118,3,1,1,2023-12-07,2023-12-07
9128,3,1,1,2023-12-07,2023-12-07
9138,3,1,1,2023-12-07,2023-12-07
9175,5,2,3,2023-12-07,2026-02-17
9183,2,1,1,2023-12-07,2023-12-07
9208,2,1,1,2023-12-07,2023-12-07
9216,3,1,1,2023-12-07,2023-12-07
9224,2,1,1,2023-12-07,2023-12-07
9227,2,2,1,2023-12-07,2023-12-07
9241,2,1,1,2023-12-08,2023-12-08
9242,3,1,1,2023-12-08,2023-12-08
9250,2,1,1,2023-12-08,2023-12-08
9252,3,1,1,2023-12-08,2023-12-08
9256,2,1,1,2023-12-08,2023-12-08
9257,2,1,1,2023-12-08,2023-12-08
9260,3,1,1,2023-12-08,2023-12-08
9271,2,1,1,2023-12-08,2023-12-08
9287,5,1,1,2023-12-08,2024-01-12
9305,2,1,1,2023-12-08,2024-01-18
9307,2,1,1,2023-12-08,2023-12-08
9319,2,1,1,2023-12-08,2023-12-08
9358,2,1,1,2023-12-09,2023-12-09
9362,4,1,1,2023-12-09,2023-12-09
9363,8,2,6,2023-12-09,2026-02-02
9387,3,2,2,2023-12-09,2024-07-31
9405,2,1,1,2023-12-10,2023-12-10
9409,23,1,1,2023-12-10,2024-06-17
9412,5,3,2,2023-12-10,2024-10-04
9415,2,1,1,2023-12-10,2023-12-10
9425,2,1,1,2023-12-10,2023-12-10
9457,2,1,1,2023-12-11,2023-12-11
9461,2,1,1,2023-12-11,2023-12-11
9467,3,1,1,2023-12-11,2023-12-11
9470,3,1,1,2023-12-11,2023-12-11
9474,4,1,1,2023-12-11,2023-12-11
9479,2,1,1,2023-12-11,2023-12-12
9481,3,1,1,2023-12-11,2023-12-11
9484,3,1,1,2023-12-11,2023-12-11
9486,2,1,1,2023-12-11,2023-12-11
9506,2,1,1,2023-12-11,2023-12-11
9527,3,1,1,2023-12-11,2023-12-11
9538,2,1,1,2023-12-11,2023-12-12
9540,2,1,1,2023-12-11,2023-12-11
9549,2,1,1,2023-12-11,2023-12-11
9568,38,3,9,2023-12-11,2026-06-01
9576,3,1,1,2023-12-12,2023-12-12
9577,2,1,1,2023-12-12,2023-12-12
9578,3,1,1,2023-12-12,2023-12-12
9582,2,1,1,2023-12-12,2023-12-12
9584,2,1,1,2023-12-12,2023-12-12
9585,4,1,1,2023-12-12,2023-12-12
9588,2,1,1,2023-12-12,2023-12-12
9591,3,1,1,2023-12-12,2023-12-12
9603,3,1,1,2023-12-12,2023-12-12
9611,2,1,1,2023-12-12,2023-12-12
9612,2,1,1,2023-12-12,2023-12-12
9617,2,1,1,2023-12-12,2023-12-12
9633,2,1,1,2023-12-12,2023-12-12
9695,4,2,3,2023-12-12,2025-06-18
9705,6,1,1,2023-12-12,2023-12-14
9715,2,1,1,2023-12-12,2023-12-12
9738,3,1,1,2023-12-13,2023-12-13
9741,2,1,1,2023-12-13,2023-12-13
9751,2,1,1,2023-12-13,2023-12-13
9752,3,1,1,2023-12-13,2023-12-13
9753,2,1,1,2023-12-13,2023-12-13
9755,3,1,1,2023-12-13,2023-12-13
9759,4,1,1,2023-12-13,2023-12-13
9760,3,1,1,2023-12-13,2023-12-13
9775,2,1,1,2023-12-13,2023-12-13
9778,2,1,1,2023-12-13,2023-12-13
9803,3,1,1,2023-12-13,2023-12-21
9805,2,1,1,2023-12-13,2023-12-13
9813,2,1,1,2023-12-13,2023-12-13
9838,9,1,3,2023-12-13,2024-12-03
9842,2,1,1,2023-12-13,2023-12-14
9864,2,1,1,2023-12-13,2023-12-13
9867,2,1,1,2023-12-13,2023-12-13
9874,4,1,1,2023-12-14,2023-12-14
9877,2,1,1,2023-12-14,2023-12-14
9879,3,1,1,2023-12-14,2023-12-14
9881,5,1,1,2023-12-14,2023-12-14
9882,2,1,1,2023-12-14,2023-12-14
9883,2,1,1,2023-12-14,2023-12-14
9884,2,1,1,2023-12-14,2023-12-14
9885,2,1,1,2023-12-14,2023-12-14
9889,2,1,1,2023-12-14,2023-12-14
9892,2,1,1,2023-12-14,2023-12-14
9899,2,1,1,2023-12-14,2023-12-14
9900,2,1,1,2023-12-14,2023-12-14
9901,3,1,1,2023-12-14,2023-12-14
9909,2,1,1,2023-12-14,2023-12-14
9917,2,1,1,2023-12-14,2023-12-14
9931,3,1,1,2023-12-14,2023-12-14
9934,2,1,1,2023-12-14,2023-12-14
9946,5,1,2,2023-12-14,2024-10-15
9953,2,1,1,2023-12-14,2023-12-14
9960,2,1,1,2023-12-14,2023-12-14
9962,2,1,1,2023-12-14,2023-12-14
9973,2,1,1,2023-12-14,2023-12-14
10032,4,1,1,2023-12-15,2023-12-15
10035,2,1,1,2023-12-15,2023-12-15
10038,2,1,1,2023-12-15,2023-12-15
10042,2,1,1,2023-12-15,2023-12-15
10044,3,1,1,2023-12-15,2023-12-15
10060,2,1,1,2023-12-15,2023-12-15
10093,2,1,1,2023-12-15,2023-12-15
10112,2,1,1,2023-12-15,2023-12-15
10139,2,1,1,2023-12-16,2023-12-16
10141,3,1,1,2023-12-16,2023-12-16
10167,2,1,1,2023-12-16,2023-12-16
10205,34,1,3,2023-12-17,2024-11-04
10235,2,1,1,2023-12-18,2023-12-18
10236,2,1,1,2023-12-18,2023-12-23
10239,2,1,1,2023-12-18,2023-12-18
10246,3,1,1,2023-12-18,2023-12-18
10247,3,1,1,2023-12-18,2023-12-18
10251,4,1,1,2023-12-18,2023-12-18
10253,3,1,1,2023-12-18,2023-12-18
10255,6,1,1,2023-12-18,2023-12-18
10257,3,1,1,2023-12-18,2023-12-18
10258,6,1,1,2023-12-18,2023-12-18
10273,2,1,1,2023-12-18,2023-12-18
10285,2,1,1,2023-12-18,2023-12-18
10292,2,1,1,2023-12-18,2023-12-18
10328,2,1,1,2023-12-18,2023-12-18
10340,2,1,1,2023-12-18,2024-02-01
10353,3,1,1,2023-12-18,2023-12-18
10358,3,1,1,2023-12-18,2023-12-18
10368,2,1,1,2023-12-19,2023-12-19
10370,2,1,1,2023-12-19,2023-12-19
10372,3,1,1,2023-12-19,2023-12-19
10373,2,1,1,2023-12-19,2023-12-19
10378,2,1,1,2023-12-19,2023-12-19
10381,2,1,1,2023-12-19,2023-12-19
10383,2,1,1,2023-12-19,2023-12-19
10385,2,1,1,2023-12-19,2023-12-19
10399,2,1,1,2023-12-19,2023-12-19
10400,3,1,1,2023-12-19,2023-12-19
10403,2,1,1,2023-12-19,2023-12-19
10410,3,1,1,2023-12-19,2023-12-19
10415,2,1,1,2023-12-19,2023-12-19
10417,2,1,1,2023-12-19,2023-12-19
10418,3,1,1,2023-12-19,2023-12-19
10422,2,1,1,2023-12-19,2023-12-19
10432,2,1,1,2023-12-19,2023-12-19
10436,2,1,1,2023-12-19,2023-12-19
10440,2,1,1,2023-12-19,2023-12-19
10495,2,1,1,2023-12-19,2023-12-19
10514,2,1,1,2023-12-20,2023-12-20
10519,3,1,1,2023-12-20,2023-12-20
10525,4,1,1,2023-12-20,2023-12-20
10529,2,1,1,2023-12-20,2023-12-20
10530,3,1,1,2023-12-20,2023-12-20
10532,3,1,1,2023-12-20,2023-12-20
10535,2,1,1,2023-12-20,2023-12-20
10546,3,1,1,2023-12-20,2023-12-20
10560,3,1,1,2023-12-20,2023-12-20
10562,3,1,1,2023-12-20,2023-12-20
10567,6,1,1,2023-12-20,2023-12-20
10569,3,1,1,2023-12-20,2023-12-20
10575,2,1,1,2023-12-20,2023-12-20
10585,2,1,1,2023-12-20,2023-12-20
10587,2,1,1,2023-12-20,2023-12-20
10593,7,1,1,2023-12-20,2023-12-20
10594,3,1,1,2023-12-20,2023-12-20
10597,2,1,1,2023-12-20,2023-12-21
10606,2,1,1,2023-12-20,2023-12-20
10610,3,2,1,2023-12-20,2023-12-21
10613,2,1,1,2023-12-20,2023-12-20
10614,2,1,1,2023-12-20,2023-12-20
10628,2,1,1,2023-12-20,2024-01-31
10653,2,1,1,2023-12-20,2023-12-20
10668,2,1,1,2023-12-20,2023-12-20
10696,2,1,1,2023-12-21,2023-12-21
10702,2,1,1,2023-12-21,2023-12-21
10708,2,1,1,2023-12-21,2023-12-21
10711,5,1,1,2023-12-21,2023-12-21
10715,3,1,1,2023-12-21,2023-12-21
10717,3,1,1,2023-12-21,2023-12-21
10719,2,1,1,2023-12-21,2023-12-21
10729,2,1,1,2023-12-21,2023-12-21
10734,3,1,1,2023-12-21,2023-12-21
10738,2,1,1,2023-12-21,2023-12-21
10755,2,1,1,2023-12-21,2023-12-21
10764,2,1,1,2023-12-21,2023-12-22
10784,2,1,1,2023-12-21,2023-12-21
10786,2,1,1,2023-12-21,2023-12-21
10789,18,1,1,2023-12-21,2023-12-29
10821,3,1,2,2023-12-21,2024-07-05
10851,2,1,1,2023-12-22,2023-12-22
10854,2,1,1,2023-12-22,2023-12-22
10856,2,1,1,2023-12-22,2023-12-22
10858,3,1,1,2023-12-22,2023-12-22
10885,3,1,1,2023-12-22,2023-12-22
10887,2,1,1,2023-12-22,2023-12-22
10894,40,5,6,2023-12-22,2025-10-01
10895,2,1,1,2023-12-22,2023-12-22
10917,2,1,1,2023-12-22,2023-12-22
10940,5,1,1,2023-12-22,2024-01-23
10970,2,1,1,2023-12-23,2023-12-23
11012,20,2,4,2023-12-24,2025-06-09
11021,2,1,1,2023-12-24,2023-12-24
11045,2,1,1,2023-12-24,2023-12-24
11063,2,1,1,2023-12-25,2023-12-25
11067,2,1,1,2023-12-25,2023-12-25
11070,10,2,2,2023-12-25,2024-11-19
11076,2,1,1,2023-12-26,2023-12-26
11077,3,1,1,2023-12-26,2023-12-26
11078,4,1,1,2023-12-26,2023-12-26
11079,2,1,1,2023-12-26,2023-12-26
11080,6,1,1,2023-12-26,2023-12-26
11082,2,1,1,2023-12-26,2023-12-26
11087,2,1,1,2023-12-26,2023-12-26
11097,2,1,1,2023-12-26,2023-12-26
11105,2,1,1,2023-12-26,2023-12-26
11114,3,1,1,2023-12-26,2023-12-26
11118,3,1,1,2023-12-26,2023-12-26
11127,2,1,1,2023-12-26,2023-12-26
11140,2,1,1,2023-12-26,2023-12-26
11142,3,1,1,2023-12-26,2023-12-26
11215,3,1,1,2023-12-27,2023-12-27
11219,4,1,1,2023-12-27,2023-12-27
11230,2,1,1,2023-12-27,2023-12-27
11240,3,1,1,2023-12-27,2023-12-27
11246,3,1,1,2023-12-27,2023-12-27
11258,2,1,1,2023-12-27,2023-12-27
11264,2,1,1,2023-12-27,2023-12-27
11278,10,1,1,2023-12-27,2024-05-02
11284,2,1,1,2023-12-27,2023-12-27
11286,2,1,1,2023-12-27,2023-12-27
11320,2,1,1,2023-12-27,2023-12-27
11322,2,1,1,2023-12-27,2023-12-27
11344,4,1,1,2023-12-27,2023-12-28
11351,2,1,1,2023-12-27,2024-02-26
11366,2,1,1,2023-12-28,2023-12-28
11368,2,1,1,2023-12-28,2023-12-28
11370,2,1,1,2023-12-28,2023-12-28
11373,2,1,1,2023-12-28,2023-12-28
11377,2,1,1,2023-12-28,2023-12-28
11381,3,1,1,2023-12-28,2023-12-28
11383,3,1,1,2023-12-28,2023-12-28
11386,3,1,1,2023-12-28,2023-12-28
11392,2,1,1,2023-12-28,2023-12-28
11393,2,1,1,2023-12-28,2023-12-28
11397,2,1,1,2023-12-28,2023-12-28
11403,2,1,1,2023-12-28,2023-12-28
11413,2,1,1,2023-12-28,2023-12-28
11415,2,1,1,2023-12-28,2023-12-28
11416,2,1,1,2023-12-28,2023-12-28
11428,3,1,1,2023-12-28,2023-12-28
11430,2,1,1,2023-12-28,2023-12-28
11431,4,1,1,2023-12-28,2023-12-28
11454,3,1,1,2023-12-28,2023-12-28
11462,2,1,1,2023-12-28,2023-12-28
11466,5,1,1,2023-12-28,2024-01-05
11467,2,1,1,2023-12-28,2023-12-28
11473,3,1,1,2023-12-28,2023-12-28
11485,2,1,1,2023-12-28,2023-12-28
11487,2,1,1,2023-12-28,2023-12-28
11504,4,1,1,2023-12-28,2024-01-02
11515,2,1,1,2023-12-28,2023-12-28
11517,40,1,1,2023-12-28,2024-01-24
11522,7,1,1,2023-12-28,2024-05-02
11523,5,1,1,2023-12-28,2024-01-22
11544,3,1,1,2023-12-29,2023-12-29
11551,3,1,1,2023-12-29,2023-12-29
11560,2,1,1,2023-12-29,2023-12-29
11561,4,1,1,2023-12-29,2024-03-15
11564,4,1,1,2023-12-29,2023-12-29
11567,3,1,1,2023-12-29,2023-12-29
11575,3,1,1,2023-12-29,2023-12-29
11577,2,1,1,2023-12-29,2023-12-29
11581,3,1,1,2023-12-29,2023-12-29
11586,2,1,1,2023-12-29,2023-12-29
11609,2,1,1,2023-12-29,2023-12-29
11629,2,1,1,2023-12-29,2023-12-29
11650,4,1,3,2023-12-29,2025-06-24
11743,3,1,1,2023-12-31,2024-01-05
11764,2,1,1,2023-12-31,2023-12-31
11768,2,1,1,2023-12-31,2023-12-31
11776,2,1,1,2023-12-31,2024-01-01
11785,2,1,2,2024-01-01,2025-01-15
11809,5,1,1,2024-01-01,2024-01-01
11818,2,1,1,2024-01-01,2024-01-01
11834,3,1,1,2024-01-02,2024-01-02
11836,2,1,1,2024-01-02,2024-01-02
11840,3,1,1,2024-01-02,2024-01-02
11848,2,1,1,2024-01-02,2024-01-02
11855,3,1,1,2024-01-02,2024-01-02
11860,2,1,1,2024-01-02,2024-01-02
11861,2,1,1,2024-01-02,2024-01-02
11867,3,1,1,2024-01-02,2024-01-02
11868,3,1,1,2024-01-02,2024-01-02
11875,5,1,1,2024-01-02,2024-01-02
11884,4,1,1,2024-01-02,2024-01-02
11893,3,1,1,2024-01-02,2024-01-02
11909,2,1,1,2024-01-02,2024-01-02
11927,3,1,1,2024-01-02,2024-01-02
11934,3,1,1,2024-01-02,2024-01-02
11938,2,1,1,2024-01-02,2024-01-02
11990,2,1,1,2024-01-02,2024-01-02
11999,2,1,1,2024-01-03,2024-01-03
12002,2,1,1,2024-01-03,2024-01-03
12041,2,1,1,2024-01-03,2024-01-03
12048,2,1,1,2024-01-03,2024-01-03
12049,2,1,1,2024-01-03,2024-01-03
12050,5,2,1,2024-01-03,2024-01-18
12055,5,1,1,2024-01-03,2024-01-22
12088,2,1,1,2024-01-03,2024-02-13
12101,2,1,1,2024-01-03,2024-02-13
12129,2,1,1,2024-01-03,2024-01-03
12143,3,1,1,2024-01-04,2024-01-04
12145,2,1,1,2024-01-04,2024-01-04
12149,3,1,1,2024-01-04,2024-01-04
12151,4,1,1,2024-01-04,2024-01-04
12153,2,1,1,2024-01-04,2024-01-04
12155,2,1,1,2024-01-04,2024-01-04
12164,3,1,1,2024-01-04,2024-01-04
12169,2,1,1,2024-01-04,2024-01-04
12170,3,1,1,2024-01-04,2024-01-04
12172,3,1,1,2024-01-04,2024-01-04
12173,3,1,1,2024-01-04,2024-01-04
12185,2,1,1,2024-01-04,2024-01-04
12207,3,1,1,2024-01-04,2024-01-04
12209,2,1,1,2024-01-04,2024-01-04
12211,5,1,1,2024-01-04,2024-01-04
12213,2,1,1,2024-01-04,2024-01-04
12215,2,1,1,2024-01-04,2024-01-04
12222,3,1,1,2024-01-04,2024-01-04
12227,15,1,1,2024-01-04,2024-01-23
12231,2,1,1,2024-01-04,2024-01-04
12234,3,2,1,2024-01-04,2024-01-23
12244,2,1,1,2024-01-04,2024-01-10
12248,2,1,1,2024-01-04,2024-01-04
12277,2,1,1,2024-01-04,2024-01-04
12301,3,1,1,2024-01-04,2024-01-24
12306,3,1,1,2024-01-04,2024-01-04
12309,6,1,1,2024-01-04,2024-01-04
12310,2,1,1,2024-01-04,2024-01-04
12311,2,1,1,2024-01-04,2024-01-04
12328,2,1,1,2024-01-04,2024-01-04
12338,3,1,1,2024-01-05,2024-01-05
12344,3,1,1,2024-01-05,2024-01-05
12347,2,1,1,2024-01-05,2024-01-05
12349,3,1,1,2024-01-05,2024-01-05
12357,2,1,1,2024-01-05,2024-01-05
12358,2,2,1,2024-01-05,2024-01-26
12367,3,1,1,2024-01-05,2024-01-05
12392,2,1,1,2024-01-05,2024-01-05
12400,2,1,1,2024-01-05,2024-01-05
12412,3,1,1,2024-01-05,2024-01-05
12445,3,1,1,2024-01-05,2024-01-05
12447,3,1,1,2024-01-05,2024-01-05
12449,2,1,1,2024-01-05,2024-01-05
12450,3,1,1,2024-01-05,2024-01-05
12452,2,1,1,2024-01-05,2024-01-05
12461,3,2,1,2024-01-05,2024-01-12
12480,2,1,1,2024-01-06,2024-01-06
12527,2,1,1,2024-01-06,2024-01-06
12570,2,1,1,2024-01-07,2024-01-07
12587,7,2,1,2024-01-07,2024-01-07
12603,2,1,1,2024-01-07,2024-01-07
12611,3,1,1,2024-01-08,2024-01-08
12613,2,1,1,2024-01-08,2024-01-08
12621,2,1,1,2024-01-08,2024-01-08
12629,2,1,1,2024-01-08,2024-01-08
12633,2,1,1,2024-01-08,2024-01-08
12641,3,1,1,2024-01-08,2024-01-08
12646,2,1,1,2024-01-08,2024-01-08
12648,2,1,1,2024-01-08,2024-01-08
12650,2,1,1,2024-01-08,2024-01-08
12660,2,1,1,2024-01-08,2024-01-08
12695,2,1,1,2024-01-08,2024-05-04
12705,3,1,1,2024-01-08,2024-01-08
12707,2,1,1,2024-01-08,2024-01-08
12708,3,1,1,2024-01-08,2024-01-08
12716,19,1,1,2024-01-08,2024-01-14
12728,2,1,1,2024-01-08,2024-01-08
12756,3,1,1,2024-01-09,2024-01-09
12763,2,1,1,2024-01-09,2024-01-09
12770,2,1,1,2024-01-09,2024-01-09
12777,2,1,1,2024-01-09,2024-01-09
12782,2,1,1,2024-01-09,2024-01-09
12786,3,1,1,2024-01-09,2024-01-09
12792,7,1,1,2024-01-09,2024-01-09
12799,2,1,1,2024-01-09,2024-01-09
12800,3,1,1,2024-01-09,2024-01-09
12817,3,1,1,2024-01-09,2024-01-09
12821,2,1,1,2024-01-09,2024-01-09
12846,2,1,1,2024-01-09,2024-01-09
12860,2,1,1,2024-01-09,2024-01-09
12876,3,1,1,2024-01-09,2024-01-09
12880,2,1,1,2024-01-09,2024-01-09
12928,2,1,1,2024-01-10,2024-01-10
12936,3,1,1,2024-01-10,2024-01-10
12939,2,1,1,2024-01-10,2024-01-10
12947,4,1,1,2024-01-10,2024-01-10
12951,3,1,1,2024-01-10,2024-01-10
12954,2,1,1,2024-01-10,2024-01-10
12966,3,1,1,2024-01-10,2024-01-10
12967,4,1,1,2024-01-10,2024-01-10
12973,2,1,1,2024-01-10,2024-01-10
12975,3,1,1,2024-01-10,2024-01-10
12985,2,1,1,2024-01-10,2024-01-10
12987,2,1,1,2024-01-10,2024-01-10
13030,2,1,1,2024-01-10,2024-01-10
13063,2,1,1,2024-01-10,2024-01-10
13076,2,1,1,2024-01-10,2024-01-10
13081,3,1,1,2024-01-10,2024-01-10
13083,3,1,1,2024-01-10,2024-01-10
13099,2,1,1,2024-01-11,2024-01-11
13112,2,1,1,2024-01-11,2024-01-11
13113,2,1,1,2024-01-11,2024-01-11
13115,3,1,1,2024-01-11,2024-01-11
13119,2,1,1,2024-01-11,2024-01-11
13122,3,1,1,2024-01-11,2024-01-11
13127,2,1,1,2024-01-11,2024-01-11
13131,2,1,1,2024-01-11,2024-01-11
13133,3,1,1,2024-01-11,2024-01-11
13139,2,1,1,2024-01-11,2024-01-11
13152,2,1,1,2024-01-11,2024-01-11
13156,3,2,1,2024-01-11,2024-01-11
13174,2,1,1,2024-01-11,2024-01-11
13202,2,1,1,2024-01-11,2024-01-11
13205,7,1,3,2024-01-11,2025-02-26
13212,2,1,1,2024-01-11,2024-01-11
13214,2,2,1,2024-01-11,2024-01-11
13253,2,1,1,2024-01-12,2024-01-12
13257,3,1,1,2024-01-12,2024-01-12
13304,2,1,1,2024-01-12,2024-01-12
13322,13,3,6,2024-01-12,2026-06-28
13337,2,1,1,2024-01-12,2024-01-12
13357,2,1,1,2024-01-13,2024-01-13
13362,2,1,1,2024-01-13,2024-01-13
13369,7,1,1,2024-01-13,2024-01-18
13373,2,1,1,2024-01-13,2024-01-13
13379,2,1,1,2024-01-13,2024-01-13
13400,5,1,2,2024-01-14,2025-03-26
13425,2,1,1,2024-01-14,2024-03-28
13432,2,1,1,2024-01-15,2024-01-15
13435,2,1,1,2024-01-15,2024-01-15
13437,3,1,1,2024-01-15,2024-01-15
13447,2,1,1,2024-01-15,2024-01-15
13449,2,1,1,2024-01-15,2024-01-15
13452,2,1,1,2024-01-15,2024-01-15
13462,3,2,1,2024-01-15,2024-01-15
13463,3,1,1,2024-01-15,2024-01-15
13464,2,1,1,2024-01-15,2024-01-15
13465,3,1,1,2024-01-15,2024-01-15
13472,2,1,1,2024-01-15,2024-01-15
13496,3,1,1,2024-01-15,2024-01-15
13509,2,1,1,2024-01-15,2024-01-15
13513,2,1,1,2024-01-15,2024-01-15
13519,3,1,1,2024-01-16,2024-01-16
13526,8,1,1,2024-01-16,2024-01-17
13530,3,1,1,2024-01-16,2024-01-16
13535,5,1,1,2024-01-16,2024-01-16
13551,3,1,1,2024-01-16,2024-01-16
13552,2,1,1,2024-01-16,2024-01-16
13568,8,1,1,2024-01-16,2024-01-23
13583,4,1,1,2024-01-16,2024-01-16
13584,2,1,1,2024-01-16,2024-01-16
13585,2,1,1,2024-01-16,2024-01-16
13608,4,1,1,2024-01-17,2024-01-17
13610,4,3,3,2024-01-17,2025-07-29
13625,2,1,1,2024-01-17,2024-01-17
13631,3,1,1,2024-01-17,2024-01-17
13635,2,1,1,2024-01-17,2024-01-17
13637,2,1,1,2024-01-17,2024-01-17
13643,3,1,1,2024-01-17,2024-01-17
13662,2,1,1,2024-01-17,2024-01-17
13697,9,1,1,2024-01-17,2024-01-24
13709,4,1,1,2024-01-17,2024-01-22
13713,8,1,1,2024-01-17,2024-01-24
13715,2,1,1,2024-01-17,2024-01-17
13727,2,1,1,2024-01-17,2024-01-17
13728,6,1,1,2024-01-17,2024-01-24
13740,2,1,1,2024-01-17,2024-01-18
13743,3,1,1,2024-01-17,2024-01-17
13756,2,1,1,2024-01-18,2024-01-18
13757,3,1,1,2024-01-18,2024-01-18
13759,2,1,1,2024-01-18,2024-01-18
13762,3,1,1,2024-01-18,2024-01-18
13763,4,1,1,2024-01-18,2024-01-18
13764,5,1,1,2024-01-18,2024-01-18
13778,2,1,1,2024-01-18,2024-01-18
13780,2,1,1,2024-01-18,2024-01-18
13799,2,1,1,2024-01-18,2024-01-18
13804,2,1,1,2024-01-18,2024-01-18
13833,2,1,1,2024-01-18,2024-01-18
13834,2,1,1,2024-01-18,2024-01-18
13846,2,1,1,2024-01-18,2024-01-18
13859,2,1,1,2024-01-18,2024-01-18
13880,15,1,1,2024-01-18,2024-01-24
13900,2,1,1,2024-01-18,2024-01-18
13914,5,1,1,2024-01-19,2024-01-19
13916,3,1,1,2024-01-19,2024-01-19
13918,3,1,1,2024-01-19,2024-01-19
13923,4,1,1,2024-01-19,2024-01-19
13939,2,1,1,2024-01-19,2024-01-19
13946,4,1,1,2024-01-19,2024-01-19
13975,2,2,1,2024-01-19,2024-01-19
13976,6,1,1,2024-01-19,2024-01-23
13978,4,1,1,2024-01-19,2024-01-24
13996,4,1,1,2024-01-19,2024-01-19
14013,2,1,1,2024-01-19,2024-01-21
14016,2,1,1,2024-01-19,2024-01-19
14019,2,1,1,2024-01-19,2024-01-19
14052,2,1,1,2024-01-19,2024-01-19
14057,3,1,1,2024-01-19,2024-01-19
14069,3,1,1,2024-01-19,2024-01-24
14099,2,1,1,2024-01-20,2024-01-20
14109,2,1,1,2024-01-20,2024-01-20
14146,3,1,1,2024-01-20,2024-02-13
14174,11,3,3,2024-01-21,2025-06-06
14177,2,1,1,2024-01-21,2024-01-21
14178,7,1,1,2024-01-21,2024-01-26
14181,4,1,1,2024-01-21,2024-02-13
14185,2,1,1,2024-01-21,2024-01-21
14187,2,1,1,2024-01-21,2024-01-21
14199,2,1,1,2024-01-21,2024-01-21
14210,3,1,1,2024-01-21,2024-01-22
14218,4,1,1,2024-01-21,2024-01-21
14226,3,1,1,2024-01-22,2024-01-27
14227,3,1,1,2024-01-22,2024-01-22
14231,6,3,3,2024-01-22,2025-02-11
14234,2,1,1,2024-01-22,2024-01-22
14253,5,1,1,2024-01-22,2024-01-23
14270,9,1,1,2024-01-22,2024-01-24
14273,5,1,1,2024-01-22,2024-01-23
14284,4,1,1,2024-01-22,2024-01-22
14290,3,1,1,2024-01-22,2024-01-22
14293,2,1,1,2024-01-22,2024-01-22
14296,2,1,1,2024-01-22,2024-01-22
14299,2,1,1,2024-01-22,2024-01-22
14300,2,1,1,2024-01-22,2024-01-22
14301,3,1,1,2024-01-22,2024-01-22
14308,2,1,1,2024-01-22,2024-01-22
14319,3,1,1,2024-01-22,2024-01-22
14320,2,1,1,2024-01-22,2024-01-22
14329,11,1,1,2024-01-22,2024-02-26
14337,3,1,1,2024-01-22,2024-01-22
14341,29,1,1,2024-01-22,2024-01-24
14358,2,1,1,2024-01-22,2024-01-23
14361,6,2,1,2024-01-22,2024-01-23
14364,12,1,1,2024-01-22,2024-01-24
14366,3,1,1,2024-01-22,2024-01-22
14372,2,1,1,2024-01-22,2024-01-26
14401,3,1,1,2024-01-23,2024-01-23
14402,3,1,1,2024-01-23,2024-01-23
14406,2,1,1,2024-01-23,2024-01-23
14409,3,1,1,2024-01-23,2024-01-23
14420,3,1,1,2024-01-23,2024-01-23
14425,2,1,1,2024-01-23,2024-01-23
14427,2,1,1,2024-01-23,2024-01-23
14431,3,1,1,2024-01-23,2024-01-23
14440,3,1,1,2024-01-23,2024-01-23
14443,4,1,1,2024-01-23,2024-01-26
14444,3,1,1,2024-01-23,2024-01-23
14448,2,1,1,2024-01-23,2024-01-23
14451,2,1,1,2024-01-23,2024-01-23
14456,3,1,1,2024-01-23,2024-01-23
14457,2,1,1,2024-01-23,2024-01-23
14472,3,1,1,2024-01-23,2024-01-23
14482,3,1,1,2024-01-23,2024-01-23
14483,2,1,1,2024-01-23,2024-01-23
14498,3,1,1,2024-01-23,2024-01-24
14514,5,1,1,2024-01-23,2024-01-24
14522,2,1,1,2024-01-23,2024-01-23
14531,2,1,1,2024-01-23,2024-01-23
14544,2,1,1,2024-01-23,2024-01-23
14570,2,1,1,2024-01-23,2024-01-23
14583,4,1,1,2024-01-23,2024-01-24
14597,12,1,4,2024-01-23,2025-03-15
14603,2,1,1,2024-01-23,2024-01-23
14609,3,1,1,2024-01-23,2024-01-24
14613,26,3,6,2024-01-23,2026-05-19
14630,2,1,1,2024-01-23,2024-01-23
14663,2,1,1,2024-01-24,2024-01-24
14664,3,1,1,2024-01-24,2024-01-24
14668,2,1,1,2024-01-24,2024-01-24
14673,3,1,1,2024-01-24,2024-01-24
14674,3,1,1,2024-01-24,2024-01-24
14676,2,1,1,2024-01-24,2024-01-24
14678,3,1,1,2024-01-24,2024-01-24
14681,3,1,1,2024-01-24,2024-01-24
14682,3,1,1,2024-01-24,2024-01-24
14684,2,1,1,2024-01-24,2024-01-24
14689,3,1,1,2024-01-24,2024-01-24
14701,3,1,1,2024-01-24,2024-01-24
14704,3,1,1,2024-01-24,2024-01-24
14715,2,1,1,2024-01-24,2024-01-24
14717,3,1,1,2024-01-24,2024-01-24
14719,9,1,1,2024-01-24,2024-02-29
14720,5,1,1,2024-01-24,2024-01-24
14735,2,1,1,2024-01-24,2024-01-24
14736,2,1,1,2024-01-24,2024-01-24
14737,4,1,1,2024-01-24,2024-02-29
14740,2,1,1,2024-01-24,2024-01-24
14750,3,1,1,2024-01-24,2024-01-24
14775,2,1,1,2024-01-24,2024-01-24
14811,2,1,1,2024-01-24,2024-01-24
14813,2,1,1,2024-01-24,2024-01-24
14822,2,1,1,2024-01-24,2024-01-24
14834,17,1,1,2024-01-24,2024-03-01
14835,2,1,1,2024-01-24,2024-01-24
14840,2,1,1,2024-01-24,2024-01-24
14853,2,1,1,2024-01-24,2024-01-24
14861,6,3,2,2024-01-24,2024-07-26
14870,2,1,1,2024-01-24,2024-01-26
14891,2,1,1,2024-01-25,2024-01-25
14901,2,1,1,2024-01-25,2024-01-25
14904,3,1,1,2024-01-25,2024-01-25
14905,2,1,1,2024-01-25,2024-01-25
14906,3,1,1,2024-01-25,2024-01-25
14908,5,1,1,2024-01-25,2024-02-08
14912,4,1,1,2024-01-25,2024-03-07
14913,3,1,1,2024-01-25,2024-01-25
14915,2,1,1,2024-01-25,2024-01-25
14920,2,1,1,2024-01-25,2024-01-25
14929,3,1,1,2024-01-25,2024-01-25
14941,2,1,1,2024-01-25,2024-01-25
14943,3,1,1,2024-01-25,2024-01-25
14944,3,1,1,2024-01-25,2024-01-25
14948,2,1,1,2024-01-25,2024-01-25
14958,2,1,1,2024-01-25,2024-01-25
14967,3,1,1,2024-01-25,2024-01-25
14980,2,1,1,2024-01-25,2024-01-25
15005,2,1,1,2024-01-25,2024-01-25
15058,3,1,1,2024-01-26,2024-01-26
15069,2,1,1,2024-01-26,2024-01-26
15075,2,1,1,2024-01-26,2024-01-26
15077,3,1,1,2024-01-26,2024-01-26
15081,3,2,1,2024-01-26,2024-01-26
15087,3,1,1,2024-01-26,2024-01-26
15093,2,1,1,2024-01-26,2024-01-26
15113,2,1,1,2024-01-26,2024-01-26
15125,3,2,1,2024-01-26,2024-02-01
15134,2,1,1,2024-01-26,2024-01-26
15140,2,1,1,2024-01-26,2024-01-26
15150,2,2,1,2024-01-26,2024-01-26
15164,2,2,2,2024-01-26,2024-10-22
15166,2,1,1,2024-01-26,2024-01-26
15180,2,1,1,2024-01-26,2024-01-26
15225,5,2,1,2024-01-27,2024-01-29
15227,2,1,1,2024-01-27,2024-01-27
15238,2,1,1,2024-01-27,2024-01-27
15258,2,1,1,2024-01-27,2024-01-27
15303,4,1,1,2024-01-28,2024-01-28
15312,5,2,1,2024-01-28,2024-01-28
15334,2,1,1,2024-01-28,2024-01-28
15338,2,1,2,2024-01-28,2025-01-08
15341,4,1,2,2024-01-28,2024-09-05
15355,2,1,1,2024-01-29,2024-01-29
15365,2,1,1,2024-01-29,2024-01-29
15368,2,1,1,2024-01-29,2024-01-29
15369,3,1,1,2024-01-29,2024-01-29
15370,2,1,1,2024-01-29,2024-01-29
15375,2,1,1,2024-01-29,2024-01-29
15377,3,1,1,2024-01-29,2024-01-29
15382,2,1,1,2024-01-29,2024-01-29
15383,3,1,1,2024-01-29,2024-01-29
15386,3,1,1,2024-01-29,2024-01-29
15393,2,1,1,2024-01-29,2024-01-29
15399,3,1,1,2024-01-29,2024-01-29
15411,2,1,1,2024-01-29,2024-01-29
15430,2,1,1,2024-01-29,2024-01-29
15445,3,1,1,2024-01-29,2024-01-29
15459,3,1,1,2024-01-29,2024-01-29
15498,2,1,1,2024-01-29,2024-01-29
15503,3,1,1,2024-01-30,2024-01-30
15506,3,1,1,2024-01-30,2024-01-30
15510,3,1,1,2024-01-30,2024-01-30
15520,2,1,1,2024-01-30,2024-01-30
15521,2,1,1,2024-01-30,2024-01-30
15522,3,1,1,2024-01-30,2024-01-30
15529,2,1,1,2024-01-30,2024-01-30
15531,3,1,1,2024-01-30,2024-01-30
15533,2,1,1,2024-01-30,2024-01-30
15538,3,1,1,2024-01-30,2024-01-30
15548,3,1,1,2024-01-30,2024-01-30
15594,12,1,1,2024-01-30,2024-02-16
15605,2,1,1,2024-01-30,2024-01-30
15641,3,1,1,2024-01-31,2024-01-31
15645,3,1,1,2024-01-31,2024-01-31
15648,4,1,1,2024-01-31,2024-01-31
15651,2,1,1,2024-01-31,2024-01-31
15661,3,1,1,2024-01-31,2024-01-31
15664,2,1,1,2024-01-31,2024-01-31
15672,3,1,1,2024-01-31,2024-01-31
15675,2,1,1,2024-01-31,2024-01-31
15699,2,1,1,2024-01-31,2024-01-31
15700,2,2,2,2024-01-31,2025-08-01
15717,12,3,3,2024-01-31,2025-03-25
15749,2,1,1,2024-01-31,2024-01-31
15760,2,1,1,2024-01-31,2024-01-31
15766,3,1,1,2024-02-01,2024-02-01
15767,3,1,1,2024-02-01,2024-02-01
15779,3,1,1,2024-02-01,2024-02-01
15781,3,1,1,2024-02-01,2024-02-01
15787,2,1,1,2024-02-01,2024-02-01
15794,3,1,1,2024-02-01,2024-02-01
15802,2,1,1,2024-02-01,2024-02-01
15805,2,1,1,2024-02-01,2024-02-01
15822,3,1,1,2024-02-01,2024-02-01
15830,2,1,1,2024-02-01,2024-02-01
15858,2,1,1,2024-02-01,2024-02-01
15901,2,1,1,2024-02-01,2024-02-01
15903,2,1,1,2024-02-01,2024-02-01
15925,7,1,3,2024-02-02,2024-12-26
15928,2,1,1,2024-02-02,2024-02-02
15939,3,1,1,2024-02-02,2024-02-02
15943,2,1,1,2024-02-02,2024-02-02
15944,3,1,1,2024-02-02,2024-02-02
15947,2,1,1,2024-02-02,2024-02-02
15951,2,1,1,2024-02-02,2024-02-02
15956,3,1,1,2024-02-02,2024-02-02
15957,3,1,1,2024-02-02,2024-02-02
15990,2,1,1,2024-02-02,2024-02-14
16009,2,1,1,2024-02-02,2024-02-02
16022,2,1,1,2024-02-02,2024-02-02
16033,2,2,1,2024-02-02,2024-02-02
16079,2,1,1,2024-02-03,2024-02-03
16084,2,2,1,2024-02-03,2024-02-03
16094,2,1,1,2024-02-03,2024-02-03
16102,2,1,1,2024-02-03,2024-02-04
16106,2,1,1,2024-02-03,2024-02-03
16107,2,1,1,2024-02-03,2024-02-04
16132,2,1,1,2024-02-03,2024-02-03
16165,2,1,1,2024-02-04,2024-02-04
16184,2,1,1,2024-02-04,2024-02-04
16211,2,1,1,2024-02-05,2024-02-05
16215,4,1,1,2024-02-05,2024-02-05
16216,5,1,1,2024-02-05,2024-02-15
16217,2,1,1,2024-02-05,2024-02-05
16222,2,1,1,2024-02-05,2024-02-05
16226,2,1,1,2024-02-05,2024-02-05
16229,6,1,1,2024-02-05,2024-02-05
16236,3,1,1,2024-02-05,2024-02-05
16238,3,1,1,2024-02-05,2024-02-05
16245,2,1,1,2024-02-05,2024-02-05
16246,2,1,1,2024-02-05,2024-02-05
16253,2,1,1,2024-02-05,2024-02-05
16284,2,1,1,2024-02-05,2024-02-05
16291,2,1,1,2024-02-05,2024-02-05
16307,2,1,1,2024-02-05,2024-02-05
16352,3,1,1,2024-02-05,2024-02-05
16366,3,1,1,2024-02-06,2024-02-06
16369,2,1,1,2024-02-06,2024-02-06
16379,2,1,1,2024-02-06,2024-02-06
16384,11,2,2,2024-02-06,2025-01-21
16389,2,1,1,2024-02-06,2024-02-06
16393,2,1,1,2024-02-06,2024-02-06
16397,2,1,1,2024-02-06,2024-02-06
16408,3,1,1,2024-02-06,2024-02-06
16410,3,1,1,2024-02-06,2024-02-06
16411,3,1,1,2024-02-06,2024-02-06
16412,3,1,1,2024-02-06,2024-02-06
16447,2,1,1,2024-02-06,2024-02-06
16473,2,1,1,2024-02-06,2024-02-06
16478,2,1,1,2024-02-06,2024-02-06
16487,2,1,1,2024-02-06,2024-02-06
16533,3,1,1,2024-02-07,2024-02-07
16540,2,1,1,2024-02-07,2024-02-07
16546,3,2,1,2024-02-07,2024-02-07
16547,2,1,1,2024-02-07,2024-02-07
16549,6,2,1,2024-02-07,2024-02-07
16570,2,1,1,2024-02-07,2024-02-07
16572,2,1,1,2024-02-07,2024-02-07
16588,6,1,1,2024-02-07,2024-02-08
16603,3,1,1,2024-02-07,2024-02-07
16631,2,1,1,2024-02-07,2024-02-07
16635,10,4,5,2024-02-07,2026-01-25
16661,3,1,1,2024-02-07,2024-02-13
16662,2,1,1,2024-02-07,2024-02-07
16684,5,1,2,2024-02-07,2024-08-22
16693,2,1,1,2024-02-08,2024-02-08
16696,2,1,1,2024-02-08,2024-02-08
16704,3,1,1,2024-02-08,2024-02-08
16707,2,1,1,2024-02-08,2024-02-08
16715,2,1,1,2024-02-08,2024-02-08
16717,3,1,1,2024-02-08,2024-02-08
16748,2,1,1,2024-02-08,2024-02-08
16772,2,1,1,2024-02-08,2024-02-08
16786,2,1,1,2024-02-08,2024-02-08
16809,2,1,1,2024-02-08,2024-02-08
16836,2,1,1,2024-02-09,2024-02-09
16839,2,1,1,2024-02-09,2024-02-09
16852,2,1,1,2024-02-09,2024-02-09
16869,3,1,1,2024-02-09,2024-02-09
16870,3,1,1,2024-02-09,2024-02-09
16871,3,1,1,2024-02-09,2024-02-09
16896,2,1,1,2024-02-09,2024-02-09
16908,3,1,1,2024-02-09,2024-06-25
16920,2,1,1,2024-02-09,2024-02-09
16929,2,1,1,2024-02-09,2024-02-09
16931,3,1,1,2024-02-09,2024-02-09
16976,2,1,1,2024-02-10,2024-02-10
16977,3,1,1,2024-02-10,2024-02-10
17019,2,1,1,2024-02-10,2024-02-10
17023,2,1,1,2024-02-10,2024-02-10
17037,2,1,1,2024-02-10,2024-02-10
17057,2,1,1,2024-02-10,2024-02-10
17078,16,2,4,2024-02-11,2025-01-16
17084,2,1,1,2024-02-11,2024-02-11
17092,2,1,1,2024-02-11,2024-02-11
17097,2,1,1,2024-02-11,2024-02-11
17106,2,1,1,2024-02-11,2024-02-12
17107,2,1,1,2024-02-11,2024-02-11
17128,122,2,1,2024-02-12,2024-03-13
17134,2,1,1,2024-02-12,2024-02-12
17135,2,1,1,2024-02-12,2024-02-12
17139,3,1,1,2024-02-12,2024-02-12
17141,3,1,1,2024-02-12,2024-02-12
17146,3,1,1,2024-02-12,2024-02-12
17151,2,1,1,2024-02-12,2024-02-12
17153,2,1,1,2024-02-12,2024-02-12
17155,3,1,1,2024-02-12,2024-02-12
17171,2,1,1,2024-02-12,2024-02-12
17188,3,1,1,2024-02-12,2024-02-12
17200,3,1,1,2024-02-12,2024-02-12
17205,2,1,1,2024-02-12,2024-02-12
17209,2,1,1,2024-02-12,2024-02-12
17258,2,2,1,2024-02-12,2024-02-12
17286,3,1,1,2024-02-13,2024-02-13
17288,2,1,1,2024-02-13,2024-02-13
17291,2,1,1,2024-02-13,2024-02-13
17296,3,1,1,2024-02-13,2024-02-13
17305,3,1,1,2024-02-13,2024-02-13
17318,2,1,1,2024-02-13,2024-02-13
17319,2,1,1,2024-02-13,2024-02-13
17328,2,2,1,2024-02-13,2024-02-13
17329,2,1,1,2024-02-13,2024-02-13
17332,2,1,1,2024-02-13,2024-02-13
17338,2,1,1,2024-02-13,2024-02-13
17361,2,1,1,2024-02-13,2024-02-13
17381,2,1,1,2024-02-13,2024-02-13
17382,2,1,1,2024-02-13,2024-02-13
17395,2,1,1,2024-02-13,2024-02-13
17424,2,1,1,2024-02-13,2024-02-13
17434,2,1,1,2024-02-13,2024-02-13
17439,8,1,3,2024-02-13,2025-04-14
17465,26,2,2,2024-02-14,2024-07-05
17469,2,1,1,2024-02-14,2024-02-14
17481,3,1,1,2024-02-14,2024-02-14
17486,2,1,1,2024-02-14,2024-02-14
17490,2,1,1,2024-02-14,2024-02-14
17491,3,1,1,2024-02-14,2024-02-14
17500,2,1,1,2024-02-14,2024-02-14
17537,6,1,1,2024-02-14,2024-02-14
17542,2,1,1,2024-02-14,2024-02-14
17549,2,1,1,2024-02-14,2024-02-14
17552,2,1,1,2024-02-14,2024-02-14
17564,2,1,1,2024-02-14,2024-02-14
17570,2,1,1,2024-02-14,2024-02-14
17571,2,1,1,2024-02-14,2024-02-14
17607,3,1,1,2024-02-14,2024-02-14
17608,2,1,1,2024-02-14,2024-02-14
17650,7,1,3,2024-02-15,2024-10-12
17652,5,1,1,2024-02-15,2024-02-20
17662,3,1,1,2024-02-15,2024-02-15
17663,2,1,1,2024-02-15,2024-02-15
17666,3,1,1,2024-02-15,2024-02-15
17678,2,1,1,2024-02-15,2024-02-15
17680,3,1,1,2024-02-15,2024-02-15
17685,2,1,1,2024-02-15,2024-02-15
17695,2,1,1,2024-02-15,2024-02-15
17698,2,1,1,2024-02-15,2024-02-15
17701,10,1,1,2024-02-15,2024-05-07
17712,2,1,1,2024-02-15,2024-02-15
17755,2,1,1,2024-02-15,2024-02-15
17762,2,1,1,2024-02-15,2024-02-15
17767,4,1,1,2024-02-15,2024-02-15
17806,3,1,1,2024-02-16,2024-02-16
17807,2,1,1,2024-02-16,2024-02-16
17818,2,1,1,2024-02-16,2024-02-16
17827,2,1,1,2024-02-16,2024-02-16
17836,33,1,2,2024-02-16,2024-12-13
17867,2,1,1,2024-02-16,2024-02-16
17885,2,1,1,2024-02-16,2024-02-16
17889,2,1,1,2024-02-16,2024-02-16
17895,2,1,1,2024-02-16,2024-02-16
17922,2,1,1,2024-02-16,2024-02-23
17947,3,1,1,2024-02-17,2024-02-17
17958,3,1,1,2024-02-17,2024-02-21
17982,2,1,1,2024-02-17,2024-02-17
17988,3,1,1,2024-02-17,2024-02-18
17996,2,1,1,2024-02-17,2024-02-17
18013,2,1,1,2024-02-17,2024-02-17
18047,3,1,1,2024-02-18,2024-02-18
18049,2,1,1,2024-02-18,2024-02-18
18061,2,1,1,2024-02-18,2024-02-18
18086,2,1,1,2024-02-18,2024-02-18
18094,2,1,1,2024-02-18,2024-02-18
18106,3,1,1,2024-02-19,2024-02-19
18111,2,1,1,2024-02-19,2024-02-19
18125,3,1,1,2024-02-19,2024-02-19
18135,3,1,1,2024-02-19,2024-02-19
18140,3,1,1,2024-02-19,2024-02-19
18143,3,1,1,2024-02-19,2024-02-19
18147,3,1,1,2024-02-19,2024-02-19
18158,3,1,1,2024-02-19,2024-02-19
18161,2,1,1,2024-02-19,2024-02-19
18164,2,1,1,2024-02-19,2024-02-19
18210,5,1,1,2024-02-19,2024-02-24
18215,2,1,1,2024-02-19,2024-02-19
18245,3,1,1,2024-02-19,2024-02-19
18251,2,1,1,2024-02-19,2024-02-19
18256,3,1,1,2024-02-19,2024-02-20
18260,2,2,1,2024-02-19,2024-02-22
18266,2,1,1,2024-02-19,2024-02-19
18290,3,1,1,2024-02-20,2024-02-20
18298,3,1,1,2024-02-20,2024-02-20
18301,2,1,1,2024-02-20,2024-02-22
18302,3,1,1,2024-02-20,2024-02-20
18305,3,1,1,2024-02-20,2024-02-20
18311,2,1,1,2024-02-20,2024-02-20
18320,2,1,1,2024-02-20,2024-03-05
18335,3,1,1,2024-02-20,2024-02-20
18360,2,1,1,2024-02-20,2024-02-20
18370,2,1,1,2024-02-20,2024-02-20
18378,2,1,1,2024-02-20,2024-02-20
18402,3,1,1,2024-02-20,2024-02-21
18405,3,1,1,2024-02-20,2024-02-21
18407,2,1,1,2024-02-20,2024-02-20
18414,2,1,1,2024-02-20,2024-02-20
18447,2,1,1,2024-02-20,2024-02-20
18512,2,1,1,2024-02-21,2024-02-21
18515,2,1,1,2024-02-21,2024-02-21
18520,3,1,1,2024-02-21,2024-02-22
18527,2,1,1,2024-02-21,2024-02-21
18531,2,1,1,2024-02-21,2024-02-21
18566,2,1,1,2024-02-21,2024-02-21
18576,2,1,1,2024-02-21,2024-02-21
18587,2,1,1,2024-02-21,2024-02-21
18598,5,1,1,2024-02-21,2024-02-22
18622,2,1,1,2024-02-21,2024-02-21
18633,3,1,1,2024-02-21,2024-02-27
18639,2,1,1,2024-02-21,2024-02-21
18652,8,2,4,2024-02-21,2025-11-24
18680,2,1,1,2024-02-22,2024-02-22
18684,2,1,1,2024-02-22,2024-02-22
18686,4,2,1,2024-02-22,2024-02-22
18690,2,1,1,2024-02-22,2024-02-22
18706,8,1,1,2024-02-22,2024-03-05
18713,2,1,1,2024-02-22,2024-02-22
18715,2,1,1,2024-02-22,2024-05-20
18734,3,1,1,2024-02-22,2024-02-22
18737,3,1,1,2024-02-22,2024-02-22
18756,3,1,1,2024-02-22,2024-02-22
18763,2,1,1,2024-02-22,2024-02-22
18784,2,1,2,2024-02-22,2024-08-19
18799,2,1,1,2024-02-22,2024-02-22
18802,2,1,1,2024-02-22,2024-02-22
18803,3,1,1,2024-02-22,2024-02-22
18806,2,1,1,2024-02-22,2024-02-22
18808,2,1,1,2024-02-22,2024-02-22
18825,2,1,1,2024-02-22,2024-02-22
18885,2,2,1,2024-02-22,2024-02-22
18900,2,1,1,2024-02-22,2024-02-22
18925,3,1,1,2024-02-23,2024-02-23
18931,3,1,1,2024-02-23,2024-02-23
18932,2,1,1,2024-02-23,2024-02-23
18939,2,1,1,2024-02-23,2024-02-23
18940,2,1,1,2024-02-23,2024-02-23
18953,2,1,1,2024-02-23,2024-02-23
18959,2,1,1,2024-02-23,2024-02-23
18966,2,1,1,2024-02-23,2024-02-23
18967,3,1,1,2024-02-23,2024-02-23
18970,2,1,1,2024-02-23,2024-02-23
18986,3,1,1,2024-02-23,2024-02-23
19023,3,1,1,2024-02-23,2024-02-23
19024,2,1,1,2024-02-23,2024-02-23
19028,2,1,1,2024-02-23,2024-02-23
19035,2,1,1,2024-02-23,2024-02-23
19038,2,1,1,2024-02-23,2024-02-23
19078,2,1,1,2024-02-23,2024-03-01
19106,2,1,1,2024-02-23,2024-02-23
19144,2,1,1,2024-02-24,2024-02-24
19146,2,1,1,2024-02-24,2024-02-24
19155,2,1,1,2024-02-24,2024-02-24
19253,5,3,3,2024-02-25,2025-05-04
19264,2,1,1,2024-02-25,2024-02-25
19288,4,1,1,2024-02-25,2024-02-25
19353,2,1,1,2024-02-26,2024-02-26
19357,2,1,1,2024-02-26,2024-02-26
19368,2,1,1,2024-02-26,2024-02-26
19370,2,1,1,2024-02-26,2024-02-26
19371,2,1,1,2024-02-26,2024-02-26
19377,2,1,1,2024-02-26,2024-03-08
19395,2,1,1,2024-02-26,2024-02-26
19399,2,1,1,2024-02-26,2024-02-26
19417,2,1,1,2024-02-26,2024-02-26
19424,2,1,1,2024-02-26,2024-02-26
19438,2,1,1,2024-02-26,2024-02-26
19460,2,1,1,2024-02-26,2024-02-26
19480,3,1,1,2024-02-26,2024-02-26
19502,5,1,1,2024-02-27,2024-02-27
19506,3,1,1,2024-02-27,2024-03-21
19514,2,1,1,2024-02-27,2024-02-27
19520,3,2,1,2024-02-27,2024-03-24
19521,3,1,1,2024-02-27,2024-02-27
19525,3,1,1,2024-02-27,2024-02-27
19533,2,1,1,2024-02-27,2024-02-27
19535,2,1,1,2024-02-27,2024-02-27
19562,2,1,1,2024-02-27,2024-02-27
19621,2,1,1,2024-02-27,2024-02-27
19625,2,1,1,2024-02-27,2024-02-27
19627,4,1,1,2024-02-27,2024-02-29
19636,161,6,10,2024-02-27,2026-07-29
19678,3,1,1,2024-02-28,2024-02-28
19694,2,1,1,2024-02-28,2024-02-28
19700,2,1,1,2024-02-28,2024-02-28
19709,2,1,1,2024-02-28,2024-02-28
19714,5,2,1,2024-02-28,2024-02-28
19717,2,1,1,2024-02-28,2024-02-28
19721,2,1,1,2024-02-28,2024-02-28
19728,2,1,1,2024-02-28,2024-02-28
19740,3,1,1,2024-02-28,2024-02-28
19757,4,1,2,2024-02-28,2024-08-03
19788,2,1,1,2024-02-28,2024-02-28
19854,2,1,1,2024-02-29,2024-02-29
19864,2,1,1,2024-02-29,2024-02-29
19865,3,1,1,2024-02-29,2024-02-29
19866,7,1,1,2024-02-29,2024-03-05
19876,2,1,1,2024-02-29,2024-02-29
19882,3,1,1,2024-02-29,2024-02-29
19909,2,1,1,2024-02-29,2024-02-29
19917,2,1,1,2024-02-29,2024-02-29
19952,2,1,1,2024-02-29,2024-02-29
19965,2,1,1,2024-02-29,2024-02-29
19987,2,1,1,2024-02-29,2024-02-29
19990,2,1,1,2024-02-29,2024-02-29
20015,2,1,1,2024-02-29,2024-02-29
20043,2,1,1,2024-02-29,2024-02-29
20056,2,1,1,2024-02-29,2024-04-10
20069,2,1,1,2024-03-01,2024-03-01
20077,2,1,1,2024-03-01,2024-03-01
20081,2,1,1,2024-03-01,2024-03-01
20086,2,1,1,2024-03-01,2024-03-01
20092,2,1,1,2024-03-01,2024-03-01
20115,4,1,1,2024-03-01,2024-03-01
20134,2,1,1,2024-03-01,2024-03-01
20142,2,1,1,2024-03-01,2024-03-01
20170,3,2,1,2024-03-01,2024-04-25
20207,2,1,1,2024-03-01,2024-03-01
20218,2,1,1,2024-03-01,2024-03-01
20220,4,1,1,2024-03-02,2024-03-02
20222,3,1,1,2024-03-02,2024-03-02
20234,2,1,1,2024-03-02,2024-03-02
20245,2,1,1,2024-03-02,2024-03-02
20254,2,1,1,2024-03-02,2024-03-02
20265,2,1,1,2024-03-02,2024-03-02
20318,2,1,1,2024-03-03,2024-03-03
20328,3,1,1,2024-03-03,2024-03-15
20332,2,1,1,2024-03-03,2024-03-03
20337,2,1,1,2024-03-03,2024-03-03
20355,2,1,1,2024-03-03,2024-03-03
20383,3,1,1,2024-03-04,2024-03-04
20384,3,1,1,2024-03-04,2024-03-04
20391,2,1,1,2024-03-04,2024-03-04
20398,2,1,1,2024-03-04,2024-03-04
20402,2,1,1,2024-03-04,2024-03-04
20404,2,1,1,2024-03-04,2024-03-04
20407,3,1,1,2024-03-04,2024-03-05
20410,3,1,1,2024-03-04,2024-03-04
20416,3,1,1,2024-03-04,2024-03-04
20420,3,1,1,2024-03-04,2024-03-04
20436,2,1,1,2024-03-04,2024-03-04
20454,12,1,1,2024-03-04,2024-03-07
20462,10,1,1,2024-03-04,2024-03-15
20517,2,1,1,2024-03-04,2024-03-04
20522,2,2,1,2024-03-04,2024-03-25
20531,2,1,1,2024-03-04,2024-03-04
20541,6,1,1,2024-03-05,2024-03-11
20544,7,1,1,2024-03-05,2024-03-07
20546,2,1,1,2024-03-05,2024-03-05
20549,2,1,1,2024-03-05,2024-03-05
20551,2,1,1,2024-03-05,2024-03-05
20553,3,1,1,2024-03-05,2024-03-05
20554,1515,1,1,2024-03-05,2024-05-02
20555,58,1,1,2024-03-05,2024-05-17
20559,2,1,1,2024-03-05,2024-03-05
20560,3,1,1,2024-03-05,2024-03-05
20561,3,1,1,2024-03-05,2024-03-05
20584,2,1,1,2024-03-05,2024-03-05
20594,2,1,1,2024-03-05,2024-03-05
20603,2,1,1,2024-03-05,2024-03-05
20604,7,1,1,2024-03-05,2024-03-07
20605,2,1,1,2024-03-05,2024-03-05
20612,2,1,1,2024-03-05,2024-03-05
20620,5,1,1,2024-03-05,2024-03-05
20622,2,1,1,2024-03-05,2024-03-05
20651,2,1,1,2024-03-05,2024-03-05
20676,2,1,1,2024-03-05,2024-03-05
20699,5,1,1,2024-03-05,2024-03-11
20705,2,1,1,2024-03-05,2024-03-20
20751,3,1,1,2024-03-05,2024-03-05
20774,2,1,1,2024-03-05,2024-03-05
20782,3,1,1,2024-03-05,2024-03-05
20791,8,1,1,2024-03-05,2024-05-28
20801,2,1,1,2024-03-05,2024-03-05
20805,2,1,1,2024-03-05,2024-03-05
20809,3,1,1,2024-03-06,2024-03-06
20818,2,1,1,2024-03-06,2024-03-06
20821,2,1,1,2024-03-06,2024-03-06
20833,3,1,1,2024-03-06,2024-03-06
20837,3,1,1,2024-03-06,2024-03-06
20847,2,1,1,2024-03-06,2024-03-06
20855,2,1,1,2024-03-06,2024-03-06
20861,44,1,1,2024-03-06,2024-03-09
20881,4,1,1,2024-03-06,2024-03-11
20893,2,1,1,2024-03-06,2024-03-06
20906,11,1,1,2024-03-06,2024-03-14
20919,2,1,1,2024-03-06,2024-03-06
20925,3,1,1,2024-03-06,2024-03-06
20927,2,1,1,2024-03-06,2024-03-06
20929,3,1,1,2024-03-06,2024-03-06
20946,2,1,1,2024-03-06,2024-03-06
20949,2,1,1,2024-03-06,2024-03-06
20950,2,1,1,2024-03-06,2024-03-06
20977,5,1,1,2024-03-06,2024-03-08
20980,3,1,1,2024-03-06,2024-03-06
21008,3,1,1,2024-03-06,2024-03-06
21012,2,1,1,2024-03-06,2024-03-06
21021,2,1,1,2024-03-06,2024-03-06
21023,61,1,1,2024-03-06,2024-05-10
21069,42,1,1,2024-03-07,2024-05-03
21074,19,1,1,2024-03-07,2024-05-02
21077,3,1,1,2024-03-07,2024-03-07
21078,3,1,1,2024-03-07,2024-03-07
21081,2,1,1,2024-03-07,2024-03-07
21101,3,1,1,2024-03-07,2024-03-07
21119,2,1,1,2024-03-07,2024-03-07
21120,2,1,1,2024-03-07,2024-03-07
21126,3,1,1,2024-03-07,2024-03-07
21129,3,1,1,2024-03-07,2024-03-07
21131,3,1,1,2024-03-07,2024-03-07
21141,185,1,1,2024-03-07,2024-03-30
21156,2,1,1,2024-03-07,2024-03-07
21158,11,1,1,2024-03-07,2024-03-30
21160,2,1,1,2024-03-07,2024-03-07
21220,2,1,1,2024-03-07,2024-03-07
21239,2,1,1,2024-03-07,2024-03-07
21249,4,1,1,2024-03-07,2024-03-07
21272,3,1,1,2024-03-07,2024-03-07
21274,15,1,1,2024-03-07,2024-03-12
21309,19,1,1,2024-03-07,2024-03-14
21319,3,1,1,2024-03-07,2024-03-07
21326,2,1,1,2024-03-07,2024-03-07
21354,2,1,1,2024-03-07,2024-03-07
21362,4,2,3,2024-03-08,2025-11-14
21369,2,1,1,2024-03-08,2024-03-08
21379,2,1,1,2024-03-08,2024-03-08
21381,3,2,1,2024-03-08,2024-03-08
21386,3,1,1,2024-03-08,2024-03-08
21394,3,1,1,2024-03-08,2024-03-08
21404,2,1,1,2024-03-08,2024-03-08
21409,2,1,1,2024-03-08,2024-03-08
21424,14,1,3,2024-03-08,2024-11-29
21435,185,1,1,2024-03-08,2024-04-23
21439,2,2,1,2024-03-08,2024-03-21
21442,3,1,1,2024-03-08,2024-03-08
21452,4,1,1,2024-03-08,2024-03-09
21455,3,1,1,2024-03-08,2024-03-08
21458,2,1,1,2024-03-08,2024-03-08
21476,2,1,1,2024-03-08,2024-03-08
21500,2,1,1,2024-03-08,2024-03-09
21505,25,1,1,2024-03-08,2024-06-08
21510,2,1,1,2024-03-08,2024-03-08
21536,2,1,1,2024-03-08,2024-03-08
21542,2,2,2,2024-03-08,2024-09-16
21547,69,2,10,2024-03-08,2026-07-07
21552,2,1,1,2024-03-08,2024-03-08
21557,2,1,1,2024-03-08,2024-03-09
21572,2,1,1,2024-03-08,2024-03-08
21578,3,1,1,2024-03-08,2024-03-08
21590,2,1,1,2024-03-08,2024-03-08
21591,17,1,1,2024-03-08,2024-04-01
21595,3,1,2,2024-03-08,2025-07-31
21608,749,2,9,2024-03-08,2026-06-21
21621,4,1,1,2024-03-09,2024-03-09
21632,6,1,1,2024-03-09,2024-03-09
21665,2,1,1,2024-03-09,2024-03-09
21668,3,1,1,2024-03-09,2024-03-11
21692,2,1,1,2024-03-09,2024-03-09
21704,21,1,3,2024-03-09,2026-04-06
21716,2,1,2,2024-03-09,2025-01-07
21717,1181,1,1,2024-03-09,2024-04-19
21724,2,2,1,2024-03-09,2024-03-09
21767,2,1,1,2024-03-10,2024-03-10
21779,9,1,1,2024-03-10,2024-03-10
21815,2,1,1,2024-03-10,2024-03-19
21845,3,1,1,2024-03-11,2024-03-11
21856,3,1,1,2024-03-11,2024-03-11
21857,2,1,1,2024-03-11,2024-03-11
21871,3,1,1,2024-03-11,2024-03-11
21872,2,1,1,2024-03-11,2024-03-11
21893,11,1,1,2024-03-11,2024-03-26
21902,10,1,1,2024-03-11,2024-04-01
21903,3,1,1,2024-03-11,2024-03-11
21910,29,1,1,2024-03-11,2024-03-27
21918,44,1,1,2024-03-11,2024-05-23
21926,3,1,1,2024-03-11,2024-03-11
21930,15,1,1,2024-03-11,2024-04-01
21936,85,1,1,2024-03-11,2024-05-15
21944,40,1,1,2024-03-11,2024-05-03
21958,2,1,1,2024-03-11,2024-03-11
21961,2,1,1,2024-03-11,2024-03-11
21973,2,1,1,2024-03-11,2024-03-11
21984,2,1,1,2024-03-11,2024-03-11
21988,8,1,1,2024-03-11,2024-03-11
22005,2,1,1,2024-03-11,2024-03-17
22006,2,1,1,2024-03-11,2024-03-11
22012,4,1,1,2024-03-11,2024-03-11
22034,4,1,1,2024-03-11,2024-03-11
22042,6,1,1,2024-03-11,2024-03-12
22084,2,1,1,2024-03-11,2024-03-11
22089,2,1,1,2024-03-11,2024-03-11
22109,3,1,1,2024-03-11,2024-03-11
22119,3,1,1,2024-03-11,2024-03-11
22178,3,1,1,2024-03-11,2024-03-11
22236,7,1,1,2024-03-12,2024-06-18
22237,2,1,1,2024-03-12,2024-03-12
22238,2,1,1,2024-03-12,2024-03-12
22253,3,1,1,2024-03-12,2024-03-12
22263,2,1,1,2024-03-12,2024-04-17
22265,2,1,1,2024-03-12,2024-03-12
22276,3,1,1,2024-03-12,2024-03-12
22277,3,1,1,2024-03-12,2024-03-12
22278,2,1,1,2024-03-12,2024-03-12
22282,2,1,1,2024-03-12,2024-03-12
22299,2,1,1,2024-03-12,2024-03-12
22301,2,1,1,2024-03-12,2024-03-12
22309,11,2,3,2024-03-12,2025-03-10
22315,9,2,1,2024-03-12,2024-06-01
22332,6,2,1,2024-03-12,2024-03-19
22352,4,1,1,2024-03-12,2024-03-12
22378,3,1,1,2024-03-12,2024-03-12
22403,2,1,1,2024-03-12,2024-03-12
22408,6,1,1,2024-03-12,2024-04-17
22426,5,1,1,2024-03-12,2024-03-15
22439,2,1,1,2024-03-12,2024-03-25
22480,2,1,1,2024-03-12,2024-03-12
22481,2,1,1,2024-03-12,2024-03-12
22494,2,1,1,2024-03-12,2024-03-12
22539,3,1,1,2024-03-12,2024-03-19
22588,75,1,1,2024-03-12,2024-05-21
22613,2,1,1,2024-03-12,2024-03-12
22616,2,1,1,2024-03-12,2024-03-12
22620,2,1,1,2024-03-12,2024-03-12
22632,3,1,1,2024-03-12,2024-03-12
22651,4,1,1,2024-03-13,2024-03-13
22658,3,1,1,2024-03-13,2024-03-13
22659,3,1,1,2024-03-13,2024-03-13
22668,3,1,1,2024-03-13,2024-03-13
22672,2,1,1,2024-03-13,2024-03-13
22674,3,1,1,2024-03-13,2024-03-13
22687,2,1,1,2024-03-13,2024-03-13
22698,2,1,1,2024-03-13,2024-03-13
22725,3,1,1,2024-03-13,2024-03-13
22728,3,1,1,2024-03-13,2024-03-13
22729,3,1,1,2024-03-13,2024-03-13
22734,2,1,1,2024-03-13,2024-03-13
22740,2,1,1,2024-03-13,2024-03-13
22750,2,1,1,2024-03-13,2024-03-13
22761,4,2,2,2024-03-13,2025-12-09
22763,10,1,3,2024-03-13,2026-05-26
22772,2,1,1,2024-03-13,2024-03-13
22775,3,1,1,2024-03-13,2024-03-13
22785,3,1,2,2024-03-13,2025-06-05
22799,3,2,1,2024-03-13,2024-04-19
22800,2,1,1,2024-03-13,2024-03-13
22819,2,1,1,2024-03-13,2024-03-13
22835,2,1,1,2024-03-13,2024-03-13
22854,3,1,1,2024-03-13,2024-03-13
22879,3,1,1,2024-03-13,2024-03-16
22964,3,1,1,2024-03-13,2024-03-13
22974,2,1,1,2024-03-14,2024-03-14
22999,6,1,1,2024-03-14,2024-03-14
23009,2,1,1,2024-03-14,2024-03-14
23010,2,1,1,2024-03-14,2024-03-14
23039,14,1,1,2024-03-14,2024-03-21
23059,80,1,1,2024-03-14,2024-04-06
23078,17,1,1,2024-03-14,2024-03-20
23130,42,1,1,2024-03-14,2024-05-07
23142,4,1,1,2024-03-14,2024-03-15
23147,2,1,1,2024-03-14,2024-03-15
23189,2,1,1,2024-03-14,2024-03-14
23195,2,1,1,2024-03-14,2024-03-14
23198,7,1,1,2024-03-14,2024-03-14
23243,8,1,1,2024-03-15,2024-03-16
23282,3,1,1,2024-03-15,2024-03-15
23290,6,1,1,2024-03-15,2024-03-19
23354,2,2,1,2024-03-15,2024-03-19
23357,2,1,1,2024-03-15,2024-03-15
23364,10,1,1,2024-03-15,2024-04-03
23452,3,1,1,2024-03-15,2024-03-15
23456,5,2,1,2024-03-15,2024-05-03
23464,2,1,1,2024-03-15,2024-03-15
23471,2,1,1,2024-03-15,2024-03-15
23494,3,1,1,2024-03-15,2024-03-15
23495,2,1,1,2024-03-15,2024-03-15
23535,2,1,1,2024-03-16,2024-03-16
23555,3,1,1,2024-03-16,2024-05-06
23565,2,1,1,2024-03-16,2024-03-16
23570,2,1,1,2024-03-16,2024-03-16
23572,2,2,2,2024-03-16,2024-08-16
23585,4,3,1,2024-03-16,2024-03-17
23596,3,1,1,2024-03-16,2024-03-16
23605,7,2,1,2024-03-16,2024-03-25
23618,3,2,1,2024-03-16,2024-04-04
23645,2,1,1,2024-03-16,2024-03-16
23672,3,1,1,2024-03-17,2024-03-17
23676,3,1,1,2024-03-17,2024-03-17
23694,4,1,1,2024-03-17,2024-03-17
23721,2,1,1,2024-03-17,2024-03-17
23728,2,1,1,2024-03-17,2024-03-17
23744,2,1,1,2024-03-18,2024-05-18
23746,2,1,1,2024-03-18,2024-03-18
23754,2,1,1,2024-03-18,2024-03-18
23787,7,1,2,2024-03-18,2025-09-10
23790,30,1,1,2024-03-18,2024-05-24
23797,6,1,1,2024-03-18,2024-03-26
23848,2,1,1,2024-03-18,2024-03-18
23864,3,1,1,2024-03-18,2024-03-19
23873,49,1,1,2024-03-18,2024-05-20
23895,2,1,1,2024-03-18,2024-03-18
23958,2,1,1,2024-03-18,2024-03-18
23976,2,1,1,2024-03-18,2024-03-18
23978,3,1,1,2024-03-18,2024-03-18
24020,3,1,1,2024-03-19,2024-03-20
24054,5,1,1,2024-03-19,2024-04-03
24095,2,1,1,2024-03-19,2024-03-19
24121,2,1,1,2024-03-19,2024-03-19
24142,6,1,1,2024-03-19,2024-03-19
24144,2,1,1,2024-03-19,2024-03-19
24216,2,1,1,2024-03-19,2024-03-19
24249,3,1,1,2024-03-19,2024-03-19
24267,2,1,1,2024-03-19,2024-03-19
24343,3,1,1,2024-03-20,2024-03-20
24356,2,1,1,2024-03-20,2024-03-20
24362,2,1,1,2024-03-20,2024-03-20
24416,5,1,1,2024-03-20,2024-03-20
24522,2,1,1,2024-03-20,2024-03-20
24529,2,1,1,2024-03-20,2024-04-18
24554,2,1,1,2024-03-20,2024-03-20
24555,3,1,1,2024-03-20,2024-03-20
24580,2,1,1,2024-03-20,2024-03-21
24605,2,1,1,2024-03-21,2024-03-21
24617,2,1,1,2024-03-21,2024-03-21
24657,5,1,1,2024-03-21,2024-05-20
24714,2,1,1,2024-03-21,2024-03-21
24715,2,1,1,2024-03-21,2024-03-21
24716,2,1,1,2024-03-21,2024-04-04
24771,8,3,6,2024-03-21,2026-01-20
24829,2,1,1,2024-03-21,2024-03-21
24839,4,2,2,2024-03-21,2025-12-30
24911,2,1,1,2024-03-22,2024-03-22
24959,28,1,1,2024-03-22,2024-03-22
24973,2,1,1,2024-03-22,2024-03-22
25099,2,1,1,2024-03-22,2024-03-22
25106,4,1,1,2024-03-22,2024-03-22
25107,2,1,1,2024-03-22,2024-03-22
25130,3,1,1,2024-03-22,2024-03-22
25143,2,2,1,2024-03-22,2024-03-22
25145,2,1,1,2024-03-22,2024-03-22
25191,2,1,1,2024-03-23,2024-03-23
25196,2,1,1,2024-03-23,2024-03-23
25211,2,1,1,2024-03-23,2024-03-23
25221,3,1,1,2024-03-23,2024-03-23
25236,2,1,1,2024-03-23,2024-03-23
25263,4,1,1,2024-03-23,2024-03-24
25273,2,1,1,2024-03-23,2024-03-23
25276,2,1,1,2024-03-23,2024-03-23
25402,2,1,1,2024-03-25,2024-03-25
25418,2,1,1,2024-03-25,2024-03-25
25427,2,1,1,2024-03-25,2024-03-25
25453,2,1,1,2024-03-25,2024-03-25
25457,3,1,1,2024-03-25,2024-04-23
25473,33,1,1,2024-03-25,2024-05-22
25502,2,1,1,2024-03-25,2024-03-25
25585,5,1,1,2024-03-25,2024-03-26
25588,277,2,1,2024-03-25,2024-05-14
25599,8,2,2,2024-03-25,2026-07-16
25619,2,1,1,2024-03-26,2024-03-26
25636,2,1,1,2024-03-26,2024-03-26
25686,5,1,1,2024-03-26,2024-03-26
25696,3,1,1,2024-03-26,2024-03-26
25711,4,1,1,2024-03-26,2024-04-18
25712,2,1,1,2024-03-26,2024-03-26
25734,3,1,1,2024-03-26,2024-03-26
25764,39,1,1,2024-03-26,2024-03-28
25776,3,1,1,2024-03-26,2024-03-26
25798,4,1,2,2024-03-26,2025-02-07
25805,2,1,1,2024-03-26,2024-03-26
25928,37,1,1,2024-03-27,2024-03-28
25964,2,2,2,2024-03-27,2026-04-24
25976,7,1,1,2024-03-27,2024-03-27
25981,2,1,1,2024-03-27,2024-03-27
26023,21,1,1,2024-03-27,2024-05-15
26081,2,1,1,2024-03-27,2024-03-27
26097,2,2,1,2024-03-27,2024-04-01
26110,4,1,1,2024-03-27,2024-03-27
26144,2,1,1,2024-03-27,2024-03-27
26249,2,1,2,2024-03-28,2024-09-29
26270,2,1,1,2024-03-28,2024-03-28
26299,81,1,1,2024-03-28,2024-04-05
26306,3,1,1,2024-03-28,2024-03-28
26316,29,1,1,2024-03-28,2024-03-29
26323,3,1,1,2024-03-28,2024-03-29
26372,4,1,1,2024-03-28,2024-04-02
26379,12,1,1,2024-03-28,2024-03-29
26389,2,1,1,2024-03-28,2024-03-28
26451,2,1,1,2024-03-28,2024-03-28
26459,2,1,1,2024-03-28,2024-03-28
26487,10,1,2,2024-03-29,2024-10-15
26520,2,1,1,2024-03-29,2024-03-29
26538,3,1,1,2024-03-29,2024-03-29
26633,4,1,2,2024-03-29,2025-01-17
26637,2,1,1,2024-03-29,2024-03-29
26682,2,1,1,2024-03-29,2024-03-29
26699,2,1,1,2024-03-29,2024-04-03
26734,8,1,1,2024-03-30,2024-05-09
26763,2,1,1,2024-03-30,2024-04-02
26770,17,1,3,2024-03-30,2024-10-15
26780,2,1,1,2024-03-30,2024-04-10
26785,2,1,1,2024-03-30,2024-03-30
26794,2,1,1,2024-03-30,2024-03-30
26819,6,1,1,2024-03-30,2024-04-03
26838,2,1,1,2024-03-31,2024-03-31
26839,4,1,1,2024-03-31,2024-03-31
26841,2,1,1,2024-03-31,2024-03-31
26883,3,1,1,2024-03-31,2024-05-02
26901,2,1,1,2024-04-01,2024-04-04
26903,2,1,1,2024-04-01,2024-04-01
26910,56,1,1,2024-04-01,2024-04-03
26932,3,1,1,2024-04-01,2024-04-01
26996,2,2,1,2024-04-01,2024-04-01
27053,3,1,1,2024-04-01,2024-04-05
27093,2,1,1,2024-04-01,2024-04-01
27101,2,1,1,2024-04-01,2024-04-01
27215,144,1,1,2024-04-02,2024-04-10
27236,2,1,1,2024-04-02,2024-04-02
27286,6,1,1,2024-04-02,2024-04-10
27291,7,1,1,2024-04-02,2024-04-03
27368,2,1,1,2024-04-02,2024-04-02
27383,2,1,1,2024-04-02,2024-04-03
27452,2,1,2,2024-04-03,2024-11-04
27474,2,1,1,2024-04-03,2024-04-04
27515,4,1,1,2024-04-03,2024-04-03
27524,2,1,1,2024-04-03,2024-04-03
27554,2,1,1,2024-04-03,2024-04-03
27568,2,1,1,2024-04-03,2024-04-03
27591,2,1,1,2024-04-03,2024-04-03
27599,34,1,1,2024-04-03,2024-04-19
27615,2,1,1,2024-04-03,2024-04-03
27620,2,2,1,2024-04-03,2024-04-05
27710,2,1,1,2024-04-04,2024-04-04
27809,2,1,1,2024-04-04,2024-04-04
27810,2,1,1,2024-04-04,2024-04-04
27812,2,1,1,2024-04-04,2024-04-04
27872,2,1,1,2024-04-04,2024-04-04
27888,9,1,1,2024-04-04,2024-04-04
27889,4,1,2,2024-04-04,2024-07-19
27924,2,1,1,2024-04-04,2024-04-04
27928,2,1,1,2024-04-04,2024-04-05
27943,3,2,1,2024-04-04,2024-04-16
27945,2,1,1,2024-04-04,2024-05-03
28038,25,1,1,2024-04-05,2024-04-09
28092,3,1,1,2024-04-05,2024-04-05
28095,5,1,1,2024-04-05,2024-04-05
28124,3,1,1,2024-04-05,2024-04-05
28242,2,1,1,2024-04-05,2024-04-05
28243,3,1,1,2024-04-05,2024-04-05
28338,2,1,1,2024-04-06,2024-04-06
28380,2,1,1,2024-04-06,2024-04-06
28387,2,1,1,2024-04-06,2024-04-07
28403,9,2,2,2024-04-06,2024-07-24
28421,2,2,1,2024-04-07,2024-06-25
28422,2,1,1,2024-04-07,2024-04-07
28447,2,1,1,2024-04-07,2024-04-07
28470,2,1,1,2024-04-07,2024-04-07
28562,2,1,1,2024-04-08,2024-04-08
28569,66,1,1,2024-04-08,2024-04-13
28580,5,1,1,2024-04-08,2024-04-08
28620,4,1,1,2024-04-08,2024-04-08
28641,5,1,1,2024-04-08,2024-04-12
28662,2,1,1,2024-04-08,2024-04-08
28691,2,1,1,2024-04-08,2024-04-08
28698,2,1,1,2024-04-08,2024-04-08
28779,21,1,1,2024-04-09,2024-04-11
28783,27,2,2,2024-04-09,2024-07-08
28796,3,1,1,2024-04-09,2024-04-09
28797,2,1,1,2024-04-09,2024-04-09
28807,2,1,1,2024-04-09,2024-04-09
28824,2,1,1,2024-04-09,2024-04-09
28828,2,1,1,2024-04-09,2024-04-09
28830,2,1,1,2024-04-09,2024-04-09
28838,2,1,1,2024-04-09,2024-04-09
28858,2,1,1,2024-04-09,2024-04-09
28895,170,1,8,2024-04-09,2026-07-07
28900,2,1,1,2024-04-09,2024-04-09
28993,2,1,1,2024-04-09,2024-04-09
29008,4,1,1,2024-04-09,2024-04-10
29037,2,1,1,2024-04-09,2024-04-09
29053,3,1,1,2024-04-09,2024-04-09
29056,2,1,1,2024-04-09,2024-04-09
29061,3,1,1,2024-04-09,2024-04-09
29077,2,1,1,2024-04-09,2024-04-09
29116,2,1,1,2024-04-10,2024-04-10
29118,50,1,2,2024-04-10,2024-09-06
29119,2,1,1,2024-04-10,2024-04-10
29184,3,1,1,2024-04-10,2024-04-10
29199,9,4,2,2024-04-10,2024-11-26
29205,10,1,1,2024-04-10,2024-04-10
29206,2,1,1,2024-04-10,2024-04-10
29222,3,1,3,2024-04-10,2025-01-03
29322,21,2,1,2024-04-10,2024-05-03
29355,2,1,1,2024-04-10,2024-04-11
29359,2,1,1,2024-04-10,2024-04-11
29394,2,1,1,2024-04-10,2024-04-10
29398,2,1,1,2024-04-10,2024-04-10
29410,9,3,1,2024-04-10,2024-04-22
29486,4,1,1,2024-04-11,2024-04-11
29490,39,1,1,2024-04-11,2024-04-19
29501,71,1,1,2024-04-11,2024-06-13
29507,2,1,1,2024-04-11,2024-04-11
29556,84,1,1,2024-04-11,2024-06-13
29670,2,1,1,2024-04-11,2024-04-11
29702,4,1,1,2024-04-11,2024-04-11
29750,2,1,1,2024-04-12,2024-04-12
29773,111,1,1,2024-04-12,2024-06-13
29774,7,1,1,2024-04-12,2024-06-13
29817,2,1,1,2024-04-12,2024-04-12
29830,2,1,1,2024-04-12,2024-04-12
29917,2,1,1,2024-04-12,2024-04-12
29951,2049,1,5,2024-04-12,2025-05-21
29998,15,1,3,2024-04-12,2025-09-25
30007,2,1,1,2024-04-12,2024-04-12
30009,3,1,1,2024-04-12,2024-04-12
30036,2,1,1,2024-04-13,2024-04-13
30059,2,1,1,2024-04-13,2024-04-13
30089,2,1,1,2024-04-13,2024-04-13
30100,2,1,1,2024-04-13,2024-04-13
30102,3,1,1,2024-04-13,2024-04-13
30106,2,1,1,2024-04-13,2024-04-13
30149,2,2,1,2024-04-14,2024-04-14
30154,2,1,1,2024-04-14,2024-04-14
30213,2,1,1,2024-04-14,2024-04-14
30229,2,2,1,2024-04-15,2024-04-15
30277,5,1,1,2024-04-15,2024-04-15
30337,8,1,1,2024-04-15,2024-04-16
30340,6,1,1,2024-04-15,2024-05-20
30354,2,1,1,2024-04-15,2024-04-15
30378,3,1,1,2024-04-15,2024-04-15
30413,2,1,1,2024-04-15,2024-04-15
30460,3,3,1,2024-04-15,2024-04-27
30467,2,1,1,2024-04-15,2024-06-06
30494,2,1,1,2024-04-15,2024-04-15
30523,2,1,1,2024-04-16,2024-04-16
30531,5,2,2,2024-04-16,2024-07-29
30560,7,1,1,2024-04-16,2024-04-16
30587,2,1,1,2024-04-16,2024-04-16
30594,2,1,1,2024-04-16,2024-04-16
30599,2,1,1,2024-04-16,2024-04-16
30617,2,1,1,2024-04-16,2024-04-16
30620,2,1,1,2024-04-16,2024-04-16
30728,2,1,1,2024-04-16,2024-04-16
30737,2,1,1,2024-04-16,2024-05-06
30741,2,1,1,2024-04-16,2024-04-16
30760,2,1,1,2024-04-16,2024-04-16
30807,6,1,3,2024-04-16,2025-09-26
30843,3,2,1,2024-04-16,2024-06-06
30864,3,1,1,2024-04-17,2024-04-17
30876,3,1,1,2024-04-17,2024-04-17
30934,2,1,1,2024-04-17,2024-04-17
30955,936,1,1,2024-04-17,2024-06-20
30975,7,4,4,2024-04-17,2025-01-27
31030,3,1,1,2024-04-17,2024-04-17
31044,4,1,1,2024-04-17,2024-04-26
31145,3,1,1,2024-04-17,2024-04-17
31187,81,1,3,2024-04-17,2024-12-27
31262,22,2,6,2024-04-18,2026-04-26
31278,2,1,1,2024-04-18,2024-04-18
31302,3,1,1,2024-04-18,2024-04-18
31310,2,1,1,2024-04-18,2024-04-18
31439,2,1,1,2024-04-18,2024-04-18
31453,5,1,1,2024-04-18,2024-06-12
31488,8,1,1,2024-04-18,2024-06-13
31494,2,1,1,2024-04-18,2024-04-18
31505,8,1,1,2024-04-18,2024-05-28
31536,2,1,1,2024-04-18,2024-04-18
31542,2,1,1,2024-04-18,2024-04-18
31571,8,1,1,2024-04-19,2024-05-01
31595,184,1,1,2024-04-19,2024-05-15
31623,2260,1,2,2024-04-19,2024-09-11
31752,2,1,1,2024-04-19,2024-04-19
31784,2,1,2,2024-04-19,2024-10-21
31828,5,1,1,2024-04-20,2024-04-20
31837,2,1,1,2024-04-20,2024-04-20
31840,3,1,1,2024-04-20,2024-04-20
31881,3,1,1,2024-04-20,2024-04-20
31907,2,1,1,2024-04-20,2024-04-20
31913,2,1,1,2024-04-20,2024-04-20
31944,2,1,1,2024-04-21,2024-04-21
31959,3,2,1,2024-04-21,2024-04-21
31962,3,1,1,2024-04-21,2024-04-21
31984,2,1,1,2024-04-21,2024-04-21
31985,2,1,2,2024-04-21,2026-02-03
31987,2,2,2,2024-04-21,2024-07-11
31995,2,1,1,2024-04-21,2024-04-21
32061,12,1,2,2024-04-22,2024-10-01
32089,6,1,1,2024-04-22,2024-04-22
32094,2,1,1,2024-04-22,2024-04-22
32128,2,1,1,2024-04-22,2024-04-22
32291,2,1,2,2024-04-23,2024-10-13
32297,4,1,1,2024-04-23,2024-06-28
32315,2,1,1,2024-04-23,2024-04-23
32329,155,1,2,2024-04-23,2025-03-05
32338,2,2,1,2024-04-23,2024-04-23
32370,2,1,1,2024-04-23,2024-04-23
32399,2,1,1,2024-04-23,2024-04-24
32400,2,1,1,2024-04-23,2024-04-23
32419,2,1,1,2024-04-23,2024-04-23
32431,2,1,1,2024-04-23,2024-04-23
32444,2,1,1,2024-04-23,2024-04-23
32476,2,1,1,2024-04-23,2024-04-23
32483,3,1,1,2024-04-23,2024-04-29
32500,2,1,1,2024-04-23,2024-04-23
32503,3,1,1,2024-04-23,2024-04-23
32510,5,1,1,2024-04-23,2024-04-30
32534,2,1,1,2024-04-23,2024-04-24
32572,2,1,1,2024-04-23,2024-04-23
32621,2,1,1,2024-04-23,2024-04-23
32629,319,2,2,2024-04-23,2024-07-22
32640,3,1,1,2024-04-24,2024-04-24
32642,2,1,1,2024-04-24,2024-04-24
32671,2,1,1,2024-04-24,2024-04-24
32688,2,1,1,2024-04-24,2024-05-01
32725,2,1,1,2024-04-24,2024-04-24
32730,2,1,1,2024-04-24,2024-04-24
32735,2,1,1,2024-04-24,2024-04-24
32878,6,1,1,2024-04-24,2024-04-24
32886,2,1,1,2024-04-24,2024-04-24
32887,2,1,1,2024-04-24,2024-04-24
32896,2,1,1,2024-04-24,2024-04-24
32900,2,1,1,2024-04-24,2024-04-24
32916,2,1,1,2024-04-24,2024-04-24
32949,2,1,1,2024-04-24,2024-04-24
32966,2,1,1,2024-04-24,2024-04-24
32975,2,1,1,2024-04-24,2024-05-06
32977,2,1,1,2024-04-24,2024-04-24
33033,86,1,1,2024-04-25,2024-06-14
33062,3,3,1,2024-04-25,2024-04-25
33175,3,1,1,2024-04-25,2024-04-25
33336,2,1,1,2024-04-26,2024-04-26
33443,2,1,1,2024-04-26,2024-04-26
33450,2,1,1,2024-04-26,2024-04-26
33483,2,1,1,2024-04-26,2024-04-26
33523,2,1,1,2024-04-26,2024-04-26
33598,2,1,1,2024-04-27,2024-04-27
33654,7,4,5,2024-04-27,2026-05-18
33661,2,1,1,2024-04-27,2024-04-27
33662,2,1,1,2024-04-27,2024-06-25
33671,2,1,1,2024-04-27,2024-04-27
33680,2,1,1,2024-04-27,2024-06-22
33681,2,1,1,2024-04-27,2024-04-27
33690,2,2,2,2024-04-27,2025-06-04
33700,2,1,1,2024-04-27,2024-04-27
33705,27,1,4,2024-04-27,2025-06-20
33731,2,1,1,2024-04-28,2024-04-28
33744,13,6,4,2024-04-28,2025-06-25
33756,2,1,1,2024-04-28,2024-05-06
33772,2,1,1,2024-04-28,2024-04-28
33773,2,1,1,2024-04-28,2024-04-28
33777,2,1,1,2024-04-28,2024-04-28
33780,2,1,1,2024-04-28,2024-04-28
33824,2,1,1,2024-04-29,2024-04-29
33833,2,1,1,2024-04-29,2024-04-29
33836,3,1,1,2024-04-29,2024-04-29
33902,9,1,1,2024-04-29,2024-04-29
33950,2,1,1,2024-04-29,2024-04-29
33975,2,2,1,2024-04-29,2024-04-29
33977,2,1,1,2024-04-29,2024-04-29
33997,2,1,1,2024-04-29,2024-04-29
34017,2,1,1,2024-04-29,2024-06-13
34075,2,1,1,2024-04-30,2024-04-30
34085,2,2,1,2024-04-30,2024-05-07
34148,2,1,1,2024-04-30,2024-04-30
34192,2,2,1,2024-04-30,2024-05-10
34196,2,1,1,2024-04-30,2024-04-30
34220,8,1,4,2024-04-30,2025-05-02
34241,2,1,1,2024-04-30,2024-04-30
34300,2,1,1,2024-04-30,2024-04-30
34350,2,1,1,2024-04-30,2024-04-30
34375,3,1,1,2024-05-01,2024-05-01
34410,351,1,1,2024-05-01,2024-06-17
34429,3,1,1,2024-05-01,2024-05-02
34439,10,1,1,2024-05-01,2024-05-02
34480,2,1,1,2024-05-01,2024-05-01
34489,2,1,1,2024-05-01,2024-05-01
34517,2,1,1,2024-05-01,2024-05-01
34576,2,1,1,2024-05-02,2024-05-02
34582,3,1,1,2024-05-02,2024-05-02
34585,3,1,1,2024-05-02,2024-05-02
34614,2,1,1,2024-05-02,2024-05-02
34631,2,1,1,2024-05-02,2024-05-02
34640,2,1,1,2024-05-02,2024-05-02
34653,2,1,1,2024-05-02,2024-05-02
34711,2,1,1,2024-05-02,2024-05-02
34714,3,1,1,2024-05-02,2024-05-02
34758,2,1,1,2024-05-02,2024-05-02
34778,2,1,2,2024-05-02,2024-10-04
34780,2,1,1,2024-05-02,2024-06-25
34792,3,3,3,2024-05-02,2025-03-08
34808,2,1,1,2024-05-02,2024-05-02
34887,12,1,1,2024-05-03,2024-05-03
34924,2,1,1,2024-05-03,2024-05-03
34979,2,1,2,2024-05-03,2024-12-13
35015,2,1,1,2024-05-03,2024-05-03
35065,7,2,1,2024-05-03,2024-06-05
35070,6,1,1,2024-05-03,2024-05-14
35124,8,1,1,2024-05-03,2024-06-27
35152,2,1,1,2024-05-03,2024-05-03
35191,2,1,1,2024-05-04,2024-05-04
35203,2,1,1,2024-05-04,2024-05-04
35225,2,1,1,2024-05-04,2024-05-04
35262,2,1,1,2024-05-05,2024-05-05
35283,2,1,1,2024-05-05,2024-05-05
35292,2,1,1,2024-05-05,2024-05-05
35293,3,1,1,2024-05-05,2024-05-05
35310,2,1,1,2024-05-05,2024-05-05
35312,3,2,3,2024-05-05,2025-06-22
35315,3,1,1,2024-05-05,2024-05-05
35323,2,1,1,2024-05-05,2024-05-05
35325,2,1,1,2024-05-05,2024-05-05
35355,2,1,1,2024-05-06,2024-05-06
35372,2,1,1,2024-05-06,2024-05-06
35374,2,1,1,2024-05-06,2024-05-06
35391,2,1,1,2024-05-06,2024-05-06
35411,4,1,1,2024-05-06,2024-05-10
35427,2,1,1,2024-05-06,2024-05-06
35432,4,1,1,2024-05-06,2024-05-06
35518,2,1,1,2024-05-06,2024-05-06
35541,5,1,1,2024-05-06,2024-05-17
35563,2,1,1,2024-05-06,2024-05-06
35571,2,1,1,2024-05-06,2024-05-06
35599,3,1,1,2024-05-07,2024-05-07
35664,2,1,1,2024-05-07,2024-05-07
35699,2,1,1,2024-05-07,2024-05-14
35708,2,1,1,2024-05-07,2024-05-07
35713,4,1,1,2024-05-07,2024-05-07
35732,4,1,1,2024-05-07,2024-05-07
35748,5,1,1,2024-05-07,2024-05-08
35782,3,1,1,2024-05-07,2024-06-11
35883,6,1,1,2024-05-08,2024-05-08
35885,2,1,1,2024-05-08,2024-05-08
35910,3,1,1,2024-05-08,2024-05-08
35946,3,1,1,2024-05-08,2024-05-08
36035,2,1,1,2024-05-08,2024-05-08
36078,2,1,1,2024-05-08,2024-05-08
36086,7,1,1,2024-05-08,2024-05-09
36102,3,2,1,2024-05-08,2024-05-20
36121,2,1,1,2024-05-08,2024-05-08
36165,2,1,1,2024-05-09,2024-05-09
36168,2,1,1,2024-05-09,2024-05-09
36172,2,1,1,2024-05-09,2024-05-09
36183,2,1,1,2024-05-09,2024-05-09
36191,2,1,1,2024-05-09,2024-05-09
36192,5,1,1,2024-05-09,2024-06-19
36199,2,1,1,2024-05-09,2024-05-09
36207,3,1,1,2024-05-09,2024-05-18
36268,2,1,1,2024-05-09,2024-05-09
36274,6,1,1,2024-05-09,2024-05-15
36364,2,1,1,2024-05-09,2024-05-09
36365,4,1,1,2024-05-09,2024-05-10
36371,2,1,1,2024-05-09,2024-05-09
36410,8,1,2,2024-05-09,2024-08-27
36412,2,2,1,2024-05-09,2024-05-09
36433,51,1,2,2024-05-09,2024-09-11
36458,2,1,1,2024-05-10,2024-05-10
36496,3,1,1,2024-05-10,2024-05-10
36511,16,1,1,2024-05-10,2024-06-21
36519,2,1,1,2024-05-10,2024-05-10
36522,2,1,1,2024-05-10,2024-05-10
36529,3,1,1,2024-05-10,2024-06-24
36537,2,1,1,2024-05-10,2024-05-10
36546,3,1,1,2024-05-10,2024-05-10
36598,2,1,1,2024-05-10,2024-05-10
36650,2,1,1,2024-05-10,2024-05-10
36693,14,1,3,2024-05-10,2025-01-08
36716,4,1,1,2024-05-11,2024-05-11
36760,2,1,1,2024-05-11,2024-05-11
36783,2,1,1,2024-05-11,2024-05-11
36806,2,2,1,2024-05-12,2024-05-12
36831,2,1,1,2024-05-12,2024-05-12
36834,3,1,1,2024-05-12,2024-05-12
36898,3,1,1,2024-05-13,2024-05-13
36901,6,1,1,2024-05-13,2024-05-19
36957,12,1,1,2024-05-13,2024-05-20
36983,2,1,1,2024-05-13,2024-05-13
36991,2,1,1,2024-05-13,2024-05-15
37003,2,1,1,2024-05-13,2024-05-13
37037,2,1,1,2024-05-13,2024-05-13
37091,2,1,1,2024-05-14,2024-06-05
37135,2,1,1,2024-05-14,2024-05-15
37169,4,1,2,2024-05-14,2025-07-22
37170,3,1,1,2024-05-14,2024-05-14
37173,2,1,1,2024-05-14,2024-05-14
37179,2,1,1,2024-05-14,2024-05-14
37201,2,1,1,2024-05-14,2024-05-14
37237,101,1,6,2024-05-14,2026-07-01
37276,2,1,1,2024-05-14,2024-05-14
37294,2,1,1,2024-05-14,2024-05-14
37299,2,1,1,2024-05-14,2024-05-14
37329,4,1,1,2024-05-15,2024-05-15
37332,3,1,1,2024-05-15,2024-05-15
37369,3,1,1,2024-05-15,2024-05-15
37381,2,1,1,2024-05-15,2024-05-15
37399,319,1,1,2024-05-15,2024-06-14
37408,7,1,2,2024-05-15,2024-09-19
37439,2,1,1,2024-05-15,2024-05-15
37458,8,1,1,2024-05-15,2024-06-06
37635,5,1,1,2024-05-16,2024-06-25
37636,2,1,1,2024-05-16,2024-05-16
37646,2,1,1,2024-05-16,2024-05-16
37672,2,1,1,2024-05-16,2024-05-16
37710,2,1,1,2024-05-16,2024-05-16
37726,2,1,1,2024-05-16,2024-05-17
37735,2,1,1,2024-05-16,2024-05-16
37795,3,1,1,2024-05-17,2024-05-17
37855,4,1,1,2024-05-17,2024-05-17
37874,2,1,1,2024-05-17,2024-05-17
37935,6,1,1,2024-05-17,2024-05-20
37940,3,1,1,2024-05-17,2024-05-17
37948,2,1,1,2024-05-17,2024-05-17
37960,2,1,1,2024-05-17,2024-05-17
37988,3,1,2,2024-05-17,2024-07-03
38035,2,1,1,2024-05-18,2024-05-18
38040,20,1,1,2024-05-18,2024-06-03
38133,2,1,1,2024-05-19,2024-05-19
38151,7,1,3,2024-05-19,2025-08-04
38157,2,1,1,2024-05-19,2024-05-19
38172,2,1,1,2024-05-19,2024-05-19
38181,2,1,1,2024-05-19,2024-05-19
38182,2,1,1,2024-05-19,2024-05-19
38229,4,1,1,2024-05-20,2024-05-20
38239,2,1,1,2024-05-20,2024-06-08
38264,2,1,1,2024-05-20,2024-05-20
38385,2,1,1,2024-05-20,2024-05-22
38436,2,1,1,2024-05-20,2024-05-28
38452,2,1,1,2024-05-20,2024-05-20
38453,2,1,1,2024-05-20,2024-05-20
38481,3,1,1,2024-05-21,2024-06-05
38596,2,1,1,2024-05-21,2024-05-21
38600,2,1,1,2024-05-21,2024-05-21
38604,6,1,1,2024-05-21,2024-05-28
38620,6,1,1,2024-05-21,2024-05-21
38910,2,1,1,2024-05-22,2024-05-22
38927,2,1,1,2024-05-22,2024-05-22
38928,2,1,1,2024-05-22,2024-05-22
38966,3,1,1,2024-05-22,2024-05-30
38988,2,1,1,2024-05-22,2024-05-22
39021,2,1,1,2024-05-22,2024-05-23
39032,6,2,1,2024-05-23,2024-05-25
39054,3,1,1,2024-05-23,2024-05-23
39063,2,1,1,2024-05-23,2024-05-23
39105,2,1,1,2024-05-23,2024-05-23
39198,6,1,2,2024-05-23,2025-03-25
39229,2,1,1,2024-05-23,2024-05-23
39234,2,1,1,2024-05-23,2024-05-23
39289,2,1,1,2024-05-24,2024-05-24
39303,291,1,1,2024-05-24,2024-06-21
39325,2,1,1,2024-05-24,2024-05-24
39327,2,1,1,2024-05-24,2024-05-24
39370,5,1,3,2024-05-24,2025-01-27
39375,3,1,2,2024-05-24,2025-02-10
39508,11,1,4,2024-05-24,2025-07-18
39532,2,1,1,2024-05-24,2024-05-25
39548,4,2,2,2024-05-25,2024-07-09
39565,3,1,2,2024-05-25,2024-07-21
39580,2,1,1,2024-05-25,2024-05-25
39598,2,1,1,2024-05-25,2024-05-25
39614,2,1,1,2024-05-25,2024-05-25
39632,2,1,1,2024-05-26,2024-05-26
39634,6,1,1,2024-05-26,2024-05-26
39672,2,1,1,2024-05-26,2024-05-26
39675,2,1,1,2024-05-26,2024-05-26
39695,2,1,1,2024-05-27,2024-05-27
39722,2,1,1,2024-05-27,2024-06-16
39725,2,1,1,2024-05-27,2024-05-27
39738,3,3,3,2024-05-27,2024-12-16
39776,8,1,1,2024-05-28,2024-06-10
39808,2,2,1,2024-05-28,2024-05-28
39862,2,1,1,2024-05-28,2024-05-28
39910,2,1,1,2024-05-28,2024-05-29
39914,7,1,1,2024-05-28,2024-06-03
39927,3,1,1,2024-05-28,2024-05-28
39941,2,1,1,2024-05-28,2024-05-28
39997,2,1,1,2024-05-28,2024-05-28
40047,3,1,1,2024-05-28,2024-06-07
40081,2,1,1,2024-05-29,2024-05-29
40100,2,1,1,2024-05-29,2024-05-29
40131,32,1,3,2024-05-29,2025-03-22
40134,2,1,1,2024-05-29,2024-05-29
40137,2,1,1,2024-05-29,2024-05-29
40177,2,1,1,2024-05-29,2024-05-29
40187,2,1,1,2024-05-29,2024-05-29
40243,2,1,1,2024-05-29,2024-05-29
40265,2,1,1,2024-05-29,2024-05-29
40330,2,1,2,2024-05-30,2024-07-23
40338,2,1,1,2024-05-30,2024-05-30
40341,2,1,1,2024-05-30,2024-05-30
40353,2,1,1,2024-05-30,2024-05-30
40388,2,1,1,2024-05-30,2024-05-30
40479,2,1,1,2024-05-30,2024-05-30
40492,2,1,1,2024-05-30,2024-05-30
40495,2,1,2,2024-05-30,2024-07-01
40529,2,1,1,2024-05-30,2024-05-30
40553,2,1,1,2024-05-30,2024-05-30
40595,2,1,1,2024-05-30,2024-05-30
40627,2,1,1,2024-05-31,2024-05-31
40674,3,1,1,2024-05-31,2024-06-01
40689,8,1,2,2024-05-31,2024-11-14
40707,2,1,1,2024-05-31,2024-05-31
40775,2,1,1,2024-05-31,2024-05-31
40780,2,1,1,2024-05-31,2024-05-31
40788,2,1,1,2024-05-31,2024-05-31
40790,2,1,2,2024-05-31,2024-07-17
40801,6,1,2,2024-05-31,2024-11-25
40823,2,1,1,2024-05-31,2024-05-31
40848,2,1,1,2024-05-31,2024-05-31
40917,2,1,1,2024-06-01,2024-06-01
40919,18,3,5,2024-06-01,2025-10-26
40921,2,1,1,2024-06-01,2024-06-01
40932,2,1,1,2024-06-01,2024-06-01
40964,2,1,1,2024-06-01,2024-06-01
41008,2,1,1,2024-06-01,2024-06-19
41020,3,1,1,2024-06-01,2024-06-10
41032,2,2,1,2024-06-02,2024-06-03
41036,2,1,1,2024-06-02,2024-06-03
41044,2,1,1,2024-06-02,2024-06-02
41054,2,1,1,2024-06-02,2024-06-02
41055,2,1,1,2024-06-02,2024-06-02
41056,3,3,2,2024-06-02,2024-08-20
41077,4,1,1,2024-06-02,2024-06-25
41083,2,1,1,2024-06-02,2024-06-02
41106,22,1,5,2024-06-02,2026-06-23
41150,2,1,1,2024-06-03,2024-06-04
41176,2,1,1,2024-06-03,2024-06-03
41187,2,1,1,2024-06-03,2024-06-03
41217,3,1,2,2024-06-03,2025-02-18
41231,2,1,1,2024-06-03,2024-06-03
41240,2,1,1,2024-06-03,2024-06-03
41277,3,1,1,2024-06-03,2024-06-03
41326,53,2,6,2024-06-03,2026-06-12
41399,2,1,1,2024-06-04,2024-06-04
41411,2,1,1,2024-06-04,2024-06-04
41440,3,1,1,2024-06-04,2024-06-04
41456,2,1,1,2024-06-04,2024-06-04
41483,3,1,1,2024-06-04,2024-06-17
41493,5,1,2,2024-06-04,2024-07-12
41616,7,1,1,2024-06-04,2024-06-23
41625,2,1,1,2024-06-04,2024-06-04
41654,2,1,1,2024-06-05,2024-06-05
41667,2,1,1,2024-06-05,2024-06-05
41683,2,1,1,2024-06-05,2024-06-05
41687,2,1,1,2024-06-05,2024-06-05
41693,2,1,1,2024-06-05,2024-06-05
41725,3,1,1,2024-06-05,2024-06-06
41742,2,1,1,2024-06-05,2024-06-05
41750,6,2,2,2024-06-05,2024-12-13
41755,11,1,2,2024-06-05,2024-12-02
41821,3,1,1,2024-06-05,2024-06-05
41897,6,1,1,2024-06-06,2024-06-06
41902,2,1,1,2024-06-06,2024-06-06
41932,2,1,1,2024-06-06,2024-06-06
41994,3271,1,7,2024-06-06,2025-11-14
42054,5,1,2,2024-06-06,2024-07-31
42129,2,1,1,2024-06-06,2024-06-06
42194,2,1,1,2024-06-07,2024-06-07
42201,2,1,2,2024-06-07,2025-04-07
42222,12,1,1,2024-06-07,2024-06-28
42228,2,1,1,2024-06-07,2024-06-07
42278,2,1,1,2024-06-07,2024-06-07
42283,2,1,1,2024-06-07,2024-06-07
42396,2,1,1,2024-06-08,2024-06-08
42469,2,1,1,2024-06-08,2024-06-08
42499,2,1,1,2024-06-09,2024-06-09
42507,3,1,1,2024-06-09,2024-06-09
42525,2,1,1,2024-06-09,2024-06-09
42546,2,1,1,2024-06-09,2024-06-09
42553,2,1,1,2024-06-09,2024-06-09
42623,5,1,1,2024-06-10,2024-06-10
42709,5,1,2,2024-06-10,2024-08-16
42735,9,2,4,2024-06-10,2025-07-15
42764,2,1,1,2024-06-11,2024-06-11
42782,2,1,1,2024-06-11,2024-06-11
42893,2,1,1,2024-06-11,2024-06-11
42926,2,2,1,2024-06-11,2024-06-26
42959,2,1,1,2024-06-11,2024-06-11
42998,2,1,1,2024-06-12,2024-06-12
43002,2,1,1,2024-06-12,2024-06-12
43013,5,1,3,2024-06-12,2024-12-28
43040,4,1,1,2024-06-12,2024-06-12
43050,2,1,1,2024-06-12,2024-06-12
43070,2,1,1,2024-06-12,2024-06-12
43089,5,1,1,2024-06-12,2024-06-12
43155,15,1,1,2024-06-12,2024-06-12
43162,2,1,1,2024-06-12,2024-06-12
43164,2,1,1,2024-06-12,2024-06-12
43225,2,1,1,2024-06-12,2024-06-12
43255,2,1,1,2024-06-12,2024-06-12
43273,2,1,1,2024-06-13,2024-06-13
43275,2,1,1,2024-06-13,2024-06-13
43277,3,1,2,2024-06-13,2026-05-25
43296,2,1,1,2024-06-13,2024-06-13
43333,2,1,2,2024-06-13,2024-07-10
43353,2,1,1,2024-06-13,2024-06-13
43406,3,1,1,2024-06-13,2024-06-13
43409,2,1,1,2024-06-13,2024-06-13
43442,3,2,1,2024-06-13,2024-06-29
43453,5,1,1,2024-06-13,2024-06-14
43505,2,1,1,2024-06-14,2024-06-14
43571,248,1,2,2024-06-14,2024-09-13
43575,4049,2,6,2024-06-14,2025-09-27
43638,2,1,1,2024-06-14,2024-06-14
43653,2,1,1,2024-06-14,2024-06-14
43664,2,1,1,2024-06-14,2024-06-14
43673,2,1,1,2024-06-15,2024-06-15
43695,2,1,1,2024-06-15,2024-06-15
43706,2,1,1,2024-06-15,2024-06-15
43729,4,2,2,2024-06-15,2024-09-17
43739,13,1,3,2024-06-15,2025-05-19
43740,2,1,1,2024-06-15,2024-06-15
43748,2,1,1,2024-06-15,2024-06-15
43752,2,1,1,2024-06-15,2024-06-15
43783,7,2,4,2024-06-16,2025-01-26
43836,2,1,2,2024-06-17,2024-11-19
43843,5161,2,7,2024-06-17,2025-10-02
43868,2,1,1,2024-06-17,2024-06-17
43873,2,1,1,2024-06-17,2024-06-17
43973,2,1,1,2024-06-17,2024-06-17
44003,2,1,1,2024-06-17,2024-06-17
44080,2,1,1,2024-06-18,2024-06-18
44134,5,1,2,2024-06-18,2024-07-06
44141,3,1,1,2024-06-18,2024-06-18
44192,2,1,2,2024-06-18,2024-07-15
44220,2,1,1,2024-06-19,2024-06-19
44225,2,1,1,2024-06-19,2024-06-19
44227,2,1,1,2024-06-19,2024-06-19
44264,6,1,1,2024-06-19,2024-06-19
44273,3,1,1,2024-06-19,2024-06-20
44301,2,1,1,2024-06-19,2024-06-19
44413,2,1,1,2024-06-19,2024-06-19
44491,2,1,1,2024-06-19,2024-06-19
44510,3,1,1,2024-06-20,2024-06-20
44559,2,1,1,2024-06-20,2024-06-20
44584,2,1,1,2024-06-20,2024-06-20
44662,2,1,1,2024-06-20,2024-06-20
44679,2,1,1,2024-06-20,2024-06-20
44726,3,1,1,2024-06-20,2024-06-20
44766,2,1,1,2024-06-21,2024-06-21
44785,2,1,1,2024-06-21,2024-06-21
44791,41,1,4,2024-06-21,2025-01-03
44858,2,1,1,2024-06-21,2024-06-21
44879,2,1,1,2024-06-21,2024-06-21
44908,13,4,7,2024-06-21,2026-05-23
44909,2,1,1,2024-06-21,2024-06-21
44950,2,1,1,2024-06-21,2024-06-24
44974,2,1,2,2024-06-22,2025-03-06
44979,2,1,1,2024-06-22,2024-06-22
44989,2,1,1,2024-06-22,2024-06-22
45006,2,1,1,2024-06-22,2024-06-22
45048,2,1,1,2024-06-22,2024-06-22
45073,2,1,1,2024-06-23,2024-06-23
45087,2,1,1,2024-06-23,2024-06-23
45138,2,1,1,2024-06-24,2024-06-24
45150,2,1,1,2024-06-24,2024-06-24
45154,3,1,1,2024-06-24,2024-06-24
45159,2,1,1,2024-06-24,2024-06-24
45195,237,2,6,2024-06-24,2025-09-26
45264,2,1,1,2024-06-24,2024-06-24
45335,2,1,1,2024-06-24,2024-06-24
45343,2,1,1,2024-06-25,2024-06-26
45348,2,1,1,2024-06-25,2024-06-25
45351,2,1,1,2024-06-25,2024-06-25
45353,2,1,1,2024-06-25,2024-06-25
45398,2,1,1,2024-06-25,2024-06-25
45466,2,1,1,2024-06-25,2024-06-25
45562,2,1,1,2024-06-25,2024-06-25
45564,2,1,1,2024-06-25,2024-06-25
45649,3,1,1,2024-06-26,2024-06-26
45711,2,1,1,2024-06-26,2024-06-26
45716,2,1,2,2024-06-26,2024-11-21
45752,4,1,2,2024-06-26,2025-08-06
45858,2,1,1,2024-06-27,2024-06-27
45885,2,1,1,2024-06-27,2024-06-27
45909,2,1,1,2024-06-27,2024-06-27
45965,2,2,1,2024-06-27,2024-06-27
46060,2,1,1,2024-06-27,2024-06-27
46092,2,1,1,2024-06-28,2024-06-28
46097,6,1,2,2024-06-28,2024-07-23
46111,6,1,1,2024-06-28,2024-06-28
46135,2,1,1,2024-06-28,2024-06-28
46200,6,1,1,2024-06-28,2024-06-28
46207,2,1,1,2024-06-28,2024-06-28
46262,2,1,1,2024-06-28,2024-06-28
46267,2,1,1,2024-06-28,2024-06-28
46273,2,1,1,2024-06-28,2024-06-28
46347,2,1,1,2024-06-29,2024-06-29
46356,2,1,1,2024-06-29,2024-06-29
46359,2,1,1,2024-06-29,2024-06-29
46360,3,2,2,2024-06-29,2025-05-10
46365,2,1,1,2024-06-29,2024-06-29
46380,2,1,1,2024-06-29,2024-06-29
46412,2,1,1,2024-06-30,2024-06-30
46429,2,1,2,2024-06-30,2024-09-24
46432,2,1,1,2024-06-30,2024-06-30
46470,2,1,1,2024-06-30,2024-06-30
46494,2,1,1,2024-07-01,2024-07-01
46504,9,1,1,2024-07-01,2024-07-03
46518,3,1,2,2024-07-01,2025-12-08
46526,3,2,2,2024-07-01,2025-10-03
46542,2,1,1,2024-07-01,2024-07-01
46617,2,1,1,2024-07-01,2024-07-01
46624,4,1,1,2024-07-01,2024-07-05
46631,4,1,1,2024-07-01,2024-07-01
46722,2,1,1,2024-07-02,2024-07-02
46731,4,2,1,2024-07-02,2024-08-14
46744,2,1,1,2024-07-02,2024-07-02
46750,2,1,1,2024-07-02,2024-07-02
46887,4,1,1,2024-07-03,2024-07-03
46936,2,1,1,2024-07-03,2024-07-03
46976,2,2,1,2024-07-03,2024-07-03
47044,3,1,1,2024-07-03,2024-07-03
47070,2,1,1,2024-07-04,2024-07-04
47083,5,1,1,2024-07-04,2024-07-04
47084,4,1,1,2024-07-04,2024-07-18
47145,2,1,1,2024-07-04,2024-07-04
47189,7,1,2,2024-07-04,2025-03-18
47212,2,1,1,2024-07-05,2024-07-05
47240,2,1,1,2024-07-05,2024-07-05
47256,2,2,2,2024-07-05,2025-01-21
47295,2,1,1,2024-07-05,2024-07-05
47343,3,1,1,2024-07-06,2024-08-07
47364,3,1,1,2024-07-06,2024-07-06
47369,2,1,1,2024-07-06,2024-07-06
47380,3,1,1,2024-07-06,2024-07-06
47384,2,1,1,2024-07-06,2024-07-06
47401,2,1,1,2024-07-06,2024-07-06
47402,2,1,1,2024-07-06,2024-07-06
47425,5,1,1,2024-07-07,2024-07-28
47435,3,2,1,2024-07-07,2024-09-20
47437,2,1,1,2024-07-07,2024-07-07
47449,2,1,1,2024-07-07,2024-07-07
47483,2,1,1,2024-07-07,2024-07-07
47501,2,1,1,2024-07-08,2024-07-08
47505,2,1,1,2024-07-08,2024-07-28
47512,2,1,1,2024-07-08,2024-07-08
47526,3,1,1,2024-07-08,2024-07-08
47528,2,1,1,2024-07-08,2024-07-08
47536,2,1,1,2024-07-08,2024-07-08
47545,6,1,1,2024-07-08,2024-07-08
47579,2,1,1,2024-07-08,2024-07-08
47623,2,1,1,2024-07-08,2024-07-08
47627,2,1,1,2024-07-08,2024-07-08
47677,3,1,1,2024-07-08,2024-07-08
47701,2,1,1,2024-07-09,2024-07-09
47707,2,1,2,2024-07-09,2024-12-12
47731,4,1,1,2024-07-09,2024-07-09
47749,3,1,1,2024-07-09,2024-07-09
47772,2,1,1,2024-07-09,2024-07-09
47791,2,1,1,2024-07-09,2024-07-09
47827,2,1,1,2024-07-09,2024-07-09
47910,2,1,1,2024-07-10,2024-07-10
47955,2,1,1,2024-07-10,2024-07-10
47958,2,1,1,2024-07-10,2024-07-10
47967,2,1,2,2024-07-10,2024-10-18
47978,2,1,1,2024-07-10,2024-07-10
48017,3,1,1,2024-07-10,2024-07-10
48028,2,1,1,2024-07-10,2024-07-10
48090,3,1,1,2024-07-10,2024-07-11
48104,3,1,1,2024-07-10,2024-07-10
48105,2,1,1,2024-07-10,2024-07-10
48158,10,1,1,2024-07-11,2024-08-12
48200,9,1,1,2024-07-11,2024-07-11
48213,3,1,1,2024-07-11,2024-07-11
48227,2,1,1,2024-07-11,2024-07-11
48228,2,1,1,2024-07-11,2024-07-11
48240,7,1,1,2024-07-11,2024-07-16
48284,2,1,1,2024-07-11,2024-07-11
48300,2,1,1,2024-07-11,2024-07-11
48338,2,1,1,2024-07-12,2024-07-12
48340,2,1,1,2024-07-12,2024-07-12
48356,10,1,1,2024-07-12,2024-07-12
48357,4,1,1,2024-07-12,2024-07-12
48378,2,1,1,2024-07-12,2024-07-12
48435,2,1,1,2024-07-12,2024-07-12
48464,2,2,1,2024-07-12,2024-07-12
48564,20,1,2,2024-07-13,2024-11-13
48572,2,1,1,2024-07-13,2024-07-13
48598,2,1,1,2024-07-13,2024-07-13
48620,2,1,1,2024-07-13,2024-07-13
48623,2,1,1,2024-07-13,2024-07-13
48629,5,3,1,2024-07-13,2024-07-14
48660,12,1,2,2024-07-13,2024-11-13
48692,4,2,1,2024-07-14,2024-07-14
48711,2,1,1,2024-07-14,2024-07-14
48716,2,1,1,2024-07-14,2024-07-14
48743,4,1,1,2024-07-15,2024-07-15
48747,3,1,1,2024-07-15,2024-07-15
48783,2,1,1,2024-07-15,2024-07-15
48784,3,1,1,2024-07-15,2024-07-15
48838,4,1,1,2024-07-15,2024-07-15
48894,2,1,1,2024-07-15,2024-07-15
48907,2,1,1,2024-07-15,2024-07-15
48908,3,1,1,2024-07-15,2024-07-15
48917,3,1,1,2024-07-15,2024-07-15
48918,3,1,1,2024-07-15,2024-07-15
48930,2,1,1,2024-07-16,2024-07-16
48965,2,1,1,2024-07-16,2024-07-16
48968,9,2,4,2024-07-16,2026-04-23
48977,4,1,1,2024-07-16,2024-07-16
48997,2,1,1,2024-07-16,2024-07-16
49034,3,1,1,2024-07-16,2024-07-16
49042,2,1,1,2024-07-16,2024-07-16
49046,2,2,1,2024-07-16,2024-07-16
49053,32,1,1,2024-07-16,2024-08-15
49141,2,1,1,2024-07-16,2024-07-16
49167,2,1,1,2024-07-16,2024-07-16
49184,2,1,1,2024-07-17,2024-07-17
49204,5,1,1,2024-07-17,2024-07-30
49253,2,1,1,2024-07-17,2024-07-18
49260,6,1,1,2024-07-17,2024-07-29
49281,2,1,1,2024-07-17,2024-07-17
49318,2,1,1,2024-07-17,2024-07-17
49353,5,1,1,2024-07-17,2024-07-17
49455,9,1,1,2024-07-18,2024-07-18
49492,2,1,1,2024-07-18,2024-07-18
49494,27,4,2,2024-07-18,2024-12-03
49508,2,1,1,2024-07-18,2024-07-18
49533,2,1,1,2024-07-18,2024-07-18
49540,2,1,1,2024-07-18,2024-07-18
49554,2,2,1,2024-07-18,2024-08-21
49555,2,1,1,2024-07-18,2024-07-18
49572,11,1,2,2024-07-18,2025-07-15
49585,3,1,1,2024-07-18,2024-07-18
49683,2,1,1,2024-07-18,2024-07-18
49697,2,1,1,2024-07-19,2024-07-19
49707,46,2,1,2024-07-19,2024-08-29
49711,3,1,1,2024-07-19,2024-07-19
49772,2,1,1,2024-07-19,2024-07-21
49804,2,1,1,2024-07-19,2024-07-19
49806,14,1,1,2024-07-19,2024-07-25
49902,31,2,4,2024-07-19,2025-07-23
49909,2,1,1,2024-07-19,2024-07-20
49975,3,3,3,2024-07-20,2025-06-04
50000,4,1,1,2024-07-20,2024-07-23
50001,2,1,1,2024-07-20,2024-07-20
50005,3,1,1,2024-07-20,2024-07-22
50012,2,1,1,2024-07-20,2024-07-20
50081,2,1,1,2024-07-21,2024-07-21
50090,2,1,1,2024-07-21,2024-07-21
50091,2,1,1,2024-07-21,2024-07-21
50104,2,1,1,2024-07-21,2024-07-21
50133,2,1,1,2024-07-21,2024-07-21
50173,2,2,1,2024-07-22,2024-07-22
50181,3,1,1,2024-07-22,2024-07-22
50182,3,1,1,2024-07-22,2024-07-22
50198,2,1,1,2024-07-22,2024-07-23
50215,2,1,1,2024-07-22,2024-07-24
50238,3,1,1,2024-07-22,2024-07-23
50308,2,1,1,2024-07-22,2024-07-22
50314,3,1,1,2024-07-22,2024-08-20
50331,2,1,2,2024-07-22,2024-10-10
50370,4,1,1,2024-07-23,2024-07-23
50371,2,1,1,2024-07-23,2024-08-16
50390,2,1,1,2024-07-23,2024-07-23
50403,2,1,1,2024-07-23,2024-07-23
50410,2,1,1,2024-07-23,2024-07-23
50411,2,1,1,2024-07-23,2024-07-23
50434,2,1,1,2024-07-23,2024-07-24
50466,2,1,1,2024-07-23,2024-07-26
50522,5,1,2,2024-07-23,2024-12-07
50606,2,1,1,2024-07-24,2024-07-24
50635,2,1,1,2024-07-24,2024-07-24
50636,2,1,1,2024-07-24,2024-07-24
50720,2,1,1,2024-07-24,2024-07-24
50770,2,2,1,2024-07-25,2024-07-25
50800,2,1,1,2024-07-25,2024-07-25
50815,2,1,1,2024-07-25,2024-07-25
50832,2,1,1,2024-07-25,2024-07-26
50885,41,1,1,2024-07-25,2024-09-11
50897,2,1,1,2024-07-25,2024-07-25
50940,6,1,1,2024-07-26,2024-07-26
50950,3,1,1,2024-07-26,2024-07-26
50959,3,2,3,2024-07-26,2026-03-07
50964,2,1,1,2024-07-26,2024-07-26
50966,2,1,1,2024-07-26,2024-07-26
50978,2,1,1,2024-07-26,2024-07-26
50985,2,1,1,2024-07-26,2024-07-26
51007,11,1,2,2024-07-26,2024-11-14
51020,2,1,1,2024-07-26,2024-07-26
51029,2,1,1,2024-07-26,2024-07-26
51030,2,1,1,2024-07-26,2024-07-26
51066,2,1,1,2024-07-26,2024-07-26
51068,2,1,1,2024-07-26,2024-08-07
51089,5,1,1,2024-07-26,2024-07-31
51131,14,1,1,2024-07-26,2024-09-06
51141,2,1,2,2024-07-26,2024-12-23
51143,3,1,1,2024-07-26,2024-07-27
51158,2,1,1,2024-07-27,2024-07-27
51164,2,1,1,2024-07-27,2024-07-28
51182,2,1,1,2024-07-27,2024-07-27
51190,2,2,1,2024-07-27,2024-09-27
51207,2,1,1,2024-07-27,2024-07-27
51219,2,1,1,2024-07-27,2024-07-27
51247,4,1,1,2024-07-28,2024-07-28
51248,3,1,1,2024-07-28,2024-07-28
51249,2,1,1,2024-07-28,2024-07-28
51287,2,1,1,2024-07-28,2024-07-28
51297,6,2,3,2024-07-28,2025-08-03
51301,5,1,1,2024-07-28,2024-07-28
51314,2,2,1,2024-07-28,2024-07-28
51323,3,1,1,2024-07-29,2024-07-29
51330,2,1,1,2024-07-29,2024-07-29
51354,2,1,1,2024-07-29,2024-07-29
51366,3,1,2,2024-07-29,2025-04-25
51389,3,1,2,2024-07-29,2025-03-11
51407,3,1,1,2024-07-29,2024-07-29
51432,3,1,1,2024-07-29,2024-07-29
51454,2,1,1,2024-07-29,2024-07-29
51487,9,1,2,2024-07-29,2024-10-17
51509,5,1,1,2024-07-30,2024-07-30
51526,3,1,2,2024-07-30,2024-10-01
51546,2,1,1,2024-07-30,2024-07-30
51595,2,1,1,2024-07-30,2024-07-30
51603,2,1,1,2024-07-30,2024-07-30
51621,2,1,1,2024-07-30,2024-07-30
51636,2,1,1,2024-07-30,2024-07-30
51770,2,1,1,2024-07-31,2024-07-31
51872,2,1,1,2024-07-31,2024-07-31
51888,2,1,1,2024-07-31,2024-07-31
51952,2,1,1,2024-08-01,2024-08-01
51992,2,1,1,2024-08-01,2024-08-01
51999,3,1,1,2024-08-01,2024-08-02
52021,2,1,1,2024-08-01,2024-08-01
52049,2,1,1,2024-08-01,2024-08-01
52058,2,1,1,2024-08-01,2024-08-01
52070,2,1,1,2024-08-01,2024-08-02
52132,2,1,1,2024-08-01,2024-08-01
52170,2,1,1,2024-08-02,2024-08-02
52221,2,1,2,2024-08-02,2025-06-12
52275,2,1,1,2024-08-02,2024-08-02
52333,2,1,1,2024-08-02,2024-08-02
52342,10,1,4,2024-08-02,2025-10-31
52374,2,1,1,2024-08-03,2024-08-04
52378,3,1,1,2024-08-03,2024-08-03
52401,110,3,9,2024-08-03,2026-07-04
52415,2,1,1,2024-08-03,2024-08-03
52450,2,1,1,2024-08-03,2024-08-03
52454,2,1,1,2024-08-03,2024-08-03
52481,2,1,1,2024-08-04,2024-08-09
52483,2,1,1,2024-08-04,2024-08-04
52504,2,1,1,2024-08-04,2024-08-04
52507,8,1,1,2024-08-04,2024-08-04
52521,2,1,1,2024-08-04,2024-08-04
52534,2,1,1,2024-08-05,2024-08-05
52539,2,1,1,2024-08-05,2024-08-05
52564,6,1,1,2024-08-05,2024-08-05
52600,2,1,1,2024-08-05,2024-08-05
52627,2,1,1,2024-08-05,2024-08-05
52643,3,1,1,2024-08-05,2024-08-05
52651,2,1,1,2024-08-05,2024-08-05
52654,2,1,1,2024-08-05,2024-08-05
52667,2,1,1,2024-08-05,2024-08-05
52726,2,2,2,2024-08-05,2025-01-07
52733,21,4,5,2024-08-05,2025-07-23
52759,2,1,1,2024-08-06,2024-08-06
52761,2,1,1,2024-08-06,2024-08-06
52792,2,1,1,2024-08-06,2024-08-06
52808,14,3,3,2024-08-06,2025-06-16
52810,3,1,1,2024-08-06,2024-08-06
52830,2,1,1,2024-08-06,2024-08-06
52841,2,1,1,2024-08-06,2024-08-16
52863,15,2,4,2024-08-06,2025-08-21
52996,42,1,1,2024-08-07,2024-09-30
53028,4,1,1,2024-08-07,2024-08-07
53079,2,1,1,2024-08-07,2024-08-07
53162,5,3,1,2024-08-07,2024-08-23
53199,3,1,1,2024-08-08,2024-08-08
53232,3,1,1,2024-08-08,2024-08-08
53237,2,1,1,2024-08-08,2024-08-08
53284,2,1,2,2024-08-08,2026-05-20
53348,2,1,1,2024-08-08,2024-08-08
53371,2,1,1,2024-08-08,2024-08-08
53387,2,1,1,2024-08-08,2024-08-08
53392,2,1,1,2024-08-08,2024-08-09
53420,2,1,1,2024-08-09,2024-08-09
53444,2,1,1,2024-08-09,2024-08-09
53471,2,1,1,2024-08-09,2024-08-09
53519,3,1,1,2024-08-09,2024-08-09
53523,2,1,1,2024-08-09,2024-08-09
53621,2,1,1,2024-08-10,2024-08-10
53622,3,2,1,2024-08-10,2024-08-10
53633,2,1,1,2024-08-10,2024-08-10
53636,2,1,1,2024-08-10,2024-08-10
53646,3,1,1,2024-08-10,2024-08-10
53653,3,1,1,2024-08-10,2024-08-10
53655,3,1,1,2024-08-10,2024-08-10
53672,7,2,3,2024-08-10,2026-05-31
53715,2,1,1,2024-08-10,2024-08-14
53733,15,2,1,2024-08-11,2024-09-23
53736,2,1,1,2024-08-11,2024-08-11
53737,3,1,1,2024-08-11,2024-08-11
53739,2,1,1,2024-08-11,2024-08-11
53766,2,1,1,2024-08-11,2024-08-11
53801,3,1,1,2024-08-12,2024-08-12
53806,2,1,1,2024-08-12,2024-08-12
53816,3,1,1,2024-08-12,2024-08-12
53844,3,1,1,2024-08-12,2024-08-12
53929,2,1,1,2024-08-12,2024-08-12
53932,2,1,1,2024-08-12,2024-08-12
53946,3,1,1,2024-08-12,2024-08-12
53951,2,1,1,2024-08-12,2024-08-12
53962,2,1,1,2024-08-12,2024-08-12
53981,66,2,7,2024-08-12,2026-03-06
53982,2,1,1,2024-08-12,2024-08-12
54078,9,1,1,2024-08-13,2024-08-13
54119,9,1,1,2024-08-13,2024-08-27
54127,2,1,1,2024-08-13,2024-08-13
54142,3,1,1,2024-08-13,2024-08-16
54160,2,1,1,2024-08-13,2024-08-13
54175,2,1,1,2024-08-13,2024-08-13
54180,2,1,1,2024-08-13,2024-08-13
54188,2,1,1,2024-08-13,2024-08-13
54193,2,1,1,2024-08-13,2024-08-13
54198,15,2,3,2024-08-13,2025-01-13
54208,2,1,1,2024-08-13,2024-08-13
54261,2,1,1,2024-08-14,2024-08-14
54267,2,2,2,2024-08-14,2024-11-09
54280,2,1,1,2024-08-14,2024-08-14
54342,2,1,1,2024-08-14,2024-08-14
54344,2,1,1,2024-08-14,2024-08-14
54376,2,2,1,2024-08-14,2024-08-14
54416,2,1,1,2024-08-14,2024-08-14
54434,4,1,1,2024-08-14,2024-08-14
54436,2,1,1,2024-08-14,2024-08-14
54502,2,1,1,2024-08-14,2024-08-14
54531,2,1,1,2024-08-15,2024-08-15
54535,3,1,1,2024-08-15,2024-08-15
54575,2,1,1,2024-08-15,2024-08-15
54612,2,1,1,2024-08-15,2024-08-15
54643,3,1,1,2024-08-15,2024-08-15
54722,2,2,1,2024-08-15,2024-08-15
54743,2,1,1,2024-08-15,2024-08-15
54764,2,1,1,2024-08-15,2024-08-15
54782,2,1,1,2024-08-15,2024-08-15
54786,2,1,1,2024-08-15,2024-08-15
54796,3,1,1,2024-08-16,2024-09-17
54806,2,1,1,2024-08-16,2024-08-16
54831,2,1,1,2024-08-16,2024-09-04
54879,2,1,1,2024-08-16,2024-08-16
54933,3,1,1,2024-08-16,2024-08-30
54961,2,1,1,2024-08-16,2024-08-16
54978,3,1,1,2024-08-16,2024-08-22
55013,38,3,6,2024-08-16,2025-11-16
55071,2,1,1,2024-08-17,2024-08-17
55080,2,1,1,2024-08-17,2024-08-17
55100,2,1,1,2024-08-17,2024-08-17
55160,2,1,1,2024-08-17,2024-08-17
55171,2,1,1,2024-08-17,2024-08-17
55186,694,7,9,2024-08-18,2026-07-15
55198,2,1,1,2024-08-18,2024-08-18
55214,3,2,1,2024-08-18,2024-08-18
55234,3,1,1,2024-08-18,2024-08-18
55240,2,2,1,2024-08-18,2024-08-18
55248,2,1,1,2024-08-18,2024-08-18
55289,2,1,1,2024-08-18,2024-08-18
55326,3,1,1,2024-08-19,2024-08-19
55328,2,1,1,2024-08-19,2024-08-19
55335,2,1,1,2024-08-19,2024-08-21
55336,3,1,1,2024-08-19,2024-09-05
55362,2,1,1,2024-08-19,2024-08-19
55368,2,1,1,2024-08-19,2024-08-19
55383,2,2,1,2024-08-19,2024-08-19
55388,3,1,2,2024-08-19,2024-10-22
55415,2,2,1,2024-08-19,2024-09-21
55435,2,1,1,2024-08-19,2024-08-19
55460,3,1,2,2024-08-19,2025-11-15
55514,2,1,1,2024-08-19,2024-08-19
55555,3,2,1,2024-08-20,2024-08-20
55566,2,2,1,2024-08-20,2024-08-20
55577,2,1,1,2024-08-20,2024-08-20
55578,2,1,1,2024-08-20,2024-08-20
55653,4,1,1,2024-08-20,2024-08-20
55655,2,1,1,2024-08-20,2024-08-20
55668,2,2,2,2024-08-20,2025-01-21
55737,2,1,1,2024-08-20,2024-08-20
55746,2,1,1,2024-08-20,2024-08-20
55778,3,1,1,2024-08-20,2024-08-20
55868,2,1,1,2024-08-21,2024-08-21
55877,2,1,1,2024-08-21,2024-08-21
55894,5,1,3,2024-08-21,2025-01-03
55918,2,1,1,2024-08-21,2024-08-21
55948,3,1,1,2024-08-21,2024-08-21
55959,3,2,1,2024-08-21,2024-08-21
55965,2,1,1,2024-08-21,2024-08-21
55994,6,1,1,2024-08-21,2024-08-21
56015,16,3,3,2024-08-21,2025-03-31
56037,2,1,1,2024-08-21,2024-08-21
56048,2,1,2,2024-08-21,2024-11-21
56094,2,1,1,2024-08-22,2024-08-22
56147,14,4,4,2024-08-22,2025-09-30
56157,2,1,1,2024-08-22,2024-08-22
56173,2,2,1,2024-08-22,2024-08-22
56193,2,1,1,2024-08-22,2024-08-22
56216,2,1,1,2024-08-22,2024-08-22
56222,2,1,1,2024-08-22,2024-08-22
56291,2,1,1,2024-08-22,2024-08-22
56339,9,1,1,2024-08-23,2024-09-11
56344,2,1,1,2024-08-23,2024-08-23
56358,2,1,1,2024-08-23,2024-08-23
56391,2,1,1,2024-08-23,2024-08-23
56483,4,1,1,2024-08-24,2024-08-24
56491,2,1,1,2024-08-24,2024-08-24
56510,2,1,1,2024-08-24,2024-08-24
56514,2,1,1,2024-08-24,2024-08-24
56561,2,1,1,2024-08-25,2024-08-25
56587,7,1,1,2024-08-25,2024-09-10
56607,2,1,1,2024-08-25,2024-08-25
56657,2,1,1,2024-08-26,2024-08-26
56659,2,1,1,2024-08-26,2024-08-26
56667,6,1,2,2024-08-26,2024-10-27
56724,2,1,1,2024-08-26,2024-08-26
56761,2,1,1,2024-08-26,2024-08-26
56769,2,1,1,2024-08-26,2024-08-26
56801,2,1,1,2024-08-26,2024-08-26
56821,2,1,1,2024-08-26,2024-08-26
56857,2,2,1,2024-08-27,2024-08-27
56879,2,1,1,2024-08-27,2024-08-27
56901,2,1,1,2024-08-27,2024-08-27
56975,2,1,1,2024-08-27,2024-08-27
56990,9,1,1,2024-08-27,2024-08-28
57019,2,1,1,2024-08-27,2024-08-27
57145,2,2,1,2024-08-28,2024-08-28
57146,2,1,1,2024-08-28,2024-08-28
57151,2,1,1,2024-08-28,2024-08-28
57158,2,1,1,2024-08-28,2024-08-28
57160,2,1,1,2024-08-28,2024-08-28
57181,2,1,1,2024-08-28,2024-08-28
57186,2,1,1,2024-08-28,2024-08-28
57191,2,1,1,2024-08-28,2024-08-28
57194,2,1,1,2024-08-28,2024-08-29
57209,2,1,1,2024-08-28,2024-08-28
57215,2,1,1,2024-08-28,2024-08-29
57217,2,1,1,2024-08-28,2024-08-29
57237,2,1,1,2024-08-28,2024-08-28
57282,3,1,1,2024-08-28,2024-08-28
57294,4,1,1,2024-08-28,2024-08-28
57295,2,1,1,2024-08-28,2024-08-28
57307,2,1,1,2024-08-28,2024-08-28
57338,2,1,1,2024-08-28,2024-09-10
57409,2,1,1,2024-08-29,2024-08-29
57419,2,1,1,2024-08-29,2024-08-29
57421,4,1,1,2024-08-29,2024-08-29
57423,2,1,1,2024-08-29,2024-08-29
57435,2,1,1,2024-08-29,2024-08-30
57441,2,1,1,2024-08-29,2024-08-29
57556,3,1,1,2024-08-29,2024-09-09
57578,2,1,1,2024-08-29,2024-08-29
57602,2,1,1,2024-08-29,2024-08-29
57636,2,2,1,2024-08-30,2024-09-08
57654,7,1,1,2024-08-30,2024-08-30
57658,2,1,1,2024-08-30,2024-08-30
57659,2,1,1,2024-08-30,2024-08-30
57660,4,1,1,2024-08-30,2024-08-30
57707,3,1,1,2024-08-30,2024-08-30
57799,5,1,1,2024-08-30,2024-08-30
57827,2,1,1,2024-08-30,2024-08-30
57859,2,1,1,2024-08-31,2024-08-31
57871,2,1,1,2024-08-31,2024-08-31
57875,2,1,1,2024-08-31,2024-08-31
57886,2,1,1,2024-08-31,2024-09-03
57891,2,1,1,2024-08-31,2024-08-31
57892,2,1,1,2024-08-31,2024-08-31
57896,2,1,1,2024-08-31,2024-08-31
57904,2,1,1,2024-08-31,2024-08-31
57951,14,2,4,2024-08-31,2025-11-23
57956,2,1,1,2024-08-31,2024-08-31
57992,2,1,1,2024-09-01,2024-09-01
57995,2,1,1,2024-09-01,2024-09-01
58013,2,1,1,2024-09-01,2024-09-01
58016,2,2,2,2024-09-01,2025-03-18
58020,2,1,1,2024-09-01,2024-09-01
58024,2,1,1,2024-09-01,2024-09-01
58046,2,1,1,2024-09-01,2024-09-01
58049,2,1,2,2024-09-01,2025-04-17
58051,2,1,1,2024-09-01,2024-09-01
58085,2,1,1,2024-09-02,2024-09-02
58090,2,1,1,2024-09-02,2024-09-02
58098,2,1,1,2024-09-02,2024-09-02
58106,2,1,1,2024-09-02,2024-09-02
58136,2,1,1,2024-09-02,2024-09-02
58183,2,1,1,2024-09-03,2024-09-03
58191,3,1,1,2024-09-03,2024-09-03
58217,2,1,1,2024-09-03,2024-09-03
58219,3,1,1,2024-09-03,2024-09-03
58229,2,1,1,2024-09-03,2024-09-04
58239,6,2,2,2024-09-03,2025-03-18
58265,4,1,2,2024-09-03,2024-10-28
58266,2,1,1,2024-09-03,2024-09-03
58291,2,1,1,2024-09-03,2024-09-03
58316,11,3,3,2024-09-03,2025-03-07
58359,2,1,1,2024-09-03,2024-09-03
58378,3,2,1,2024-09-03,2024-09-13
58390,2,1,1,2024-09-03,2024-09-03
58398,8,1,2,2024-09-04,2024-10-18
58417,3,1,1,2024-09-04,2024-09-04
58453,5,2,3,2024-09-04,2025-05-13
58572,2,1,1,2024-09-04,2024-09-04
58573,2,1,1,2024-09-04,2024-09-04
58605,3,1,1,2024-09-04,2024-09-06
58635,4,1,2,2024-09-05,2024-10-14
58638,2,1,1,2024-09-05,2024-09-05
58646,6,1,2,2024-09-05,2024-10-11
58663,5,1,1,2024-09-05,2024-09-05
58673,2,1,1,2024-09-05,2024-09-05
58678,2,1,1,2024-09-05,2024-09-05
58693,2,1,1,2024-09-05,2024-09-05
58732,4,1,2,2024-09-05,2024-11-11
58736,2,2,2,2024-09-05,2025-03-16
58808,2,1,1,2024-09-05,2024-09-05
58811,2,1,1,2024-09-05,2024-09-05
58856,6,2,4,2024-09-05,2026-06-12
58861,4,1,1,2024-09-05,2024-09-05
58862,3,1,1,2024-09-05,2024-09-05
58870,2,1,1,2024-09-05,2024-09-17
58877,7,1,2,2024-09-05,2025-03-10
58921,2,2,1,2024-09-06,2024-09-09
58988,3,1,1,2024-09-06,2024-09-06
59009,2,1,1,2024-09-06,2024-09-06
59010,2,1,1,2024-09-06,2024-09-06
59011,4,1,1,2024-09-06,2024-09-06
59038,2,1,1,2024-09-06,2024-09-06
59062,2,1,1,2024-09-06,2024-09-07
59075,2,2,2,2024-09-06,2025-02-05
59133,2,1,1,2024-09-07,2024-09-07
59140,2,1,1,2024-09-07,2024-09-07
59153,2,1,1,2024-09-07,2024-09-07
59158,2,1,1,2024-09-07,2024-09-07
59182,2,1,1,2024-09-07,2024-09-07
59190,2,1,1,2024-09-07,2024-09-07
59191,2,1,1,2024-09-07,2024-09-07
59193,2,1,1,2024-09-07,2024-09-07
59216,5,2,2,2024-09-07,2024-10-03
59253,6,1,1,2024-09-08,2024-09-08
59262,3,1,1,2024-09-08,2024-09-08
59268,3,1,1,2024-09-08,2024-09-08
59269,2,1,1,2024-09-08,2024-09-08
59293,2,1,1,2024-09-08,2024-09-08
59345,2,1,1,2024-09-09,2024-09-09
59352,2,1,1,2024-09-09,2024-09-09
59360,6,1,2,2024-09-09,2024-10-14
59364,2,1,1,2024-09-09,2024-09-09
59370,2,1,1,2024-09-09,2024-09-09
59390,5,2,1,2024-09-09,2024-09-26
59406,3,1,1,2024-09-09,2024-09-09
59413,2,1,1,2024-09-09,2024-09-09
59420,2,1,1,2024-09-09,2024-09-09
59437,2,1,1,2024-09-09,2024-09-09
59441,2,2,2,2024-09-09,2024-12-01
59443,3,1,1,2024-09-09,2024-09-09
59465,2,1,1,2024-09-09,2024-09-09
59489,3,2,1,2024-09-09,2024-09-09
59493,2,1,2,2024-09-09,2025-07-09
59504,11,1,4,2024-09-09,2026-07-15
59516,2,1,1,2024-09-09,2024-09-09
59551,4,1,1,2024-09-10,2024-09-10
59587,3,1,1,2024-09-10,2024-09-10
59624,2,1,1,2024-09-10,2024-09-17
59656,2,2,1,2024-09-10,2024-09-10
59663,2,1,1,2024-09-10,2024-09-10
59730,2,1,1,2024-09-10,2024-09-10
59747,2,1,1,2024-09-10,2024-09-10
59771,2,2,1,2024-09-11,2024-09-11
59806,2,1,1,2024-09-11,2024-09-11
59812,2,1,1,2024-09-11,2024-09-12
59832,3,1,1,2024-09-11,2024-09-11
59879,4,2,2,2024-09-11,2024-12-17
59911,6,1,1,2024-09-11,2024-09-12
59914,8,2,2,2024-09-11,2024-10-17
59941,2,1,1,2024-09-11,2024-09-11
59946,4,1,1,2024-09-11,2024-09-11
60026,3,1,1,2024-09-12,2024-09-12
60041,3,2,2,2024-09-12,2024-10-08
60053,68,1,2,2024-09-12,2024-10-01
60068,2,1,2,2024-09-12,2025-01-22
60087,4,2,2,2024-09-12,2024-10-31
60100,2,1,1,2024-09-12,2024-09-12
60103,3,1,2,2024-09-12,2024-11-13
60107,2,2,1,2024-09-12,2024-09-12
60127,2,1,1,2024-09-12,2024-09-12
60148,2,1,1,2024-09-12,2024-09-12
60176,29,3,6,2024-09-12,2026-01-28
60178,2,1,1,2024-09-12,2024-09-12
60188,6,1,1,2024-09-12,2024-09-27
60198,2,1,1,2024-09-12,2024-09-12
60213,3,1,1,2024-09-12,2024-09-12
60221,2,1,1,2024-09-12,2024-09-12
60233,2,1,1,2024-09-12,2024-09-12
60242,13,3,3,2024-09-12,2025-03-12
60263,2,1,2,2024-09-13,2026-04-06
60285,2,1,1,2024-09-13,2024-09-13
60289,2,1,1,2024-09-13,2024-09-20
60394,2,1,1,2024-09-13,2024-09-13
60406,2,1,1,2024-09-13,2024-09-13
60449,2,1,1,2024-09-13,2024-09-13
60450,2,1,1,2024-09-13,2024-09-13
60459,2,1,1,2024-09-13,2024-09-13
60473,2,1,1,2024-09-13,2024-09-13
60528,2,1,1,2024-09-14,2024-09-14
60529,2,1,1,2024-09-14,2024-09-14
60537,2,1,1,2024-09-14,2024-09-14
60538,3,1,1,2024-09-14,2024-09-14
60549,2,1,1,2024-09-14,2024-09-14
60555,2,1,1,2024-09-14,2024-09-14
60609,24,1,3,2024-09-15,2025-01-17
60617,2,1,1,2024-09-15,2024-09-15
60671,3,1,2,2024-09-15,2025-06-27
60676,4,1,1,2024-09-15,2024-09-30
60704,2,1,1,2024-09-16,2024-09-16
60705,2,1,1,2024-09-16,2024-09-16
60709,3,1,1,2024-09-16,2024-09-16
60712,2,1,1,2024-09-16,2024-09-16
60716,6,1,1,2024-09-16,2024-09-17
60721,2,1,1,2024-09-16,2024-09-16
60725,2,1,1,2024-09-16,2024-09-16
60729,2,1,1,2024-09-16,2024-09-16
60732,2,1,1,2024-09-16,2024-09-16
60744,2,1,1,2024-09-16,2024-09-16
60753,2,1,1,2024-09-16,2024-09-16
60755,2,1,1,2024-09-16,2024-09-16
60761,5,1,1,2024-09-16,2024-09-16
60767,2,1,1,2024-09-16,2024-09-16
60770,2,1,1,2024-09-16,2024-09-16
60777,3,1,1,2024-09-16,2024-09-16
60781,2,1,1,2024-09-16,2024-09-16
60801,4,1,1,2024-09-16,2024-09-16
60802,3,1,1,2024-09-16,2024-09-16
60885,3,1,1,2024-09-17,2024-09-17
60888,3,1,1,2024-09-17,2024-09-17
60917,17,2,3,2024-09-17,2025-01-06
60942,2,1,1,2024-09-17,2024-09-17
60956,18,3,3,2024-09-17,2025-06-25
60965,2,1,1,2024-09-17,2024-09-17
60967,2,1,1,2024-09-17,2024-09-17
61054,2,1,1,2024-09-17,2024-09-17
61087,2,1,1,2024-09-17,2024-09-17
61173,2,1,1,2024-09-18,2024-09-18
61202,2,1,1,2024-09-18,2024-09-18
61235,2,1,1,2024-09-18,2024-09-18
61254,2,1,1,2024-09-18,2024-09-18
61306,2,1,1,2024-09-18,2024-09-18
61334,2,1,1,2024-09-18,2024-09-18
61342,2,1,1,2024-09-18,2024-09-18
61345,4,2,4,2024-09-18,2025-05-24
61380,8,1,4,2024-09-19,2026-05-12
61382,3,1,1,2024-09-19,2024-09-22
61387,4,1,2,2024-09-19,2025-01-28
61414,2,1,1,2024-09-19,2024-09-19
61416,4,1,2,2024-09-19,2024-10-30
61436,2,1,1,2024-09-19,2024-09-19
61448,44,1,6,2024-09-19,2026-03-17
61498,5,1,2,2024-09-19,2024-11-02
61538,135,5,7,2024-09-19,2026-05-18
61541,4,1,3,2024-09-19,2025-08-28
61603,2,1,1,2024-09-20,2024-09-20
61650,2,1,1,2024-09-20,2024-09-20
61665,5,1,2,2024-09-20,2024-10-24
61684,2,1,1,2024-09-20,2024-09-20
61694,3,1,1,2024-09-20,2024-09-20
61700,2,2,1,2024-09-20,2024-09-20
61704,2,1,1,2024-09-20,2024-09-20
61736,2,1,1,2024-09-20,2024-09-26
61767,2,1,1,2024-09-20,2024-09-27
61774,2,1,2,2024-09-21,2025-01-14
61784,6,1,1,2024-09-21,2024-09-21
61787,8,1,1,2024-09-21,2024-09-27
61796,3,1,1,2024-09-21,2024-09-21
61812,3,2,2,2024-09-21,2025-02-02
61824,2,1,1,2024-09-21,2024-09-21
61865,2,1,1,2024-09-21,2024-09-21
61869,2,1,1,2024-09-21,2024-09-21
61879,2,1,1,2024-09-22,2024-09-22
61883,2,1,1,2024-09-22,2024-09-25
61884,2,1,1,2024-09-22,2024-09-22
61894,2,1,1,2024-09-22,2024-09-22
61899,3,2,1,2024-09-22,2024-09-22
61902,3,1,1,2024-09-22,2024-09-22
61910,2,1,1,2024-09-22,2024-09-23
61934,2,1,1,2024-09-22,2024-09-22
61943,2,1,2,2024-09-22,2024-11-02
61958,2,1,1,2024-09-22,2024-09-22
61978,2,1,1,2024-09-22,2024-09-22
61992,2,1,1,2024-09-23,2024-09-23
62004,2,1,1,2024-09-23,2024-09-23
62014,2,1,1,2024-09-23,2024-09-23
62034,2,1,2,2024-09-23,2024-11-01
62039,2,1,1,2024-09-23,2024-09-24
62066,2,1,1,2024-09-23,2024-09-23
62083,2,1,1,2024-09-23,2024-09-23
62105,2,1,1,2024-09-23,2024-09-24
62143,7,3,2,2024-09-23,2024-10-27
62151,3,1,1,2024-09-23,2024-09-23
62189,5,1,1,2024-09-24,2024-09-24
62208,3,1,1,2024-09-24,2024-09-24
62218,2,1,1,2024-09-24,2024-09-24
62226,20,2,5,2024-09-24,2025-07-16
62249,4,1,2,2024-09-24,2025-05-25
62308,3,1,2,2024-09-24,2024-10-02
62310,2,1,2,2024-09-24,2024-10-04
62344,2,1,1,2024-09-24,2024-09-24
62361,2,1,1,2024-09-24,2024-09-25
62438,3,2,1,2024-09-25,2024-09-25
62451,25,2,7,2024-09-25,2026-05-05
62463,4,1,1,2024-09-25,2024-09-25
62467,2,1,1,2024-09-25,2024-09-25
62482,2,1,2,2024-09-25,2024-10-04
62523,3,1,1,2024-09-25,2024-09-25
62533,2,1,1,2024-09-25,2024-09-25
62555,2,1,1,2024-09-25,2024-09-25
62558,2,1,1,2024-09-25,2024-09-25
62561,2,1,1,2024-09-25,2024-09-25
62562,2,1,2,2024-09-25,2024-10-05
62598,6,1,3,2024-09-25,2025-06-21
62608,2,1,2,2024-09-25,2025-11-16
62639,2,1,1,2024-09-25,2024-09-25
62660,162,2,3,2024-09-25,2026-01-26
62663,2,1,1,2024-09-25,2024-09-25
62673,2,1,1,2024-09-25,2024-09-25
62686,2,1,1,2024-09-25,2024-09-25
62720,3,1,1,2024-09-26,2024-09-26
62726,3,1,1,2024-09-26,2024-09-26
62762,2,1,2,2024-09-26,2024-10-02
62782,2,1,1,2024-09-26,2024-09-26
62801,2,1,1,2024-09-26,2024-09-26
62806,26,2,5,2024-09-26,2025-12-23
62816,2,1,1,2024-09-26,2024-09-26
62834,2,2,1,2024-09-26,2024-09-26
62848,2,1,1,2024-09-26,2024-09-26
62864,2,1,1,2024-09-26,2024-09-26
62904,2,1,1,2024-09-26,2024-09-26
62912,2,1,1,2024-09-26,2024-09-29
62930,2,1,1,2024-09-26,2024-09-26
62993,2,1,2,2024-09-26,2024-10-03
62998,3,1,2,2024-09-27,2024-10-10
63009,2,1,1,2024-09-27,2024-09-27
63052,2,1,1,2024-09-27,2024-09-27
63092,2,1,1,2024-09-27,2024-09-27
63113,2,1,2,2024-09-27,2024-10-09
63129,2,1,1,2024-09-27,2024-09-27
63139,2,1,1,2024-09-27,2024-09-30
63170,2,1,1,2024-09-27,2024-09-27
63195,2,1,1,2024-09-27,2024-09-27
63208,10,3,2,2024-09-27,2024-10-01
63261,3,1,1,2024-09-28,2024-09-28
63293,2,1,1,2024-09-28,2024-09-28
63296,2,1,1,2024-09-28,2024-09-28
63311,2,1,1,2024-09-28,2024-09-28
63344,2,1,1,2024-09-28,2024-09-28
63345,2,1,1,2024-09-28,2024-09-28
63362,3,1,1,2024-09-28,2024-09-28
63395,2,1,1,2024-09-29,2024-09-29
63399,7,1,3,2024-09-29,2025-01-13
63401,2,1,1,2024-09-29,2024-09-29
63430,3,1,1,2024-09-29,2024-09-29
63456,2,1,1,2024-09-29,2024-09-29
63468,15,2,2,2024-09-29,2024-11-20
63479,2,1,1,2024-09-29,2024-09-29
63497,3,1,1,2024-09-30,2024-09-30
63514,3,1,2,2024-09-30,2024-10-01
63521,5,1,1,2024-09-30,2024-09-30
63533,2,1,1,2024-09-30,2024-09-30
63540,2,2,1,2024-09-30,2024-09-30
63545,3,1,1,2024-09-30,2024-09-30
63549,3,1,3,2024-09-30,2025-08-21
63578,2,1,1,2024-09-30,2024-09-30
63600,2,1,2,2024-09-30,2024-10-08
63615,2,1,1,2024-09-30,2024-09-30
63618,2,2,2,2024-09-30,2025-10-22
63619,3,1,2,2024-09-30,2024-10-09
63656,2,1,2,2024-09-30,2025-01-01
63676,3,1,2,2024-09-30,2024-10-01
63698,4,1,1,2024-10-01,2024-10-01
63722,2,1,1,2024-10-01,2024-10-01
63739,2,1,1,2024-10-01,2024-10-01
63774,2,1,1,2024-10-01,2024-10-02
63789,2,1,1,2024-10-01,2024-10-01
63795,2,1,1,2024-10-01,2024-10-01
63808,2,1,1,2024-10-01,2024-10-01
63811,3,2,2,2024-10-01,2025-04-12
63840,2,2,1,2024-10-01,2024-12-02
63854,2,1,1,2024-10-01,2024-10-01
63856,6,1,1,2024-10-01,2024-10-01
63875,7,1,2,2024-10-01,2025-01-26
63888,283,3,8,2024-10-01,2026-07-16
63957,4,1,1,2024-10-01,2024-10-09
63974,3,2,1,2024-10-02,2024-11-23
64037,2,1,1,2024-10-02,2024-10-02
64042,81,1,2,2024-10-02,2025-01-03
64075,2,1,1,2024-10-02,2024-10-02
64077,2,1,1,2024-10-02,2024-10-02
64086,2,1,1,2024-10-02,2024-10-02
64158,2,1,1,2024-10-02,2024-10-02
64263,6,1,3,2024-10-03,2025-11-20
64264,2,1,1,2024-10-03,2024-10-03
64277,2,1,1,2024-10-03,2024-10-03
64297,2,1,1,2024-10-03,2024-10-03
64315,9,1,2,2024-10-03,2025-05-03
64340,2,1,1,2024-10-03,2024-10-03
64343,4,1,1,2024-10-03,2024-10-04
64350,3,1,1,2024-10-03,2024-10-21
64358,2,1,1,2024-10-03,2024-10-07
64360,2,1,1,2024-10-03,2024-10-03
64368,4,1,1,2024-10-03,2024-10-14
64375,3,1,1,2024-10-03,2024-10-03
64380,4,1,1,2024-10-03,2024-10-03
64409,2,1,1,2024-10-03,2024-10-03
64423,2,1,1,2024-10-03,2024-10-03
64461,7,1,1,2024-10-03,2024-10-04
64476,2,1,1,2024-10-04,2024-10-04
64491,2,1,1,2024-10-04,2024-10-18
64500,3,1,1,2024-10-04,2024-10-04
64542,2,1,1,2024-10-04,2024-10-04
64545,5,2,1,2024-10-04,2024-10-23
64577,2,1,1,2024-10-04,2024-10-04
64579,5,1,1,2024-10-04,2024-10-14
64580,2,1,2,2024-10-04,2025-04-15
64651,2,1,1,2024-10-04,2024-10-04
64676,7,1,1,2024-10-04,2024-10-30
64741,2,1,1,2024-10-05,2024-10-05
64812,2,1,1,2024-10-05,2024-10-18
64815,2,1,1,2024-10-05,2024-10-05
64821,2,2,1,2024-10-05,2024-10-06
64850,5,2,1,2024-10-06,2024-10-25
64916,2,1,1,2024-10-07,2024-10-07
64923,16,1,1,2024-10-07,2024-10-11
65109,2,1,1,2024-10-07,2024-10-08
65121,17,2,4,2024-10-08,2026-04-27
65122,2,1,1,2024-10-08,2024-10-08
65158,2,1,1,2024-10-08,2024-10-08
65159,2,1,1,2024-10-08,2024-10-09
65175,2,1,1,2024-10-08,2024-10-08
65183,2,1,1,2024-10-08,2024-10-08
65196,2,1,1,2024-10-08,2024-10-18
65225,3,2,1,2024-10-08,2024-10-15
65230,2,1,1,2024-10-08,2024-10-08
65236,2,1,1,2024-10-08,2024-10-08
65250,2,1,1,2024-10-08,2024-10-08
65300,2,2,2,2024-10-08,2025-01-02
65301,6,1,1,2024-10-08,2024-10-08
65307,2,1,1,2024-10-08,2024-10-08
65312,55,1,1,2024-10-08,2024-11-29
65314,2,1,1,2024-10-08,2024-10-08
65323,2,1,1,2024-10-08,2024-10-08
65344,2,1,1,2024-10-08,2024-10-08
65355,2,1,1,2024-10-08,2024-10-08
65375,3,1,1,2024-10-08,2024-10-08
65414,2,1,1,2024-10-08,2024-10-08
65417,6,1,1,2024-10-09,2024-10-09
65471,8,1,1,2024-10-09,2024-10-09
65475,2,2,1,2024-10-09,2024-10-22
65532,2,1,1,2024-10-09,2024-10-09
65536,2,1,1,2024-10-09,2024-10-18
65555,2,1,1,2024-10-09,2024-10-09
65595,2,1,1,2024-10-09,2024-10-09
65612,2,1,1,2024-10-09,2024-10-09
65618,3,1,1,2024-10-09,2024-10-10
65700,2,1,2,2024-10-09,2025-04-28
65712,2,1,1,2024-10-09,2024-10-09
65746,5,2,1,2024-10-10,2024-11-14
65772,3,1,1,2024-10-10,2024-10-10
65785,96,1,2,2024-10-10,2025-03-27
65788,2,1,1,2024-10-10,2024-10-10
65794,2,1,1,2024-10-10,2024-10-10
65795,11,4,4,2024-10-10,2025-12-18
65799,2,1,1,2024-10-10,2024-10-11
65804,2,1,1,2024-10-10,2024-10-10
65815,4,1,1,2024-10-10,2024-10-11
65842,2,1,1,2024-10-10,2024-10-10
65861,2,1,1,2024-10-10,2024-10-10
65872,3,1,1,2024-10-10,2024-10-16
65897,2,1,1,2024-10-10,2024-10-18
65922,16,1,3,2024-10-10,2025-04-28
65926,2,1,1,2024-10-10,2024-10-10
65938,3,1,1,2024-10-10,2024-10-10
66019,2,1,1,2024-10-11,2024-10-11
66036,3,1,1,2024-10-11,2024-10-11
66039,3,1,1,2024-10-11,2024-10-12
66048,2,1,1,2024-10-11,2024-10-19
66051,3,2,2,2024-10-11,2025-09-10
66053,3,1,1,2024-10-11,2024-10-11
66064,2,1,1,2024-10-11,2024-10-11
66074,2,1,1,2024-10-11,2024-10-11
66147,2,1,1,2024-10-11,2024-10-11
66148,2,1,1,2024-10-11,2024-10-11
66151,2,1,1,2024-10-11,2024-10-12
66162,2,1,1,2024-10-11,2024-10-12
66165,4,1,1,2024-10-11,2024-10-11
66223,2,1,1,2024-10-11,2024-10-11
66248,4,1,1,2024-10-12,2024-10-12
66267,4,1,1,2024-10-12,2024-10-12
66274,3,1,2,2024-10-12,2025-06-19
66279,3,1,1,2024-10-12,2024-10-12
66281,5,1,1,2024-10-12,2024-10-12
66282,7,3,1,2024-10-12,2024-10-12
66294,3,2,2,2024-10-12,2025-01-17
66304,3,1,1,2024-10-12,2024-10-12
66330,2,1,1,2024-10-12,2024-10-12
66368,3,1,1,2024-10-13,2024-10-13
66371,3,1,1,2024-10-13,2024-10-13
66416,2,1,1,2024-10-13,2024-10-13
66425,2,1,1,2024-10-13,2024-10-13
66429,2,1,1,2024-10-13,2024-10-13
66441,6,2,2,2024-10-13,2025-04-28
66482,3,1,1,2024-10-13,2024-10-13
66491,2,1,1,2024-10-13,2024-10-13
66530,2,1,1,2024-10-14,2024-10-14
66552,3,1,1,2024-10-14,2024-10-15
66553,4,1,1,2024-10-14,2024-11-05
66585,2,1,1,2024-10-14,2024-10-14
66634,2,1,1,2024-10-14,2024-10-14
66663,3,1,1,2024-10-14,2024-10-14
66672,12,1,1,2024-10-14,2024-11-04
66680,2,2,1,2024-10-14,2024-10-14
66693,4,1,1,2024-10-14,2024-10-14
66839,2,1,1,2024-10-15,2024-10-15
66854,2,1,1,2024-10-15,2024-10-15
66866,2,1,1,2024-10-15,2024-10-15
66876,4,1,1,2024-10-15,2024-10-15
66886,3,1,1,2024-10-15,2024-10-19
66893,4,1,1,2024-10-15,2024-10-15
66935,2,1,1,2024-10-15,2024-10-15
66948,2,1,1,2024-10-15,2024-10-15
66974,6,1,1,2024-10-15,2024-10-15
66994,2,1,1,2024-10-16,2024-10-16
67025,3,1,1,2024-10-16,2024-10-16
67026,5,1,1,2024-10-16,2024-10-17
67039,3,1,1,2024-10-16,2024-10-17
67062,2,1,1,2024-10-16,2024-10-18
67121,2,1,1,2024-10-16,2024-10-16
67128,5,1,1,2024-10-16,2024-12-07
67149,6,1,1,2024-10-16,2024-10-16
67188,2,1,1,2024-10-16,2024-10-16
67201,2,1,1,2024-10-16,2024-10-16
67214,2,1,1,2024-10-16,2024-10-16
67248,2,1,1,2024-10-16,2024-10-16
67253,2,1,1,2024-10-16,2024-10-16
67273,2,2,2,2024-10-17,2025-03-30
67275,2,1,1,2024-10-17,2024-10-17
67303,4,1,1,2024-10-17,2024-10-17
67310,2,1,1,2024-10-17,2024-10-17
67337,2,1,1,2024-10-17,2024-10-17
67360,2,1,1,2024-10-17,2024-10-17
67373,2,1,1,2024-10-17,2024-10-17
67442,12,1,3,2024-10-17,2025-07-10
67505,2,1,1,2024-10-18,2024-10-18
67510,3,2,1,2024-10-18,2024-10-18
67563,2,1,1,2024-10-18,2024-10-18
67608,2,1,1,2024-10-18,2024-10-18
67637,2,1,1,2024-10-18,2024-10-18
67707,7,1,2,2024-10-19,2025-01-11
67718,2,1,1,2024-10-19,2024-10-19
67719,2,1,1,2024-10-19,2024-10-19
67762,2,1,1,2024-10-19,2024-10-19
67780,2,1,1,2024-10-19,2024-10-19
67802,24,1,5,2024-10-20,2026-03-11
67842,2,1,1,2024-10-20,2024-10-20
67868,2,1,1,2024-10-20,2024-10-20
67884,2,1,1,2024-10-20,2024-10-20
67913,2,1,1,2024-10-21,2024-10-21
67941,3,1,1,2024-10-21,2024-10-22
67994,7,1,1,2024-10-21,2024-10-21
68014,3,1,1,2024-10-21,2024-10-24
68019,3,2,1,2024-10-21,2024-10-21
68021,2,1,1,2024-10-21,2024-10-21
68072,1693,1,3,2024-10-21,2025-06-20
68081,2,1,1,2024-10-22,2024-10-22
68082,2,1,1,2024-10-22,2024-10-22
68089,2,1,1,2024-10-22,2024-10-22
68091,2,1,1,2024-10-22,2024-10-22
68113,3,1,2,2024-10-22,2025-01-23
68129,2,1,1,2024-10-22,2024-10-22
68134,3,1,1,2024-10-22,2024-10-22
68159,2,1,1,2024-10-22,2024-10-22
68166,2,1,1,2024-10-22,2024-10-23
68185,2,1,1,2024-10-22,2024-10-22
68186,4,1,1,2024-10-22,2024-10-22
68190,2,1,1,2024-10-22,2024-10-22
68213,8,1,1,2024-10-22,2024-11-02
68219,3,1,1,2024-10-22,2024-10-22
68265,2,1,1,2024-10-22,2024-10-22
68270,2,1,1,2024-10-22,2024-10-22
68279,4,1,2,2024-10-22,2025-02-12
68296,2,1,1,2024-10-22,2024-10-22
68297,2,1,1,2024-10-22,2024-11-22
68332,2,1,1,2024-10-22,2024-10-22
68342,2,1,1,2024-10-22,2024-10-22
68354,3,1,1,2024-10-22,2024-10-22
68356,2,1,1,2024-10-22,2024-10-22
68360,8,1,2,2024-10-22,2025-01-27
68380,2,1,1,2024-10-23,2024-10-23
68382,3,2,1,2024-10-23,2024-10-23
68397,2,1,1,2024-10-23,2024-10-23
68453,3,1,1,2024-10-23,2024-10-23
68466,2,1,1,2024-10-23,2024-10-23
68483,2,1,1,2024-10-23,2024-10-23
68484,2,1,1,2024-10-23,2024-11-07
68499,2,1,1,2024-10-23,2024-10-23
68511,16,1,1,2024-10-23,2024-11-04
68536,4,1,3,2024-10-23,2025-05-14
68539,2,1,1,2024-10-23,2024-10-23
68558,2,1,1,2024-10-23,2024-10-23
68590,4,1,1,2024-10-23,2024-11-07
68605,11,1,4,2024-10-23,2026-05-04
68607,4,1,2,2024-10-23,2026-01-23
68637,2,1,1,2024-10-24,2024-10-24
68656,2,1,1,2024-10-24,2024-10-24
68673,2,2,1,2024-10-24,2024-10-24
68676,2,2,1,2024-10-24,2024-10-24
68683,2,1,1,2024-10-24,2024-10-24
68701,2,1,1,2024-10-24,2024-10-24
68704,2,1,1,2024-10-24,2024-10-24
68708,3,1,1,2024-10-24,2024-10-24
68717,2,1,1,2024-10-24,2024-10-24
68719,2,1,1,2024-10-24,2024-10-24
68757,4,1,1,2024-10-24,2024-10-24
68792,2,1,1,2024-10-24,2024-10-24
68807,2,1,1,2024-10-24,2024-10-24
68829,2,1,2,2024-10-24,2025-11-14
68833,2,1,1,2024-10-24,2024-10-24
68907,2,1,1,2024-10-25,2024-10-26
68913,3,1,1,2024-10-25,2024-10-25
68917,2,1,1,2024-10-25,2024-10-25
68922,4,1,2,2024-10-25,2025-01-23
68925,2,1,1,2024-10-25,2024-10-25
68953,3,1,1,2024-10-25,2024-10-25
68962,9,1,1,2024-10-25,2024-10-25
68963,2,1,1,2024-10-25,2024-10-25
68985,2,1,1,2024-10-25,2024-10-25
68996,5,1,1,2024-10-25,2024-10-29
68998,2,1,1,2024-10-25,2024-10-25
69001,4,1,1,2024-10-25,2024-11-05
69044,7,1,2,2024-10-25,2025-03-28
69049,2,1,1,2024-10-25,2024-10-25
69050,2,1,1,2024-10-25,2024-10-25
69108,2,1,1,2024-10-25,2024-10-25
69140,3,1,1,2024-10-26,2024-10-28
69150,4,1,1,2024-10-26,2024-12-28
69163,2,1,1,2024-10-26,2024-10-27
69183,2,1,1,2024-10-26,2024-10-26
69209,2,1,1,2024-10-26,2024-10-26
69227,2,1,1,2024-10-26,2024-10-26
69262,3,1,1,2024-10-27,2024-10-27
69277,10,1,1,2024-10-27,2024-10-27
69285,2,1,1,2024-10-27,2024-10-28
69304,2,1,1,2024-10-27,2024-10-29
69339,2,1,1,2024-10-27,2024-10-27
69343,3,1,2,2024-10-27,2025-08-20
69376,2,1,1,2024-10-28,2024-10-28
69387,3,1,1,2024-10-28,2024-10-28
69393,10,2,3,2024-10-28,2025-07-25
69404,3,1,1,2024-10-28,2024-10-28
69406,2,1,1,2024-10-28,2024-10-28
69413,3,1,1,2024-10-28,2024-10-29
69426,2,1,1,2024-10-28,2024-10-28
69427,3,1,1,2024-10-28,2024-10-29
69435,3,1,1,2024-10-28,2024-10-29
69441,16,1,3,2024-10-28,2026-02-22
69463,2,1,1,2024-10-28,2024-10-28
69473,12,1,1,2024-10-28,2024-11-07
69527,3,1,1,2024-10-28,2024-12-13
69566,3,1,3,2024-10-28,2025-07-23
69614,2,1,1,2024-10-29,2024-10-29
69629,2,2,1,2024-10-29,2024-10-30
69637,6,1,1,2024-10-29,2024-10-29
69645,3,1,1,2024-10-29,2024-10-29
69669,5,1,1,2024-10-29,2024-11-05
69680,2,1,1,2024-10-29,2024-10-29
69694,2,1,1,2024-10-29,2024-11-09
69706,2,1,1,2024-10-29,2024-10-29
69757,3,1,1,2024-10-29,2024-10-29
69782,2,1,1,2024-10-29,2024-10-29
69785,13,1,1,2024-10-29,2024-11-29
69843,2,1,1,2024-10-30,2024-10-30
69862,2,1,1,2024-10-30,2024-10-30
69863,2,1,1,2024-10-30,2024-10-30
69882,2,1,1,2024-10-30,2024-10-30
69887,2,1,2,2024-10-30,2025-04-03
69893,4,2,1,2024-10-30,2024-12-08
69900,2,1,1,2024-10-30,2024-10-30
69935,2,1,1,2024-10-30,2024-10-30
69947,2,1,1,2024-10-30,2024-10-30
69971,3,1,1,2024-10-30,2024-10-30
69984,7,1,1,2024-10-30,2024-10-30
69985,2,1,1,2024-10-30,2024-10-30
69990,2,1,1,2024-10-30,2024-10-30
70112,3,1,1,2024-10-31,2024-10-31
70128,2,1,1,2024-10-31,2024-10-31
70130,2,1,1,2024-10-31,2024-10-31
70137,3,1,1,2024-10-31,2024-10-31
70170,4,2,1,2024-10-31,2024-11-01
70195,2,1,1,2024-10-31,2024-10-31
70197,2,1,1,2024-10-31,2024-10-31
70199,9,1,1,2024-10-31,2024-10-31
70301,2,1,1,2024-10-31,2024-10-31
70317,3,1,1,2024-10-31,2024-10-31
70343,3,3,1,2024-10-31,2024-10-31
70370,3,1,1,2024-11-01,2024-11-01
70386,32,1,2,2024-11-01,2025-03-10
70387,2,1,1,2024-11-01,2024-11-01
70394,2,1,1,2024-11-01,2024-11-01
70431,2,1,1,2024-11-01,2024-11-01
70435,8,1,1,2024-11-01,2024-11-01
70439,2,1,1,2024-11-01,2024-11-01
70467,2,1,1,2024-11-01,2024-11-01
70479,2,1,1,2024-11-01,2024-11-01
70484,7,3,2,2024-11-01,2025-02-27
70486,3,1,1,2024-11-01,2024-11-01
70517,3,1,1,2024-11-02,2024-11-02
70536,5,1,1,2024-11-02,2024-11-02
70545,2,1,1,2024-11-02,2024-11-02
70637,3,1,1,2024-11-03,2024-11-03
70655,2,1,1,2024-11-03,2024-11-03
70682,2,1,1,2024-11-03,2024-11-03
70691,2,1,1,2024-11-03,2024-11-03
70697,2,1,1,2024-11-03,2024-11-03
70700,2,1,1,2024-11-03,2024-11-03
70729,2,2,1,2024-11-04,2024-11-04
70736,4,1,1,2024-11-04,2024-11-04
70747,5,1,1,2024-11-04,2024-12-11
70754,2,1,2,2024-11-04,2025-01-03
70812,4,3,2,2024-11-04,2026-04-21
70816,3,1,1,2024-11-04,2024-11-04
70830,6,2,1,2024-11-04,2024-11-24
70839,11,2,3,2024-11-04,2025-05-25
70840,2,1,1,2024-11-04,2024-11-04
70853,3,1,1,2024-11-04,2024-11-04
70902,2,1,1,2024-11-04,2024-11-04
70919,2,1,1,2024-11-04,2024-11-04
70920,3,2,1,2024-11-04,2024-11-04
70947,2,1,1,2024-11-04,2024-11-04
70967,3,1,1,2024-11-05,2024-11-05
70983,2,1,1,2024-11-05,2024-11-05
71035,2,1,1,2024-11-05,2024-11-05
71036,2,1,1,2024-11-05,2024-11-05
71037,2,1,1,2024-11-05,2024-11-05
71043,2,1,1,2024-11-05,2024-11-05
71049,7,2,1,2024-11-05,2024-11-05
71056,2,1,1,2024-11-05,2024-11-05
71062,4,1,1,2024-11-05,2024-11-05
71064,2,1,1,2024-11-05,2024-11-05
71075,3,1,1,2024-11-05,2024-11-05
71076,2,1,1,2024-11-05,2024-11-05
71088,3,1,1,2024-11-05,2024-12-27
71096,4,2,1,2024-11-05,2024-11-22
71127,2,1,1,2024-11-05,2024-11-05
71141,5,1,1,2024-11-05,2024-11-07
71174,2,1,1,2024-11-05,2024-11-05
71190,2,1,1,2024-11-05,2024-11-05
71236,3,1,1,2024-11-06,2024-11-06
71252,3,1,1,2024-11-06,2024-11-06
71253,3,1,1,2024-11-06,2024-11-06
71264,2,1,1,2024-11-06,2024-11-06
71302,3,1,1,2024-11-06,2024-11-13
71306,2,1,1,2024-11-06,2024-11-13
71310,3,1,1,2024-11-06,2024-11-13
71311,3,1,1,2024-11-06,2024-11-06
71315,2,1,1,2024-11-06,2024-11-14
71316,2,1,1,2024-11-06,2024-11-06
71318,3,1,1,2024-11-06,2024-11-06
71322,3,1,1,2024-11-06,2024-11-06
71359,2,1,1,2024-11-06,2024-11-06
71385,2,1,1,2024-11-06,2024-11-13
71413,4,1,1,2024-11-06,2024-11-06
71428,2,1,1,2024-11-06,2024-11-06
71486,2,1,1,2024-11-06,2024-11-06
71537,3,1,1,2024-11-07,2024-11-08
71538,2,2,2,2024-11-07,2025-03-30
71551,3,1,1,2024-11-07,2024-11-07
71580,12,1,1,2024-11-07,2024-11-21
71595,2,1,1,2024-11-07,2024-11-07
71599,2,1,1,2024-11-07,2024-11-12
71607,2,1,1,2024-11-07,2024-11-07
71610,3,1,1,2024-11-07,2024-11-07
71619,2,1,1,2024-11-07,2024-11-07
71810,2,1,1,2024-11-08,2024-11-08
71815,2,1,1,2024-11-08,2024-11-08
71833,3,1,1,2024-11-08,2024-11-08
71844,3,2,3,2024-11-08,2025-08-08
71847,3,2,2,2024-11-08,2025-10-16
71849,2,1,1,2024-11-08,2024-11-08
71892,10,1,2,2024-11-08,2025-01-17
71903,2,1,1,2024-11-08,2024-11-08
71953,2,1,1,2024-11-08,2024-11-08
71980,3,1,1,2024-11-09,2024-11-09
71999,2,1,1,2024-11-09,2024-11-09
72012,5,1,1,2024-11-09,2024-11-09
72021,3,1,1,2024-11-09,2024-11-09
72024,2,1,1,2024-11-09,2024-11-09
72040,6,2,1,2024-11-09,2024-11-09
72047,2,1,1,2024-11-09,2024-11-09
72080,2,1,1,2024-11-10,2024-11-10
72111,9,1,2,2024-11-10,2025-02-24
72114,2,1,1,2024-11-10,2024-11-10
72137,2,1,1,2024-11-10,2024-11-10
72168,2,2,1,2024-11-10,2024-11-10
72193,2,1,1,2024-11-11,2024-11-11
72232,2,1,1,2024-11-11,2024-11-11
72247,2,1,1,2024-11-11,2024-11-11
72271,2,1,1,2024-11-11,2024-11-11
72349,2,1,1,2024-11-12,2024-11-12
72351,2,1,1,2024-11-12,2024-11-12
72353,2,1,1,2024-11-12,2024-11-12
72362,2,1,1,2024-11-12,2024-11-12
72385,3,1,1,2024-11-12,2024-11-12
72427,2,1,1,2024-11-12,2024-11-12
72434,2,1,1,2024-11-12,2024-11-12
72446,10,1,1,2024-11-12,2024-11-25
72459,2,1,1,2024-11-12,2024-11-12
72478,2,1,1,2024-11-12,2024-11-12
72481,2,2,1,2024-11-12,2024-11-25
72484,2,1,1,2024-11-12,2024-11-12
72532,2,1,1,2024-11-12,2024-11-12
72583,6,1,1,2024-11-13,2024-11-13
72592,9,1,2,2024-11-13,2025-01-25
72613,2,1,1,2024-11-13,2024-11-13
72632,2,1,1,2024-11-13,2024-11-13
72648,5,1,1,2024-11-13,2024-11-13
72662,2,1,1,2024-11-13,2024-11-13
72664,5,1,1,2024-11-13,2024-11-13
72676,2,2,2,2024-11-13,2025-02-20
72688,2,1,1,2024-11-13,2024-11-14
72720,3,1,1,2024-11-13,2024-11-13
72757,2,1,1,2024-11-13,2024-11-13
72768,2,1,1,2024-11-13,2024-11-13
72769,7,1,1,2024-11-13,2024-11-13
72795,5,1,1,2024-11-13,2024-11-13
72803,4,1,2,2024-11-13,2025-03-03
72848,2,1,1,2024-11-14,2024-11-14
72849,2,2,1,2024-11-14,2024-11-14
72876,13,3,2,2024-11-14,2025-01-13
72879,2,1,1,2024-11-14,2024-11-14
72887,2,1,1,2024-11-14,2024-11-14
72891,2,1,1,2024-11-14,2024-11-14
72894,2,1,1,2024-11-14,2024-11-14
72898,2,1,1,2024-11-14,2024-11-14
72928,2,1,1,2024-11-14,2024-11-15
72940,2,1,1,2024-11-14,2024-11-15
72953,2,1,1,2024-11-14,2024-11-14
72969,2,1,1,2024-11-14,2024-11-14
73010,2,1,1,2024-11-14,2024-11-14
73014,2,1,1,2024-11-14,2024-11-14
73019,2,1,1,2024-11-14,2024-11-14
73022,2,1,1,2024-11-14,2024-11-14
73033,2,1,1,2024-11-14,2024-11-18
73037,3,2,1,2024-11-14,2024-11-14
73058,3,2,2,2024-11-14,2025-01-15
73093,2,2,1,2024-11-14,2024-12-23
73098,2,1,1,2024-11-14,2024-11-15
73106,3,1,2,2024-11-14,2025-05-02
73117,2,1,1,2024-11-15,2024-11-15
73130,2,1,1,2024-11-15,2024-11-15
73171,4,1,1,2024-11-15,2024-12-03
73212,4,1,2,2024-11-15,2025-02-19
73224,3,1,1,2024-11-15,2024-11-17
73243,2,1,1,2024-11-15,2024-11-15
73251,2,2,1,2024-11-15,2024-11-15
73261,3,2,2,2024-11-15,2025-01-28
73267,3,1,1,2024-11-15,2024-11-15
73270,6,2,2,2024-11-15,2025-03-10
73293,2,1,1,2024-11-15,2024-11-15
73332,2,1,1,2024-11-16,2024-11-16
73336,2,1,1,2024-11-16,2024-11-16
73338,2,1,1,2024-11-16,2024-11-16
73346,2,1,1,2024-11-16,2024-11-16
73373,2,1,1,2024-11-16,2024-11-16
73396,2,2,2,2024-11-16,2025-02-26
73416,3,1,1,2024-11-16,2024-11-29
73427,2,1,1,2024-11-16,2024-11-16
73443,97,1,8,2024-11-16,2026-07-13
73457,2,2,1,2024-11-17,2024-11-17
73461,6,1,1,2024-11-17,2024-11-18
73469,2,1,1,2024-11-17,2024-11-17
73501,2,1,1,2024-11-17,2024-11-17
73509,2,2,1,2024-11-17,2024-11-17
73520,15,3,4,2024-11-17,2025-11-17
73522,3,1,1,2024-11-17,2024-11-18
73546,2,1,1,2024-11-18,2024-11-18
73631,2,1,1,2024-11-18,2024-11-18
73641,5,1,1,2024-11-18,2024-11-18
73642,2,1,1,2024-11-18,2024-11-19
73644,2,1,1,2024-11-18,2024-11-19
73645,3,1,1,2024-11-18,2024-11-18
73674,2,1,1,2024-11-18,2024-11-18
73677,5,1,1,2024-11-18,2024-11-18
73691,2,1,1,2024-11-18,2024-11-19
73692,2,1,1,2024-11-18,2024-11-19
73696,2,1,1,2024-11-18,2024-11-18
73706,2,1,1,2024-11-18,2024-12-02
73713,7,1,1,2024-11-18,2024-11-18
73730,2,1,1,2024-11-19,2024-11-19
73800,2,1,1,2024-11-19,2024-11-19
73802,2,1,1,2024-11-19,2024-11-20
73835,2,1,1,2024-11-19,2024-11-19
73837,2,1,1,2024-11-19,2024-11-19
73862,2,1,1,2024-11-19,2024-11-19
73866,2,1,1,2024-11-19,2024-11-20
73935,3,1,1,2024-11-19,2024-11-19
73962,2,2,1,2024-11-20,2024-11-20
73981,3,3,1,2024-11-20,2024-11-20
73989,3,2,1,2024-11-20,2024-11-27
73991,2,1,1,2024-11-20,2024-11-20
74006,6,2,2,2024-11-20,2025-01-06
74042,2,1,1,2024-11-20,2024-11-21
74075,5,1,1,2024-11-20,2024-11-20
74097,3,1,1,2024-11-20,2024-11-20
74098,2,1,1,2024-11-20,2024-11-21
74111,2,1,1,2024-11-20,2024-11-21
74137,2,1,1,2024-11-20,2024-11-20
74152,2,1,1,2024-11-20,2024-11-20
74159,2,1,1,2024-11-20,2024-11-20
74163,2,1,1,2024-11-20,2024-11-20
74173,2,1,1,2024-11-20,2024-11-20
74209,3,1,1,2024-11-21,2024-11-21
74227,4,1,2,2024-11-21,2025-02-24
74234,6,2,2,2024-11-21,2025-01-25
74239,2,1,1,2024-11-21,2024-11-21
74259,2,1,2,2024-11-21,2025-02-21
74271,2,1,1,2024-11-21,2024-11-21
74292,2,1,1,2024-11-21,2024-11-21
74311,2,1,1,2024-11-21,2024-11-21
74328,2,1,1,2024-11-21,2024-11-21
74330,3,1,1,2024-11-21,2024-11-21
74357,2,1,1,2024-11-21,2024-11-21
74364,2,1,1,2024-11-21,2024-11-21
74368,2,1,1,2024-11-21,2024-11-21
74388,3,1,1,2024-11-21,2024-11-21
74439,2,1,1,2024-11-22,2024-11-22
74444,3,1,1,2024-11-22,2024-11-22
74474,2,1,1,2024-11-22,2024-11-22
74518,2,1,1,2024-11-22,2024-11-22
74522,2,1,1,2024-11-22,2024-11-22
74527,2,1,1,2024-11-22,2024-11-23
74531,3,2,1,2024-11-22,2024-11-23
74534,2,1,1,2024-11-22,2024-11-28
74583,2,1,2,2024-11-22,2025-01-28
74683,2,1,1,2024-11-23,2024-11-28
74701,2,1,1,2024-11-23,2024-11-23
74705,2,1,1,2024-11-23,2024-12-05
74721,7,1,1,2024-11-23,2024-12-21
74764,3,1,1,2024-11-24,2024-11-24
74766,2,2,1,2024-11-24,2024-11-26
74767,7,1,1,2024-11-24,2024-11-25
74782,42,1,2,2024-11-24,2025-02-05
74815,2,1,1,2024-11-24,2024-11-24
74835,4,1,2,2024-11-24,2025-01-11
74838,2,1,1,2024-11-24,2024-11-24
74843,2,1,1,2024-11-24,2024-11-24
74853,5,1,1,2024-11-24,2024-11-28
74860,4,3,3,2024-11-24,2025-08-21
74873,5,1,1,2024-11-25,2024-11-25
74883,2,1,1,2024-11-25,2024-11-25
74934,7,1,2,2024-11-25,2025-01-04
74938,5,1,1,2024-11-25,2024-11-26
74957,2,1,1,2024-11-25,2024-11-25
74990,5,1,1,2024-11-25,2024-11-25
75064,2,1,1,2024-11-25,2024-11-25
75112,2,1,1,2024-11-26,2024-11-26
75127,2,1,1,2024-11-26,2024-11-26
75239,4,1,1,2024-11-26,2024-11-26
75256,11,2,2,2024-11-26,2025-01-08
75258,2,1,1,2024-11-26,2024-11-26
75275,10,1,2,2024-11-26,2025-02-13
75299,2,1,1,2024-11-26,2024-11-26
75390,4,1,1,2024-11-27,2024-11-27
75401,14,3,5,2024-11-27,2026-01-08
75425,2,1,1,2024-11-27,2024-11-28
75428,4,3,1,2024-11-27,2024-12-11
75430,5,2,2,2024-11-27,2025-10-09
75543,2,1,1,2024-11-27,2024-11-27
75564,2,1,1,2024-11-27,2024-11-27
75607,2,1,1,2024-11-28,2024-11-28
75612,2,1,1,2024-11-28,2024-11-28
75637,3,1,1,2024-11-28,2024-11-28
75660,2,1,1,2024-11-28,2024-11-28
75672,2,1,1,2024-11-28,2024-11-28
75676,2,1,1,2024-11-28,2024-11-28
75735,5,1,2,2024-11-29,2025-01-08
75743,2,1,1,2024-11-29,2024-11-29
75848,2,1,1,2024-11-30,2024-11-30
75851,2,1,1,2024-11-30,2024-11-30
75868,5,1,2,2024-11-30,2025-01-19
75869,2,1,1,2024-11-30,2024-11-30
75888,2,1,1,2024-12-01,2024-12-01
75893,8,1,1,2024-12-01,2024-12-07
75894,7,1,1,2024-12-01,2024-12-02
75900,2,1,1,2024-12-01,2024-12-01
75901,2,1,1,2024-12-01,2024-12-01
75920,3,1,1,2024-12-01,2024-12-01
75960,2,1,1,2024-12-01,2024-12-01
75976,3,1,2,2024-12-01,2025-03-23
75986,2,1,1,2024-12-02,2024-12-02
75998,5,1,1,2024-12-02,2024-12-02
76012,2,1,1,2024-12-02,2024-12-02
76035,3,1,1,2024-12-02,2024-12-02
76042,3,1,3,2024-12-02,2025-09-10
76047,5,1,1,2024-12-02,2024-12-02
76048,3,1,1,2024-12-02,2024-12-02
76120,2,1,1,2024-12-02,2024-12-02
76160,2,1,1,2024-12-02,2024-12-02
76198,2,1,1,2024-12-03,2024-12-03
76201,2,1,1,2024-12-03,2024-12-03
76202,2,1,1,2024-12-03,2024-12-03
76210,2,1,1,2024-12-03,2024-12-03
76271,3,2,1,2024-12-03,2024-12-30
76275,10,1,1,2024-12-03,2024-12-04
76278,6,1,3,2024-12-03,2025-11-15
76296,3,2,1,2024-12-03,2024-12-03
76320,5,1,1,2024-12-03,2024-12-03
76337,2,1,1,2024-12-03,2024-12-03
76354,2,1,1,2024-12-03,2024-12-03
76382,2,1,1,2024-12-03,2024-12-03
76389,2,1,1,2024-12-03,2024-12-03
76438,2,1,1,2024-12-03,2024-12-03
76485,3,1,1,2024-12-04,2024-12-04
76487,5,1,1,2024-12-04,2024-12-04
76501,2,1,1,2024-12-04,2024-12-04
76507,2,1,1,2024-12-04,2024-12-04
76510,3,1,1,2024-12-04,2024-12-04
76516,8,1,1,2024-12-04,2024-12-04
76517,2,2,1,2024-12-04,2024-12-04
76519,2,1,1,2024-12-04,2024-12-04
76555,2,1,1,2024-12-04,2024-12-04
76558,2,1,1,2024-12-04,2024-12-04
76572,2,2,1,2024-12-04,2024-12-24
76613,2,1,1,2024-12-04,2024-12-04
76673,2,1,1,2024-12-04,2024-12-04
76740,3,1,1,2024-12-05,2024-12-05
76744,6,1,1,2024-12-05,2024-12-05
76759,2,1,1,2024-12-05,2024-12-05
76775,2,1,1,2024-12-05,2024-12-05
76777,5,1,1,2024-12-05,2024-12-05
76818,3,1,1,2024-12-05,2024-12-05
76839,2,1,1,2024-12-05,2024-12-05
76889,3,2,1,2024-12-05,2024-12-17
76898,2,1,1,2024-12-05,2024-12-05
76911,2,1,2,2024-12-05,2025-01-03
76939,2,1,1,2024-12-05,2024-12-05
76965,2,1,1,2024-12-05,2024-12-05
77021,3,1,1,2024-12-06,2024-12-06
77033,2,1,1,2024-12-06,2024-12-06
77049,2,1,1,2024-12-06,2024-12-06
77059,3,1,1,2024-12-06,2024-12-20
77096,2,1,1,2024-12-06,2024-12-06
77107,2,1,1,2024-12-06,2024-12-06
77116,2,1,1,2024-12-06,2024-12-06
77133,5,1,1,2024-12-06,2024-12-06
77145,2,1,1,2024-12-06,2024-12-06
77238,2,1,1,2024-12-07,2024-12-07
77243,2,1,1,2024-12-07,2024-12-07
77246,2,1,1,2024-12-07,2024-12-07
77249,5,1,1,2024-12-07,2024-12-07
77254,2,1,1,2024-12-07,2024-12-07
77263,2,1,1,2024-12-07,2024-12-07
77269,2,1,1,2024-12-07,2024-12-07
77270,3,1,1,2024-12-07,2024-12-07
77280,3,1,1,2024-12-07,2024-12-07
77286,2,1,1,2024-12-07,2024-12-07
77299,2,1,1,2024-12-07,2024-12-07
77300,8,2,2,2024-12-07,2025-01-25
77307,2,1,1,2024-12-07,2024-12-07
77314,2,1,1,2024-12-07,2024-12-07
77316,2,1,1,2024-12-07,2024-12-07
77374,2,1,1,2024-12-07,2024-12-07
77388,2,1,1,2024-12-08,2024-12-08
77393,4,1,1,2024-12-08,2024-12-08
77402,2,1,1,2024-12-08,2024-12-08
77448,2,1,1,2024-12-08,2024-12-08
77449,11,1,3,2024-12-08,2025-12-03
77469,3,2,2,2024-12-08,2026-01-14
77529,18,1,6,2024-12-09,2026-04-06
77533,2,1,1,2024-12-09,2024-12-11
77567,3,1,2,2024-12-09,2025-11-03
77568,2,1,1,2024-12-09,2024-12-11
77641,2,1,1,2024-12-09,2024-12-11
77646,2,1,1,2024-12-09,2024-12-09
77665,2,1,1,2024-12-09,2024-12-09
77682,6,1,1,2024-12-09,2024-12-09
77710,2,1,1,2024-12-09,2024-12-09
77769,4,1,1,2024-12-10,2024-12-18
77773,2,1,1,2024-12-10,2024-12-11
77775,2,1,1,2024-12-10,2024-12-10
77777,2,1,1,2024-12-10,2024-12-10
77783,2,1,1,2024-12-10,2024-12-10
77786,3,1,1,2024-12-10,2024-12-10
77787,2,1,1,2024-12-10,2024-12-10
77800,2,1,1,2024-12-10,2024-12-10
77801,2,1,1,2024-12-10,2024-12-10
77822,4,1,1,2024-12-10,2024-12-19
77827,2,1,1,2024-12-10,2024-12-10
77835,9,2,2,2024-12-10,2025-10-16
77857,14,1,1,2024-12-10,2024-12-13
77863,2,1,1,2024-12-10,2024-12-10
77866,2,1,1,2024-12-10,2024-12-10
77884,2,1,1,2024-12-10,2024-12-17
77926,9,1,2,2024-12-10,2025-01-25
77937,5,2,2,2024-12-10,2025-01-25
78028,2,1,1,2024-12-11,2024-12-11
78040,2,1,1,2024-12-11,2024-12-11
78054,2,1,1,2024-12-11,2024-12-11
78079,4,1,1,2024-12-11,2024-12-11
78088,2,2,1,2024-12-11,2024-12-11
78130,2,1,1,2024-12-11,2024-12-11
78132,2,1,1,2024-12-11,2024-12-11
78138,2,1,1,2024-12-11,2024-12-11
78140,2,1,1,2024-12-11,2024-12-11
78166,2,1,1,2024-12-11,2024-12-11
78208,2,1,2,2024-12-11,2025-01-28
78210,2,2,2,2024-12-11,2025-03-24
78279,2,1,1,2024-12-12,2024-12-12
78339,3,1,1,2024-12-12,2024-12-12
78362,2,1,1,2024-12-12,2024-12-13
78388,2,1,1,2024-12-12,2024-12-12
78401,2,1,1,2024-12-12,2024-12-12
78412,4,2,1,2024-12-12,2024-12-12
78413,2,1,1,2024-12-12,2024-12-12
78414,7,1,3,2024-12-12,2025-07-11
78418,2,1,1,2024-12-12,2024-12-12
78429,2,1,1,2024-12-12,2024-12-12
78470,2,1,1,2024-12-12,2024-12-12
78509,2,1,2,2024-12-12,2025-01-02
78513,2,1,1,2024-12-12,2024-12-12
78548,2,1,1,2024-12-13,2024-12-14
78550,3,1,1,2024-12-13,2024-12-14
78552,2,1,1,2024-12-13,2024-12-14
78553,3,1,1,2024-12-13,2024-12-14
78563,2,1,1,2024-12-13,2024-12-14
78568,2,1,1,2024-12-13,2024-12-14
78569,3,1,1,2024-12-13,2024-12-14
78571,3,1,1,2024-12-13,2024-12-14
78573,2,1,1,2024-12-13,2024-12-13
78576,3,1,1,2024-12-13,2024-12-14
78578,2,1,1,2024-12-13,2024-12-13
78584,2,1,1,2024-12-13,2024-12-13
78592,3,1,1,2024-12-13,2024-12-14
78626,4,1,1,2024-12-13,2024-12-13
78661,2,1,2,2024-12-13,2025-09-09
78678,3,1,1,2024-12-13,2024-12-14
78753,2,2,2,2024-12-13,2025-04-21
78756,2,1,1,2024-12-13,2024-12-13
78789,6,1,1,2024-12-14,2024-12-14
78810,2,1,1,2024-12-14,2024-12-14
78814,2,1,1,2024-12-14,2024-12-14
78819,11,1,2,2024-12-14,2025-03-12
78823,6,1,1,2024-12-14,2024-12-15
78835,2,1,1,2024-12-14,2024-12-14
78843,3,3,2,2024-12-14,2025-01-22
78860,3,1,1,2024-12-14,2024-12-14
78871,6,2,3,2024-12-14,2026-03-05
78928,2,1,1,2024-12-15,2024-12-15
78929,2,1,1,2024-12-15,2024-12-15
78937,2,1,2,2024-12-15,2025-03-12
78976,2,2,1,2024-12-15,2024-12-15
79001,16,1,1,2024-12-16,2024-12-20
79073,2,1,1,2024-12-16,2024-12-16
79089,2,1,1,2024-12-16,2024-12-16
79111,2,1,1,2024-12-16,2024-12-16
79113,2,1,1,2024-12-16,2024-12-16
79125,2,1,2,2024-12-16,2026-04-16
79158,2,1,1,2024-12-17,2024-12-17
79165,2,1,1,2024-12-17,2024-12-18
79172,2,1,1,2024-12-17,2024-12-17
79179,3,1,1,2024-12-17,2024-12-18
79182,3,1,1,2024-12-17,2024-12-18
79184,2,1,1,2024-12-17,2024-12-18
79248,3,1,1,2024-12-17,2024-12-17
79260,3,1,1,2024-12-17,2024-12-17
79262,2,1,1,2024-12-17,2024-12-18
79279,3,1,1,2024-12-17,2024-12-17
79306,2,1,1,2024-12-17,2024-12-17
79309,2,1,1,2024-12-17,2024-12-17
79331,2,1,1,2024-12-17,2024-12-17
79399,2,1,2,2024-12-17,2025-01-22
79446,2,2,1,2024-12-18,2024-12-31
79458,2,1,2,2024-12-18,2025-05-19
79477,2,1,1,2024-12-18,2024-12-18
79491,2,1,1,2024-12-18,2024-12-18
79528,2,1,1,2024-12-18,2024-12-18
79541,2,1,1,2024-12-18,2024-12-18
79543,5,1,1,2024-12-18,2024-12-19
79545,2,1,1,2024-12-18,2024-12-18
79557,9,1,1,2024-12-18,2024-12-20
79641,2,1,1,2024-12-18,2024-12-18
79672,3,1,1,2024-12-18,2024-12-18
79730,2,1,1,2024-12-19,2024-12-20
79745,2,1,1,2024-12-19,2024-12-19
79747,2,1,1,2024-12-19,2024-12-20
79753,2,1,1,2024-12-19,2024-12-19
79754,2,1,1,2024-12-19,2024-12-19
79775,2,1,1,2024-12-19,2024-12-19
79808,2,1,1,2024-12-19,2024-12-19
79823,29,1,1,2024-12-19,2024-12-24
79827,2,1,1,2024-12-19,2024-12-19
79898,2,1,1,2024-12-19,2024-12-19
79899,2,1,2,2024-12-19,2025-04-14
79901,2,1,1,2024-12-19,2024-12-19
79916,2,1,1,2024-12-19,2024-12-19
79946,2,1,1,2024-12-19,2024-12-19
79949,2,1,1,2024-12-19,2024-12-19
79950,2,1,1,2024-12-19,2024-12-19
79952,2,1,1,2024-12-19,2024-12-19
79980,2,1,1,2024-12-19,2024-12-19
80078,9,4,2,2024-12-20,2025-02-04
80086,3,1,2,2024-12-20,2025-03-27
80088,2,1,1,2024-12-20,2024-12-20
80102,2,1,1,2024-12-20,2024-12-20
80130,3,1,1,2024-12-20,2024-12-23
80141,2,1,1,2024-12-20,2024-12-20
80211,3,1,1,2024-12-21,2024-12-21
80227,2,1,1,2024-12-21,2024-12-21
80265,3,2,1,2024-12-21,2024-12-21
80269,2,1,1,2024-12-21,2024-12-21
80291,2,1,1,2024-12-21,2024-12-21
80313,2,1,1,2024-12-21,2024-12-21
80314,2,1,1,2024-12-21,2024-12-21
80330,2,1,1,2024-12-22,2024-12-22
80331,2,1,1,2024-12-22,2024-12-22
80333,3,1,2,2024-12-22,2025-01-11
80340,2,1,1,2024-12-22,2024-12-22
80344,3,1,1,2024-12-22,2024-12-29
80350,2,1,1,2024-12-22,2024-12-22
80371,2,1,1,2024-12-22,2024-12-22
80380,2,2,2,2024-12-22,2025-01-18
80383,2,2,2,2024-12-22,2025-03-29
80407,2,1,1,2024-12-22,2024-12-22
80410,2,1,1,2024-12-22,2024-12-22
80421,2,1,1,2024-12-22,2024-12-22
80424,2,1,1,2024-12-22,2024-12-22
80470,3,1,1,2024-12-23,2024-12-23
80477,4,1,1,2024-12-23,2024-12-26
80479,2,1,1,2024-12-23,2024-12-23
80482,2,1,1,2024-12-23,2024-12-23
80483,8,2,2,2024-12-23,2025-02-08
80510,3,1,1,2024-12-23,2024-12-26
80534,7,1,1,2024-12-23,2024-12-28
80549,5,1,1,2024-12-23,2024-12-28
80550,2,1,2,2024-12-23,2025-03-05
80563,4,1,1,2024-12-23,2024-12-26
80652,2,1,1,2024-12-24,2024-12-24
80653,2,1,1,2024-12-24,2024-12-24
80669,5,1,1,2024-12-24,2024-12-24
80733,2,1,1,2024-12-24,2024-12-24
80737,2,1,1,2024-12-24,2024-12-24
80743,3,1,1,2024-12-24,2024-12-24
80765,2,2,2,2024-12-24,2025-05-20
80796,4,1,1,2024-12-24,2024-12-28
80798,2,2,2,2024-12-24,2025-04-15
80799,3,1,1,2024-12-24,2024-12-28
80812,2,1,1,2024-12-24,2024-12-28
80821,3,1,1,2024-12-25,2024-12-25
80823,2,1,1,2024-12-25,2024-12-26
80825,10,1,2,2024-12-25,2025-10-21
80857,3,1,1,2024-12-25,2024-12-25
80874,3,1,2,2024-12-25,2025-01-03
80911,3,2,1,2024-12-26,2024-12-26
80917,2,1,1,2024-12-26,2024-12-26
80929,6,1,1,2024-12-26,2024-12-26
80945,5,1,1,2024-12-26,2024-12-26
80973,2,1,1,2024-12-26,2024-12-26
80983,2,1,1,2024-12-26,2024-12-26
81024,2,1,1,2024-12-26,2024-12-27
81041,3,1,1,2024-12-26,2024-12-26
81050,2,1,1,2024-12-26,2024-12-26
81077,3,1,1,2024-12-27,2024-12-28
81083,2,1,1,2024-12-27,2024-12-27
81120,2,1,1,2024-12-27,2024-12-28
81152,3,1,1,2024-12-27,2024-12-27
81155,2,1,2,2024-12-27,2025-01-08
81177,2,1,1,2024-12-27,2024-12-27
81182,2,1,1,2024-12-27,2024-12-27
81191,2,1,1,2024-12-27,2024-12-27
81209,2,1,2,2024-12-27,2025-01-03
81224,2,1,1,2024-12-27,2024-12-27
81268,2,1,1,2024-12-27,2024-12-27
81269,2,1,1,2024-12-27,2024-12-27
81277,2,1,1,2024-12-27,2024-12-27
81298,13,5,2,2024-12-27,2025-01-27
81339,2,1,1,2024-12-28,2024-12-28
81342,9,1,1,2024-12-28,2024-12-28
81392,2,1,1,2024-12-28,2024-12-28
81398,2,1,1,2024-12-28,2024-12-28
81422,2,1,1,2024-12-28,2024-12-28
81423,2,1,1,2024-12-28,2024-12-28
81460,2,2,2,2024-12-28,2025-01-12
81461,2,1,1,2024-12-28,2024-12-28
81491,2,1,2,2024-12-28,2025-01-06
81497,6,1,1,2024-12-29,2024-12-29
81499,2,1,1,2024-12-29,2024-12-29
81538,4,1,2,2024-12-29,2025-01-08
81541,6,2,2,2024-12-29,2025-04-02
81579,3,1,2,2024-12-29,2025-01-02
81591,3,1,1,2024-12-29,2024-12-29
81628,3,1,1,2024-12-30,2024-12-30
81637,2,1,1,2024-12-30,2024-12-30
81648,6,1,1,2024-12-30,2024-12-30
81650,2,1,1,2024-12-30,2024-12-30
81659,2,2,2,2024-12-30,2025-03-31
81671,2,1,1,2024-12-30,2024-12-30
81679,3,1,1,2024-12-30,2024-12-30
81699,2,1,1,2024-12-30,2024-12-30
81706,2,1,1,2024-12-30,2024-12-31
81712,2,1,1,2024-12-30,2024-12-30
81727,2,1,1,2024-12-30,2024-12-30
81728,2,1,1,2024-12-30,2024-12-30
81742,2,1,1,2024-12-30,2024-12-30
81749,3,1,1,2024-12-30,2024-12-30
81761,2,1,1,2024-12-30,2024-12-30
81762,2,1,1,2024-12-30,2024-12-30
81799,2,2,1,2024-12-30,2024-12-30
81801,3,1,1,2024-12-30,2024-12-30
81813,2,1,1,2024-12-30,2024-12-30
81816,3,2,2,2024-12-30,2025-01-09
81828,7,1,2,2024-12-30,2025-01-03
81880,2,1,1,2024-12-31,2024-12-31
81914,2,1,1,2024-12-31,2024-12-31
81931,2,1,1,2024-12-31,2024-12-31
81952,4,1,2,2024-12-31,2025-01-07
81970,3,3,2,2024-12-31,2025-03-03
81986,2,1,1,2024-12-31,2024-12-31
81987,6,1,1,2024-12-31,2024-12-31
81988,2,1,1,2024-12-31,2024-12-31
81993,2,1,1,2024-12-31,2024-12-31
82029,2,1,1,2024-12-31,2024-12-31
82047,2,1,2,2024-12-31,2025-01-16
82055,2,1,1,2024-12-31,2024-12-31
82085,2,1,1,2025-01-01,2025-01-01
82088,2,1,1,2025-01-01,2025-01-01
82089,2,1,1,2025-01-01,2025-01-01
82095,2,1,1,2025-01-01,2025-01-01
82096,3,1,1,2025-01-01,2025-01-01
82150,2,1,1,2025-01-01,2025-01-01
82151,6,1,1,2025-01-01,2025-01-11
82165,2,1,1,2025-01-01,2025-01-01
82176,3,1,1,2025-01-01,2025-01-01
82182,2,1,1,2025-01-01,2025-01-01
82188,2,1,1,2025-01-01,2025-01-01
82195,2,1,1,2025-01-01,2025-01-15
82204,2,1,1,2025-01-02,2025-01-02
82211,2,1,1,2025-01-02,2025-01-02
82238,2,1,1,2025-01-02,2025-01-03
82240,2,1,1,2025-01-02,2025-01-02
82244,3,1,1,2025-01-02,2025-01-02
82248,2,1,1,2025-01-02,2025-01-03
82263,3,1,1,2025-01-02,2025-01-02
82266,3,1,1,2025-01-02,2025-01-02
82275,2,1,1,2025-01-02,2025-01-02
82285,2,1,1,2025-01-02,2025-01-02
82313,2,1,1,2025-01-02,2025-01-02
82328,2,1,1,2025-01-02,2025-01-02
82339,2,1,1,2025-01-02,2025-01-02
82348,14,1,2,2025-01-02,2025-05-09
82363,2,1,1,2025-01-02,2025-01-17
82379,5,2,1,2025-01-02,2025-02-17
82425,2,1,1,2025-01-02,2025-01-02
82431,2,1,1,2025-01-02,2025-01-02
82460,4,1,2,2025-01-02,2025-04-03
82467,2,1,1,2025-01-02,2025-01-02
82529,3,1,1,2025-01-03,2025-01-26
82532,5,1,2,2025-01-03,2025-10-15
82534,2,1,1,2025-01-03,2025-01-03
82571,4,1,1,2025-01-03,2025-01-03
82625,22,1,3,2025-01-03,2025-08-27
82647,16,1,2,2025-01-03,2025-08-27
82653,3,1,1,2025-01-03,2025-01-13
82675,2,1,1,2025-01-04,2025-01-04
82726,5,1,1,2025-01-04,2025-01-04
82732,3,1,1,2025-01-04,2025-01-04
82743,2,1,1,2025-01-04,2025-01-19
82760,2,1,1,2025-01-04,2025-01-04
82778,2,1,1,2025-01-04,2025-01-04
82793,2,1,1,2025-01-04,2025-01-04
82795,2,2,1,2025-01-04,2025-01-12
82814,3,1,1,2025-01-04,2025-01-04
82816,2,1,1,2025-01-04,2025-01-04
82824,2,1,1,2025-01-04,2025-01-04
82834,2,1,1,2025-01-04,2025-01-04
82838,5,1,1,2025-01-04,2025-01-04
82877,2,2,1,2025-01-05,2025-01-07
82887,3,1,1,2025-01-05,2025-01-05
82890,3,1,1,2025-01-05,2025-01-05
82895,2,1,1,2025-01-05,2025-01-05
82899,2,1,1,2025-01-05,2025-01-05
82906,2,1,1,2025-01-05,2025-01-05
82917,2,1,1,2025-01-05,2025-01-05
82944,5,2,2,2025-01-05,2025-04-19
82956,2,1,1,2025-01-05,2025-01-05
82983,2,1,1,2025-01-05,2025-01-07
83011,2,1,1,2025-01-06,2025-01-06
83020,2,1,1,2025-01-06,2025-01-06
83030,4,1,1,2025-01-06,2025-01-21
83041,2,1,1,2025-01-06,2025-01-06
83052,2,1,1,2025-01-06,2025-01-07
83103,3,1,1,2025-01-06,2025-01-06
83132,2,1,1,2025-01-06,2025-02-17
83159,3,2,1,2025-01-06,2025-01-06
83167,4,1,2,2025-01-06,2025-10-01
83171,2,1,1,2025-01-06,2025-01-06
83195,2,1,1,2025-01-06,2025-01-10
83196,4,1,2,2025-01-06,2025-09-16
83252,2,1,1,2025-01-07,2025-01-07
83280,2,1,1,2025-01-07,2025-01-07
83357,2,1,1,2025-01-07,2025-01-07
83411,2,1,1,2025-01-07,2025-01-07
83511,2,1,1,2025-01-08,2025-01-08
83512,2,1,1,2025-01-08,2025-01-08
83515,3,2,1,2025-01-08,2025-01-08
83529,2,1,1,2025-01-08,2025-01-08
83575,4,4,1,2025-01-08,2025-01-08
83585,2,1,1,2025-01-08,2025-01-08
83596,2,1,1,2025-01-08,2025-01-08
83598,2,1,1,2025-01-08,2025-01-08
83601,3,1,1,2025-01-08,2025-01-08
83618,2,1,1,2025-01-08,2025-01-08
83627,2,1,1,2025-01-08,2025-01-08
83630,2,1,1,2025-01-08,2025-01-08
83632,3,1,1,2025-01-08,2025-01-08
83636,4,1,1,2025-01-08,2025-01-08
83654,2,1,1,2025-01-08,2025-01-08
83707,2,1,1,2025-01-08,2025-01-08
83773,2,1,1,2025-01-08,2025-01-08
83780,2,1,1,2025-01-08,2025-01-09
83830,2,1,1,2025-01-09,2025-01-09
83837,2,1,1,2025-01-09,2025-01-09
83859,3,1,1,2025-01-09,2025-01-22
83889,2,1,1,2025-01-09,2025-02-18
83905,2,2,1,2025-01-09,2025-01-10
83908,2,1,1,2025-01-09,2025-01-09
83909,6,1,1,2025-01-09,2025-01-09
83913,2,1,1,2025-01-09,2025-01-09
83925,2,1,1,2025-01-09,2025-01-09
83937,4,1,1,2025-01-09,2025-01-09
83947,2,1,1,2025-01-09,2025-01-09
83956,2,1,2,2025-01-09,2025-12-02
84020,2,1,1,2025-01-09,2025-01-09
84028,4,1,1,2025-01-09,2025-01-10
84043,2,1,1,2025-01-09,2025-01-09
84048,2,1,1,2025-01-09,2025-02-20
84100,3,1,1,2025-01-09,2025-01-22
84166,2,1,1,2025-01-10,2025-01-10
84168,2,1,1,2025-01-10,2025-01-10
84176,3,1,1,2025-01-10,2025-01-10
84241,2,1,1,2025-01-10,2025-01-10
84245,3,1,1,2025-01-10,2025-01-10
84253,2,1,1,2025-01-10,2025-01-10
84260,6,1,1,2025-01-10,2025-01-10
84268,4,1,3,2025-01-10,2025-11-11
84277,2,1,1,2025-01-10,2025-01-10
84286,2,1,1,2025-01-10,2025-01-10
84319,2,1,1,2025-01-10,2025-01-10
84332,2,1,1,2025-01-10,2025-01-10
84351,2,2,2,2025-01-10,2025-04-13
84358,2,1,1,2025-01-10,2025-01-16
84402,2,1,1,2025-01-11,2025-01-11
84408,2,1,1,2025-01-11,2025-01-11
84440,2,1,1,2025-01-11,2025-01-11
84449,3,1,1,2025-01-11,2025-01-11
84450,3,1,2,2025-01-11,2025-05-13
84454,2,1,1,2025-01-11,2025-01-11
84473,2,1,1,2025-01-11,2025-01-11
84478,2,2,1,2025-01-11,2025-01-14
84482,7,1,1,2025-01-11,2025-01-11
84502,3,1,1,2025-01-11,2025-01-11
84509,2,1,1,2025-01-11,2025-01-11
84512,6,1,1,2025-01-11,2025-01-23
84519,3,1,1,2025-01-11,2025-01-11
84569,2,1,1,2025-01-11,2025-01-11
84579,7,2,3,2025-01-11,2025-09-18
84590,2,1,1,2025-01-12,2025-01-12
84617,2,1,1,2025-01-12,2025-01-12
84628,3,1,1,2025-01-12,2025-01-12
84630,3,1,1,2025-01-12,2025-01-13
84632,2,1,1,2025-01-12,2025-01-12
84663,2,1,1,2025-01-12,2025-01-12
84672,2,1,1,2025-01-12,2025-01-12
84695,3,2,1,2025-01-12,2025-02-11
84720,2,1,1,2025-01-12,2025-01-12
84740,2,1,1,2025-01-12,2025-01-12
84746,2,1,1,2025-01-12,2025-01-12
84768,2,1,1,2025-01-13,2025-01-13
84788,2,1,1,2025-01-13,2025-01-13
84804,2,1,1,2025-01-13,2025-01-13
84805,24,1,4,2025-01-13,2026-05-27
84832,10,1,3,2025-01-13,2025-07-10
84839,2,2,1,2025-01-13,2025-03-13
84844,5,1,1,2025-01-13,2025-01-13
84892,2,1,1,2025-01-13,2025-01-13
84895,4,1,1,2025-01-13,2025-01-15
84910,2,1,1,2025-01-13,2025-01-13
84912,2,1,1,2025-01-13,2025-01-13
84921,2,2,1,2025-01-13,2025-01-13
84944,2,2,1,2025-01-13,2025-01-13
84982,2,1,1,2025-01-13,2025-01-13
84989,3,2,2,2025-01-13,2026-01-18
84998,2,1,1,2025-01-13,2025-01-13
85025,3,1,1,2025-01-13,2025-01-13
85042,3,1,1,2025-01-14,2025-01-14
85043,3,1,1,2025-01-14,2025-01-14
85046,2,1,1,2025-01-14,2025-01-14
85057,8,2,3,2025-01-14,2025-08-26
85085,2,2,1,2025-01-14,2025-01-14
85092,2,1,1,2025-01-14,2025-01-14
85112,3,1,1,2025-01-14,2025-01-14
85113,2,1,1,2025-01-14,2025-01-14
85119,2,1,1,2025-01-14,2025-01-14
85129,5,1,1,2025-01-14,2025-01-14
85134,2,1,1,2025-01-14,2025-01-14
85141,2,1,1,2025-01-14,2025-01-14
85176,7,1,1,2025-01-14,2025-01-18
85178,2,2,1,2025-01-14,2025-01-14
85181,3,1,1,2025-01-14,2025-01-15
85187,2,1,1,2025-01-14,2025-01-14
85217,5,3,2,2025-01-14,2026-07-23
85245,2,1,1,2025-01-14,2025-01-14
85266,4,1,1,2025-01-14,2025-01-14
85274,2,1,1,2025-01-14,2025-01-14
85284,3,1,1,2025-01-14,2025-01-22
85306,3,1,1,2025-01-14,2025-01-14
85313,2,1,1,2025-01-14,2025-01-14
85319,2,1,1,2025-01-14,2025-01-14
85339,2,1,1,2025-01-14,2025-01-14
85345,2,1,1,2025-01-14,2025-01-14
85370,2,1,1,2025-01-14,2025-01-14
85390,2,1,1,2025-01-15,2025-01-15
85407,2,1,1,2025-01-15,2025-01-24
85441,2,1,1,2025-01-15,2025-01-15
85455,2,1,1,2025-01-15,2025-01-15
85462,2,1,1,2025-01-15,2025-01-15
85467,2,1,1,2025-01-15,2025-01-15
85471,8,2,3,2025-01-15,2026-02-10
85472,4,1,1,2025-01-15,2025-01-15
85481,3,1,1,2025-01-15,2025-01-15
85488,2,1,1,2025-01-15,2025-01-15
85496,2,1,1,2025-01-15,2025-01-15
85502,3,1,1,2025-01-15,2025-01-15
85519,3,2,1,2025-01-15,2025-01-16
85547,2,1,1,2025-01-15,2025-01-15
85560,2,1,1,2025-01-15,2025-01-20
85598,3,1,1,2025-01-15,2025-01-15
85612,2,1,1,2025-01-15,2025-01-15
85613,2,1,1,2025-01-15,2025-01-15
85618,2,1,1,2025-01-15,2025-01-15
85671,2,1,1,2025-01-15,2025-01-15
85679,9,4,3,2025-01-15,2026-03-18
85685,6,3,1,2025-01-15,2025-03-30
85687,5,1,1,2025-01-15,2025-01-21
85709,2,1,1,2025-01-16,2025-01-16
85713,3,1,1,2025-01-16,2025-01-16
85729,3,1,1,2025-01-16,2025-01-16
85746,4,2,2,2025-01-16,2025-04-05
85754,3,1,1,2025-01-16,2025-01-16
85770,3,1,1,2025-01-16,2025-01-16
85790,2,1,1,2025-01-16,2025-01-16
85801,2,2,1,2025-01-16,2025-01-16
85830,2,1,1,2025-01-16,2025-01-16
85832,2,1,1,2025-01-16,2025-01-16
85868,2,2,1,2025-01-16,2025-01-23
85869,2,1,1,2025-01-16,2025-01-17
85892,6,1,1,2025-01-16,2025-01-16
85978,35,4,2,2025-01-16,2025-06-30
86008,2,1,1,2025-01-16,2025-01-16
86053,3,1,1,2025-01-17,2025-01-17
86059,2,2,1,2025-01-17,2025-01-17
86084,2,1,1,2025-01-17,2025-01-17
86100,2,1,1,2025-01-17,2025-01-17
86109,2,1,1,2025-01-17,2025-01-17
86123,8,1,1,2025-01-17,2025-02-28
86131,4,1,1,2025-01-17,2025-01-17
86140,2,1,1,2025-01-17,2025-01-17
86183,2,1,1,2025-01-17,2025-01-17
86189,2,1,1,2025-01-17,2025-01-18
86217,2,1,1,2025-01-17,2025-01-17
86218,2,1,1,2025-01-17,2025-01-17
86229,2,1,1,2025-01-17,2025-03-16
86319,3,1,1,2025-01-17,2025-01-17
86340,3,1,1,2025-01-17,2025-01-21
86380,7,1,1,2025-01-18,2025-01-18
86382,2,1,1,2025-01-18,2025-01-18
86383,2,1,1,2025-01-18,2025-01-18
86390,2,1,1,2025-01-18,2025-01-22
86392,2,1,1,2025-01-18,2025-01-18
86402,2,1,1,2025-01-18,2025-01-18
86433,2,1,1,2025-01-18,2025-01-18
86440,2,1,1,2025-01-18,2025-01-18
86481,2,1,1,2025-01-18,2025-01-18
86482,2,1,1,2025-01-18,2025-01-20
86525,2,1,1,2025-01-18,2025-01-18
86536,2,1,1,2025-01-18,2025-01-18
86550,2,1,1,2025-01-18,2025-01-18
86586,2,1,1,2025-01-19,2025-01-19
86595,2,1,1,2025-01-19,2025-01-20
86603,3,1,2,2025-01-19,2025-04-09
86605,2,1,1,2025-01-19,2025-01-19
86606,8,2,2,2025-01-19,2025-04-09
86625,3,1,1,2025-01-19,2025-01-24
86626,2,1,1,2025-01-19,2025-01-19
86701,2,1,1,2025-01-19,2025-01-19
86706,6,1,1,2025-01-19,2025-01-26
86711,3,1,1,2025-01-19,2025-01-19
86719,3,1,1,2025-01-19,2025-01-21
86722,2,1,1,2025-01-19,2025-01-19
86732,2,1,1,2025-01-19,2025-01-19
86736,2,1,1,2025-01-19,2025-01-19
86737,2,1,1,2025-01-19,2025-01-19
86761,6,1,3,2025-01-20,2026-07-07
86764,2,1,1,2025-01-20,2025-01-20
86767,2,1,1,2025-01-20,2025-01-20
86820,2,1,1,2025-01-20,2025-01-20
86838,13,2,3,2025-01-20,2026-05-19
86844,2,2,1,2025-01-20,2025-01-20
86853,2,2,1,2025-01-20,2025-01-21
86862,3,1,1,2025-01-20,2025-01-21
86872,2,1,1,2025-01-20,2025-01-21
86889,2,1,1,2025-01-20,2025-01-20
86897,2,1,1,2025-01-20,2025-01-20
86898,2,1,1,2025-01-20,2025-02-12
86930,2,1,1,2025-01-20,2025-01-20
86937,2,1,1,2025-01-20,2025-01-20
86959,2,1,2,2025-01-20,2025-06-10
87036,2,1,1,2025-01-21,2025-01-21
87051,4,1,1,2025-01-21,2025-01-21
87065,3,1,1,2025-01-21,2025-01-21
87083,2,1,1,2025-01-21,2025-01-21
87136,2,1,1,2025-01-21,2025-01-21
87164,3,2,1,2025-01-21,2025-01-21
87175,2,1,1,2025-01-21,2025-01-21
87182,2,1,1,2025-01-21,2025-01-21
87235,3,1,1,2025-01-21,2025-01-21
87277,2,1,1,2025-01-21,2025-01-21
87280,2,1,1,2025-01-21,2025-02-28
87303,2,1,1,2025-01-21,2025-01-21
87318,2,1,1,2025-01-21,2025-01-21
87335,2,1,1,2025-01-21,2025-01-21
87371,3,1,1,2025-01-22,2025-03-31
87392,2,1,1,2025-01-22,2025-01-22
87393,4,1,1,2025-01-22,2025-01-22
87398,2,1,1,2025-01-22,2025-01-28
87404,2,1,1,2025-01-22,2025-01-22
87413,4,1,1,2025-01-22,2025-01-22
87419,2,1,1,2025-01-22,2025-01-22
87445,2,1,1,2025-01-22,2025-01-22
87448,3,1,1,2025-01-22,2025-01-22
87454,2,1,1,2025-01-22,2025-01-22
87463,2,1,1,2025-01-22,2025-01-22
87469,4,1,1,2025-01-22,2025-01-22
87482,2,1,1,2025-01-22,2025-01-22
87484,4,1,1,2025-01-22,2025-01-22
87485,2,1,1,2025-01-22,2025-01-22
87489,2,1,1,2025-01-22,2025-01-22
87495,2,1,1,2025-01-22,2025-01-22
87500,25,1,1,2025-01-22,2025-01-22
87514,2,1,1,2025-01-22,2025-01-22
87530,2,1,1,2025-01-22,2025-01-22
87535,2,1,1,2025-01-22,2025-01-22
87547,2,1,1,2025-01-22,2025-01-22
87587,6,1,1,2025-01-22,2025-01-24
87597,2,2,1,2025-01-22,2025-01-22
87660,2,1,1,2025-01-22,2025-01-22
87677,2,1,1,2025-01-22,2025-01-22
87682,2,1,1,2025-01-22,2025-01-22
87696,2,1,1,2025-01-22,2025-01-22
87769,2,1,2,2025-01-23,2025-09-09
87781,2,1,1,2025-01-23,2025-01-23
87785,2,1,1,2025-01-23,2025-01-23
87803,2,1,1,2025-01-23,2025-01-23
87812,2,1,1,2025-01-23,2025-01-23
87814,4,1,1,2025-01-23,2025-01-25
87817,2,1,1,2025-01-23,2025-01-23
87824,2,1,1,2025-01-23,2025-01-23
87836,2,2,1,2025-01-23,2025-01-23
87838,3,1,1,2025-01-23,2025-01-23
87871,2,1,1,2025-01-23,2025-01-23
87875,2,1,1,2025-01-23,2025-01-23
87907,2,1,1,2025-01-23,2025-01-23
87980,2,1,1,2025-01-23,2025-01-23
87993,3,1,1,2025-01-23,2025-01-23
87997,2,1,1,2025-01-23,2025-01-24
88006,7,1,1,2025-01-23,2025-01-24
88027,2,1,1,2025-01-23,2025-01-23
88070,2,1,1,2025-01-23,2025-01-23
88083,2,1,1,2025-01-23,2025-01-23
88085,2,1,1,2025-01-23,2025-01-23
88093,2,1,1,2025-01-23,2025-01-23
88097,3,1,1,2025-01-23,2025-01-23
88125,6,1,1,2025-01-23,2025-02-11
88247,2,1,1,2025-01-24,2025-01-24
88265,2,1,1,2025-01-24,2025-01-24
88276,2,1,1,2025-01-24,2025-01-24
88294,3,1,1,2025-01-24,2025-01-24
88339,2,1,1,2025-01-24,2025-01-24
88342,2,1,1,2025-01-24,2025-01-24
88347,2,1,1,2025-01-24,2025-02-25
88352,7,1,1,2025-01-24,2025-01-24
88378,3,1,1,2025-01-24,2025-02-06
88381,2,1,1,2025-01-24,2025-01-24
88393,4,1,1,2025-01-24,2025-01-25
88398,2,1,1,2025-01-24,2025-01-24
88426,2,1,1,2025-01-24,2025-01-24
88438,2,1,1,2025-01-24,2025-03-27
88441,2,1,1,2025-01-24,2025-01-24
88443,2,1,1,2025-01-24,2025-01-24
88452,3,2,1,2025-01-24,2025-01-24
88465,2,1,1,2025-01-24,2025-01-24
88484,3,1,1,2025-01-24,2025-01-25
88516,2,1,1,2025-01-24,2025-01-24
88547,2,1,1,2025-01-24,2025-02-03
88551,2,1,1,2025-01-24,2025-01-24
88593,9,3,3,2025-01-24,2026-07-27
88604,2,1,1,2025-01-24,2025-01-28
88645,6,1,1,2025-01-25,2025-01-25
88656,2,1,1,2025-01-25,2025-01-25
88663,6,2,1,2025-01-25,2025-01-25
88669,3,1,1,2025-01-25,2025-01-29
88703,2,2,1,2025-01-25,2025-01-25
88721,2,1,1,2025-01-25,2025-02-05
88730,2,1,1,2025-01-25,2025-01-25
88746,2,1,1,2025-01-25,2025-02-01
88747,2,1,1,2025-01-25,2025-01-25
88840,2,1,1,2025-01-25,2025-01-25
88864,2,1,1,2025-01-25,2025-01-25
88905,5,2,2,2025-01-26,2025-05-05
88921,2,2,1,2025-01-26,2025-02-02
88922,2,1,1,2025-01-26,2025-01-26
88927,2,1,1,2025-01-26,2025-01-27
88938,3,1,1,2025-01-26,2025-01-27
88949,2,1,1,2025-01-26,2025-02-02
88958,3,1,1,2025-01-26,2025-01-26
88996,2,1,1,2025-01-26,2025-01-26
89015,2,1,1,2025-01-26,2025-01-26
89028,2,1,1,2025-01-26,2025-01-26
89041,2,1,1,2025-01-26,2025-01-26
89091,2,1,1,2025-01-26,2025-01-26
89115,4,1,1,2025-01-27,2025-01-27
89122,2,1,1,2025-01-27,2025-01-27
89133,2,1,1,2025-01-27,2025-01-27
89137,2,1,1,2025-01-27,2025-01-27
89165,2,1,1,2025-01-27,2025-01-27
89185,3,1,1,2025-01-27,2025-01-27
89307,17,1,1,2025-01-27,2025-01-28
89310,2,1,1,2025-01-27,2025-01-27
89315,2,1,1,2025-01-27,2025-01-27
89427,2,1,1,2025-01-28,2025-01-28
89456,2,1,1,2025-01-28,2025-01-31
89461,2,1,1,2025-01-28,2025-01-28
89462,2,1,1,2025-01-28,2025-01-28
89513,2,1,1,2025-01-28,2025-01-28
89557,3,1,2,2025-01-28,2025-04-08
89659,2,1,1,2025-01-28,2025-01-28
89661,2,1,1,2025-01-28,2025-02-14
89669,2,1,1,2025-01-28,2025-01-28
89699,2,1,1,2025-01-28,2025-01-28
89718,2,1,1,2025-01-28,2025-01-28
89722,2,1,1,2025-01-28,2025-01-28
89723,2,1,1,2025-01-28,2025-01-28
89785,2,1,1,2025-01-28,2025-01-28
89834,4,1,1,2025-01-29,2025-02-05
89859,2,1,1,2025-01-29,2025-01-29
89865,2,1,1,2025-01-29,2025-02-10
89898,2,1,1,2025-01-29,2025-01-29
89906,2,1,1,2025-01-29,2025-01-29
89911,2,2,1,2025-01-29,2025-01-29
89912,3,1,1,2025-01-29,2025-01-29
89928,2,1,1,2025-01-29,2025-01-29
89939,2,1,1,2025-01-29,2025-01-29
89940,2,1,1,2025-01-29,2025-02-09
89945,2,1,1,2025-01-29,2025-01-29
89956,2,1,1,2025-01-29,2025-01-29
89969,2,1,1,2025-01-29,2025-01-29
89994,2,1,1,2025-01-29,2025-01-29
90042,2,1,1,2025-01-29,2025-01-29
90100,2,1,1,2025-01-29,2025-02-05
90107,2,1,1,2025-01-29,2025-01-29
90119,2,1,1,2025-01-29,2025-01-29
90126,6,1,1,2025-01-29,2025-02-27
90166,2,1,1,2025-01-29,2025-01-30
90177,2,1,1,2025-01-30,2025-01-30
90179,2,1,1,2025-01-30,2025-01-30
90212,3,1,1,2025-01-30,2025-02-06
90213,2,1,1,2025-01-30,2025-01-30
90219,3,1,1,2025-01-30,2025-01-30
90235,2,1,1,2025-01-30,2025-01-30
90236,2,1,1,2025-01-30,2025-01-30
90243,2,1,1,2025-01-30,2025-01-30
90254,5,1,1,2025-01-30,2025-01-30
90321,3,1,1,2025-01-30,2025-01-30
90323,2,1,1,2025-01-30,2025-01-30
90403,2,1,1,2025-01-30,2025-01-30
90467,3,1,1,2025-01-30,2025-01-30
90524,2,1,1,2025-01-31,2025-01-31
90538,2,1,1,2025-01-31,2025-01-31
90550,2,1,1,2025-01-31,2025-01-31
90576,2,1,1,2025-01-31,2025-01-31
90579,4,2,1,2025-01-31,2025-01-31
90605,2,1,1,2025-01-31,2025-01-31
90613,2,1,1,2025-01-31,2025-01-31
90623,7,1,1,2025-01-31,2025-01-31
90656,2,1,1,2025-01-31,2025-01-31
90662,2,1,1,2025-01-31,2025-01-31
90667,3,1,1,2025-01-31,2025-02-23
90712,2,1,1,2025-01-31,2025-01-31
90726,2,1,1,2025-01-31,2025-01-31
90748,2,1,1,2025-01-31,2025-01-31
90749,2,1,1,2025-01-31,2025-01-31
90765,2,1,1,2025-01-31,2025-01-31
90848,2,1,1,2025-02-01,2025-02-01
90863,3,2,2,2025-02-01,2025-08-11
90877,7,1,1,2025-02-01,2025-02-03
90883,2,1,1,2025-02-01,2025-02-01
90884,2,1,1,2025-02-01,2025-02-01
90905,2,1,1,2025-02-01,2025-02-07
90920,3,1,1,2025-02-01,2025-02-01
90925,2,1,1,2025-02-01,2025-02-01
90937,2,1,1,2025-02-01,2025-02-01
90975,2,1,1,2025-02-01,2025-02-01
90986,2,1,1,2025-02-01,2025-02-01
90991,3,1,1,2025-02-01,2025-02-01
90996,2,1,1,2025-02-02,2025-02-02
91004,4,1,1,2025-02-02,2025-02-06
91015,2,1,1,2025-02-02,2025-02-02
91035,2,1,1,2025-02-02,2025-02-02
91048,5,2,1,2025-02-02,2025-02-03
91049,2,1,1,2025-02-02,2025-02-02
91054,4,1,1,2025-02-02,2025-02-02
91064,2,1,1,2025-02-02,2025-02-02
91106,2,1,1,2025-02-02,2025-02-02
91113,7,1,2,2025-02-02,2025-11-05
91141,2,1,1,2025-02-02,2025-02-04
91156,3,1,1,2025-02-02,2025-02-02
91164,2,1,1,2025-02-02,2025-02-02
91169,2,1,1,2025-02-02,2025-02-02
91188,3,1,1,2025-02-02,2025-02-02
91198,2,1,1,2025-02-03,2025-02-03
91200,2,1,1,2025-02-03,2025-02-03
91242,4,1,1,2025-02-03,2025-02-03
91260,3,1,1,2025-02-03,2025-02-03
91263,2,1,1,2025-02-03,2025-02-03
91265,2,1,1,2025-02-03,2025-02-04
91268,2,1,1,2025-02-03,2025-02-03
91285,3,2,1,2025-02-03,2025-02-12
91291,2,1,1,2025-02-03,2025-02-04
91309,2,1,1,2025-02-03,2025-02-03
91355,2,1,1,2025-02-03,2025-02-03
91377,2,1,1,2025-02-03,2025-02-04
91474,2,1,1,2025-02-04,2025-02-04
91481,2,1,1,2025-02-04,2025-02-04
91494,2,1,1,2025-02-04,2025-02-04
91539,2,1,1,2025-02-04,2025-02-04
91550,2,1,1,2025-02-04,2025-02-04
91551,2,1,1,2025-02-04,2025-02-04
91566,2,1,1,2025-02-04,2025-02-04
91623,2,2,1,2025-02-04,2025-02-04
91625,3,2,1,2025-02-04,2025-02-04
91628,2,1,1,2025-02-04,2025-02-04
91662,4,1,1,2025-02-04,2025-02-04
91663,2,1,1,2025-02-04,2025-02-04
91673,2,1,1,2025-02-04,2025-02-04
91678,2,1,1,2025-02-04,2025-02-04
91715,4,1,1,2025-02-04,2025-02-04
91717,7,2,2,2025-02-04,2025-06-11
91720,2,2,1,2025-02-04,2025-02-17
91738,3,1,1,2025-02-04,2025-02-04
91744,2,1,1,2025-02-04,2025-02-04
91754,2,2,1,2025-02-04,2025-02-04
91774,2,1,1,2025-02-04,2025-02-04
91782,2,1,1,2025-02-04,2025-02-04
91831,9,1,2,2025-02-05,2025-10-24
91836,3,1,1,2025-02-05,2025-02-05
91848,6,2,1,2025-02-05,2025-02-05
91852,26,1,2,2025-02-05,2025-04-22
91893,2,1,1,2025-02-05,2025-02-05
91897,5,1,1,2025-02-05,2025-02-05
91907,2,1,1,2025-02-05,2025-02-05
91926,2,1,1,2025-02-05,2025-02-05
91951,2,1,1,2025-02-05,2025-02-05
92005,2,1,1,2025-02-05,2025-02-05
92016,2,1,1,2025-02-05,2025-02-05
92031,2,1,1,2025-02-05,2025-02-05
92032,2,1,1,2025-02-05,2025-02-05
92061,2,1,1,2025-02-05,2025-02-05
92067,3,1,1,2025-02-05,2025-02-05
92083,2,1,1,2025-02-05,2025-02-05
92102,2,1,1,2025-02-05,2025-02-05
92133,2,1,1,2025-02-05,2025-02-05
92134,2,1,1,2025-02-05,2025-02-05
92147,2,1,1,2025-02-05,2025-02-05
92161,2,1,1,2025-02-05,2025-02-05
92175,2,1,1,2025-02-06,2025-02-06
92178,15,2,1,2025-02-06,2025-02-07
92185,2,1,1,2025-02-06,2025-02-06
92186,2,1,1,2025-02-06,2025-02-06
92212,2,1,1,2025-02-06,2025-02-06
92218,3,1,1,2025-02-06,2025-02-06
92229,5,1,1,2025-02-06,2025-02-06
92239,2,1,1,2025-02-06,2025-02-06
92250,2,2,1,2025-02-06,2025-02-06
92285,2,1,1,2025-02-06,2025-02-06
92366,2,1,1,2025-02-06,2025-02-06
92387,4,1,1,2025-02-06,2025-02-06
92399,2,1,1,2025-02-06,2025-02-06
92400,2,1,1,2025-02-06,2025-02-06
92404,2,1,1,2025-02-06,2025-02-06
92412,2,1,1,2025-02-06,2025-02-06
92504,2,1,1,2025-02-07,2025-02-07
92520,2,1,1,2025-02-07,2025-02-07
92522,2,1,1,2025-02-07,2025-02-07
92541,3,1,1,2025-02-07,2025-02-07
92548,2,2,1,2025-02-07,2025-02-07
92576,3,1,1,2025-02-07,2025-02-07
92584,2,1,1,2025-02-07,2025-02-07
92627,8,1,2,2025-02-07,2025-08-04
92629,2,1,1,2025-02-07,2025-02-07
92681,3,1,1,2025-02-07,2025-02-07
92739,3,1,1,2025-02-08,2025-02-24
92741,2,1,1,2025-02-08,2025-02-08
92790,3,1,1,2025-02-08,2025-02-08
92803,3,1,1,2025-02-08,2025-02-19
92805,2,1,1,2025-02-08,2025-02-08
92812,2,1,1,2025-02-08,2025-02-08
92821,2,1,1,2025-02-08,2025-02-08
92873,2,1,2,2025-02-08,2026-04-15
92882,24,2,2,2025-02-08,2025-04-13
92888,2,1,1,2025-02-08,2025-02-08
92892,2,1,1,2025-02-08,2025-02-08
92927,2,1,1,2025-02-09,2025-02-09
93002,2,1,1,2025-02-09,2025-02-09
93004,2,2,1,2025-02-09,2025-02-09
93012,2,1,1,2025-02-09,2025-02-09
93024,4,4,2,2025-02-09,2025-05-16
93030,2,1,1,2025-02-09,2025-02-09
93039,3,1,1,2025-02-09,2025-02-09
93059,2,1,1,2025-02-09,2025-02-09
93086,3,1,1,2025-02-10,2025-02-10
93091,2,1,1,2025-02-10,2025-02-10
93097,2,1,1,2025-02-10,2025-02-16
93119,2,1,1,2025-02-10,2025-02-10
93123,2,2,1,2025-02-10,2025-02-11
93152,2,1,1,2025-02-10,2025-02-10
93158,2,1,1,2025-02-10,2025-02-10
93170,2,1,1,2025-02-10,2025-02-10
93174,2,1,1,2025-02-10,2025-02-10
93175,2,1,1,2025-02-10,2025-02-10
93236,4,1,1,2025-02-10,2025-02-10
93340,2,1,1,2025-02-11,2025-02-11
93347,5,3,2,2025-02-11,2025-08-29
93348,2,1,1,2025-02-11,2025-02-11
93387,3,1,1,2025-02-11,2025-02-11
93404,2,1,1,2025-02-11,2025-02-11
93447,3,1,1,2025-02-11,2025-02-19
93467,2,1,1,2025-02-11,2025-02-11
93525,2,2,2,2025-02-11,2025-04-11
93598,2,1,2,2025-02-12,2025-12-02
93613,2,1,1,2025-02-12,2025-02-13
93622,2,1,1,2025-02-12,2025-02-12
93635,2,1,1,2025-02-12,2025-02-12
93642,3,1,1,2025-02-12,2025-02-16
93660,3,1,1,2025-02-12,2025-02-12
93678,3,1,1,2025-02-12,2025-02-12
93681,2,1,1,2025-02-12,2025-02-12
93706,2,1,1,2025-02-12,2025-02-12
93786,2,1,1,2025-02-12,2025-02-12
93792,2,1,1,2025-02-12,2025-02-12
93801,2,1,1,2025-02-12,2025-02-12
93813,2,1,1,2025-02-12,2025-02-12
93829,3,2,1,2025-02-12,2025-02-12
93837,2,1,1,2025-02-13,2025-02-13
93855,12,1,1,2025-02-13,2025-02-17
93908,2,1,1,2025-02-13,2025-02-13
93933,3,1,1,2025-02-13,2025-02-13
93939,4,1,1,2025-02-13,2025-02-13
93962,2,1,1,2025-02-13,2025-02-13
93996,2,1,1,2025-02-13,2025-02-17
94014,2,2,1,2025-02-13,2025-02-28
94018,4,1,1,2025-02-13,2025-02-13
94108,2,1,1,2025-02-14,2025-02-14
94149,2,1,1,2025-02-14,2025-02-14
94202,2,1,1,2025-02-14,2025-02-14
94237,2,1,1,2025-02-14,2025-02-14
94238,2,1,1,2025-02-14,2025-02-14
94244,3,1,1,2025-02-14,2025-02-25
94253,2,1,1,2025-02-14,2025-02-14
94272,10,1,1,2025-02-15,2025-02-15
94284,4,1,1,2025-02-15,2025-02-15
94288,3,1,1,2025-02-15,2025-02-15
94331,2,2,1,2025-02-15,2025-02-16
94334,3,2,1,2025-02-15,2025-02-15
94345,2,1,1,2025-02-15,2025-02-15
94353,2,1,1,2025-02-15,2025-02-15
94393,3,1,1,2025-02-15,2025-02-15
94403,2,1,1,2025-02-15,2025-02-15
94411,2,2,1,2025-02-16,2025-02-16
94438,5,2,1,2025-02-16,2025-02-16
94528,2,1,1,2025-02-17,2025-02-17
94551,2,1,1,2025-02-17,2025-02-17
94571,4,1,1,2025-02-17,2025-02-18
94573,2,1,1,2025-02-17,2025-02-25
94619,2,1,1,2025-02-17,2025-02-17
94632,2,1,1,2025-02-17,2025-02-17
94648,2,1,1,2025-02-17,2025-02-17
94661,2,1,1,2025-02-17,2025-02-17
94662,2,1,1,2025-02-17,2025-02-17
94673,3,1,1,2025-02-17,2025-02-17
94678,2,1,1,2025-02-17,2025-02-17
94705,2,1,1,2025-02-18,2025-02-18
94708,8,1,1,2025-02-18,2025-02-18
94733,2,1,1,2025-02-18,2025-02-18
94752,2,1,2,2025-02-18,2025-08-12
94780,2,1,1,2025-02-18,2025-02-18
94789,2,1,1,2025-02-18,2025-02-21
94815,2,1,1,2025-02-18,2025-02-18
94839,3,1,2,2025-02-18,2025-04-21
94862,3,2,1,2025-02-18,2025-02-25
94902,3,1,1,2025-02-18,2025-02-18
94912,2,1,1,2025-02-18,2025-02-18
94938,2,1,1,2025-02-18,2025-02-18
94948,2,1,1,2025-02-18,2025-02-18
94968,2,1,1,2025-02-19,2025-02-19
94989,2,1,1,2025-02-19,2025-02-19
95042,2,1,1,2025-02-19,2025-02-20
95053,3,1,1,2025-02-19,2025-02-19
95067,5,1,1,2025-02-19,2025-02-19
95085,14,2,2,2025-02-19,2025-05-16
95114,2,1,1,2025-02-19,2025-02-19
95126,2,1,1,2025-02-19,2025-02-19
95134,2,1,1,2025-02-19,2025-02-19
95152,2,1,1,2025-02-19,2025-02-19
95179,2,1,1,2025-02-19,2025-02-19
95191,4,1,1,2025-02-19,2025-02-20
95197,2,1,1,2025-02-19,2025-02-19
95204,2,1,1,2025-02-19,2025-03-03
95218,2,1,1,2025-02-19,2025-02-19
95233,2,1,1,2025-02-19,2025-02-19
95246,2,1,1,2025-02-19,2025-02-19
95282,2,1,1,2025-02-20,2025-02-20
95318,2,1,1,2025-02-20,2025-02-20
95329,2,1,1,2025-02-20,2025-02-20
95330,2,1,1,2025-02-20,2025-02-21
95355,4,1,1,2025-02-20,2025-02-20
95384,4,1,1,2025-02-20,2025-03-04
95396,2,1,1,2025-02-20,2025-03-04
95400,10,1,1,2025-02-20,2025-02-21
95402,2,1,1,2025-02-20,2025-02-20
95426,2,1,1,2025-02-20,2025-02-20
95438,2,1,1,2025-02-20,2025-02-20
95457,2,1,1,2025-02-20,2025-02-20
95462,2,1,1,2025-02-20,2025-02-20
95507,2,1,1,2025-02-20,2025-03-28
95520,2,1,1,2025-02-20,2025-02-20
95596,2,1,1,2025-02-21,2025-02-21
95637,2,1,1,2025-02-21,2025-02-21
95682,3,1,1,2025-02-21,2025-03-05
95707,2,1,1,2025-02-21,2025-02-21
95714,3,1,2,2025-02-21,2025-04-07
95716,2,1,1,2025-02-21,2025-02-21
95719,2,1,1,2025-02-21,2025-02-21
95757,3,1,2,2025-02-21,2025-04-07
95776,6,1,1,2025-02-22,2025-02-22
95904,3,2,1,2025-02-22,2025-02-27
95923,3,1,1,2025-02-22,2025-02-22
95931,2,1,1,2025-02-22,2025-02-22
95947,2,1,1,2025-02-23,2025-02-23
95966,7,1,1,2025-02-23,2025-03-14
95983,2,1,1,2025-02-23,2025-02-26
95992,5,1,1,2025-02-23,2025-02-23
96006,2,2,2,2025-02-23,2025-04-01
96080,2,1,1,2025-02-24,2025-02-24
96085,3,1,1,2025-02-24,2025-02-24
96099,3,1,1,2025-02-24,2025-02-24
96104,2,1,1,2025-02-24,2025-02-24
96111,2,1,1,2025-02-24,2025-03-10
96143,2,1,1,2025-02-24,2025-02-24
96162,2,1,1,2025-02-24,2025-02-24
96182,2,1,2,2025-02-24,2025-10-14
96196,2,1,1,2025-02-24,2025-02-24
96198,2,2,1,2025-02-24,2025-02-24
96236,2,1,1,2025-02-24,2025-02-24
96287,3,1,1,2025-02-24,2025-02-24
96292,2,1,1,2025-02-24,2025-02-24
96301,6,1,1,2025-02-24,2025-03-31
96317,4,2,2,2025-02-25,2025-04-01
96361,2,1,1,2025-02-25,2025-02-25
96447,2,2,1,2025-02-25,2025-02-25
96482,2,1,1,2025-02-25,2025-02-25
96557,2,1,1,2025-02-26,2025-02-26
96565,3,1,2,2025-02-26,2025-05-29
96599,2,1,1,2025-02-26,2025-02-26
96608,2,1,2,2025-02-26,2025-10-29
96617,2,1,1,2025-02-26,2025-02-26
96621,2,1,1,2025-02-26,2025-02-26
96622,2,1,1,2025-02-26,2025-02-26
96648,5,1,3,2025-02-26,2025-07-19
96661,2,1,1,2025-02-26,2025-02-26
96733,2,1,1,2025-02-26,2025-02-26
96736,2,1,1,2025-02-26,2025-02-26
96809,2,1,1,2025-02-26,2025-02-26
96908,3,1,1,2025-02-27,2025-02-27
96914,3,1,1,2025-02-27,2025-02-27
96945,2,1,1,2025-02-27,2025-02-27
96994,2,1,1,2025-02-27,2025-02-27
97014,4,1,2,2025-02-27,2025-05-11
97023,4,1,1,2025-02-27,2025-02-27
97061,4,1,2,2025-02-27,2025-05-20
97087,2,1,1,2025-02-27,2025-02-27
97098,2,1,1,2025-02-28,2025-02-28
97111,2,1,1,2025-02-28,2025-02-28
97153,2,1,1,2025-02-28,2025-02-28
97161,2,1,1,2025-02-28,2025-02-28
97181,3,1,1,2025-02-28,2025-02-28
97185,2,1,1,2025-02-28,2025-02-28
97215,2,1,1,2025-02-28,2025-02-28
97219,4,1,1,2025-02-28,2025-02-28
97225,2,1,1,2025-02-28,2025-02-28
97233,2,1,1,2025-02-28,2025-02-28
97240,2,1,1,2025-02-28,2025-02-28
97285,2,1,1,2025-02-28,2025-02-28
97291,2,1,1,2025-02-28,2025-02-28
97304,2,1,1,2025-02-28,2025-02-28
97323,2,1,1,2025-02-28,2025-02-28
97373,2,1,1,2025-03-01,2025-03-01
97424,2,1,1,2025-03-01,2025-03-01
97437,3,1,1,2025-03-01,2025-03-04
97509,2,1,1,2025-03-01,2025-03-01
97513,2,1,1,2025-03-01,2025-03-01
97526,7,1,3,2025-03-01,2025-09-03
97544,2,1,1,2025-03-01,2025-03-01
97586,4,2,1,2025-03-02,2025-03-02
97595,8,1,2,2025-03-02,2025-04-14
97630,2,1,1,2025-03-02,2025-03-02
97649,2,1,1,2025-03-02,2025-03-02
97665,2,1,1,2025-03-02,2025-03-02
97671,2,1,1,2025-03-02,2025-03-02
97680,2,1,1,2025-03-02,2025-03-02
97727,2,1,1,2025-03-03,2025-03-06
97731,3,1,1,2025-03-03,2025-03-12
97735,2,1,1,2025-03-03,2025-03-03
97744,11,2,1,2025-03-03,2025-03-07
97755,2,1,1,2025-03-03,2025-03-03
97764,3,1,1,2025-03-03,2025-03-03
97848,2,1,1,2025-03-03,2025-03-03
97865,2,1,1,2025-03-03,2025-03-03
97871,2,1,1,2025-03-03,2025-03-03
97882,2,1,1,2025-03-03,2025-03-03
97888,2,2,1,2025-03-03,2025-03-03
97896,3,2,1,2025-03-03,2025-03-19
97899,5,1,1,2025-03-04,2025-03-14
97908,2,1,1,2025-03-04,2025-03-04
97976,5,1,1,2025-03-04,2025-03-05
98030,4,1,1,2025-03-04,2025-03-04
98050,2,1,1,2025-03-04,2025-03-04
98117,2,1,1,2025-03-04,2025-03-04
98134,2,1,1,2025-03-04,2025-03-04
98178,2,1,1,2025-03-05,2025-03-05
98200,2,1,2,2025-03-05,2025-04-24
98210,2,1,1,2025-03-05,2025-03-05
98248,2,1,1,2025-03-05,2025-03-05
98252,2,1,1,2025-03-05,2025-03-05
98274,5,1,1,2025-03-05,2025-03-05
98280,2,1,1,2025-03-05,2025-03-05
98288,2,2,2,2025-03-05,2025-08-28
98332,2,1,1,2025-03-05,2025-03-05
98363,2,1,1,2025-03-05,2025-03-05
98368,11,1,2,2025-03-05,2025-06-18
98378,2,1,1,2025-03-05,2025-03-05
98380,2,2,1,2025-03-05,2025-03-05
98396,2,1,1,2025-03-05,2025-03-05
98413,2,2,1,2025-03-05,2025-03-05
98458,2,1,1,2025-03-05,2025-03-05
98471,2,1,1,2025-03-05,2025-03-05
98478,2,1,1,2025-03-06,2025-03-06
98496,4,1,1,2025-03-06,2025-03-06
98500,3,1,1,2025-03-06,2025-03-06
98517,2,1,1,2025-03-06,2025-03-06
98531,3,1,1,2025-03-06,2025-03-06
98557,4,2,2,2025-03-06,2025-04-30
98568,2,1,1,2025-03-06,2025-03-06
98617,2,1,1,2025-03-06,2025-03-06
98638,5,1,2,2025-03-06,2025-04-29
98653,3,1,1,2025-03-06,2025-03-06
98673,4,1,2,2025-03-06,2025-10-08
98727,2,1,1,2025-03-06,2025-03-06
98758,2,1,1,2025-03-06,2025-03-06
98780,2,1,1,2025-03-06,2025-03-06
98873,2,1,1,2025-03-07,2025-03-07
98874,3,1,1,2025-03-07,2025-03-07
98909,2,1,1,2025-03-07,2025-03-08
98926,99,2,3,2025-03-07,2025-08-22
98940,3,1,1,2025-03-07,2025-03-07
98950,2,1,1,2025-03-07,2025-03-07
98969,2,1,1,2025-03-07,2025-03-07
98987,2,1,1,2025-03-07,2025-03-07
99063,2,1,1,2025-03-07,2025-03-07
99119,2,2,1,2025-03-08,2025-03-31
99132,3,1,1,2025-03-08,2025-03-08
99174,5,1,1,2025-03-08,2025-03-08
99201,2,1,1,2025-03-08,2025-03-08
99202,3,1,1,2025-03-08,2025-03-08
99208,2,1,1,2025-03-08,2025-03-08
99209,2,1,1,2025-03-08,2025-03-08
99273,13,4,5,2025-03-08,2026-07-01
99283,2,1,1,2025-03-08,2025-03-08
99290,2,1,1,2025-03-09,2025-03-09
99292,2,1,1,2025-03-09,2025-03-09
99294,2,1,1,2025-03-09,2025-03-09
99311,6,1,1,2025-03-09,2025-03-10
99312,2,1,1,2025-03-09,2025-03-09
99316,4,1,1,2025-03-09,2025-03-09
99324,2,1,1,2025-03-09,2025-03-10
99344,2,1,2,2025-03-09,2025-04-25
99348,2,1,1,2025-03-09,2025-03-09
99394,4,1,1,2025-03-09,2025-03-09
99421,4,1,1,2025-03-09,2025-03-12
99429,2,1,1,2025-03-09,2025-03-09
99434,2,1,1,2025-03-09,2025-03-09
99442,2,1,1,2025-03-10,2025-03-10
99473,3,1,1,2025-03-10,2025-03-10
99487,2,2,1,2025-03-10,2025-03-10
99523,2,1,1,2025-03-10,2025-03-10
99525,2,1,1,2025-03-10,2025-03-10
99548,2,1,1,2025-03-10,2025-03-10
99576,2,1,1,2025-03-10,2025-03-10
99578,3,2,1,2025-03-10,2025-03-10
99588,2,2,1,2025-03-10,2025-03-10
99613,2,1,1,2025-03-10,2025-03-10
99621,2,1,1,2025-03-10,2025-03-10
99645,5,2,2,2025-03-10,2025-04-14
99693,2,1,1,2025-03-10,2025-03-10
99714,2,1,1,2025-03-11,2025-03-11
99716,3,1,1,2025-03-11,2025-03-11
99723,5,1,2,2025-03-11,2025-05-30
99728,2,1,1,2025-03-11,2025-03-11
99738,3,1,1,2025-03-11,2025-03-11
99751,3,1,1,2025-03-11,2025-03-11
99769,2,1,1,2025-03-11,2025-03-11
99804,2,1,1,2025-03-11,2025-03-12
99818,2,1,1,2025-03-11,2025-03-11
99831,2,1,1,2025-03-11,2025-03-11
99859,2,1,1,2025-03-11,2025-03-11
99860,2,1,1,2025-03-11,2025-03-11
99881,5,2,1,2025-03-11,2025-03-11
99923,2,1,1,2025-03-11,2025-03-11
99924,6,1,1,2025-03-11,2025-03-11
99926,2,1,1,2025-03-11,2025-03-11
99934,2,1,1,2025-03-11,2025-03-11
99941,2,1,1,2025-03-11,2025-03-11
99958,2,1,1,2025-03-11,2025-03-11
99980,2,1,1,2025-03-11,2025-03-11
100030,2,1,1,2025-03-11,2025-03-11
100036,2,1,1,2025-03-11,2025-03-11
100060,2,1,1,2025-03-11,2025-03-11
100114,2,1,1,2025-03-12,2025-03-12
100119,2,1,1,2025-03-12,2025-03-12
100121,2,1,1,2025-03-12,2025-03-12
100153,2,1,1,2025-03-12,2025-03-12
100156,3,1,1,2025-03-12,2025-03-12
100166,3,1,1,2025-03-12,2025-03-12
100211,2,1,1,2025-03-12,2025-03-12
100227,2,1,1,2025-03-12,2025-03-12
100231,2,1,1,2025-03-12,2025-03-12
100252,3,1,1,2025-03-12,2025-03-12
100279,3,1,1,2025-03-12,2025-03-12
100306,4,1,2,2025-03-12,2025-04-01
100309,2,1,1,2025-03-12,2025-03-12
100360,2,1,1,2025-03-12,2025-03-27
100410,3,1,1,2025-03-13,2025-03-13
100416,5,2,1,2025-03-13,2025-03-13
100421,2,1,2,2025-03-13,2025-05-01
100428,2,1,1,2025-03-13,2025-03-13
100432,2,2,1,2025-03-13,2025-03-13
100501,30,2,3,2025-03-13,2025-07-18
100531,2,1,1,2025-03-13,2025-03-13
100535,2,1,1,2025-03-13,2025-03-13
100557,2,1,1,2025-03-13,2025-03-13
100561,2,1,1,2025-03-13,2025-03-13
100572,2,1,1,2025-03-13,2025-03-13
100620,2,1,2,2025-03-13,2025-04-03
100661,2,1,1,2025-03-14,2025-03-14
100693,3,1,1,2025-03-14,2025-03-14
100707,2,1,1,2025-03-14,2025-03-14
100712,8,2,1,2025-03-14,2025-03-15
100731,3,1,1,2025-03-14,2025-03-14
100753,2,1,1,2025-03-14,2025-03-14
100779,2,1,1,2025-03-14,2025-03-14
100798,6,1,2,2025-03-14,2025-04-07
100851,2,1,1,2025-03-14,2025-03-14
100858,2,1,1,2025-03-14,2025-03-14
100881,7,1,3,2025-03-14,2025-07-15
100883,2,1,1,2025-03-14,2025-03-21
100885,2,1,1,2025-03-14,2025-03-14
100942,2,1,1,2025-03-15,2025-03-15
100950,2,2,1,2025-03-15,2025-03-15
100951,3,1,1,2025-03-15,2025-03-15
100967,4,1,1,2025-03-15,2025-03-15
100988,4,1,1,2025-03-15,2025-03-15
100991,5,1,1,2025-03-15,2025-03-15
101016,2,1,1,2025-03-15,2025-03-15
101022,2,1,1,2025-03-15,2025-03-15
101028,2,1,2,2025-03-15,2025-04-01
101030,2,1,1,2025-03-15,2025-03-15
101045,2,1,1,2025-03-15,2025-03-25
101061,2,1,1,2025-03-15,2025-03-15
101075,2,1,1,2025-03-16,2025-03-16
101080,5,1,1,2025-03-16,2025-03-16
101081,3,1,1,2025-03-16,2025-03-16
101105,2,1,1,2025-03-16,2025-03-16
101110,17,1,2,2025-03-16,2025-04-27
101122,2,1,1,2025-03-16,2025-03-16
101130,3,2,2,2025-03-16,2025-05-28
101169,5,1,1,2025-03-16,2025-03-16
101189,2,1,1,2025-03-16,2025-03-16
101200,2,1,1,2025-03-17,2025-03-17
101264,2,1,1,2025-03-17,2025-03-17
101274,2,1,1,2025-03-17,2025-03-17
101288,2,2,2,2025-03-17,2025-08-21
101294,3,1,1,2025-03-17,2025-03-17
101296,2,1,1,2025-03-17,2025-03-17
101323,3,1,1,2025-03-17,2025-03-20
101428,9,1,1,2025-03-17,2025-03-18
101504,4,3,2,2025-03-18,2025-05-16
101540,2,1,2,2025-03-18,2025-04-11
101591,3,1,1,2025-03-18,2025-03-19
101607,6,1,1,2025-03-18,2025-03-18
101620,2,1,1,2025-03-18,2025-03-18
101658,2,1,1,2025-03-18,2025-03-19
101674,2,1,1,2025-03-18,2025-03-18
101686,2,1,2,2025-03-18,2025-05-09
101687,2,1,1,2025-03-18,2025-03-18
101701,2,1,1,2025-03-18,2025-03-18
101709,2,1,1,2025-03-18,2025-03-18
101727,13,1,1,2025-03-18,2025-03-27
101770,2,1,1,2025-03-18,2025-03-18
101797,21,1,3,2025-03-18,2025-08-05
101829,2,1,1,2025-03-19,2025-03-19
101857,5,1,1,2025-03-19,2025-03-19
101860,2,1,1,2025-03-19,2025-03-19
101893,3,1,1,2025-03-19,2025-03-21
101894,2,1,1,2025-03-19,2025-03-19
101908,4,1,1,2025-03-19,2025-03-20
101930,2,1,1,2025-03-19,2025-03-19
101936,4,1,1,2025-03-19,2025-03-19
101954,3,1,1,2025-03-19,2025-03-19
101970,2,1,1,2025-03-19,2025-03-19
101972,2,1,1,2025-03-19,2025-03-27
101974,2,1,1,2025-03-19,2025-03-19
101990,9,1,2,2025-03-19,2025-05-24
102013,23,1,1,2025-03-19,2025-03-27
102029,2,1,1,2025-03-19,2025-03-19
102072,2,1,2,2025-03-19,2025-04-04
102077,2,1,1,2025-03-19,2025-03-20
102123,3,2,2,2025-03-19,2025-07-07
102158,2,1,1,2025-03-20,2025-03-20
102189,4,1,1,2025-03-20,2025-03-20
102194,2,1,1,2025-03-20,2025-03-20
102197,2,1,1,2025-03-20,2025-03-20
102213,5,1,1,2025-03-20,2025-03-20
102214,5,1,1,2025-03-20,2025-03-31
102228,7,1,2,2025-03-20,2025-10-03
102238,2,1,1,2025-03-20,2025-03-20
102250,2,1,1,2025-03-20,2025-03-20
102277,2,1,1,2025-03-20,2025-03-20
102307,2,1,1,2025-03-20,2025-03-20
102325,3,1,1,2025-03-20,2025-03-20
102332,2,1,1,2025-03-20,2025-03-20
102364,2,1,1,2025-03-20,2025-03-21
102365,3,1,1,2025-03-20,2025-03-20
102473,3,1,1,2025-03-21,2025-03-21
102527,3,1,1,2025-03-21,2025-03-21
102531,4,1,1,2025-03-21,2025-03-21
102561,5,2,1,2025-03-21,2025-03-21
102583,3,1,1,2025-03-21,2025-03-27
102610,2,1,1,2025-03-21,2025-03-21
102617,2,1,1,2025-03-21,2025-03-21
102647,2,2,1,2025-03-21,2025-03-21
102657,2,1,1,2025-03-21,2025-03-21
102674,3,1,1,2025-03-21,2025-03-27
102684,2,1,1,2025-03-21,2025-03-21
102731,2,1,1,2025-03-22,2025-03-22
102745,6,1,3,2025-03-22,2025-09-08
102746,3,1,1,2025-03-22,2025-03-22
102788,3,1,1,2025-03-22,2025-03-22
102798,2,1,1,2025-03-22,2025-03-22
102814,2,1,1,2025-03-22,2025-03-22
102822,2,1,1,2025-03-22,2025-03-22
102861,2,2,1,2025-03-22,2025-03-28
102862,2,1,2,2025-03-22,2025-04-01
102872,2,1,1,2025-03-22,2025-03-22
102902,2,1,1,2025-03-22,2025-03-22
102903,2,1,1,2025-03-22,2025-03-22
102928,2,1,1,2025-03-22,2025-03-22
102942,3,1,2,2025-03-23,2025-05-09
102949,3,1,1,2025-03-23,2025-03-23
102950,4,1,1,2025-03-23,2025-03-24
102976,5,1,2,2025-03-23,2025-04-01
103000,2,1,1,2025-03-23,2025-03-23
103004,2,1,2,2025-03-23,2025-04-17
103037,3,1,1,2025-03-23,2025-03-24
103073,2,1,1,2025-03-24,2025-03-24
103080,3,1,1,2025-03-24,2025-03-24
103084,4,1,1,2025-03-24,2025-03-24
103099,2,2,1,2025-03-24,2025-03-24
103104,3,2,2,2025-03-24,2025-04-17
103112,11,3,2,2025-03-24,2025-07-24
103142,2,1,1,2025-03-24,2025-03-24
103164,2,1,1,2025-03-24,2025-03-24
103167,2,1,1,2025-03-24,2025-03-24
103184,2,1,1,2025-03-24,2025-03-24
103186,2,1,1,2025-03-24,2025-03-24
103189,2,2,2,2025-03-24,2025-04-08
103192,2,1,1,2025-03-24,2025-03-24
103216,2,1,1,2025-03-24,2025-03-24
103274,2,1,1,2025-03-24,2025-03-24
103300,2,1,1,2025-03-24,2025-03-24
103307,7,1,3,2025-03-24,2025-08-04
103322,2,1,2,2025-03-24,2025-05-01
103333,2,1,1,2025-03-24,2025-03-24
103369,20,1,2,2025-03-25,2025-06-18
103382,3,1,1,2025-03-25,2025-03-25
103389,2,1,1,2025-03-25,2025-03-25
103417,5,1,3,2025-03-25,2025-07-31
103446,6,1,1,2025-03-25,2025-03-25
103448,2,1,1,2025-03-25,2025-03-25
103509,2,1,1,2025-03-25,2025-03-25
103517,2,1,1,2025-03-25,2025-03-25
103538,2,1,1,2025-03-25,2025-03-25
103566,2,1,1,2025-03-25,2025-03-25
103591,2,1,1,2025-03-25,2025-03-25
103595,3,2,3,2025-03-25,2025-07-02
103639,5,1,1,2025-03-25,2025-03-26
103643,2,2,2,2025-03-25,2025-12-08
103685,2,1,1,2025-03-26,2025-03-26
103687,2,1,1,2025-03-26,2025-03-26
103727,3,2,1,2025-03-26,2025-03-26
103732,2,1,1,2025-03-26,2025-03-26
103733,2,1,1,2025-03-26,2025-03-26
103734,2,1,1,2025-03-26,2025-03-26
103736,3,1,1,2025-03-26,2025-03-26
103744,2,1,1,2025-03-26,2025-03-26
103745,2,1,1,2025-03-26,2025-03-26
103765,2,1,1,2025-03-26,2025-03-26
103779,5,1,1,2025-03-26,2025-03-27
103818,2,2,1,2025-03-26,2025-03-26
103821,3,1,1,2025-03-26,2025-03-26
103833,2,1,1,2025-03-26,2025-03-26
103840,7,1,3,2025-03-26,2025-07-09
103848,2,1,1,2025-03-26,2025-03-26
103909,2,1,1,2025-03-26,2025-03-26
103913,2,1,1,2025-03-26,2025-03-26
103969,2,1,1,2025-03-27,2025-03-27
103973,3,1,1,2025-03-27,2025-03-27
103988,2,1,1,2025-03-27,2025-03-27
104029,2,1,1,2025-03-27,2025-03-27
104033,4,1,1,2025-03-27,2025-03-31
104052,2,1,1,2025-03-27,2025-03-27
104058,2,1,1,2025-03-27,2025-03-27
104085,2,2,2,2025-03-27,2025-04-01
104108,4,2,2,2025-03-27,2025-04-16
104135,3,1,1,2025-03-27,2025-03-27
104139,2,1,1,2025-03-27,2025-03-27
104173,2,2,2,2025-03-27,2025-04-22
104189,56,1,2,2025-03-27,2025-04-17
104194,2,1,1,2025-03-27,2025-03-27
104302,2,1,1,2025-03-28,2025-03-28
104324,2,1,1,2025-03-28,2025-03-28
104329,3,1,1,2025-03-28,2025-03-28
104353,2,1,1,2025-03-28,2025-03-28
104389,43,1,2,2025-03-28,2025-05-09
104412,2,1,2,2025-03-28,2025-04-07
104423,2,1,1,2025-03-28,2025-03-28
104437,2,1,1,2025-03-28,2025-03-28
104439,2,1,1,2025-03-28,2025-03-28
104451,2,1,1,2025-03-28,2025-03-28
104475,2,1,1,2025-03-29,2025-03-29
104479,2,1,1,2025-03-29,2025-03-29
104486,2,1,1,2025-03-29,2025-03-29
104524,2,1,1,2025-03-29,2025-03-29
104526,2,1,2,2025-03-29,2025-04-01
104547,2,1,1,2025-03-29,2025-03-29
104551,3,1,1,2025-03-29,2025-03-29
104556,4,1,1,2025-03-29,2025-03-29
104596,2,1,1,2025-03-29,2025-03-29
104619,2,1,1,2025-03-30,2025-03-30
104670,3,1,1,2025-03-30,2025-03-30
104675,2,1,1,2025-03-30,2025-03-30
104685,3,1,1,2025-03-30,2025-03-31
104702,3,1,1,2025-03-30,2025-03-30
104709,2,1,1,2025-03-30,2025-03-30
104800,2,1,1,2025-03-31,2025-03-31
104810,2,1,1,2025-03-31,2025-03-31
104818,2,1,1,2025-03-31,2025-03-31
104843,2,1,2,2025-03-31,2025-07-28
104867,15,1,2,2025-03-31,2025-04-06
104872,2,1,2,2025-03-31,2025-04-04
104892,2,1,1,2025-03-31,2025-03-31
104896,2,1,1,2025-03-31,2025-03-31
104930,2,1,1,2025-03-31,2025-03-31
104943,3,1,1,2025-03-31,2025-03-31
104949,2,1,1,2025-03-31,2025-03-31
104977,2,1,1,2025-03-31,2025-03-31
105001,9,1,2,2025-03-31,2025-04-08
105033,2,1,1,2025-04-01,2025-04-01
105040,2,1,1,2025-04-01,2025-04-01
105044,2,1,1,2025-04-01,2025-04-01
105058,5,1,1,2025-04-01,2025-04-03
105110,3,1,1,2025-04-01,2025-04-01
105114,2,1,1,2025-04-01,2025-04-01
105122,5,1,1,2025-04-01,2025-04-08
105128,2,1,1,2025-04-01,2025-04-01
105180,2,1,1,2025-04-01,2025-04-01
105184,2,1,1,2025-04-01,2025-04-01
105186,2,1,1,2025-04-01,2025-04-01
105217,2,2,1,2025-04-01,2025-04-15
105233,2,1,1,2025-04-01,2025-04-01
105314,2,1,1,2025-04-01,2025-04-01
105318,2,2,1,2025-04-01,2025-04-01
105378,3,1,1,2025-04-02,2025-04-02
105391,2,1,1,2025-04-02,2025-04-02
105405,2,2,1,2025-04-02,2025-06-27
105423,2,1,1,2025-04-02,2025-04-02
105425,2,1,1,2025-04-02,2025-04-02
105428,7388,1,6,2025-04-02,2026-07-29
105458,2,1,1,2025-04-02,2025-04-02
105468,2,1,1,2025-04-02,2025-04-02
105520,2,1,1,2025-04-02,2025-04-02
105551,2,1,1,2025-04-02,2025-04-02
105609,2,1,1,2025-04-02,2025-04-02
105701,2,1,1,2025-04-02,2025-04-02
105778,2,1,1,2025-04-03,2025-04-03
105779,2,1,1,2025-04-03,2025-04-03
105911,2,1,1,2025-04-03,2025-04-03
105949,2,1,1,2025-04-03,2025-04-03
105993,2,1,1,2025-04-03,2025-04-03
106017,2,1,1,2025-04-04,2025-04-04
106040,3,1,1,2025-04-04,2025-04-04
106056,2,1,1,2025-04-04,2025-04-04
106077,2,1,1,2025-04-04,2025-04-04
106095,99,1,5,2025-04-04,2026-05-28
106099,73,3,5,2025-04-04,2026-06-09
106107,2,1,1,2025-04-04,2025-04-04
106118,2,1,1,2025-04-04,2025-04-04
106236,2,1,1,2025-04-04,2025-04-09
106324,4,1,1,2025-04-04,2025-04-11
106396,6,1,1,2025-04-05,2025-04-05
106402,2,2,1,2025-04-05,2025-04-05
106403,2,1,1,2025-04-05,2025-04-05
106406,2,1,1,2025-04-05,2025-04-05
106425,2,1,1,2025-04-05,2025-04-05
106428,2,1,1,2025-04-05,2025-04-05
106430,2,2,1,2025-04-05,2025-04-07
106433,13,1,1,2025-04-05,2025-06-17
106438,2,1,1,2025-04-05,2025-04-05
106466,2,1,1,2025-04-05,2025-04-05
106474,2,1,1,2025-04-05,2025-04-05
106514,3,2,1,2025-04-06,2025-04-06
106544,2,1,1,2025-04-06,2025-04-06
106546,2,1,1,2025-04-06,2025-04-06
106556,2,1,1,2025-04-06,2025-04-06
106570,2,1,1,2025-04-06,2025-04-06
106599,2,1,1,2025-04-06,2025-04-06
106634,2,1,1,2025-04-06,2025-04-06
106651,2,1,2,2025-04-07,2025-07-28
106652,2,1,1,2025-04-07,2025-04-07
106660,226,1,6,2025-04-07,2026-07-29
106666,2,1,1,2025-04-07,2025-04-07
106672,2,1,1,2025-04-07,2025-04-08
106706,3,1,1,2025-04-07,2025-04-07
106714,4,1,1,2025-04-07,2025-04-07
106726,2,1,1,2025-04-07,2025-04-09
106771,2,1,1,2025-04-07,2025-04-07
106783,2,1,1,2025-04-07,2025-04-07
106844,3,1,2,2025-04-07,2025-08-22
106850,2,1,1,2025-04-07,2025-04-07
106860,3,1,1,2025-04-07,2025-04-24
106888,12,1,2,2025-04-07,2025-07-17
106934,2,1,1,2025-04-08,2025-04-08
106942,2,1,1,2025-04-08,2025-04-08
106959,2,1,1,2025-04-08,2025-04-08
106982,2,1,1,2025-04-08,2025-04-17
107006,2,1,1,2025-04-08,2025-04-08
107010,3,1,1,2025-04-08,2025-04-08
107032,2,1,1,2025-04-08,2025-04-09
107033,2,1,1,2025-04-08,2025-04-08
107048,3,1,1,2025-04-08,2025-04-11
107067,2,1,1,2025-04-08,2025-04-08
107081,6,1,1,2025-04-08,2025-05-15
107083,6,1,1,2025-04-08,2025-05-13
107084,4,1,1,2025-04-08,2025-04-22
107088,2,1,1,2025-04-08,2025-04-08
107102,2,1,1,2025-04-08,2025-04-08
107108,2,1,1,2025-04-08,2025-04-08
107109,4,1,1,2025-04-08,2025-04-08
107112,2,1,1,2025-04-08,2025-04-08
107116,3,1,1,2025-04-08,2025-04-08
107178,10,1,1,2025-04-08,2025-05-15
107187,2,1,1,2025-04-08,2025-04-08
107191,2,1,1,2025-04-08,2025-04-08
107289,2,1,1,2025-04-09,2025-04-10
107344,2,1,1,2025-04-09,2025-04-09
107369,2,1,1,2025-04-09,2025-04-10
107386,2,1,1,2025-04-09,2025-04-22
107403,2,1,1,2025-04-09,2025-04-09
107415,4,1,1,2025-04-09,2025-06-10
107440,2,1,1,2025-04-09,2025-04-09
107444,2,1,1,2025-04-09,2025-04-09
107485,2,1,1,2025-04-09,2025-04-09
107490,2,1,1,2025-04-09,2025-04-09
107572,6,1,1,2025-04-09,2025-04-12
107586,6,1,1,2025-04-09,2025-04-17
107591,2,1,1,2025-04-09,2025-04-09
107648,2,1,1,2025-04-09,2025-04-09
107707,2,1,1,2025-04-10,2025-04-10
107710,2,1,1,2025-04-10,2025-04-10
107713,2,1,1,2025-04-10,2025-04-10
107715,2,1,1,2025-04-10,2025-04-10
107716,2,1,1,2025-04-10,2025-04-10
107753,2,1,1,2025-04-10,2025-04-10
107755,2,1,1,2025-04-10,2025-04-10
107774,2,1,1,2025-04-10,2025-04-10
107805,2,1,1,2025-04-10,2025-04-16
107818,2,1,1,2025-04-10,2025-04-10
107824,2,1,1,2025-04-10,2025-04-10
107825,2,1,1,2025-04-10,2025-04-10
107834,2,1,1,2025-04-10,2025-04-10
107843,2,1,1,2025-04-10,2025-04-10
107846,2,1,1,2025-04-10,2025-04-10
107893,2,1,1,2025-04-10,2025-04-10
107909,2,1,1,2025-04-10,2025-04-10
107955,2,1,1,2025-04-10,2025-04-10
107960,5,1,1,2025-04-10,2025-06-03
108046,2,1,1,2025-04-11,2025-04-11
108086,2,1,1,2025-04-11,2025-04-11
108105,2,1,1,2025-04-11,2025-04-11
108184,121,1,3,2025-04-11,2025-12-23
108209,2,1,1,2025-04-11,2025-04-15
108264,2,1,1,2025-04-11,2025-04-11
108268,2,1,1,2025-04-11,2025-05-29
108269,2,1,1,2025-04-11,2025-04-11
108349,75,1,5,2025-04-12,2026-06-18
108370,4,1,1,2025-04-12,2025-05-15
108404,6,1,1,2025-04-12,2025-04-14
108438,3,1,1,2025-04-12,2025-04-12
108445,2,1,1,2025-04-12,2025-04-12
108479,2,2,1,2025-04-12,2025-04-21
108518,2,1,1,2025-04-13,2025-04-13
108521,4,2,1,2025-04-13,2025-04-13
108529,2,1,1,2025-04-13,2025-04-13
108628,4,1,1,2025-04-14,2025-05-14
108641,129,1,2,2025-04-14,2025-08-08
108741,6,1,1,2025-04-14,2025-04-25
108802,2,1,1,2025-04-14,2025-04-14
108807,2,1,1,2025-04-14,2025-04-14
108817,2,1,1,2025-04-14,2025-04-14
108840,2,1,1,2025-04-14,2025-04-14
108928,2,1,1,2025-04-15,2025-04-15
108953,2,1,1,2025-04-15,2025-04-15
108965,2,1,1,2025-04-15,2025-04-15
109075,2,1,1,2025-04-15,2025-04-15
109089,3,1,1,2025-04-15,2025-04-15
109105,5,2,1,2025-04-15,2025-04-24
109137,2,1,1,2025-04-15,2025-04-15
109168,2,1,1,2025-04-15,2025-04-15
109250,4,1,1,2025-04-15,2025-04-29
109311,2,1,1,2025-04-16,2025-04-16
109312,2,1,1,2025-04-16,2025-04-16
109410,3,1,1,2025-04-16,2025-04-16
109449,2,1,1,2025-04-16,2025-04-16
109454,2,2,1,2025-04-16,2025-04-16
109468,2,1,1,2025-04-16,2025-04-16
109472,7,1,1,2025-04-16,2025-04-16
109498,2,1,1,2025-04-16,2025-04-18
109509,2,1,1,2025-04-16,2025-04-16
109512,2,1,1,2025-04-16,2025-04-16
109549,2,1,1,2025-04-16,2025-04-16
109614,2,1,1,2025-04-16,2025-04-16
109616,2,1,1,2025-04-16,2025-04-16
109683,2,1,1,2025-04-17,2025-04-17
109688,2,1,1,2025-04-17,2025-04-17
109723,3,1,1,2025-04-17,2025-04-24
109724,2,1,1,2025-04-17,2025-04-17
109735,2,1,1,2025-04-17,2025-04-17
109740,2,1,1,2025-04-17,2025-04-17
109741,2,1,1,2025-04-17,2025-04-17
109754,2,2,1,2025-04-17,2025-04-17
109757,2,1,1,2025-04-17,2025-04-17
109799,2,1,1,2025-04-17,2025-04-17
109815,2,1,1,2025-04-17,2025-04-17
109830,2,1,1,2025-04-17,2025-04-17
109832,3,1,1,2025-04-17,2025-04-17
109843,2,1,1,2025-04-17,2025-04-17
109853,5,1,3,2025-04-17,2026-07-14
109865,2,1,1,2025-04-17,2025-04-17
109941,2,2,1,2025-04-17,2025-04-17
109974,3,1,1,2025-04-17,2025-04-17
110027,3,1,1,2025-04-17,2025-05-22
110062,2,1,1,2025-04-18,2025-04-18
110092,2,1,1,2025-04-18,2025-04-18
110123,139,1,2,2025-04-18,2025-07-11
110135,3,1,1,2025-04-18,2025-04-18
110137,4,1,2,2025-04-18,2025-09-17
110161,7,1,2,2025-04-18,2025-07-10
110167,5,1,1,2025-04-18,2025-06-19
110272,2,1,1,2025-04-18,2025-05-30
110289,2,1,1,2025-04-18,2025-04-18
110291,2,1,1,2025-04-18,2025-04-18
110352,5,1,1,2025-04-19,2025-06-24
110355,2,1,1,2025-04-19,2025-05-09
110374,2,1,1,2025-04-19,2025-04-19
110401,2,1,2,2025-04-19,2025-07-05
110413,3,1,1,2025-04-19,2025-04-21
110436,2,1,1,2025-04-20,2025-04-20
110445,2,1,1,2025-04-20,2025-04-20
110449,3,1,1,2025-04-20,2025-04-20
110450,2,1,1,2025-04-20,2025-04-20
110469,2,1,1,2025-04-20,2025-04-20
110479,2,1,1,2025-04-20,2025-04-20
110487,2,1,1,2025-04-20,2025-04-20
110542,2,1,1,2025-04-21,2025-04-21
110560,3,2,1,2025-04-21,2025-04-21
110582,2,1,1,2025-04-21,2025-04-21
110601,4,1,1,2025-04-21,2025-04-21
110620,2,1,1,2025-04-21,2025-04-21
110667,4,1,1,2025-04-21,2025-04-21
110676,2,1,1,2025-04-21,2025-04-22
110683,2,1,1,2025-04-21,2025-04-21
110716,2,2,1,2025-04-21,2025-04-23
110729,2,1,1,2025-04-21,2025-04-21
110733,3,1,1,2025-04-21,2025-04-21
110777,2,1,1,2025-04-21,2025-04-21
110877,3,1,1,2025-04-22,2025-04-22
110917,2,1,1,2025-04-22,2025-04-22
110920,3,1,1,2025-04-22,2025-04-22
110949,2,2,1,2025-04-22,2025-04-22
110965,2,1,1,2025-04-22,2025-04-22
110993,3,1,1,2025-04-22,2025-05-06
111024,2,1,1,2025-04-22,2025-04-22
111039,2,1,1,2025-04-22,2025-04-22
111042,2,1,1,2025-04-22,2025-05-08
111061,2,1,1,2025-04-22,2025-04-22
111076,2,1,1,2025-04-22,2025-04-22
111104,333,4,6,2025-04-22,2026-07-03
111137,3,1,1,2025-04-22,2025-06-03
111263,2,1,1,2025-04-23,2025-04-23
111271,2,1,1,2025-04-23,2025-04-23
111302,5,1,1,2025-04-23,2025-04-23
111304,6,1,4,2025-04-23,2026-02-05
111345,3,1,1,2025-04-23,2025-06-17
111354,3,1,1,2025-04-23,2025-04-23
111358,6,2,1,2025-04-23,2025-06-24
111361,3,1,1,2025-04-23,2025-04-23
111384,3,1,1,2025-04-23,2025-04-23
111398,2,1,1,2025-04-23,2025-04-23
111404,3,1,1,2025-04-23,2025-04-23
111407,2,2,2,2025-04-23,2025-12-28
111476,2,1,1,2025-04-23,2025-04-23
111479,5,1,1,2025-04-23,2025-04-23
111487,2,1,1,2025-04-23,2025-04-23
111499,2,1,1,2025-04-23,2025-04-23
111511,2,1,1,2025-04-23,2025-04-23
111535,3,1,1,2025-04-23,2025-04-29
111544,8,1,1,2025-04-23,2025-05-06
111556,2,1,1,2025-04-23,2025-04-23
111606,2,1,1,2025-04-23,2025-04-23
111666,2,1,1,2025-04-24,2025-04-24
111668,2,1,1,2025-04-24,2025-04-24
111683,2,1,1,2025-04-24,2025-04-24
111718,2,1,1,2025-04-24,2025-04-25
111724,2,1,1,2025-04-24,2025-04-24
111854,13,1,2,2025-04-24,2025-07-11
111997,2,1,1,2025-04-25,2025-04-25
112010,2,1,1,2025-04-25,2025-04-25
112015,3,1,1,2025-04-25,2025-04-25
112018,10,1,1,2025-04-25,2025-06-24
112040,6,1,1,2025-04-25,2025-04-25
112044,2,1,1,2025-04-25,2025-04-25
112045,4,1,1,2025-04-25,2025-04-25
112050,2,1,1,2025-04-25,2025-04-25
112061,2,1,1,2025-04-25,2025-04-25
112072,2,1,1,2025-04-25,2025-04-25
112073,3,1,1,2025-04-25,2025-04-25
112105,2,1,1,2025-04-25,2025-04-25
112107,2,1,1,2025-04-25,2025-04-25
112118,2,1,1,2025-04-25,2025-04-25
112147,2,1,1,2025-04-25,2025-04-25
112235,2,1,1,2025-04-25,2025-04-25
112309,2,1,1,2025-04-26,2025-04-26
112352,2,1,1,2025-04-26,2025-04-26
112389,4,1,1,2025-04-26,2025-04-27
112412,2,1,1,2025-04-26,2025-04-26
112415,2,1,1,2025-04-26,2025-04-26
112422,3,1,1,2025-04-26,2025-04-26
112423,2,1,1,2025-04-26,2025-04-26
112489,2,1,1,2025-04-27,2025-04-27
112506,2,1,1,2025-04-27,2025-04-27
112508,32,1,3,2025-04-27,2026-01-07
112509,2,1,1,2025-04-27,2025-04-27
112511,3,1,1,2025-04-27,2025-04-27
112514,3,1,1,2025-04-27,2025-04-27
112537,5,1,1,2025-04-27,2025-05-06
112539,2,1,1,2025-04-27,2025-04-27
112545,2,1,1,2025-04-27,2025-04-27
112553,2,1,1,2025-04-27,2025-04-28
112588,2,1,2,2025-04-27,2025-07-14
112606,2,1,1,2025-04-27,2025-04-27
112660,2,1,1,2025-04-28,2025-04-28
112667,5,1,1,2025-04-28,2025-05-07
112669,3,2,1,2025-04-28,2025-04-28
112683,2,1,1,2025-04-28,2025-04-28
112697,2,1,1,2025-04-28,2025-04-28
112707,7,1,1,2025-04-28,2025-04-28
112711,2,1,1,2025-04-28,2025-04-28
112730,2,1,1,2025-04-28,2025-04-28
112744,4,1,2,2025-04-28,2026-06-29
112810,2,1,1,2025-04-28,2025-04-28
112868,2,1,1,2025-04-28,2025-04-28
112918,2,2,2,2025-04-28,2025-09-18
112932,2,2,2,2025-04-28,2025-08-27
112987,2,1,1,2025-04-29,2025-04-29
113024,3,1,2,2025-04-29,2025-07-03
113027,8,1,1,2025-04-29,2025-05-01
113035,2,1,1,2025-04-29,2025-04-29
113041,6,1,2,2025-04-29,2026-05-07
113051,111,1,6,2025-04-29,2026-07-15
113063,2,1,1,2025-04-29,2025-04-29
113076,2,1,1,2025-04-29,2025-04-29
113085,2,1,1,2025-04-29,2025-04-29
113096,21,1,1,2025-04-29,2025-06-30
113101,12,1,3,2025-04-29,2026-07-14
113107,40,1,1,2025-04-29,2025-06-30
113160,2,1,1,2025-04-29,2025-04-29
113173,5,1,1,2025-04-29,2025-04-30
113186,4,1,1,2025-04-29,2025-04-29
113198,3,1,1,2025-04-29,2025-05-13
113213,2,1,1,2025-04-29,2025-05-08
113215,4,1,1,2025-04-29,2025-06-12
113216,2,1,1,2025-04-29,2025-04-29
113299,7,1,1,2025-04-29,2025-04-29
113301,5,1,1,2025-04-29,2025-05-13
113304,3,1,1,2025-04-29,2025-04-30
113309,2,1,1,2025-04-29,2025-04-29
113349,4,1,1,2025-04-29,2025-04-30
113364,9,1,1,2025-04-30,2025-04-30
113372,2,1,1,2025-04-30,2025-04-30
113376,3,1,1,2025-04-30,2025-04-30
113391,2,1,1,2025-04-30,2025-05-17
113411,2,1,1,2025-04-30,2025-04-30
113412,2,1,1,2025-04-30,2025-04-30
113438,4,1,1,2025-04-30,2025-05-01
113443,2,1,1,2025-04-30,2025-04-30
113478,3,1,1,2025-04-30,2025-04-30
113486,8,1,2,2025-04-30,2025-07-27
113489,7,1,1,2025-04-30,2025-06-29
113493,19,1,2,2025-04-30,2025-07-27
113505,2,1,1,2025-04-30,2025-05-04
113529,21,1,2,2025-04-30,2025-07-23
113541,2,1,1,2025-04-30,2025-04-30
113548,2,1,1,2025-04-30,2025-04-30
113569,4,1,1,2025-04-30,2025-04-30
113570,2,1,1,2025-04-30,2025-04-30
113592,2,1,1,2025-04-30,2025-04-30
113624,19,1,3,2025-04-30,2025-11-10
113628,2,1,1,2025-04-30,2025-04-30
113673,2,1,1,2025-04-30,2025-04-30
113700,2,1,1,2025-04-30,2025-04-30
113729,6,1,1,2025-04-30,2025-06-23
113763,2,2,1,2025-05-01,2025-05-22
113766,3,1,1,2025-05-01,2025-05-01
113774,2,1,1,2025-05-01,2025-05-01
113783,2,1,1,2025-05-01,2025-05-01
113794,2,1,1,2025-05-01,2025-05-01
113807,2,1,1,2025-05-01,2025-05-01
113827,2,1,1,2025-05-01,2025-05-06
113861,2,1,1,2025-05-01,2025-05-01
113875,2,1,1,2025-05-01,2025-05-01
113880,3,1,1,2025-05-01,2025-05-01
113884,2,1,1,2025-05-01,2025-05-01
113891,2,1,1,2025-05-01,2025-05-01
113894,2,1,1,2025-05-01,2025-05-01
113897,6,1,1,2025-05-01,2025-05-03
113933,2,1,1,2025-05-01,2025-05-01
113954,2,1,1,2025-05-01,2025-05-01
113972,2,1,1,2025-05-01,2025-05-01
114026,7,1,3,2025-05-01,2025-10-03
114058,2,2,1,2025-05-02,2025-05-02
114067,2,1,1,2025-05-02,2025-05-02
114105,2,1,1,2025-05-02,2025-05-02
114108,2,1,1,2025-05-02,2025-05-02
114117,2,1,1,2025-05-02,2025-05-02
114119,2,1,1,2025-05-02,2025-05-02
114154,2,1,1,2025-05-02,2025-05-02
114156,2,1,1,2025-05-02,2025-05-02
114157,2,1,1,2025-05-02,2025-05-02
114220,2,1,1,2025-05-02,2025-05-02
114255,3,1,2,2025-05-02,2025-10-15
114259,2,1,1,2025-05-02,2025-05-02
114293,2,1,1,2025-05-02,2025-05-02
114372,2,1,1,2025-05-02,2025-05-02
114400,2,1,1,2025-05-03,2025-05-03
114403,2,1,1,2025-05-03,2025-05-03
114422,2,1,1,2025-05-03,2025-05-03
114434,2,2,1,2025-05-03,2025-05-08
114435,2,1,1,2025-05-03,2025-05-03
114441,2,1,1,2025-05-03,2025-05-03
114454,2,1,1,2025-05-03,2025-05-03
114466,2,1,1,2025-05-03,2025-05-03
114483,3,1,1,2025-05-03,2025-06-18
114520,8,1,2,2025-05-03,2025-07-16
114533,2,1,1,2025-05-03,2025-05-03
114546,2,1,1,2025-05-03,2025-05-03
114559,3,1,1,2025-05-04,2025-05-04
114569,3,1,1,2025-05-04,2025-05-04
114589,2,1,1,2025-05-04,2025-05-04
114602,2,1,1,2025-05-04,2025-05-04
114609,2,1,1,2025-05-04,2025-05-04
114622,2,1,1,2025-05-04,2025-05-04
114623,3,1,1,2025-05-04,2025-05-04
114634,5,1,1,2025-05-04,2025-05-05
114644,5,1,1,2025-05-04,2025-06-04
114696,2,1,1,2025-05-05,2025-05-05
114701,2,1,1,2025-05-05,2025-05-05
114705,2,1,1,2025-05-05,2025-05-05
114729,2,1,1,2025-05-05,2025-05-05
114767,12,1,1,2025-05-05,2025-05-06
114773,5,1,2,2025-05-05,2025-07-17
114843,2,1,1,2025-05-05,2025-05-05
114846,2,1,1,2025-05-05,2025-05-05
114865,2,1,1,2025-05-05,2025-05-05
114873,2,1,1,2025-05-05,2025-05-05
114915,3,1,1,2025-05-05,2025-05-05
114918,3,1,1,2025-05-05,2025-05-05
114936,3,2,1,2025-05-05,2025-05-05
114982,2,1,1,2025-05-05,2025-05-06
114984,3,1,1,2025-05-05,2025-05-05
115001,2,1,2,2025-05-05,2025-07-11
115030,2,1,1,2025-05-06,2025-05-06
115034,2,1,2,2025-05-06,2025-08-27
115051,2,1,1,2025-05-06,2025-05-06
115071,2,2,1,2025-05-06,2025-05-06
115084,3,1,1,2025-05-06,2025-05-06
115095,3,1,1,2025-05-06,2025-05-06
115137,2,1,1,2025-05-06,2025-05-06
115143,2,1,1,2025-05-06,2025-05-06
115144,2,1,1,2025-05-06,2025-05-06
115150,2,1,1,2025-05-06,2025-05-06
115243,2,1,1,2025-05-06,2025-05-06
115253,2,1,1,2025-05-06,2025-05-06
115276,2,1,1,2025-05-06,2025-05-06
115302,17,2,1,2025-05-06,2025-06-28
115320,2,1,1,2025-05-06,2025-05-06
115365,5,1,1,2025-05-06,2025-05-15
115448,2,1,1,2025-05-07,2025-05-09
115462,4,1,1,2025-05-07,2025-05-08
115466,2,1,1,2025-05-07,2025-05-17
115480,11,1,2,2025-05-07,2025-07-07
115491,2,1,1,2025-05-07,2025-05-07
115495,5,1,2,2025-05-07,2025-07-10
115497,3,2,2,2025-05-07,2025-09-29
115526,2,1,1,2025-05-07,2025-05-07
115527,2,1,1,2025-05-07,2025-05-07
115540,2,1,1,2025-05-07,2025-05-07
115582,2,1,1,2025-05-07,2025-05-07
115584,2,1,1,2025-05-07,2025-05-07
115606,2,1,1,2025-05-07,2025-05-07
115613,3,1,1,2025-05-07,2025-05-07
115635,2,1,1,2025-05-07,2025-05-07
115652,3,1,1,2025-05-07,2025-05-29
115689,2,2,1,2025-05-07,2025-05-30
115742,2,2,1,2025-05-07,2025-05-07
115808,5,1,1,2025-05-08,2025-05-09
115812,2,1,1,2025-05-08,2025-05-08
115814,2,1,1,2025-05-08,2025-05-08
115842,2,1,1,2025-05-08,2025-05-08
115861,2,1,1,2025-05-08,2025-05-08
115874,2,1,2,2025-05-08,2025-07-12
115877,2,1,2,2025-05-08,2026-07-22
115881,3,1,1,2025-05-08,2025-05-08
115885,3,1,1,2025-05-08,2025-05-08
115912,2,1,1,2025-05-08,2025-05-08
115922,2,1,1,2025-05-08,2025-05-08
115988,2,1,1,2025-05-08,2025-05-08
116021,4,1,1,2025-05-08,2025-05-08
116058,2,1,1,2025-05-08,2025-05-27
116072,4,1,1,2025-05-08,2025-05-08
116112,2,1,1,2025-05-08,2025-05-08
116160,4,1,2,2025-05-08,2025-07-03
116176,2,1,1,2025-05-09,2025-05-13
116194,2,1,1,2025-05-09,2025-05-09
116198,2,1,1,2025-05-09,2025-05-09
116221,2,1,1,2025-05-09,2025-05-09
116222,2,1,1,2025-05-09,2025-05-09
116227,2,1,1,2025-05-09,2025-05-09
116243,2,2,1,2025-05-09,2025-05-09
116244,2,1,1,2025-05-09,2025-05-09
116251,2,1,1,2025-05-09,2025-05-09
116254,3,1,1,2025-05-09,2025-06-06
116287,2,1,1,2025-05-09,2025-05-09
116296,3,1,1,2025-05-09,2025-05-21
116333,4,1,1,2025-05-09,2025-06-24
116364,7,1,1,2025-05-09,2025-06-20
116378,2,1,1,2025-05-09,2025-05-09
116423,2,1,2,2025-05-09,2026-02-03
116552,8,1,1,2025-05-10,2025-05-30
116562,2,1,1,2025-05-10,2025-05-10
116563,2,1,2,2025-05-10,2025-07-02
116587,3,2,1,2025-05-10,2025-05-10
116619,10,1,3,2025-05-10,2025-10-23
116624,2,1,1,2025-05-10,2025-05-10
116626,2,1,1,2025-05-10,2025-05-10
116630,2,1,1,2025-05-10,2025-05-10
116653,2,1,1,2025-05-10,2025-05-10
116730,2,1,1,2025-05-11,2025-05-11
116738,4,1,1,2025-05-11,2025-06-12
116769,2,1,2,2025-05-11,2026-04-13
116795,2,1,1,2025-05-11,2025-05-11
116842,2,1,1,2025-05-12,2025-05-12
116863,21,1,5,2025-05-12,2026-07-28
116872,2,1,1,2025-05-12,2025-05-12
116880,2,1,1,2025-05-12,2025-05-12
116885,2,1,1,2025-05-12,2025-05-12
116895,4,1,1,2025-05-12,2025-05-12
116910,2,1,1,2025-05-12,2025-05-12
116955,2,1,1,2025-05-12,2025-05-13
116960,3,1,1,2025-05-12,2025-05-12
116965,2,1,1,2025-05-12,2025-05-12
116972,2,1,1,2025-05-12,2025-05-12
116978,3,1,2,2025-05-12,2025-07-01
116998,8,1,1,2025-05-12,2025-06-18
117033,2,1,1,2025-05-12,2025-05-13
117051,2,1,1,2025-05-12,2025-05-12
117056,4,1,1,2025-05-12,2025-05-12
117067,3,1,1,2025-05-12,2025-05-13
117070,2,1,1,2025-05-12,2025-05-12
117134,5,1,1,2025-05-12,2025-05-30
117192,2,1,1,2025-05-13,2025-05-15
117202,2,1,1,2025-05-13,2025-05-13
117280,2,1,1,2025-05-13,2025-05-13
117283,2,1,1,2025-05-13,2025-05-13
117286,8,1,1,2025-05-13,2025-05-14
117305,2,1,1,2025-05-13,2025-05-13
117307,2,1,1,2025-05-13,2025-06-12
117313,2,2,1,2025-05-13,2025-05-13
117317,2,1,1,2025-05-13,2025-05-13
117324,3,1,1,2025-05-13,2025-05-13
117384,12,2,1,2025-05-13,2025-06-11
117431,2,2,1,2025-05-13,2025-05-25
117435,2,1,1,2025-05-13,2025-05-13
117444,2,2,2,2025-05-13,2025-09-16
117490,8,1,1,2025-05-13,2025-05-29
117515,2,1,1,2025-05-13,2025-05-29
117527,2,1,1,2025-05-13,2025-05-13
117533,3,1,1,2025-05-13,2025-06-02
117573,3,1,1,2025-05-13,2025-05-14
117619,9,1,2,2025-05-14,2025-07-05
117631,2,1,1,2025-05-14,2025-05-14
117632,5,1,1,2025-05-14,2025-05-14
117683,2,1,1,2025-05-14,2025-05-14
117685,2,1,1,2025-05-14,2025-05-14
117706,2,1,1,2025-05-14,2025-05-14
117764,2,1,1,2025-05-14,2025-05-14
117771,2,1,1,2025-05-14,2025-05-14
117795,2,1,1,2025-05-14,2025-05-14
117797,4,1,1,2025-05-14,2025-05-14
117799,2,1,1,2025-05-14,2025-05-14
117812,2,1,1,2025-05-14,2025-05-14
117833,2,1,1,2025-05-14,2025-05-14
117859,2,1,1,2025-05-14,2025-05-14
117881,3,1,1,2025-05-14,2025-05-14
117946,7,1,2,2025-05-14,2025-07-23
117963,3,1,1,2025-05-14,2025-05-14
117989,2,1,1,2025-05-14,2025-05-15
118009,2,1,1,2025-05-15,2025-05-15
118039,4,1,1,2025-05-15,2025-05-15
118097,3,1,1,2025-05-15,2025-05-15
118116,2,1,1,2025-05-15,2025-05-15
118137,2,1,1,2025-05-15,2025-05-15
118148,2,1,1,2025-05-15,2025-05-15
118155,2,1,1,2025-05-15,2025-05-15
118181,2,1,1,2025-05-15,2025-05-15
118213,2,1,1,2025-05-15,2025-05-15
118264,2,1,1,2025-05-15,2025-05-15
118267,2,1,1,2025-05-15,2025-05-15
118323,8,3,2,2025-05-15,2026-01-19
118330,2,1,1,2025-05-15,2025-05-15
118393,2,1,1,2025-05-16,2025-05-16
118394,3,1,1,2025-05-16,2025-06-07
118401,4,1,1,2025-05-16,2025-06-18
118405,2,1,1,2025-05-16,2025-06-21
118420,7,1,1,2025-05-16,2025-05-16
118457,2,1,1,2025-05-16,2025-06-11
118644,22,1,5,2025-05-16,2026-05-13
118653,2,1,1,2025-05-16,2025-05-16
118720,3,1,1,2025-05-17,2025-05-17
118737,4,1,1,2025-05-17,2025-06-21
118738,2,1,1,2025-05-17,2025-05-17
118762,7,1,1,2025-05-17,2025-05-17
118786,2,1,1,2025-05-17,2025-05-17
118795,2,1,1,2025-05-17,2025-05-17
118806,2,1,1,2025-05-17,2025-05-17
118834,2,1,1,2025-05-17,2025-05-17
118838,2,1,1,2025-05-17,2025-05-17
118904,2,1,2,2025-05-18,2025-07-15
118907,2,2,1,2025-05-18,2025-05-18
118915,2,1,1,2025-05-18,2025-05-18
118917,7,1,2,2025-05-18,2026-01-07
119078,2,1,1,2025-05-19,2025-05-19
119084,2,1,1,2025-05-19,2025-05-19
119109,4,2,2,2025-05-19,2025-08-16
119110,2,1,1,2025-05-19,2025-05-30
119115,2,1,1,2025-05-19,2025-05-19
119126,3,1,2,2025-05-19,2026-04-24
119133,2,1,1,2025-05-19,2025-05-19
119139,3,1,1,2025-05-19,2025-05-19
119145,7,1,1,2025-05-19,2025-05-19
119153,2,1,1,2025-05-19,2025-05-19
119198,2,1,1,2025-05-19,2025-05-19
119209,2,1,1,2025-05-19,2025-05-19
119216,2,1,1,2025-05-19,2025-05-19
119225,2,1,1,2025-05-19,2025-05-19
119231,9,1,2,2025-05-19,2025-07-31
119234,2,1,1,2025-05-19,2025-05-19
119240,2,1,1,2025-05-19,2025-05-22
119245,2,1,1,2025-05-19,2025-06-02
119264,2,1,1,2025-05-19,2025-05-19
119292,2,1,1,2025-05-19,2025-05-19
119374,2,1,1,2025-05-20,2025-05-20
119375,2,1,1,2025-05-20,2025-05-20
119403,4,1,1,2025-05-20,2025-05-20
119406,3,1,1,2025-05-20,2025-06-15
119407,2,1,1,2025-05-20,2025-05-20
119408,4,3,2,2025-05-20,2025-09-06
119413,2,1,1,2025-05-20,2025-06-05
119416,2,1,1,2025-05-20,2025-05-20
119430,2,1,1,2025-05-20,2025-05-20
119443,2,1,1,2025-05-20,2025-05-20
119475,2,1,1,2025-05-20,2025-05-20
119483,3,1,1,2025-05-20,2025-05-20
119491,3,1,1,2025-05-20,2025-05-20
119510,2,1,1,2025-05-20,2025-05-20
119543,2,1,1,2025-05-20,2025-05-21
119589,2,1,2,2025-05-20,2025-09-18
119595,2,1,2,2025-05-20,2025-07-11
119604,2,1,1,2025-05-20,2025-05-20
119612,2,1,1,2025-05-20,2025-05-20
119685,2,1,1,2025-05-21,2025-05-21
119694,2,1,1,2025-05-21,2025-05-21
119702,2,1,1,2025-05-21,2025-05-21
119734,2,1,1,2025-05-21,2025-05-21
119739,5,1,1,2025-05-21,2025-05-23
119793,3,1,1,2025-05-21,2025-05-21
119875,5,1,1,2025-05-21,2025-05-23
119881,2,1,1,2025-05-21,2025-05-21
119896,2,1,1,2025-05-21,2025-05-21
119899,6,1,1,2025-05-21,2025-05-22
119954,2,1,1,2025-05-21,2025-05-21
119972,3,1,1,2025-05-21,2025-05-29
119986,2,2,2,2025-05-21,2025-07-11
120002,2,1,2,2025-05-21,2025-07-10
120003,6,1,2,2025-05-21,2025-07-02
120012,5,1,1,2025-05-22,2025-06-10
120026,2,1,1,2025-05-22,2025-05-22
120031,3,1,1,2025-05-22,2025-05-22
120051,3,1,1,2025-05-22,2025-05-22
120081,2,1,1,2025-05-22,2025-05-22
120087,3,2,1,2025-05-22,2025-05-22
120135,2,1,1,2025-05-22,2025-05-22
120150,15,1,4,2025-05-22,2026-06-17
120197,2,1,1,2025-05-22,2025-05-22
120204,2,1,1,2025-05-22,2025-05-22
120258,3,1,1,2025-05-22,2025-05-22
120270,5,2,1,2025-05-22,2025-05-23
120376,2,1,1,2025-05-23,2025-05-23
120389,5,1,1,2025-05-23,2025-05-23
120392,2,1,1,2025-05-23,2025-05-23
120407,2,1,1,2025-05-23,2025-05-23
120455,2,1,1,2025-05-23,2025-05-23
120458,3,1,1,2025-05-23,2025-05-23
120491,3,1,1,2025-05-23,2025-05-23
120499,3,1,1,2025-05-23,2025-05-23
120506,2,1,1,2025-05-23,2025-05-23
120527,2,1,1,2025-05-23,2025-05-26
120537,5,1,1,2025-05-23,2025-05-23
120556,2,1,1,2025-05-23,2025-05-23
120594,3,2,2,2025-05-23,2025-09-18
120599,2,2,2,2025-05-23,2025-07-28
120603,2,1,1,2025-05-23,2025-05-23
120637,35,1,2,2025-05-23,2025-07-10
120698,2,1,1,2025-05-24,2025-05-24
120735,2,1,1,2025-05-24,2025-05-24
120754,2,1,1,2025-05-24,2025-05-24
120756,2,1,1,2025-05-24,2025-05-24
120786,2,1,1,2025-05-24,2025-05-24
120804,2,1,1,2025-05-24,2025-06-16
120811,2,1,1,2025-05-24,2025-05-24
120820,2,1,1,2025-05-24,2025-05-24
120828,2,1,1,2025-05-24,2025-05-24
120834,2,1,1,2025-05-24,2025-05-30
120835,3,1,2,2025-05-24,2025-07-12
120842,2,1,1,2025-05-24,2025-05-24
120877,2,1,1,2025-05-24,2025-05-24
120888,2,1,1,2025-05-25,2025-05-25
120890,2,1,1,2025-05-25,2025-05-25
120900,2,1,1,2025-05-25,2025-05-25
120910,3,1,1,2025-05-25,2025-05-25
120952,2,1,1,2025-05-25,2025-05-26
120954,2,1,1,2025-05-25,2025-05-25
120959,2,1,1,2025-05-25,2025-05-25
120962,2,1,2,2025-05-25,2026-07-06
120981,2,1,1,2025-05-25,2025-06-03
120983,2,1,1,2025-05-25,2025-05-25
120995,2,1,1,2025-05-25,2025-05-25
121005,2,1,1,2025-05-25,2025-05-25
121056,2,1,1,2025-05-26,2025-05-26
121061,4,1,1,2025-05-26,2025-05-26
121066,2,2,1,2025-05-26,2025-05-26
121078,3,1,1,2025-05-26,2025-05-26
121080,3,1,1,2025-05-26,2025-05-26
121082,4,2,1,2025-05-26,2025-05-26
121086,2,1,1,2025-05-26,2025-05-26
121113,2,1,1,2025-05-26,2025-05-26
121139,4,1,1,2025-05-26,2025-05-26
121141,2,1,2,2025-05-26,2025-07-23
121205,2,1,1,2025-05-26,2025-06-27
121219,5,1,1,2025-05-27,2025-05-29
121259,4,1,1,2025-05-27,2025-05-27
121269,2,1,1,2025-05-27,2025-05-27
121357,2,1,1,2025-05-27,2025-05-27
121367,2,1,1,2025-05-27,2025-05-27
121403,3,1,1,2025-05-27,2025-05-27
121439,2,1,1,2025-05-27,2025-05-27
121445,2,1,1,2025-05-27,2025-05-27
121569,2,1,1,2025-05-27,2025-05-27
121620,4,1,1,2025-05-28,2025-05-28
121632,16,1,1,2025-05-28,2025-06-04
121690,4,3,2,2025-05-28,2025-09-15
121709,3,1,1,2025-05-28,2025-05-29
121736,3,1,3,2025-05-28,2025-11-10
121742,2,1,1,2025-05-28,2025-05-28
121758,3,1,1,2025-05-28,2025-05-28
121762,2,1,1,2025-05-28,2025-05-28
121777,2,1,1,2025-05-28,2025-05-28
121828,2,1,1,2025-05-28,2025-05-28
121846,2,1,1,2025-05-28,2025-05-29
121862,6,1,1,2025-05-28,2025-05-30
121963,5,1,1,2025-05-28,2025-05-28
121968,2,1,1,2025-05-28,2025-05-28
122086,2,1,2,2025-05-29,2025-07-22
122091,128,1,5,2025-05-29,2026-04-26
122121,3,1,2,2025-05-29,2025-12-25
122123,2,1,1,2025-05-29,2025-05-29
122131,7,1,1,2025-05-29,2025-06-19
122133,10,2,3,2025-05-29,2026-05-29
122144,2,1,2,2025-05-29,2025-11-19
122178,2,1,1,2025-05-29,2025-05-29
122305,2,1,1,2025-05-29,2025-05-29
122321,2,1,1,2025-05-29,2025-05-29
122348,2,1,1,2025-05-29,2025-05-29
122363,2,1,1,2025-05-29,2025-05-29
122383,2,1,1,2025-05-29,2025-06-11
122530,2,1,1,2025-05-30,2025-05-30
122531,4,1,1,2025-05-30,2025-06-19
122534,2,1,1,2025-05-30,2025-05-30
122566,2,1,1,2025-05-30,2025-05-30
122577,3,1,1,2025-05-30,2025-06-04
122587,2,1,1,2025-05-30,2025-05-30
122640,2,1,1,2025-05-30,2025-05-30
122645,4,1,1,2025-05-30,2025-06-22
122646,2,1,1,2025-05-30,2025-06-13
122649,2,1,1,2025-05-30,2025-05-30
122707,2,1,1,2025-05-30,2025-06-07
122717,3,1,2,2025-05-30,2025-07-12
122732,2,1,1,2025-05-30,2025-05-30
122739,2,1,1,2025-05-30,2025-05-30
122871,3,1,1,2025-05-31,2025-05-31
122906,5,1,1,2025-05-31,2025-05-31
122915,2,1,1,2025-05-31,2025-05-31
122917,5,1,1,2025-05-31,2025-05-31
122982,2,1,1,2025-05-31,2025-05-31
123001,2,1,1,2025-05-31,2025-05-31
123056,3,1,2,2025-06-01,2025-09-05
123066,2,1,1,2025-06-01,2025-06-01
123073,5,1,1,2025-06-01,2025-06-01
123085,2,1,1,2025-06-01,2025-06-01
123103,2,1,1,2025-06-01,2025-06-01
123117,8,1,1,2025-06-01,2025-06-18
123130,2,1,1,2025-06-01,2025-06-01
123133,2,1,1,2025-06-01,2025-06-01
123140,3,1,1,2025-06-01,2025-06-01
123143,2,1,1,2025-06-01,2025-06-01
123154,2,1,1,2025-06-01,2025-06-01
123214,4,1,1,2025-06-01,2025-06-02
123233,2,1,1,2025-06-02,2025-06-02
123240,2,1,2,2025-06-02,2025-10-26
123248,35,1,1,2025-06-02,2025-06-05
123249,2,2,1,2025-06-02,2025-06-02
123268,2,1,1,2025-06-02,2025-06-02
123298,2,1,2,2025-06-02,2025-08-30
123388,2,2,1,2025-06-02,2025-06-02
123440,2,1,1,2025-06-02,2025-06-02
123447,2,1,1,2025-06-02,2025-06-02
123463,4,1,1,2025-06-02,2025-06-05
123526,8,1,3,2025-06-02,2026-05-17
123535,2,1,1,2025-06-02,2025-06-02
123555,2,2,1,2025-06-02,2025-06-03
123569,2,1,1,2025-06-03,2025-06-03
123606,2,1,1,2025-06-03,2025-06-03
123612,2,1,1,2025-06-03,2025-06-03
123618,5,1,1,2025-06-03,2025-06-04
123634,9,1,1,2025-06-03,2025-06-12
123637,2,1,1,2025-06-03,2025-06-03
123698,2,1,1,2025-06-03,2025-06-03
123699,4,1,1,2025-06-03,2025-06-26
123728,2,1,1,2025-06-03,2025-06-03
123744,2,1,1,2025-06-03,2025-06-03
123800,11,1,1,2025-06-03,2025-06-26
123809,2,1,2,2025-06-03,2025-10-19
123880,8,1,1,2025-06-03,2025-06-04
123952,3,1,2,2025-06-04,2025-07-21
124009,5,1,1,2025-06-04,2025-06-04
124017,2,1,1,2025-06-04,2025-06-04
124043,2,1,1,2025-06-04,2025-06-04
124047,2,1,1,2025-06-04,2025-06-04
124141,2,1,1,2025-06-04,2025-06-14
124224,2,1,1,2025-06-04,2025-06-04
124237,2,2,1,2025-06-04,2025-06-11
124248,3,1,1,2025-06-04,2025-06-04
124342,2,1,1,2025-06-04,2025-06-04
124398,2,1,1,2025-06-05,2025-06-05
124436,2,1,1,2025-06-05,2025-06-05
124450,2,1,1,2025-06-05,2025-06-05
124466,2,1,1,2025-06-05,2025-06-05
124487,2,1,1,2025-06-05,2025-06-05
124511,5,1,1,2025-06-05,2025-06-05
124568,3,1,1,2025-06-05,2025-06-13
124622,2,1,1,2025-06-05,2025-06-05
124623,2,1,1,2025-06-05,2025-06-05
124683,2,1,1,2025-06-05,2025-06-05
124700,2,1,1,2025-06-05,2025-06-05
124718,3,2,1,2025-06-05,2025-06-05
124794,2,1,1,2025-06-06,2025-06-06
124803,4,1,1,2025-06-06,2025-06-06
124821,2,2,1,2025-06-06,2025-06-06
124907,3,1,1,2025-06-06,2025-06-06
124913,2,1,1,2025-06-06,2025-06-06
124993,2,1,1,2025-06-06,2025-06-06
124999,2,1,1,2025-06-06,2025-06-06
125002,2,1,1,2025-06-06,2025-06-06
125005,2,1,1,2025-06-06,2025-06-06
125014,2,1,1,2025-06-06,2025-06-06
125025,2,1,1,2025-06-06,2025-06-06
125029,3,1,1,2025-06-06,2025-06-06
125056,2,1,1,2025-06-06,2025-06-06
125075,2,2,2,2025-06-07,2025-11-25
125101,2,1,1,2025-06-07,2025-06-07
125125,2,2,1,2025-06-07,2025-06-07
125138,4,1,2,2025-06-07,2025-09-11
125139,2,1,1,2025-06-07,2025-06-07
125175,2,1,1,2025-06-07,2025-06-07
125179,3,1,1,2025-06-07,2025-06-08
125236,3,1,1,2025-06-08,2025-06-08
125246,2,1,1,2025-06-08,2025-06-09
125261,2,1,1,2025-06-08,2025-06-08
125280,2,1,1,2025-06-08,2025-06-08
125282,2,1,1,2025-06-08,2025-06-08
125288,2,1,1,2025-06-08,2025-06-08
125292,4,1,1,2025-06-08,2025-06-08
125293,2,1,1,2025-06-08,2025-06-08
125299,2,1,1,2025-06-08,2025-06-08
125305,2,1,1,2025-06-08,2025-06-08
125314,2,1,1,2025-06-08,2025-06-08
125440,2,1,1,2025-06-09,2025-06-10
125442,2,1,1,2025-06-09,2025-06-10
125455,2,1,1,2025-06-09,2025-06-09
125472,2,1,1,2025-06-09,2025-06-10
125503,2,1,1,2025-06-09,2025-06-09
125515,2,1,1,2025-06-09,2025-06-09
125522,2,1,1,2025-06-09,2025-06-09
125543,2,1,1,2025-06-09,2025-06-09
125570,3,1,2,2025-06-09,2025-07-03
125572,7,1,2,2025-06-09,2025-08-14
125588,2,1,1,2025-06-09,2025-06-09
125642,2,1,1,2025-06-10,2025-06-10
125650,3,1,1,2025-06-10,2025-06-10
125658,2,1,1,2025-06-10,2025-06-10
125697,3,1,1,2025-06-10,2025-06-10
125702,2,2,1,2025-06-10,2025-06-24
125705,4,1,1,2025-06-10,2025-06-10
125725,2,1,1,2025-06-10,2025-06-10
125729,2,1,1,2025-06-10,2025-06-10
125786,4,1,1,2025-06-10,2025-06-10
125801,2,1,1,2025-06-10,2025-06-10
125804,4,1,1,2025-06-10,2025-06-10
125813,2,1,1,2025-06-10,2025-06-10
125847,2,1,1,2025-06-10,2025-06-17
125893,2,1,1,2025-06-10,2025-06-10
125929,22,6,4,2025-06-10,2026-07-14
125969,2,1,1,2025-06-10,2025-06-10
126069,2,1,1,2025-06-11,2025-06-11
126073,7,1,3,2025-06-11,2025-10-14
126097,3,1,1,2025-06-11,2025-06-11
126115,2,1,1,2025-06-11,2025-06-11
126129,2,1,1,2025-06-11,2025-06-11
126138,3,1,1,2025-06-11,2025-06-11
126199,2,1,1,2025-06-11,2025-06-11
126208,2,1,2,2025-06-11,2025-11-12
126234,2,1,1,2025-06-11,2025-06-11
126238,2,1,1,2025-06-11,2025-06-11
126264,2,1,1,2025-06-11,2025-06-11
126268,2,1,1,2025-06-11,2025-06-11
126300,2,1,1,2025-06-11,2025-06-11
126335,2,1,1,2025-06-11,2025-06-11
126349,10,1,1,2025-06-11,2025-06-11
126374,3,1,1,2025-06-11,2025-06-13
126403,2,1,1,2025-06-12,2025-06-20
126504,2,1,1,2025-06-12,2025-06-12
126511,2,1,1,2025-06-12,2025-06-12
126518,2,1,1,2025-06-12,2025-06-12
126532,4,1,2,2025-06-12,2025-07-17
126534,2,1,1,2025-06-12,2025-06-19
126537,2,1,1,2025-06-12,2025-06-12
126541,6,2,2,2025-06-12,2025-11-24
126602,2,1,1,2025-06-12,2025-06-16
126625,3,1,1,2025-06-12,2025-06-12
126633,8,1,2,2025-06-12,2025-07-04
126701,3,1,1,2025-06-12,2025-06-12
126767,2,1,1,2025-06-13,2025-06-13
126826,2,1,1,2025-06-13,2025-06-14
126853,2,1,1,2025-06-13,2025-06-13
126869,2,1,1,2025-06-13,2025-06-13
126907,2,1,1,2025-06-13,2025-06-13
126913,2,1,1,2025-06-13,2025-06-13
126926,2,1,1,2025-06-13,2025-06-13
126936,2,1,1,2025-06-13,2025-06-20
126944,2,1,1,2025-06-13,2025-06-13
126978,3,1,1,2025-06-13,2025-06-13
126987,2,1,1,2025-06-13,2025-06-13
127028,2,1,2,2025-06-13,2025-07-11
127053,2,1,2,2025-06-13,2025-07-02
127055,2,2,1,2025-06-13,2025-06-13
127066,2,1,1,2025-06-13,2025-06-13
127076,2,1,1,2025-06-13,2025-06-13
127133,2,1,1,2025-06-14,2025-06-14
127190,2,2,1,2025-06-14,2025-06-28
127223,2,1,1,2025-06-14,2025-06-14
127234,2,1,1,2025-06-14,2025-06-14
127236,5,1,2,2025-06-14,2025-09-19
127260,2,1,1,2025-06-15,2025-06-15
127299,252,2,4,2025-06-15,2026-06-22
127302,339,4,5,2025-06-15,2026-06-29
127319,3,1,1,2025-06-15,2025-06-15
127325,2,1,1,2025-06-15,2025-06-19
127355,2,1,1,2025-06-15,2025-06-15
127371,4,1,1,2025-06-16,2025-06-16
127387,2,1,1,2025-06-16,2025-06-16
127392,2,1,1,2025-06-16,2025-06-16
127396,2,1,1,2025-06-16,2025-06-16
127406,2,1,1,2025-06-16,2025-06-16
127415,2,1,1,2025-06-16,2025-06-16
127433,3,1,1,2025-06-16,2025-06-16
127436,4,1,1,2025-06-16,2025-06-20
127451,2,1,1,2025-06-16,2025-06-17
127477,4,1,2,2025-06-16,2025-07-13
127479,2,1,1,2025-06-16,2025-06-16
127482,16,1,1,2025-06-16,2025-06-17
127497,3,1,1,2025-06-16,2025-06-16
127500,2,1,1,2025-06-16,2025-06-16
127521,2,1,1,2025-06-16,2025-06-16
127529,7,2,3,2025-06-16,2026-05-25
127538,2,1,1,2025-06-16,2025-06-16
127544,2,2,1,2025-06-16,2025-06-19
127575,2,1,1,2025-06-16,2025-06-16
127651,2,1,1,2025-06-16,2025-06-16
127655,2,1,1,2025-06-16,2025-06-16
127687,12,2,4,2025-06-16,2026-05-18
127760,3,2,1,2025-06-17,2025-06-17
127761,2,1,1,2025-06-17,2025-06-17
127764,3,1,1,2025-06-17,2025-06-17
127808,2,1,1,2025-06-17,2025-06-17
127838,4,1,1,2025-06-17,2025-06-17
127858,243,1,6,2025-06-17,2026-07-16
127861,765,1,6,2025-06-17,2026-07-13
127862,3,2,1,2025-06-17,2025-06-18
127863,8,1,4,2025-06-17,2026-03-09
127865,2,1,1,2025-06-17,2025-06-18
127886,24,1,5,2025-06-17,2026-06-23
127923,2,1,1,2025-06-17,2025-06-17
127974,7,1,1,2025-06-17,2025-06-17
128006,2,1,1,2025-06-17,2025-06-17
128044,2,1,1,2025-06-17,2025-06-17
128098,4,1,1,2025-06-18,2025-06-18
128108,2,1,1,2025-06-18,2025-06-18
128149,13,1,1,2025-06-18,2025-06-19
128151,3,1,1,2025-06-18,2025-06-18
128178,6,1,2,2025-06-18,2025-08-14
128192,129,1,6,2025-06-18,2026-07-07
128197,240,1,6,2025-06-18,2026-07-13
128201,4,1,1,2025-06-18,2025-06-18
128205,2,1,1,2025-06-18,2025-06-19
128218,2,1,1,2025-06-18,2025-06-18
128222,202,1,6,2025-06-18,2026-07-14
128223,10,1,2,2025-06-18,2025-07-16
128228,7,1,2,2025-06-18,2025-07-07
128230,2,1,1,2025-06-18,2025-06-18
128250,163,1,6,2025-06-18,2026-07-23
128270,2,1,1,2025-06-18,2025-06-18
128293,25,1,5,2025-06-18,2026-05-04
128317,3,2,1,2025-06-18,2025-06-18
128330,2,2,1,2025-06-18,2025-06-18
128347,6,2,1,2025-06-18,2025-06-18
128357,2,1,2,2025-06-18,2025-08-21
128365,2,1,1,2025-06-18,2025-06-18
128366,9,1,2,2025-06-18,2025-07-18
128368,2,1,1,2025-06-18,2025-06-18
128447,2,1,1,2025-06-18,2025-06-20
128468,3,1,1,2025-06-18,2025-06-18
128487,2,1,1,2025-06-18,2025-06-18
128507,2,1,1,2025-06-18,2025-06-18
128524,2,1,1,2025-06-18,2025-06-18
128525,2,1,1,2025-06-18,2025-06-18
128538,2,2,2,2025-06-19,2025-12-15
128544,2,1,1,2025-06-19,2025-06-19
128553,16,1,5,2025-06-19,2026-04-21
128556,3,1,3,2025-06-19,2025-12-08
128557,3,1,1,2025-06-19,2025-06-19
128560,4,1,3,2025-06-19,2026-01-13
128563,2,1,1,2025-06-19,2025-06-19
128575,2,1,2,2025-06-19,2025-11-18
128577,13,1,4,2025-06-19,2026-03-03
128581,106,1,6,2025-06-19,2026-07-07
128583,43,1,5,2025-06-19,2026-05-06
128588,224,1,6,2025-06-19,2026-07-07
128597,5,1,3,2025-06-19,2026-03-24
128599,213,1,6,2025-06-19,2026-07-14
128613,11,1,4,2025-06-19,2026-01-23
128619,2,1,1,2025-06-19,2025-06-19
128640,4,1,4,2025-06-19,2026-04-30
128645,3,2,1,2025-06-19,2025-06-20
128650,2,1,2,2025-06-19,2025-08-05
128665,19,1,4,2025-06-19,2026-03-03
128727,2,1,1,2025-06-19,2025-06-19
128767,2,1,1,2025-06-19,2025-06-19
128879,27,2,5,2025-06-19,2026-05-04
128882,2,1,1,2025-06-19,2025-06-19
128929,16,1,4,2025-06-19,2026-02-05
128938,5,1,1,2025-06-20,2025-06-20
128941,2,1,1,2025-06-20,2025-06-20
128942,2,1,1,2025-06-20,2025-06-20
128948,2,1,1,2025-06-20,2025-06-20
128974,2,1,2,2025-06-20,2025-07-03
128978,201,1,6,2025-06-20,2026-07-08
128980,2,1,1,2025-06-20,2025-06-20
129009,2,1,1,2025-06-20,2025-06-20
129014,2,1,2,2025-06-20,2025-10-17
129016,3,1,1,2025-06-20,2025-06-20
129034,6,1,4,2025-06-20,2026-02-03
129049,5,1,4,2025-06-20,2026-01-08
129058,25,1,4,2025-06-20,2026-06-24
129061,2,1,1,2025-06-20,2025-06-20
129073,2,1,1,2025-06-20,2025-06-20
129085,20,1,3,2025-06-20,2026-06-12
129098,3,1,1,2025-06-20,2025-06-20
129124,2,1,1,2025-06-20,2025-06-20
129128,4,1,1,2025-06-20,2025-06-26
129131,20,1,2,2025-06-20,2025-09-29
129139,2,1,1,2025-06-20,2025-06-20
129142,2,1,1,2025-06-20,2025-06-20
129145,2,1,1,2025-06-20,2025-06-20
129169,2,1,1,2025-06-20,2025-06-20
129174,13,1,4,2025-06-20,2026-03-06
129177,2,1,1,2025-06-20,2025-06-20
129187,2,1,1,2025-06-20,2025-06-20
129192,841,2,2,2025-06-20,2025-09-17
129235,3,1,1,2025-06-20,2025-06-20
129250,2,1,1,2025-06-20,2025-06-20
129280,3,1,1,2025-06-20,2025-06-20
129314,2,1,1,2025-06-21,2025-06-21
129316,3,1,1,2025-06-21,2025-06-21
129326,15,1,4,2025-06-21,2026-03-10
129349,8,1,1,2025-06-21,2025-06-21
129354,2,1,1,2025-06-21,2025-06-21
129363,2,1,1,2025-06-21,2025-06-21
129371,2,1,1,2025-06-21,2025-06-21
129373,2,1,1,2025-06-21,2025-06-21
129374,2,1,1,2025-06-21,2025-06-21
129390,2,1,1,2025-06-21,2025-06-21
129447,2,1,1,2025-06-21,2025-06-21
129449,2,1,1,2025-06-21,2025-06-21
129454,3,1,2,2025-06-21,2025-08-11
129458,2,1,1,2025-06-21,2025-06-24
129460,2,1,1,2025-06-21,2025-06-21
129477,2,1,2,2025-06-22,2025-07-26
129486,3,2,1,2025-06-22,2025-06-22
129487,2,1,1,2025-06-22,2025-06-22
129503,2,1,1,2025-06-22,2025-06-22
129534,2,2,2,2025-06-22,2026-01-20
129536,2,1,1,2025-06-22,2025-06-22
129541,4,1,4,2025-06-22,2026-02-02
129619,5,1,1,2025-06-23,2025-06-23
129643,2,1,1,2025-06-23,2025-06-23
129690,2,1,1,2025-06-23,2025-06-23
129693,2,1,1,2025-06-23,2025-06-23
129698,3,1,1,2025-06-23,2025-06-23
129701,2,1,1,2025-06-23,2025-06-23
129703,201,1,6,2025-06-23,2026-07-07
129709,17,1,2,2025-06-23,2025-07-11
129763,3,1,3,2025-06-23,2026-01-13
129769,2,1,1,2025-06-23,2025-06-23
129824,6,1,3,2025-06-23,2025-12-16
129826,2,1,1,2025-06-23,2025-06-23
129839,6,1,3,2025-06-23,2026-01-27
129863,2,1,1,2025-06-23,2025-06-24
129866,57,1,5,2025-06-23,2026-06-17
129876,2,1,1,2025-06-23,2025-06-29
129895,2,1,2,2025-06-23,2025-07-03
129901,3,1,2,2025-06-24,2025-07-15
129906,4,1,2,2025-06-24,2025-07-13
129910,2,1,1,2025-06-24,2025-06-24
129918,2,1,1,2025-06-24,2025-06-24
129927,3,1,1,2025-06-24,2025-06-24
129941,2,1,1,2025-06-24,2025-06-24
129968,17,1,4,2025-06-24,2026-02-20
129969,6,3,1,2025-06-24,2025-06-24
130023,3,2,2,2025-06-24,2025-07-27
130058,2,1,1,2025-06-24,2025-06-24
130064,2,1,1,2025-06-24,2025-06-24
130073,2,1,1,2025-06-24,2025-06-24
130084,2,1,2,2025-06-24,2026-01-09
130093,4,2,1,2025-06-24,2025-06-24
130110,2,1,1,2025-06-24,2025-06-24
130147,2,1,1,2025-06-24,2025-06-24
130234,3,1,2,2025-06-24,2025-12-30
130268,2,1,1,2025-06-25,2025-06-25
130271,2,1,1,2025-06-25,2025-06-25
130308,246,1,6,2025-06-25,2026-07-08
130312,2,1,1,2025-06-25,2025-06-29
130325,2,1,1,2025-06-25,2025-06-25
130333,2,1,1,2025-06-25,2025-06-25
130341,2,1,1,2025-06-25,2025-06-25
130383,2,1,1,2025-06-25,2025-06-25
130424,2,1,1,2025-06-25,2025-06-25
130474,2,1,1,2025-06-25,2025-06-25
130639,2,1,1,2025-06-26,2025-06-26
130670,2,1,1,2025-06-26,2025-06-26
130679,2,1,1,2025-06-26,2025-06-26
130730,2,1,1,2025-06-26,2025-06-26
130738,2,1,1,2025-06-26,2025-06-26
130741,2,1,1,2025-06-26,2025-06-26
130744,2,1,1,2025-06-26,2025-06-26
130773,2,1,1,2025-06-26,2025-06-26
130780,6,1,2,2025-06-26,2025-07-02
130867,2,1,1,2025-06-26,2025-06-26
130909,3,1,1,2025-06-26,2025-06-26
130945,8,1,1,2025-06-27,2025-06-27
130982,2,1,1,2025-06-27,2025-06-27
130995,3,1,1,2025-06-27,2025-06-27
130996,2,1,1,2025-06-27,2025-06-27
131018,2,1,1,2025-06-27,2025-06-27
131033,2,1,1,2025-06-27,2025-06-27
131036,3,1,1,2025-06-27,2025-06-27
131047,11,1,4,2025-06-27,2026-02-04
131060,2,1,1,2025-06-27,2025-06-27
131091,8,1,5,2025-06-27,2026-05-07
131122,76,1,6,2025-06-27,2026-07-08
131139,4,2,2,2025-06-27,2025-07-10
131175,2,1,1,2025-06-27,2025-06-27
131222,2,1,1,2025-06-27,2025-06-27
131261,2,2,2,2025-06-27,2025-07-01
131282,2,1,1,2025-06-27,2025-06-27
131322,2,1,1,2025-06-28,2025-06-28
131335,2,1,1,2025-06-28,2025-06-28
131358,2,1,2,2025-06-28,2025-07-31
131390,113,1,6,2025-06-28,2026-07-03
131395,66,1,6,2025-06-28,2026-07-01
131427,2,1,1,2025-06-28,2025-06-28
131435,2,1,1,2025-06-28,2025-06-28
131447,2,1,1,2025-06-28,2025-06-28
131454,2,1,1,2025-06-28,2025-06-29
131455,2,1,1,2025-06-28,2025-06-29
131498,3,1,1,2025-06-29,2025-06-29
131509,2,1,1,2025-06-29,2025-06-29
131514,2,1,2,2025-06-29,2025-07-13
131524,4,1,2,2025-06-29,2025-08-04
131535,2,1,1,2025-06-29,2025-06-29
131539,4,1,1,2025-06-29,2025-06-29
131563,2,1,1,2025-06-29,2025-06-29
131594,2,1,1,2025-06-29,2025-06-29
131597,2,1,1,2025-06-29,2025-06-29
131607,3,1,1,2025-06-29,2025-06-29
131626,2,1,1,2025-06-30,2025-06-30
131631,2,1,1,2025-06-30,2025-06-30
131647,5,1,1,2025-06-30,2025-06-30
131655,3,1,1,2025-06-30,2025-06-30
131690,3,2,1,2025-06-30,2025-06-30
131691,3,1,1,2025-06-30,2025-06-30
131730,6,1,4,2025-06-30,2026-05-29
131765,3,1,2,2025-06-30,2025-07-02
131784,2,1,1,2025-06-30,2025-06-30
131798,3,1,1,2025-06-30,2025-06-30
131824,2,1,1,2025-06-30,2025-06-30
131826,2,1,1,2025-06-30,2025-06-30
131857,3,1,1,2025-06-30,2025-06-30
131958,2,1,1,2025-07-01,2025-07-01
132102,9,1,1,2025-07-01,2025-07-14
132111,2,1,1,2025-07-01,2025-07-01
132116,2,1,1,2025-07-01,2025-07-01
132146,2,2,1,2025-07-01,2025-07-01
132148,37,1,4,2025-07-01,2026-06-09
132149,2,1,1,2025-07-01,2025-07-07
132167,2,1,1,2025-07-01,2025-07-01
132195,6,2,1,2025-07-01,2025-07-21
132225,2,1,1,2025-07-02,2025-07-02
132245,6,1,2,2025-07-02,2025-11-20
132248,3,2,1,2025-07-02,2025-08-18
132260,3,1,1,2025-07-02,2025-07-02
132261,2,1,1,2025-07-02,2025-07-02
132278,3,1,1,2025-07-02,2025-07-02
132305,3,1,1,2025-07-02,2025-07-08
132311,2,1,1,2025-07-02,2025-07-02
132338,2,1,1,2025-07-02,2025-07-02
132343,3,1,1,2025-07-02,2025-07-08
132368,2,2,1,2025-07-02,2025-07-02
132374,29,1,1,2025-07-02,2025-07-17
132376,2,1,1,2025-07-02,2025-07-02
132392,2,1,1,2025-07-02,2025-07-02
132416,3,1,1,2025-07-02,2025-07-02
132442,22,1,4,2025-07-02,2026-06-09
132523,2,1,1,2025-07-02,2025-07-02
132541,2,1,2,2025-07-02,2025-12-01
132555,2,1,1,2025-07-03,2025-07-03
132609,50,1,4,2025-07-03,2026-06-02
132626,2,1,1,2025-07-03,2025-07-03
132658,2,1,1,2025-07-03,2025-07-03
132705,2,1,1,2025-07-03,2025-07-03
132709,2,1,1,2025-07-03,2025-07-03
132714,2,1,1,2025-07-03,2025-07-03
132720,2,1,1,2025-07-03,2025-07-03
132728,7,1,1,2025-07-03,2025-07-05
132738,2,1,1,2025-07-03,2025-08-18
132739,2,1,1,2025-07-03,2025-07-03
132765,2,1,1,2025-07-03,2025-07-04
132778,2,1,1,2025-07-03,2025-07-03
132840,2,1,1,2025-07-03,2025-07-03
132845,2,1,1,2025-07-03,2025-07-03
132857,2,1,1,2025-07-03,2025-07-03
132860,2,1,1,2025-07-03,2025-07-03
132877,4,1,1,2025-07-04,2025-07-04
132893,26,1,4,2025-07-04,2026-05-26
132906,6,1,1,2025-07-04,2025-07-05
132927,3,1,1,2025-07-04,2025-08-25
132940,60,1,4,2025-07-04,2026-06-09
132960,3,1,2,2025-07-04,2026-01-22
132980,12,1,1,2025-07-04,2025-07-21
132982,2,1,1,2025-07-04,2025-08-01
132996,2,1,1,2025-07-04,2025-07-04
133009,10,1,2,2025-07-04,2025-12-09
133011,6,2,1,2025-07-04,2025-07-04
133014,2,1,1,2025-07-04,2025-07-04
133036,2,1,1,2025-07-04,2025-07-04
133053,2,1,1,2025-07-04,2025-07-04
133062,2,1,1,2025-07-04,2025-07-04
133072,39,1,5,2025-07-04,2026-07-07
133095,2,1,1,2025-07-05,2025-07-05
133107,6,1,1,2025-07-05,2025-07-05
133239,2,1,1,2025-07-06,2025-07-06
133306,4,1,1,2025-07-06,2025-07-06
133313,2,1,1,2025-07-06,2025-07-06
133331,2,1,1,2025-07-06,2025-07-06
133372,2,1,1,2025-07-07,2025-07-07
133375,5,1,2,2025-07-07,2025-10-15
133387,4,1,1,2025-07-07,2025-07-07
133444,3,1,1,2025-07-07,2025-07-07
133445,2,1,1,2025-07-07,2025-07-07
133451,2,1,1,2025-07-07,2025-07-07
133460,8,1,3,2025-07-07,2026-03-06
133476,2,1,1,2025-07-07,2025-07-07
133478,3,1,3,2025-07-07,2026-02-25
133512,2,1,1,2025-07-07,2025-07-07
133522,4,1,1,2025-07-07,2025-07-17
133529,2,1,1,2025-07-07,2025-07-07
133540,2,1,1,2025-07-07,2025-07-07
133588,3,1,2,2025-07-07,2025-11-29
133618,2,1,1,2025-07-07,2025-07-07
133627,2,1,1,2025-07-07,2025-07-07
133633,10,1,4,2025-07-07,2026-05-27
133648,2,1,1,2025-07-07,2025-07-07
133692,2,1,1,2025-07-08,2025-07-08
133703,3,1,1,2025-07-08,2025-07-08
133712,2,1,1,2025-07-08,2025-07-08
133749,4,1,3,2025-07-08,2026-01-23
133750,2,1,1,2025-07-08,2025-07-08
133754,2,1,1,2025-07-08,2025-07-08
133787,2,1,1,2025-07-08,2025-07-08
133806,2,1,1,2025-07-08,2025-07-08
133855,5,1,1,2025-07-08,2025-07-08
133890,7,2,1,2025-07-08,2025-09-05
133927,2,1,1,2025-07-08,2025-07-08
133938,633,1,5,2025-07-08,2026-07-28
133951,2,1,1,2025-07-08,2025-07-08
133992,5,1,1,2025-07-08,2025-07-08
134031,2,1,1,2025-07-09,2025-07-09
134034,2,1,1,2025-07-09,2025-08-26
134076,3,1,1,2025-07-09,2025-07-09
134082,3,1,1,2025-07-09,2025-07-09
134104,2,1,1,2025-07-09,2025-07-09
134113,2,1,1,2025-07-09,2025-07-09
134117,3,1,1,2025-07-09,2025-08-01
134127,2,1,1,2025-07-09,2025-07-09
134128,2,1,1,2025-07-09,2025-09-16
134129,2,1,1,2025-07-09,2025-07-09
134140,2,1,1,2025-07-09,2025-07-09
134199,2,1,1,2025-07-09,2025-07-09
134253,2,1,1,2025-07-09,2025-07-09
134256,4,2,1,2025-07-09,2025-07-30
134280,3,2,1,2025-07-09,2025-07-09
134292,2,1,1,2025-07-09,2025-07-09
134331,2,1,1,2025-07-09,2025-07-09
134344,3,1,1,2025-07-09,2025-07-09
134357,2,1,1,2025-07-09,2025-07-09
134389,2,1,1,2025-07-09,2025-07-09
134417,2,1,1,2025-07-09,2025-07-09
134443,5,1,3,2025-07-09,2026-07-13
134448,14,1,4,2025-07-10,2026-04-02
134483,8,1,1,2025-07-10,2025-07-10
134530,2,1,1,2025-07-10,2025-07-10
134537,2,1,1,2025-07-10,2025-07-10
134547,14,1,4,2025-07-10,2026-06-29
134558,7,1,3,2025-07-10,2026-07-01
134577,2,1,1,2025-07-10,2025-07-10
134583,4,1,1,2025-07-10,2025-08-15
134618,2,1,1,2025-07-10,2025-07-10
134628,2,1,1,2025-07-10,2025-07-10
134640,2,1,1,2025-07-10,2025-07-10
134644,79,1,5,2025-07-10,2026-07-23
134648,3,1,1,2025-07-10,2025-07-10
134653,2,1,1,2025-07-10,2025-07-10
134682,2,1,1,2025-07-10,2025-07-11
134691,4,1,1,2025-07-10,2025-07-10
134704,2,1,1,2025-07-10,2025-07-10
134716,2,1,1,2025-07-10,2025-07-10
134743,2,1,1,2025-07-10,2025-07-10
134770,4,2,1,2025-07-10,2025-08-17
134878,2,1,1,2025-07-11,2025-07-11
134884,3,2,1,2025-07-11,2025-07-21
134886,2,1,1,2025-07-11,2025-07-11
134921,2,1,1,2025-07-11,2025-07-11
135012,2,1,1,2025-07-11,2025-07-11
135077,12,1,1,2025-07-11,2025-07-12
135086,2,1,1,2025-07-11,2025-07-11
135114,2,1,1,2025-07-11,2025-07-11
135127,2,1,1,2025-07-11,2025-07-11
135179,2,1,1,2025-07-12,2025-08-26
135216,2,2,1,2025-07-12,2025-07-17
135232,3,1,1,2025-07-12,2025-07-12
135237,2,1,1,2025-07-12,2025-07-12
135238,4,1,1,2025-07-12,2025-07-14
135247,3,1,1,2025-07-12,2025-07-12
135275,2,1,1,2025-07-12,2025-07-12
135280,2,1,1,2025-07-12,2025-07-12
135344,3,1,1,2025-07-12,2025-07-12
135364,3,2,1,2025-07-12,2025-07-13
135377,11,1,1,2025-07-13,2025-07-24
135404,2,1,1,2025-07-13,2025-07-13
135408,2,1,1,2025-07-13,2025-07-13
135417,2,1,1,2025-07-13,2025-07-13
135438,2,1,1,2025-07-13,2025-07-13
135448,2,1,1,2025-07-13,2025-07-13
135460,2,1,1,2025-07-13,2025-07-13
135476,2,1,1,2025-07-13,2025-07-13
135484,4,1,1,2025-07-13,2025-07-13
135506,2,1,1,2025-07-13,2025-07-13
135531,6,1,1,2025-07-14,2025-07-14
135536,2,1,1,2025-07-14,2025-07-14
135598,100,1,5,2025-07-14,2026-07-07
135617,4,1,1,2025-07-14,2025-07-14
135635,2,1,1,2025-07-14,2025-07-15
135645,9,1,1,2025-07-14,2025-07-17
135647,19,1,1,2025-07-14,2025-07-28
135656,4,1,1,2025-07-14,2025-07-14
135692,3,1,1,2025-07-14,2025-07-14
135764,3,1,2,2025-07-14,2026-01-15
135770,2,1,2,2025-07-14,2026-03-30
135860,3,1,1,2025-07-14,2025-07-14
135897,2,1,1,2025-07-15,2025-07-15
135976,2,1,1,2025-07-15,2025-07-15
136012,2,1,1,2025-07-15,2025-07-15
136056,2,1,1,2025-07-15,2025-07-15
136074,2,1,1,2025-07-15,2025-07-15
136077,2,1,1,2025-07-15,2025-07-15
136084,7,1,1,2025-07-15,2025-07-16
136106,2,1,1,2025-07-15,2025-07-15
136124,4,1,1,2025-07-15,2025-07-17
136170,2,1,1,2025-07-15,2025-07-15
136192,2,1,1,2025-07-15,2025-07-15
136220,2,1,1,2025-07-15,2025-07-15
136239,2,1,1,2025-07-15,2025-07-16
136243,3,1,2,2025-07-15,2026-05-19
136284,2,1,1,2025-07-16,2025-07-25
136327,2,1,1,2025-07-16,2025-07-16
136338,39,2,2,2025-07-16,2025-11-13
136344,2,1,1,2025-07-16,2025-07-16
136347,2,1,1,2025-07-16,2025-07-16
136378,5,1,1,2025-07-16,2025-07-16
136435,2,1,1,2025-07-16,2025-07-16
136436,35,1,2,2025-07-16,2025-10-15
136448,2,1,1,2025-07-16,2025-07-16
136464,2,1,1,2025-07-16,2025-07-16
136484,2,1,1,2025-07-16,2025-07-16
136501,2,1,1,2025-07-16,2025-07-28
136536,2,1,1,2025-07-16,2025-07-16
136550,3,1,1,2025-07-16,2025-07-16
136622,2,2,1,2025-07-16,2025-07-16
136641,3,1,1,2025-07-16,2025-09-14
136652,3,1,1,2025-07-16,2025-07-16
136658,2,1,1,2025-07-16,2025-08-05
136708,2,1,1,2025-07-17,2025-07-17
136720,2,1,1,2025-07-17,2025-07-17
136749,4,1,1,2025-07-17,2025-07-17
136768,2,1,1,2025-07-17,2025-07-17
136785,3,1,1,2025-07-17,2025-07-18
136794,2,1,1,2025-07-17,2025-07-17
136796,3,1,1,2025-07-17,2025-07-17
136841,2,1,1,2025-07-17,2025-07-17
136953,2,1,1,2025-07-17,2025-07-17
137067,2,1,2,2025-07-17,2026-04-21
137202,2,1,1,2025-07-18,2025-07-19
137223,2,1,1,2025-07-18,2025-08-27
137241,6,1,1,2025-07-18,2025-07-18
137308,2,1,1,2025-07-18,2025-07-18
137316,2,1,1,2025-07-18,2025-07-18
137341,2,1,1,2025-07-18,2025-07-18
137353,2,1,1,2025-07-18,2025-07-18
137365,2,1,1,2025-07-18,2025-08-16
137366,2,1,1,2025-07-18,2025-07-23
137367,2,1,1,2025-07-18,2025-07-18
137384,4,2,3,2025-07-18,2026-04-01
137418,2,1,1,2025-07-18,2025-07-18
137497,2,1,1,2025-07-19,2025-07-19
137523,2,1,1,2025-07-19,2025-07-19
137528,2,1,1,2025-07-19,2025-07-19
137538,2,1,1,2025-07-19,2025-07-19
137541,2,2,1,2025-07-19,2025-07-19
137590,2,1,1,2025-07-19,2025-07-19
137600,3,1,1,2025-07-19,2025-07-19
137681,2,1,1,2025-07-20,2025-07-20
137696,2,2,1,2025-07-20,2025-07-20
137726,2,1,1,2025-07-20,2025-07-20
137759,2,1,1,2025-07-20,2025-07-20
137812,2,1,1,2025-07-21,2025-07-21
137837,2,2,1,2025-07-21,2025-07-21
137860,2,1,1,2025-07-21,2025-07-21
137870,2,1,1,2025-07-21,2025-07-21
137889,2,1,1,2025-07-21,2025-07-21
138036,2,1,1,2025-07-21,2025-07-21
138041,2,1,1,2025-07-21,2025-07-21
138069,2,1,1,2025-07-21,2025-07-21
138094,5,2,2,2025-07-22,2026-03-09
138112,2,1,1,2025-07-22,2025-07-22
138148,7,1,3,2025-07-22,2026-03-03
138176,4,1,2,2025-07-22,2026-03-03
138257,2,1,1,2025-07-22,2025-09-19
138322,2,1,1,2025-07-22,2025-07-22
138336,3,1,1,2025-07-22,2025-07-23
138362,2,1,1,2025-07-22,2025-07-22
138380,3,1,1,2025-07-22,2025-07-22
138395,2,1,1,2025-07-22,2025-08-15
138398,2,1,1,2025-07-22,2025-07-22
138426,2,1,1,2025-07-23,2025-07-23
138429,2,1,1,2025-07-23,2025-07-23
138431,6,1,1,2025-07-23,2025-07-23
138433,2,1,1,2025-07-23,2025-07-23
138449,2,1,1,2025-07-23,2025-07-23
138467,2,1,1,2025-07-23,2025-07-23
138538,53,1,4,2025-07-23,2026-06-16
138557,2,1,1,2025-07-23,2025-07-24
138559,4,1,1,2025-07-23,2025-07-23
138575,2,1,1,2025-07-23,2025-07-23
138608,2,1,1,2025-07-23,2025-07-23
138634,2,1,1,2025-07-23,2025-07-23
138637,3,1,1,2025-07-23,2025-07-23
138656,91,1,5,2025-07-23,2026-07-21
138662,3,2,1,2025-07-23,2025-07-24
138709,17,1,3,2025-07-23,2026-03-05
138728,2,1,1,2025-07-23,2025-07-23
138746,3,2,1,2025-07-23,2025-07-25
138773,4,1,1,2025-07-23,2025-07-23
138841,2,1,1,2025-07-24,2025-07-24
138845,2,1,1,2025-07-24,2025-07-24
138884,4,1,1,2025-07-24,2025-07-24
138887,2,1,1,2025-07-24,2025-07-24
138893,2,1,1,2025-07-24,2025-07-24
138896,3,1,1,2025-07-24,2025-07-24
138914,65,1,5,2025-07-24,2026-07-08
138924,3,1,1,2025-07-24,2025-07-24
138936,2,1,1,2025-07-24,2025-07-24
138945,2,1,1,2025-07-24,2025-07-24
138995,4,1,2,2025-07-24,2026-04-08
139020,2,1,1,2025-07-24,2025-07-24
139022,6,1,4,2025-07-24,2026-06-09
139090,2,1,1,2025-07-24,2025-07-24
139095,2,1,1,2025-07-24,2025-07-24
139144,2,1,1,2025-07-24,2025-07-24
139164,9,1,3,2025-07-24,2026-02-10
139174,2,1,1,2025-07-25,2025-07-25
139190,2,1,1,2025-07-25,2025-08-29
139218,2,1,1,2025-07-25,2025-07-25
139223,6,1,2,2025-07-25,2025-12-08
139235,2,1,1,2025-07-25,2025-07-25
139238,8,1,3,2025-07-25,2026-05-06
139239,6,1,1,2025-07-25,2025-08-09
139241,2,1,1,2025-07-25,2025-08-01
139257,6,1,3,2025-07-25,2026-04-15
139300,2,1,1,2025-07-25,2025-07-25
139317,2,1,1,2025-07-25,2025-07-25
139400,5,1,1,2025-07-25,2025-07-25
139401,2,1,1,2025-07-25,2025-07-25
139405,2,1,1,2025-07-25,2025-07-25
139438,3,1,1,2025-07-25,2025-07-25
139458,2,1,1,2025-07-25,2025-07-25
139521,2,1,1,2025-07-26,2025-07-26
139545,3,1,1,2025-07-26,2025-07-26
139555,3,2,1,2025-07-26,2025-07-26
139558,2,1,1,2025-07-26,2025-07-26
139563,2,1,1,2025-07-26,2025-07-26
139618,2,1,1,2025-07-26,2025-07-26
139619,2,1,1,2025-07-26,2025-07-26
139662,3,1,1,2025-07-27,2025-07-27
139678,2,1,1,2025-07-27,2025-07-27
139694,2,1,1,2025-07-27,2025-07-27
139705,2,2,1,2025-07-27,2025-07-27
139710,3,1,1,2025-07-27,2025-08-15
139711,2,1,1,2025-07-27,2025-07-27
139727,3,1,1,2025-07-27,2025-07-27
139736,2,1,1,2025-07-27,2025-07-27
139742,5,2,1,2025-07-27,2025-09-03
139766,2,1,1,2025-07-27,2025-07-27
139770,2,1,1,2025-07-27,2025-07-27
139782,5,1,1,2025-07-27,2025-07-27
139808,5,1,4,2025-07-27,2026-04-24
139830,2,1,1,2025-07-28,2025-07-28
139838,3,1,1,2025-07-28,2025-08-02
139841,2,1,1,2025-07-28,2025-07-28
139848,2,1,1,2025-07-28,2025-07-28
139864,2,1,1,2025-07-28,2025-07-28
139882,3,1,3,2025-07-28,2026-01-19
139886,2,1,1,2025-07-28,2025-07-29
139899,3,1,2,2025-07-28,2026-03-06
139916,2,1,1,2025-07-28,2025-07-28
139926,2,1,1,2025-07-28,2025-07-28
139945,2,1,1,2025-07-28,2025-07-28
139946,2,1,1,2025-07-28,2025-07-28
139970,7,1,1,2025-07-28,2025-07-28
139980,3,1,1,2025-07-28,2025-07-28
139983,4,1,1,2025-07-28,2025-07-28
140011,2,1,1,2025-07-28,2025-07-28
140015,3,1,1,2025-07-28,2025-07-28
140042,2,1,1,2025-07-28,2025-08-31
140052,2,1,1,2025-07-28,2025-07-28
140059,2,1,1,2025-07-28,2025-07-28
140088,16,1,1,2025-07-28,2025-09-09
140106,2,1,1,2025-07-28,2025-07-28
140116,2,1,1,2025-07-28,2025-07-28
140133,2,1,1,2025-07-28,2025-07-28
140163,3,1,1,2025-07-29,2025-07-29
140195,2,1,1,2025-07-29,2025-07-29
140202,2,1,1,2025-07-29,2025-07-29
140204,3,1,1,2025-07-29,2025-07-29
140283,6,1,3,2025-07-29,2026-03-11
140284,4,1,1,2025-07-29,2025-07-30
140304,7,1,3,2025-07-29,2026-03-03
140320,6,1,3,2025-07-29,2026-02-17
140338,2,1,1,2025-07-29,2025-07-29
140354,3,1,1,2025-07-29,2025-07-29
140469,2,1,1,2025-07-29,2025-07-29
140561,2,1,1,2025-07-29,2025-07-29
140605,2,1,1,2025-07-29,2025-07-29
140662,2,1,1,2025-07-30,2025-07-30
140670,3,1,1,2025-07-30,2025-07-31
140689,4,1,1,2025-07-30,2025-07-30
140701,2,1,1,2025-07-30,2025-07-30
140725,2,1,1,2025-07-30,2025-07-30
140733,3,1,1,2025-07-30,2025-07-30
140748,4,1,1,2025-07-30,2025-07-30
140749,5,1,1,2025-07-30,2025-07-30
140757,2,1,1,2025-07-30,2025-07-30
140759,2,1,1,2025-07-30,2025-07-30
140781,2,1,1,2025-07-30,2025-08-16
140785,9,1,1,2025-07-30,2025-08-09
140833,2,1,1,2025-07-30,2025-07-30
140903,2,1,1,2025-07-30,2025-07-30
140971,19,1,1,2025-07-30,2025-08-21
140999,2,1,1,2025-07-30,2025-08-09
141060,2,1,1,2025-07-31,2025-07-31
141063,2,1,1,2025-07-31,2025-07-31
141079,2,1,1,2025-07-31,2025-07-31
141082,2,1,1,2025-07-31,2025-07-31
141092,3,1,1,2025-07-31,2025-07-31
141113,3,1,1,2025-07-31,2025-07-31
141140,2,1,2,2025-07-31,2025-10-01
141169,10,1,4,2025-07-31,2026-06-17
141175,2,1,1,2025-07-31,2025-07-31
141184,2,1,2,2025-07-31,2026-01-27
141224,2,1,1,2025-07-31,2025-07-31
141306,2,1,1,2025-07-31,2025-07-31
141345,2,1,1,2025-07-31,2025-07-31
141347,3,1,1,2025-07-31,2025-08-06
141359,2,1,1,2025-07-31,2025-07-31
141415,6,1,1,2025-07-31,2025-07-31
141425,2,1,1,2025-07-31,2025-07-31
141466,2,1,1,2025-07-31,2025-07-31
141574,5,1,2,2025-08-01,2026-01-09
141577,4,1,1,2025-08-01,2025-08-01
141587,2,1,1,2025-08-01,2025-08-01
141594,2,1,1,2025-08-01,2025-08-19
141610,2,1,1,2025-08-01,2025-08-01
141612,2,1,1,2025-08-01,2025-08-01
141635,2,1,1,2025-08-01,2025-09-08
141645,7,1,3,2025-08-01,2026-03-06
141652,2,1,1,2025-08-01,2025-08-01
141654,3,1,1,2025-08-01,2025-08-25
141710,2,1,2,2025-08-01,2026-05-24
141725,9,1,1,2025-08-01,2025-09-02
141749,2,1,1,2025-08-01,2025-08-01
141881,2,1,1,2025-08-02,2025-08-02
141882,2,1,1,2025-08-02,2025-08-02
141890,8,1,1,2025-08-02,2025-08-07
141915,2,1,1,2025-08-02,2025-08-02
141954,3,1,1,2025-08-02,2025-08-03
142044,3,1,1,2025-08-03,2025-08-03
142046,7,1,1,2025-08-03,2025-08-03
142075,2,1,1,2025-08-03,2025-08-03
142107,2,1,1,2025-08-03,2025-08-04
142128,2,1,1,2025-08-03,2025-08-03
142141,3,1,3,2025-08-03,2026-05-03
142159,2,1,1,2025-08-03,2025-08-03
142172,3,1,2,2025-08-03,2026-01-27
142178,2,1,1,2025-08-03,2025-08-03
142202,12,1,1,2025-08-04,2025-09-13
142219,2,1,1,2025-08-04,2025-08-04
142229,33,1,1,2025-08-04,2025-08-08
142272,7,1,3,2025-08-04,2026-01-28
142285,12,1,1,2025-08-04,2025-08-04
142325,2,1,2,2025-08-04,2026-04-07
142336,2,1,1,2025-08-04,2025-08-04
142371,3,1,3,2025-08-04,2026-02-11
142441,2,1,1,2025-08-04,2025-08-04
142445,2,1,1,2025-08-04,2025-08-04
142459,2,1,1,2025-08-04,2025-08-04
142467,2,1,1,2025-08-04,2025-08-04
142481,2,1,1,2025-08-04,2025-08-04
142488,2,1,1,2025-08-04,2025-08-04
142532,4,1,1,2025-08-05,2025-08-05
142556,7,1,3,2025-08-05,2026-01-13
142559,2,1,1,2025-08-05,2025-08-05
142564,6,1,3,2025-08-05,2026-06-25
142566,128,1,1,2025-08-05,2025-09-18
142621,3,1,1,2025-08-05,2025-08-06
142636,4,1,1,2025-08-05,2025-08-06
142643,2,1,1,2025-08-05,2025-08-05
142655,2,1,1,2025-08-05,2025-08-05
142699,14,1,3,2025-08-05,2026-02-17
142741,2,1,1,2025-08-05,2025-08-05
142746,3,1,1,2025-08-05,2025-08-06
142763,2,1,1,2025-08-05,2025-08-05
142772,2,1,1,2025-08-05,2025-08-05
142785,4,1,1,2025-08-05,2025-08-08
142867,4,1,1,2025-08-05,2025-09-17
142872,2,1,1,2025-08-05,2025-08-05
142892,4,1,1,2025-08-05,2025-08-29
142896,2,1,1,2025-08-05,2025-08-05
142924,4,1,1,2025-08-05,2025-09-17
142932,2,1,1,2025-08-05,2025-08-05
142945,2,1,1,2025-08-05,2025-08-05
142965,2,1,1,2025-08-05,2025-08-28
143069,3,1,1,2025-08-06,2025-09-25
143083,4,1,1,2025-08-06,2025-09-25
143084,2,1,1,2025-08-06,2025-08-06
143085,3,1,1,2025-08-06,2025-08-07
143087,2,1,1,2025-08-06,2025-08-06
143093,2,1,1,2025-08-06,2025-08-06
143096,2,1,1,2025-08-06,2025-08-06
143101,2,2,1,2025-08-06,2025-08-06
143102,2,1,1,2025-08-06,2025-08-07
143120,2,1,1,2025-08-06,2025-08-06
143135,3,1,1,2025-08-06,2025-08-06
143188,4,1,1,2025-08-06,2025-09-25
143196,3,1,2,2025-08-06,2026-03-06
143225,2,1,1,2025-08-06,2025-08-06
143228,4,1,1,2025-08-06,2025-08-06
143271,3,1,1,2025-08-06,2025-08-06
143317,2,1,1,2025-08-06,2025-08-06
143379,2,1,1,2025-08-06,2025-08-06
143411,2,1,1,2025-08-06,2025-08-06
143433,2,1,1,2025-08-06,2025-08-06
143441,2,1,1,2025-08-06,2025-08-06
143458,2,1,1,2025-08-06,2025-08-06
143494,3,1,1,2025-08-07,2025-08-07
143515,2,1,1,2025-08-07,2025-08-07
143563,2,1,2,2025-08-07,2026-02-16
143578,4,1,1,2025-08-07,2025-08-07
143582,3,1,1,2025-08-07,2025-09-25
143598,2,1,1,2025-08-07,2025-08-07
143606,3,1,1,2025-08-07,2025-08-07
143607,2,1,1,2025-08-07,2025-08-07
143621,2,1,1,2025-08-07,2025-08-07
143644,2,1,1,2025-08-07,2025-08-07
143674,3,1,1,2025-08-07,2025-08-08
143678,2,1,1,2025-08-07,2025-08-07
143680,4,1,1,2025-08-07,2025-08-08
143688,2,1,2,2025-08-07,2026-01-29
143694,2,1,1,2025-08-07,2025-08-07
143702,4,1,1,2025-08-07,2025-08-08
143711,5,1,3,2025-08-07,2026-01-22
143712,2,1,1,2025-08-07,2025-08-07
143716,4,1,1,2025-08-07,2025-08-09
143721,3,1,1,2025-08-07,2025-08-08
143723,3,1,1,2025-08-07,2025-08-21
143730,2,1,1,2025-08-07,2025-08-07
143742,5,1,1,2025-08-07,2025-08-09
143747,2,1,1,2025-08-07,2025-08-07
143749,2,1,1,2025-08-07,2025-08-07
143764,2,2,1,2025-08-07,2025-08-07
143793,2,1,1,2025-08-07,2025-08-07
143795,3,1,1,2025-08-07,2025-09-25
143836,2,1,1,2025-08-07,2025-08-07
143909,3,1,1,2025-08-08,2025-08-08
143923,3,1,1,2025-08-08,2025-08-08
143962,2,1,1,2025-08-08,2025-08-08
144007,2,1,1,2025-08-08,2025-08-28
144019,13,1,3,2025-08-08,2026-02-05
144045,2,1,1,2025-08-08,2025-08-12
144066,3,1,1,2025-08-08,2025-08-08
144080,2,1,1,2025-08-08,2025-08-08
144096,4,1,2,2025-08-08,2025-10-31
144099,3,1,1,2025-08-08,2025-08-08
144138,2,1,1,2025-08-08,2025-08-08
144179,3,1,1,2025-08-08,2025-08-11
144191,3,1,1,2025-08-08,2025-08-11
144192,2,1,1,2025-08-08,2025-08-11
144206,2,1,1,2025-08-08,2025-08-11
144230,2,1,1,2025-08-08,2025-08-08
144238,3,1,1,2025-08-08,2025-08-08
144252,8,1,1,2025-08-08,2025-08-09
144304,4,1,1,2025-08-08,2025-08-08
144347,9,1,1,2025-08-08,2025-09-15
144359,2,2,1,2025-08-08,2025-08-08
144427,5,1,1,2025-08-09,2025-08-09
144439,2,1,1,2025-08-09,2025-08-09
144451,3,1,1,2025-08-09,2025-08-09
144455,2,1,1,2025-08-09,2025-08-09
144456,2,1,1,2025-08-09,2025-08-09
144468,2,1,1,2025-08-09,2025-08-09
144473,2,1,1,2025-08-09,2025-08-09
144478,2,1,1,2025-08-09,2025-08-09
144486,3,3,3,2025-08-09,2026-01-19
144525,2,1,1,2025-08-09,2025-08-09
144540,3,1,1,2025-08-09,2025-08-09
144559,3,1,1,2025-08-10,2025-08-10
144566,2,1,1,2025-08-10,2025-08-10
144592,2,1,1,2025-08-10,2025-08-10
144594,2,1,1,2025-08-10,2025-08-10
144598,2,2,1,2025-08-10,2025-08-16
144608,2,1,1,2025-08-10,2025-08-10
144613,5,1,1,2025-08-10,2025-08-18
144615,2,1,1,2025-08-10,2025-08-10
144616,4,2,1,2025-08-10,2025-08-17
144625,2,1,1,2025-08-10,2025-08-10
144637,3,1,1,2025-08-10,2025-08-10
144642,3,1,1,2025-08-10,2025-08-10
144653,2,1,1,2025-08-10,2025-08-10
144654,2,1,1,2025-08-10,2025-08-11
144665,2,2,1,2025-08-10,2025-08-10
144666,2,1,1,2025-08-10,2025-08-10
144713,3,1,1,2025-08-11,2025-08-11
144738,3,1,1,2025-08-11,2025-08-11
144743,5,1,1,2025-08-11,2025-08-11
144744,3,1,1,2025-08-11,2025-08-11
144746,2,1,1,2025-08-11,2025-08-11
144749,2,1,1,2025-08-11,2025-08-11
144756,2,1,1,2025-08-11,2025-08-11
144768,2,1,1,2025-08-11,2025-08-11
144770,2,1,1,2025-08-11,2025-08-11
144776,4,1,2,2025-08-11,2026-03-23
144791,2,1,1,2025-08-11,2025-08-11
144805,6,2,1,2025-08-11,2025-08-11
144808,16,1,4,2025-08-11,2026-06-08
144810,6,2,1,2025-08-11,2025-08-11
144848,2,1,1,2025-08-11,2025-08-11
144887,2,1,1,2025-08-11,2025-08-11
144895,2,1,1,2025-08-11,2025-08-11
144922,5,1,1,2025-08-11,2025-08-14
144924,2,1,1,2025-08-11,2025-08-11
144962,2,1,1,2025-08-11,2025-08-11
144964,2,1,1,2025-08-11,2025-09-26
144967,2,1,1,2025-08-11,2025-08-11
144987,14,1,4,2025-08-11,2026-05-29
145061,2,1,1,2025-08-11,2025-08-11
145064,2,1,1,2025-08-11,2025-08-11
145081,2,1,1,2025-08-11,2025-08-11
145082,2,1,1,2025-08-11,2025-08-11
145107,2,1,1,2025-08-12,2025-08-12
145129,23,2,4,2025-08-12,2026-04-15
145167,2,1,1,2025-08-12,2025-08-12
145168,3,1,1,2025-08-12,2025-08-12
145171,3,1,1,2025-08-12,2025-08-12
145174,2,1,1,2025-08-12,2025-08-12
145183,3,1,1,2025-08-12,2025-08-12
145194,4,1,2,2025-08-12,2025-11-14
145201,2,1,1,2025-08-12,2025-08-12
145202,4,1,1,2025-08-12,2025-08-13
145210,4,1,1,2025-08-12,2025-08-26
145246,8,1,3,2025-08-12,2026-03-04
145251,3,1,1,2025-08-12,2025-08-12
145263,4,1,2,2025-08-12,2025-12-03
145267,7,1,3,2025-08-12,2026-03-18
145270,2,1,1,2025-08-12,2025-08-13
145271,2,1,1,2025-08-12,2025-08-13
145275,2,1,1,2025-08-12,2025-08-12
145279,2,1,1,2025-08-12,2025-08-12
145289,2,1,1,2025-08-12,2025-08-13
145290,183,1,1,2025-08-12,2025-09-26
145303,2,1,1,2025-08-12,2025-08-12
145313,2,1,1,2025-08-12,2025-09-02
145314,2,1,1,2025-08-12,2025-09-02
145342,2,1,1,2025-08-12,2025-09-02
145343,2,1,1,2025-08-12,2025-09-02
145349,2,1,1,2025-08-12,2025-08-12
145353,2,1,1,2025-08-12,2025-09-02
145358,2,1,1,2025-08-12,2025-08-12
145359,2,1,1,2025-08-12,2025-09-02
145362,2,1,1,2025-08-12,2025-08-12
145366,2,1,1,2025-08-12,2025-09-02
145379,2,1,1,2025-08-12,2025-08-12
145384,2,1,1,2025-08-12,2025-08-12
145396,2,1,1,2025-08-12,2025-08-12
145406,3,1,1,2025-08-12,2025-09-02
145413,3,1,1,2025-08-12,2025-09-02
145434,2,1,1,2025-08-12,2025-08-12
145440,2,1,1,2025-08-12,2025-08-12
145451,2,1,1,2025-08-12,2025-09-26
145485,2,1,1,2025-08-12,2025-08-12
145516,16,1,3,2025-08-12,2026-01-30
145528,3,1,1,2025-08-13,2025-08-13
145615,2,1,1,2025-08-13,2025-08-13
145630,2,1,1,2025-08-13,2025-08-13
145695,2,1,1,2025-08-13,2025-08-13
145702,2,1,1,2025-08-13,2025-08-13
145705,2,1,1,2025-08-13,2025-08-14
145719,2,1,1,2025-08-13,2025-09-26
145724,2,1,1,2025-08-13,2025-08-13
145748,2,1,1,2025-08-13,2025-08-13
145758,2,1,1,2025-08-13,2025-08-13
145780,3,1,1,2025-08-13,2025-08-25
145800,2,2,1,2025-08-13,2025-08-20
145805,2,1,1,2025-08-13,2025-08-14
145831,4,1,1,2025-08-13,2025-08-13
145841,3,1,2,2025-08-13,2026-01-23
145865,2,1,1,2025-08-13,2025-09-15
145871,2,1,1,2025-08-13,2025-08-20
145879,3,1,1,2025-08-13,2025-08-13
145889,2,1,1,2025-08-13,2025-08-13
145900,2,1,1,2025-08-13,2025-08-13
145933,3,1,1,2025-08-13,2025-08-13
145942,2,1,1,2025-08-13,2025-08-13
145990,2,1,1,2025-08-14,2025-08-14
145991,2,1,1,2025-08-14,2025-08-14
145997,2,1,1,2025-08-14,2025-08-14
146001,2,1,1,2025-08-14,2025-08-14
146006,2,1,1,2025-08-14,2025-08-14
146074,3,1,1,2025-08-14,2025-08-14
146076,2,1,1,2025-08-14,2025-08-14
146090,3,1,1,2025-08-14,2025-08-14
146121,2,1,1,2025-08-14,2025-08-14
146132,2,1,1,2025-08-14,2025-08-14
146143,9,1,3,2025-08-14,2026-03-11
146171,2,1,1,2025-08-14,2025-08-14
146206,2,1,1,2025-08-14,2025-08-15
146222,2,1,1,2025-08-14,2025-08-15
146224,2,1,1,2025-08-14,2025-08-14
146248,2,1,1,2025-08-14,2025-08-14
146251,2,1,1,2025-08-14,2025-08-15
146258,2,1,1,2025-08-14,2025-08-14
146266,2,1,1,2025-08-14,2025-08-14
146349,2,1,1,2025-08-14,2025-08-14
146357,2,1,1,2025-08-14,2025-08-14
146358,2,1,1,2025-08-14,2025-08-14
146390,2,1,1,2025-08-14,2025-08-14
146392,2,1,1,2025-08-14,2025-09-30
146413,2,1,1,2025-08-15,2025-08-15
146448,2,1,1,2025-08-15,2025-08-15
146459,2,1,1,2025-08-15,2025-08-15
146463,2,1,1,2025-08-15,2025-08-15
146473,2,1,1,2025-08-15,2025-08-15
146484,2,1,1,2025-08-15,2025-08-15
146558,2,1,1,2025-08-15,2025-08-15
146575,3,1,1,2025-08-15,2025-08-15
146582,2,1,1,2025-08-15,2025-09-26
146584,2,1,1,2025-08-15,2025-09-26
146601,2,1,1,2025-08-15,2025-08-15
146604,2,1,1,2025-08-15,2025-08-15
146605,2,1,1,2025-08-15,2025-08-28
146616,2,1,1,2025-08-15,2025-08-15
146634,2,1,1,2025-08-15,2025-08-15
146635,2,1,1,2025-08-15,2025-08-15
146658,2,1,1,2025-08-15,2025-08-15
146668,2,1,1,2025-08-15,2025-08-15
146691,2,1,1,2025-08-15,2025-08-15
146698,2,1,1,2025-08-15,2025-08-15
146705,35,1,3,2025-08-15,2026-03-18
146730,2,1,1,2025-08-15,2025-08-15
146734,2,1,1,2025-08-15,2025-08-15
146745,4,2,1,2025-08-15,2025-08-15
146762,2,1,1,2025-08-15,2025-09-26
146766,2,1,1,2025-08-15,2025-09-26
146777,2,1,1,2025-08-15,2025-08-15
146778,2,1,1,2025-08-15,2025-08-15
146781,2,1,1,2025-08-15,2025-08-15
146789,2,1,1,2025-08-15,2025-09-26
146795,2,1,1,2025-08-15,2025-09-26
146837,3,1,1,2025-08-15,2025-09-26
146851,7,1,3,2025-08-15,2026-02-10
146882,4,2,1,2025-08-16,2025-08-16
146883,3,1,1,2025-08-16,2025-08-16
146892,2,1,1,2025-08-16,2025-08-16
146894,2,1,1,2025-08-16,2025-09-07
146906,2,1,1,2025-08-16,2025-08-16
146912,3,1,1,2025-08-16,2025-08-16
146950,2,1,1,2025-08-16,2025-08-28
146953,2,1,1,2025-08-16,2025-08-16
146954,2,1,1,2025-08-16,2025-08-16
146963,2,1,1,2025-08-16,2025-08-16
146967,2,1,1,2025-08-16,2025-08-16
146971,2,1,1,2025-08-16,2025-08-16
147011,2,1,1,2025-08-16,2025-08-23
147024,2,1,1,2025-08-17,2025-08-17
147037,5,1,1,2025-08-17,2025-08-17
147047,2,1,1,2025-08-17,2025-08-17
147080,4,1,1,2025-08-17,2025-08-17
147156,2,1,1,2025-08-18,2025-08-18
147163,3,1,1,2025-08-18,2025-08-18
147179,4,1,1,2025-08-18,2025-08-19
147196,5,1,2,2025-08-18,2025-12-31
147207,3,1,1,2025-08-18,2025-08-19
147208,3,1,1,2025-08-18,2025-08-18
147209,2,1,1,2025-08-18,2025-08-18
147212,2,1,1,2025-08-18,2025-08-19
147230,3,1,1,2025-08-18,2025-08-19
147234,2,1,1,2025-08-18,2025-08-18
147309,2,1,1,2025-08-18,2025-08-18
147333,3,1,1,2025-08-18,2025-08-18
147335,2,1,1,2025-08-18,2025-08-18
147342,2,1,1,2025-08-18,2025-08-19
147361,2,1,1,2025-08-18,2025-08-18
147373,2,1,1,2025-08-18,2025-09-26
147376,2,1,1,2025-08-18,2025-08-18
147382,2,1,1,2025-08-18,2025-09-26
147414,2,1,1,2025-08-18,2025-08-18
147422,3,1,1,2025-08-18,2025-09-18
147496,3,1,2,2025-08-19,2025-12-30
147507,2,1,1,2025-08-19,2025-08-19
147510,9,1,3,2025-08-19,2026-02-02
147512,45,1,4,2025-08-19,2026-06-24
147516,3,1,1,2025-08-19,2025-08-19
147524,2,1,1,2025-08-19,2025-08-19
147556,3,1,1,2025-08-19,2025-08-19
147579,2,1,1,2025-08-19,2025-08-19
147581,2,1,1,2025-08-19,2025-08-20
147591,3,1,1,2025-08-19,2025-08-19
147595,3,1,1,2025-08-19,2025-08-19
147597,2,1,1,2025-08-19,2025-08-19
147620,9,1,2,2025-08-19,2025-11-04
147630,2,1,1,2025-08-19,2025-08-19
147639,2,1,1,2025-08-19,2025-08-19
147686,11,1,2,2025-08-19,2025-10-30
147690,2,1,1,2025-08-19,2025-08-19
147708,2,1,1,2025-08-19,2025-08-19
147728,2,1,1,2025-08-19,2025-08-19
147748,2,1,1,2025-08-19,2025-08-19
147756,2,1,1,2025-08-19,2025-08-19
147784,7,1,1,2025-08-19,2025-08-28
147789,2,1,1,2025-08-19,2025-08-20
147804,2,1,1,2025-08-19,2025-08-19
147814,11,1,2,2025-08-20,2025-11-10
147822,3,1,1,2025-08-20,2025-08-20
147826,2,1,1,2025-08-20,2025-08-20
147829,2,1,1,2025-08-20,2025-08-20
147838,3,1,1,2025-08-20,2025-08-21
147867,4,1,2,2025-08-20,2025-11-04
147872,2,1,1,2025-08-20,2025-08-20
147880,2,1,1,2025-08-20,2025-08-21
147913,3,1,1,2025-08-20,2025-08-21
147919,2,1,1,2025-08-20,2025-08-20
147921,2,1,1,2025-08-20,2025-08-20
147926,2,1,1,2025-08-20,2025-08-21
147943,2,1,1,2025-08-20,2025-08-27
147968,3,1,1,2025-08-20,2025-09-23
147987,2,1,1,2025-08-20,2025-08-20
148004,2,1,1,2025-08-20,2025-08-20
148012,2,1,1,2025-08-20,2025-08-20
148037,2,1,1,2025-08-20,2025-08-20
148072,4,1,1,2025-08-20,2025-08-20
148081,3,1,1,2025-08-20,2025-08-20
148157,2,1,1,2025-08-20,2025-08-20
148256,3,1,1,2025-08-20,2025-08-20
148269,3,1,1,2025-08-21,2025-08-21
148272,2,1,1,2025-08-21,2025-08-21
148286,2,1,1,2025-08-21,2025-08-21
148289,2,1,1,2025-08-21,2025-08-21
148290,7,1,2,2025-08-21,2026-02-20
148299,2,1,1,2025-08-21,2025-08-21
148336,2,1,1,2025-08-21,2025-08-21
148339,6,1,1,2025-08-21,2025-08-21
148346,2,2,1,2025-08-21,2025-08-21
148348,2,1,1,2025-08-21,2025-08-21
148351,2,1,1,2025-08-21,2025-08-21
148354,2,1,1,2025-08-21,2025-08-26
148377,2,1,1,2025-08-21,2025-08-21
148380,2,1,1,2025-08-21,2025-08-21
148387,3,1,1,2025-08-21,2025-08-22
148394,2,1,1,2025-08-21,2025-08-21
148410,2,1,1,2025-08-21,2025-08-21
148413,2,1,1,2025-08-21,2025-08-21
148437,2,1,1,2025-08-21,2025-09-11
148438,2,1,1,2025-08-21,2025-09-05
148551,7,1,2,2025-08-21,2026-03-24
148558,2,1,1,2025-08-21,2025-09-02
148587,2,1,1,2025-08-21,2025-09-02
148601,2,1,1,2025-08-21,2025-08-21
148622,4,2,1,2025-08-21,2025-08-21
148650,2,1,1,2025-08-21,2025-08-21
148654,2,1,1,2025-08-21,2025-09-23
148691,2,1,1,2025-08-21,2025-09-23
148728,2,1,1,2025-08-22,2025-08-22
148742,2,1,1,2025-08-22,2025-08-22
148775,2,1,1,2025-08-22,2025-08-22
148785,2,1,1,2025-08-22,2025-08-25
148802,3,1,1,2025-08-22,2025-08-25
148809,3,1,1,2025-08-22,2025-08-25
148810,6,1,1,2025-08-22,2025-08-22
148816,2,1,1,2025-08-22,2025-08-25
148842,2,1,1,2025-08-22,2025-08-22
148850,3,1,1,2025-08-22,2025-08-25
148880,2,1,1,2025-08-22,2025-08-22
148926,3,1,1,2025-08-22,2025-08-22
148929,2,1,1,2025-08-22,2025-08-22
148938,2,1,1,2025-08-22,2025-08-22
148948,3,1,1,2025-08-22,2025-08-22
148954,3,1,1,2025-08-22,2025-08-22
148959,2,1,1,2025-08-22,2025-08-22
148961,2,1,1,2025-08-22,2025-08-22
148968,2,1,1,2025-08-22,2025-08-22
148992,3,1,1,2025-08-22,2025-08-22
149054,2,1,1,2025-08-22,2025-08-22
149114,2,1,1,2025-08-22,2025-08-22
149128,2,1,1,2025-08-23,2025-08-23
149135,2,1,1,2025-08-23,2025-08-23
149154,2,1,1,2025-08-23,2025-08-23
149173,2,1,1,2025-08-23,2025-08-23
149177,2,1,1,2025-08-23,2025-08-23
149190,2,1,1,2025-08-23,2025-08-23
149201,2,1,1,2025-08-23,2025-08-23
149221,2,1,1,2025-08-23,2025-08-23
149247,2,1,1,2025-08-23,2025-08-23
149279,2,1,1,2025-08-23,2025-08-23
149295,2,1,1,2025-08-23,2025-08-23
149322,8,1,2,2025-08-24,2025-11-29
149338,2,1,1,2025-08-24,2025-08-24
149355,2,1,1,2025-08-24,2025-08-24
149369,2,1,1,2025-08-24,2025-08-26
149419,4,1,1,2025-08-25,2025-08-26
149421,2,1,1,2025-08-25,2025-08-26
149423,2,1,1,2025-08-25,2025-08-25
149426,2,1,1,2025-08-25,2025-08-25
149455,5,1,1,2025-08-25,2025-08-26
149459,4,1,1,2025-08-25,2025-08-25
149485,2,1,1,2025-08-25,2025-08-25
149505,3,1,1,2025-08-25,2025-08-26
149512,2,1,1,2025-08-25,2025-08-25
149523,2,1,1,2025-08-25,2025-08-26
149524,4,1,1,2025-08-25,2025-08-26
149527,2,1,2,2025-08-25,2025-10-01
149544,2,1,1,2025-08-25,2025-08-26
149555,13,1,1,2025-08-25,2025-09-18
149572,2,1,1,2025-08-25,2025-08-25
149599,2,1,1,2025-08-25,2025-08-26
149602,2,1,1,2025-08-25,2025-08-25
149613,2,1,1,2025-08-25,2025-08-25
149660,2,1,1,2025-08-25,2025-08-25
149688,4,1,1,2025-08-25,2025-08-25
149698,4,1,1,2025-08-25,2025-09-15
149702,3,1,1,2025-08-25,2025-08-25
149703,2,1,1,2025-08-25,2025-08-25
149712,2,1,1,2025-08-25,2025-08-25
149746,2,1,1,2025-08-26,2025-08-26
149794,3,1,1,2025-08-26,2025-08-26
149802,3,1,1,2025-08-26,2025-08-26
149842,2,1,1,2025-08-26,2025-08-26
149851,2,1,1,2025-08-26,2025-08-27
149858,4,1,1,2025-08-26,2025-08-26
149871,2,1,1,2025-08-26,2025-08-26
149873,2,1,1,2025-08-26,2025-08-26
149883,3,1,1,2025-08-26,2025-08-26
149886,3,1,1,2025-08-26,2025-08-26
149887,2,1,1,2025-08-26,2025-08-27
149892,3,1,1,2025-08-26,2025-08-27
149903,2,1,1,2025-08-26,2025-08-26
149915,15,1,4,2025-08-26,2026-05-18
149920,5,1,1,2025-08-26,2025-09-02
149981,3,3,1,2025-08-26,2025-08-26
149996,4,3,3,2025-08-26,2026-03-11
150040,2,1,1,2025-08-26,2025-08-27
150042,3,1,2,2025-08-26,2026-02-11
150046,4,1,1,2025-08-26,2025-08-26
150049,3,1,1,2025-08-26,2025-08-27
150054,2,1,1,2025-08-26,2025-08-27
150089,2,1,1,2025-08-26,2025-08-26
150149,2,1,1,2025-08-26,2025-08-26
150168,2,1,1,2025-08-26,2025-08-26
150201,2,1,1,2025-08-26,2025-09-25
150238,2,1,1,2025-08-26,2025-08-26
150257,2,1,1,2025-08-26,2025-08-26
150267,2,1,1,2025-08-26,2025-08-26
150274,2,1,1,2025-08-26,2025-08-26
150355,2,1,1,2025-08-27,2025-08-27
150416,2,1,1,2025-08-27,2025-08-27
150417,2,1,1,2025-08-27,2025-08-27
150418,2,1,1,2025-08-27,2025-08-27
150441,2,1,1,2025-08-27,2025-09-02
150445,3,1,1,2025-08-27,2025-08-27
150455,5,1,1,2025-08-27,2025-09-07
150460,2,1,1,2025-08-27,2025-08-27
150522,2,1,1,2025-08-27,2025-08-27
150529,2,1,1,2025-08-27,2025-08-27
150545,2,1,1,2025-08-27,2025-08-27
150555,2,1,1,2025-08-27,2025-08-27
150579,2,1,1,2025-08-27,2025-09-02
150582,3,1,1,2025-08-27,2025-09-02
150602,2,1,1,2025-08-27,2025-08-27
150606,2,1,1,2025-08-27,2025-08-27
150648,2,1,1,2025-08-27,2025-08-27
150649,2,1,1,2025-08-27,2025-08-27
150658,4,1,1,2025-08-27,2025-08-27
150708,2,1,2,2025-08-27,2025-10-02
150709,2,1,1,2025-08-27,2025-08-27
150717,2,1,1,2025-08-27,2025-08-27
150731,2,1,2,2025-08-27,2026-01-14
150738,2,1,1,2025-08-27,2025-08-27
150767,6,1,1,2025-08-27,2025-09-06
150802,2,1,1,2025-08-27,2025-08-28
150806,2,2,1,2025-08-27,2025-09-14
150841,3,1,1,2025-08-27,2025-09-05
150847,2,1,1,2025-08-27,2025-08-27
150887,2,1,1,2025-08-28,2025-08-28
150888,3,1,1,2025-08-28,2025-09-08
150920,2,1,1,2025-08-28,2025-08-28
150923,6,1,1,2025-08-28,2025-08-29
150933,2,1,1,2025-08-28,2025-08-28
150954,2,1,1,2025-08-28,2025-08-28
151017,2,1,1,2025-08-28,2025-08-28
151037,2,1,1,2025-08-28,2025-08-28
151066,2,1,1,2025-08-28,2025-08-28
151081,2,1,1,2025-08-28,2025-08-29
151149,2,1,2,2025-08-28,2025-10-01
151175,2,1,1,2025-08-28,2025-08-28
151187,2,1,1,2025-08-28,2025-08-28
151196,2,1,1,2025-08-28,2025-08-28
151201,2,1,1,2025-08-28,2025-08-28
151233,4,1,1,2025-08-28,2025-08-28
151243,2,1,1,2025-08-28,2025-08-28
151265,2,1,1,2025-08-28,2025-08-28
151290,2,1,1,2025-08-28,2025-08-28
151302,2,1,1,2025-08-28,2025-09-24
151334,2,1,1,2025-08-28,2025-08-28
151368,2,1,1,2025-08-29,2025-08-29
151369,2,1,1,2025-08-29,2025-09-02
151389,2,1,1,2025-08-29,2025-09-02
151448,2,1,1,2025-08-29,2025-09-02
151461,2,1,1,2025-08-29,2025-08-29
151466,3,1,1,2025-08-29,2025-08-29
151467,5,2,1,2025-08-29,2025-08-29
151468,2,1,1,2025-08-29,2025-08-29
151509,2,1,1,2025-08-29,2025-08-30
151515,2,1,1,2025-08-29,2025-09-19
151548,2,2,1,2025-08-29,2025-08-29
151561,2,1,1,2025-08-29,2025-08-29
151606,2,1,1,2025-08-29,2025-08-29
151633,3,1,1,2025-08-29,2025-08-29
151658,3,1,2,2025-08-29,2025-12-16
151688,2,1,1,2025-08-29,2025-08-29
151744,2,1,1,2025-08-30,2025-08-30
151746,3,1,1,2025-08-30,2025-08-30
151760,3,1,2,2025-08-30,2025-10-03
151765,2,1,1,2025-08-30,2025-08-30
151772,2,1,1,2025-08-30,2025-08-30
151775,2,1,1,2025-08-30,2025-08-30
151809,2,1,1,2025-08-30,2025-09-02
151827,3,1,1,2025-08-30,2025-08-30
151915,2,1,1,2025-08-30,2025-08-30
151916,2,1,1,2025-08-30,2025-08-30
151942,2,1,1,2025-08-30,2025-08-30
151964,2,1,1,2025-08-30,2025-08-30
151980,3,1,1,2025-08-31,2025-08-31
151990,2,1,1,2025-08-31,2025-08-31
151992,2,1,1,2025-08-31,2025-08-31
152017,5,1,1,2025-08-31,2025-08-31
152042,2,1,1,2025-08-31,2025-08-31
152047,2,1,1,2025-08-31,2025-08-31
152070,2,1,1,2025-08-31,2025-08-31
152088,18,2,3,2025-08-31,2026-06-22
152100,4,1,1,2025-08-31,2025-09-01
152117,3,2,1,2025-09-01,2025-09-01
152124,2,1,1,2025-09-01,2025-09-01
152133,2,1,1,2025-09-01,2025-09-01
152145,2,1,1,2025-09-01,2025-09-01
152151,2,1,1,2025-09-01,2025-09-01
152153,5,1,1,2025-09-01,2025-09-01
152159,2,1,1,2025-09-01,2025-09-01
152175,2,1,1,2025-09-01,2025-09-01
152176,9,1,2,2025-09-01,2026-01-02
152195,3,1,1,2025-09-01,2025-09-02
152206,2,1,1,2025-09-01,2025-09-01
152211,2,1,1,2025-09-01,2025-09-01
152229,5,1,3,2025-09-01,2026-02-17
152260,2,1,1,2025-09-01,2025-09-01
152262,2,1,1,2025-09-01,2025-09-01
152271,2,1,1,2025-09-01,2025-09-01
152290,8,1,3,2025-09-02,2026-03-26
152300,2,1,1,2025-09-02,2025-09-02
152301,3,1,1,2025-09-02,2025-09-02
152303,2,1,1,2025-09-02,2025-09-02
152308,2,1,1,2025-09-02,2025-09-02
152309,2,1,1,2025-09-02,2025-09-02
152320,5,1,1,2025-09-02,2025-09-04
152326,2,1,1,2025-09-02,2025-09-02
152333,2,1,1,2025-09-02,2025-09-02
152334,3,1,1,2025-09-02,2025-09-03
152336,5,1,1,2025-09-02,2025-09-02
152337,2,1,1,2025-09-02,2025-09-02
152338,5,1,1,2025-09-02,2025-09-03
152339,2,1,1,2025-09-02,2025-09-02
152342,2,1,1,2025-09-02,2025-09-02
152343,9,1,2,2025-09-02,2025-11-12
152344,5,1,1,2025-09-02,2025-09-02
152349,2,1,1,2025-09-02,2025-09-02
152350,4,1,1,2025-09-02,2025-09-03
152359,2,1,1,2025-09-02,2025-09-02
152361,2,1,1,2025-09-02,2025-09-03
152377,2,1,1,2025-09-02,2025-09-02
152413,7,1,3,2025-09-02,2026-03-18
152431,2,1,1,2025-09-02,2025-09-02
152447,2,1,1,2025-09-02,2025-09-02
152467,2,1,1,2025-09-02,2025-09-02
152470,3,1,1,2025-09-02,2025-09-02
152473,4,1,1,2025-09-02,2025-09-02
152476,2,1,1,2025-09-02,2025-09-02
152508,6,1,1,2025-09-02,2025-09-02
152524,2,1,1,2025-09-02,2025-09-02
152525,2,1,1,2025-09-02,2025-09-03
152551,2,1,1,2025-09-02,2025-09-02
152559,2,1,1,2025-09-02,2025-09-02
152570,2,1,1,2025-09-02,2025-09-02
152615,2,1,1,2025-09-02,2025-09-02
152630,2,1,1,2025-09-02,2025-09-02
152660,2,1,1,2025-09-03,2025-09-04
152686,2,1,1,2025-09-03,2025-09-03
152695,2,1,1,2025-09-03,2025-09-03
152710,3,1,1,2025-09-03,2025-09-03
152713,2,1,1,2025-09-03,2025-09-04
152721,2,1,1,2025-09-03,2025-09-03
152724,2,1,1,2025-09-03,2025-09-03
152751,3,1,2,2025-09-03,2026-06-17
152777,3,1,1,2025-09-03,2025-09-17
152785,2,1,1,2025-09-03,2025-09-03
152803,3,1,2,2025-09-03,2026-02-09
152866,2,1,1,2025-09-03,2025-09-04
152874,2,1,1,2025-09-03,2025-09-04
152877,2,1,1,2025-09-03,2025-09-04
152878,2,1,1,2025-09-03,2025-09-04
152882,2,1,1,2025-09-03,2025-09-03
152903,2,1,1,2025-09-03,2025-09-03
152908,2,1,1,2025-09-03,2025-09-03
152915,2,1,1,2025-09-03,2025-09-03
152919,2,1,1,2025-09-03,2025-09-03
152932,3,1,1,2025-09-03,2025-09-03
152938,2,1,1,2025-09-03,2025-09-03
152943,2,1,1,2025-09-03,2025-09-03
152955,2,1,1,2025-09-03,2025-09-03
152956,2,1,1,2025-09-03,2025-09-03
152957,2,1,1,2025-09-03,2025-09-03
152968,2,1,1,2025-09-03,2025-09-03
153041,2,1,1,2025-09-04,2025-09-04
153059,21,1,1,2025-09-04,2025-09-04
153069,2,1,1,2025-09-04,2025-09-05
153076,2,1,1,2025-09-04,2025-09-04
153094,2,1,1,2025-09-04,2025-09-04
153118,3,1,1,2025-09-04,2025-09-05
153142,2,1,1,2025-09-04,2025-09-04
153148,3,1,1,2025-09-04,2025-09-04
153166,5,1,1,2025-09-04,2025-09-18
153180,6,2,2,2025-09-04,2025-11-17
153183,2,1,1,2025-09-04,2025-09-04
153208,2,2,1,2025-09-04,2025-09-04
153221,2,1,1,2025-09-04,2025-09-04
153241,3,1,2,2025-09-04,2026-01-14
153243,3,1,1,2025-09-04,2025-09-04
153288,5,2,1,2025-09-04,2025-09-04
153291,3,1,1,2025-09-04,2025-09-04
153292,2,1,1,2025-09-04,2025-09-04
153295,4,1,1,2025-09-04,2025-09-05
153296,3,1,1,2025-09-04,2025-09-04
153320,2,1,1,2025-09-04,2025-09-04
153330,2,1,1,2025-09-04,2025-09-05
153331,3,1,1,2025-09-04,2025-09-04
153349,3,1,1,2025-09-04,2025-09-04
153350,2,1,1,2025-09-04,2025-09-04
153353,2,1,1,2025-09-04,2025-09-04
153373,6,1,1,2025-09-04,2025-09-04
153380,3,1,1,2025-09-04,2025-09-04
153395,4,1,1,2025-09-04,2025-09-04
153400,2,1,1,2025-09-04,2025-09-04
153401,2,1,1,2025-09-04,2025-09-04
153402,2,1,1,2025-09-04,2025-09-04
153403,4,1,1,2025-09-04,2025-09-04
153407,2,1,1,2025-09-04,2025-09-04
153418,2,1,1,2025-09-04,2025-09-04
153434,2,1,1,2025-09-04,2025-09-04
153443,2,1,1,2025-09-04,2025-09-04
153445,2,1,1,2025-09-04,2025-09-04
153530,2,1,1,2025-09-05,2025-09-11
153531,2,1,1,2025-09-05,2025-09-05
153567,2,1,1,2025-09-05,2025-09-05
153568,2,1,1,2025-09-05,2025-09-05
153572,2,1,1,2025-09-05,2025-09-05
153575,2,1,1,2025-09-05,2025-09-05
153582,2,1,1,2025-09-05,2025-09-05
153583,5,2,1,2025-09-05,2025-09-05
153589,2,1,1,2025-09-05,2025-09-05
153610,2,1,1,2025-09-05,2025-09-05
153627,8,1,2,2025-09-05,2025-10-07
153631,3,3,2,2025-09-05,2025-10-01
153642,2,1,1,2025-09-05,2025-09-05
153644,2,1,1,2025-09-05,2025-09-05
153645,2,1,1,2025-09-05,2025-09-05
153648,2,1,1,2025-09-05,2025-09-05
153654,3,1,1,2025-09-05,2025-09-05
153659,3,1,1,2025-09-05,2025-09-05
153665,4,1,1,2025-09-05,2025-09-08
153672,2,1,1,2025-09-05,2025-09-05
153682,2,1,1,2025-09-05,2025-09-05
153692,2,1,1,2025-09-05,2025-09-08
153697,2,1,1,2025-09-05,2025-09-05
153701,6,1,1,2025-09-05,2025-09-05
153733,3,1,1,2025-09-05,2025-09-05
153745,2,1,1,2025-09-05,2025-09-05
153748,5,1,1,2025-09-05,2025-09-05
153756,29,1,5,2025-09-05,2026-07-22
153758,2,1,1,2025-09-05,2025-09-26
153760,2,1,1,2025-09-05,2025-09-05
153761,2,1,1,2025-09-05,2025-09-05
153768,3,1,1,2025-09-05,2025-09-05
153775,2,1,1,2025-09-05,2025-09-26
153781,2,1,1,2025-09-05,2025-09-05
153785,4,1,1,2025-09-05,2025-09-05
153792,4,1,1,2025-09-05,2025-09-05
153803,2,1,1,2025-09-05,2025-09-26
153810,2,1,1,2025-09-05,2025-09-24
153854,3,1,1,2025-09-05,2025-09-05
153858,2,1,1,2025-09-05,2025-09-05
153881,2,1,1,2025-09-05,2025-09-05
153887,2,1,1,2025-09-05,2025-09-05
153895,2,1,1,2025-09-05,2025-09-05
153900,2,1,1,2025-09-05,2025-09-05
153948,2,1,1,2025-09-05,2025-09-06
153949,3,2,1,2025-09-05,2025-09-06
153978,2,1,2,2025-09-05,2026-02-16
153982,2,1,1,2025-09-05,2025-09-06
154033,3,1,1,2025-09-06,2025-09-06
154126,3,1,1,2025-09-06,2025-09-06
154165,2,2,1,2025-09-06,2025-09-06
154170,2,2,1,2025-09-06,2025-09-06
154191,2,1,1,2025-09-06,2025-09-06
154200,2,1,1,2025-09-06,2025-09-06
154229,2,1,1,2025-09-06,2025-09-06
154242,2,1,1,2025-09-06,2025-09-06
154245,2,1,1,2025-09-06,2025-09-06
154253,2,1,1,2025-09-07,2025-09-07
154257,2,1,1,2025-09-07,2025-09-07
154272,2,1,1,2025-09-07,2025-09-07
154273,2,1,1,2025-09-07,2025-09-07
154298,2,1,1,2025-09-07,2025-09-07
154309,2,1,1,2025-09-07,2025-09-07
154334,3,1,1,2025-09-07,2025-09-07
154350,4,2,1,2025-09-07,2025-09-13
154360,2,1,1,2025-09-07,2025-09-07
154365,2,1,1,2025-09-07,2025-09-07
154375,2,1,1,2025-09-07,2025-09-07
154381,2,1,1,2025-09-07,2025-09-07
154396,2,1,1,2025-09-08,2025-09-08
154401,2,1,1,2025-09-08,2025-09-08
154423,2,1,1,2025-09-08,2025-09-08
154424,3,1,1,2025-09-08,2025-09-08
154425,4,1,2,2025-09-08,2025-11-03
154431,2,1,1,2025-09-08,2025-09-08
154436,3,1,1,2025-09-08,2025-09-08
154452,2,1,1,2025-09-08,2025-09-09
154468,3,1,1,2025-09-08,2025-09-08
154469,2,1,1,2025-09-08,2025-09-08
154495,3,1,1,2025-09-08,2025-09-09
154503,2,1,1,2025-09-08,2025-09-08
154551,2,1,1,2025-09-08,2025-09-08
154565,2,1,1,2025-09-08,2025-09-08
154571,2,1,1,2025-09-08,2025-09-08
154602,2,1,1,2025-09-08,2025-09-08
154652,3,1,1,2025-09-08,2025-09-08
154668,2,1,1,2025-09-08,2025-09-08
154672,2,1,1,2025-09-08,2025-09-08
154679,2,1,1,2025-09-08,2025-09-08
154699,2,1,1,2025-09-08,2025-09-08
154792,2,1,1,2025-09-09,2025-09-09
154805,3,1,1,2025-09-09,2025-09-09
154825,2,1,1,2025-09-09,2025-09-09
154826,2,1,1,2025-09-09,2025-09-09
154836,2,1,1,2025-09-09,2025-09-09
154848,2,1,1,2025-09-09,2025-09-09
154851,3,1,1,2025-09-09,2025-09-09
154860,2,1,1,2025-09-09,2025-09-09
154871,2,1,1,2025-09-09,2025-09-09
154876,3,1,1,2025-09-09,2025-09-09
154885,2,1,1,2025-09-09,2025-09-09
154886,2,1,1,2025-09-09,2025-09-10
154888,2,1,1,2025-09-09,2025-09-09
154902,2,1,1,2025-09-09,2025-09-09
154922,2,1,1,2025-09-09,2025-09-09
154924,2,1,1,2025-09-09,2025-09-09
154930,2,1,1,2025-09-09,2025-09-09
154933,2,1,1,2025-09-09,2025-09-09
154948,2,1,1,2025-09-09,2025-09-09
154966,2,1,1,2025-09-09,2025-09-10
154994,2,1,1,2025-09-09,2025-09-09
155008,2,1,1,2025-09-09,2025-09-09
155020,2,1,1,2025-09-09,2025-09-09
155028,2,1,1,2025-09-09,2025-09-10
155039,2,1,1,2025-09-09,2025-09-10
155049,2,1,1,2025-09-09,2025-09-09
155053,2,1,1,2025-09-09,2025-09-09
155117,2,1,1,2025-09-09,2025-09-10
155134,2,1,2,2025-09-09,2025-11-14
155143,2,1,2,2025-09-09,2026-03-09
155156,6,1,2,2025-09-09,2025-11-01
155191,2,1,1,2025-09-10,2025-09-10
155194,2,1,1,2025-09-10,2025-09-10
155209,6,1,1,2025-09-10,2025-09-10
155220,2,1,1,2025-09-10,2025-09-10
155223,2,1,1,2025-09-10,2025-09-10
155264,7,1,3,2025-09-10,2026-02-24
155276,2,1,1,2025-09-10,2025-09-10
155294,2,1,1,2025-09-10,2025-09-10
155303,2,1,1,2025-09-10,2025-09-11
155308,2,1,1,2025-09-10,2025-09-12
155322,3,2,1,2025-09-10,2025-09-10
155323,3,1,1,2025-09-10,2025-09-10
155355,2,1,1,2025-09-10,2025-09-10
155369,15,1,3,2025-09-10,2026-03-06
155399,2,1,1,2025-09-10,2025-09-10
155401,2,1,1,2025-09-10,2025-09-29
155442,2,1,1,2025-09-10,2025-09-10
155486,5,1,1,2025-09-10,2025-09-10
155617,4,1,2,2025-09-10,2025-10-07
155631,2,1,1,2025-09-10,2025-09-10
155661,2,1,1,2025-09-10,2025-09-10
155685,2,1,1,2025-09-11,2025-09-11
155696,3,1,1,2025-09-11,2025-09-11
155698,2,1,1,2025-09-11,2025-09-11
155712,2,1,1,2025-09-11,2025-09-11
155735,2,2,1,2025-09-11,2025-09-12
155757,4,1,1,2025-09-11,2025-09-11
155785,2,1,1,2025-09-11,2025-09-11
155824,2,1,1,2025-09-11,2025-09-11
155841,2,1,1,2025-09-11,2025-09-11
155844,2,1,1,2025-09-11,2025-09-11
155875,2,1,1,2025-09-11,2025-09-11
155887,2,1,1,2025-09-11,2025-09-12
155925,9,1,1,2025-09-11,2025-09-29
155930,2,1,1,2025-09-11,2025-09-11
155950,7,1,3,2025-09-11,2026-01-01
155955,2,1,2,2025-09-11,2025-10-01
155959,4,1,2,2025-09-11,2026-06-01
155999,9,1,2,2025-09-11,2025-10-05
156047,2,1,2,2025-09-12,2026-01-21
156065,2,1,1,2025-09-12,2025-09-12
156097,5,1,1,2025-09-12,2025-09-12
156123,3,1,1,2025-09-12,2025-09-12
156160,4,1,1,2025-09-12,2025-09-13
156166,2,1,1,2025-09-12,2025-09-12
156174,3,2,1,2025-09-12,2025-09-12
156191,2,1,1,2025-09-12,2025-09-12
156196,2,1,1,2025-09-12,2025-09-15
156222,3,1,1,2025-09-12,2025-09-23
156224,2,1,1,2025-09-12,2025-09-12
156231,2,1,1,2025-09-12,2025-09-12
156252,2,1,1,2025-09-12,2025-09-12
156259,2,1,1,2025-09-12,2025-09-12
156265,2,1,1,2025-09-12,2025-09-12
156291,2,1,1,2025-09-12,2025-09-12
156298,2,1,1,2025-09-12,2025-09-12
156310,2,1,1,2025-09-12,2025-09-12
156392,2,1,1,2025-09-12,2025-09-24
156423,3,1,1,2025-09-12,2025-09-12
156485,2,1,2,2025-09-13,2025-10-01
156512,3,1,1,2025-09-13,2025-09-19
156545,3,3,1,2025-09-13,2025-09-13
156584,4,1,1,2025-09-13,2025-09-13
156589,2,1,1,2025-09-13,2025-09-13
156686,2,1,1,2025-09-14,2025-09-14
156715,3,1,1,2025-09-14,2025-09-14
156749,5,1,1,2025-09-15,2025-09-15
156760,8,1,1,2025-09-15,2025-09-15
156771,3,1,1,2025-09-15,2025-09-29
156781,2,1,1,2025-09-15,2025-09-15
156782,2,1,1,2025-09-15,2025-09-15
156784,2,1,1,2025-09-15,2025-09-15
156787,2,1,1,2025-09-15,2025-09-15
156789,3,1,1,2025-09-15,2025-09-15
156795,7,1,3,2025-09-15,2026-02-18
156809,2,1,2,2025-09-15,2025-10-02
156830,2,1,1,2025-09-15,2025-09-15
156847,2,1,1,2025-09-15,2025-09-15
156859,2,1,1,2025-09-15,2025-09-15
156860,3,1,1,2025-09-15,2025-09-15
156879,2,1,1,2025-09-15,2025-09-15
156892,2,1,1,2025-09-15,2025-09-15
156914,2,1,1,2025-09-15,2025-09-15
156995,2,1,1,2025-09-15,2025-09-15
156996,3,1,1,2025-09-15,2025-09-15
157038,2,1,1,2025-09-16,2025-09-16
157048,2,1,1,2025-09-16,2025-09-16
157053,2,1,1,2025-09-16,2025-09-16
157067,2,1,1,2025-09-16,2025-09-17
157077,2,1,1,2025-09-16,2025-09-17
157084,2,1,1,2025-09-16,2025-09-30
157092,2,1,1,2025-09-16,2025-09-16
157099,2,1,1,2025-09-16,2025-09-16
157104,2,1,1,2025-09-16,2025-09-16
157105,2,1,1,2025-09-16,2025-09-16
157124,2,1,1,2025-09-16,2025-09-16
157125,2,1,1,2025-09-16,2025-09-16
157155,2,1,1,2025-09-16,2025-09-16
157159,2,1,1,2025-09-16,2025-09-16
157164,2,1,1,2025-09-16,2025-09-16
157168,2,1,1,2025-09-16,2025-09-16
157171,2,1,1,2025-09-16,2025-09-16
157184,2,1,1,2025-09-16,2025-09-16
157186,2,1,1,2025-09-16,2025-09-17
157189,2,1,1,2025-09-16,2025-09-16
157195,2,1,1,2025-09-16,2025-09-16
157196,2,1,1,2025-09-16,2025-09-16
157218,3,1,1,2025-09-16,2025-09-16
157222,20,1,4,2025-09-16,2026-06-12
157226,2,1,1,2025-09-16,2025-09-16
157230,2,1,1,2025-09-16,2025-09-17
157264,8,1,1,2025-09-16,2025-09-16
157326,3,1,2,2025-09-16,2025-10-16
157331,2,1,1,2025-09-16,2025-09-16
157336,3,1,2,2025-09-16,2025-11-05
157353,3,1,2,2025-09-16,2025-11-25
157389,2,2,1,2025-09-17,2025-09-21
157405,2,1,1,2025-09-17,2025-09-17
157410,2,1,1,2025-09-17,2025-09-17
157417,2,1,2,2025-09-17,2025-10-01
157426,2,1,1,2025-09-17,2025-09-17
157451,2,1,1,2025-09-17,2025-09-17
157468,2,1,1,2025-09-17,2025-09-17
157491,2,1,1,2025-09-17,2025-09-17
157504,2,1,1,2025-09-17,2025-09-23
157518,3,1,1,2025-09-17,2025-09-17
157526,8,1,4,2025-09-17,2026-07-08
157543,3,1,1,2025-09-17,2025-09-17
157548,2,1,1,2025-09-17,2025-09-25
157574,4,1,1,2025-09-17,2025-09-17
157575,2,1,1,2025-09-17,2025-09-17
157577,94,2,3,2025-09-17,2026-01-08
157596,2,1,1,2025-09-17,2025-09-17
157614,2,1,1,2025-09-17,2025-09-17
157648,2,1,1,2025-09-17,2025-09-17
157657,3,1,1,2025-09-17,2025-09-17
157661,2,1,1,2025-09-17,2025-09-17
157672,2,1,1,2025-09-17,2025-09-17
157677,3,1,1,2025-09-17,2025-09-17
157754,2,1,1,2025-09-17,2025-09-17
157759,2,1,1,2025-09-17,2025-09-17
157779,2,1,1,2025-09-17,2025-09-17
157785,3,1,2,2025-09-17,2025-11-09
157802,2,1,1,2025-09-17,2025-09-17
157819,2,1,1,2025-09-17,2025-09-17
157928,2,1,1,2025-09-18,2025-09-18
157929,5,1,2,2025-09-18,2026-03-05
157932,4,1,1,2025-09-18,2025-09-23
157958,6,1,1,2025-09-18,2025-09-18
157984,3,1,1,2025-09-18,2025-09-18
158000,2,1,1,2025-09-18,2025-09-18
158001,2,1,1,2025-09-18,2025-09-19
158005,2,1,1,2025-09-18,2025-09-18
158009,2,1,1,2025-09-18,2025-09-19
158015,2,1,1,2025-09-18,2025-09-18
158023,2,1,1,2025-09-18,2025-09-18
158034,2,1,1,2025-09-18,2025-09-18
158040,2,1,1,2025-09-18,2025-09-18
158041,7,1,3,2025-09-18,2026-03-11
158042,2,1,1,2025-09-18,2025-09-18
158062,2,1,1,2025-09-18,2025-09-18
158086,5,1,1,2025-09-18,2025-09-18
158138,2,1,1,2025-09-18,2025-09-18
158188,3,1,1,2025-09-18,2025-09-18
158193,2,1,1,2025-09-18,2025-09-18
158198,2,1,1,2025-09-18,2025-09-18
158205,2,1,1,2025-09-18,2025-09-18
158222,2,1,1,2025-09-18,2025-09-18
158252,2,1,1,2025-09-18,2025-09-18
158257,2,1,1,2025-09-18,2025-09-18
158259,2,1,1,2025-09-18,2025-09-18
158260,2,1,1,2025-09-18,2025-09-18
158262,2,1,1,2025-09-18,2025-09-18
158295,3,1,1,2025-09-18,2025-09-18
158304,2,1,1,2025-09-18,2025-09-18
158326,3,1,1,2025-09-18,2025-09-18
158374,2,1,1,2025-09-19,2025-09-19
158393,2,1,1,2025-09-19,2025-09-19
158424,2,1,1,2025-09-19,2025-09-19
158443,2,1,1,2025-09-19,2025-09-19
158472,5,1,2,2025-09-19,2025-10-08
158534,2,1,2,2025-09-19,2025-10-02
158540,2,1,1,2025-09-19,2025-09-19
158546,3,1,1,2025-09-19,2025-09-19
158547,2,1,1,2025-09-19,2025-09-19
158561,2,1,1,2025-09-19,2025-09-19
158583,2,1,1,2025-09-19,2025-09-19
158594,3,1,1,2025-09-19,2025-09-19
158601,2,1,1,2025-09-19,2025-09-19
158614,2,1,1,2025-09-19,2025-09-19
158632,2,1,1,2025-09-19,2025-09-19
158694,2,1,1,2025-09-20,2025-09-21
158710,2,1,1,2025-09-21,2025-09-21
158752,2,1,1,2025-09-21,2025-09-21
158779,2,1,1,2025-09-21,2025-09-21
158780,2,1,1,2025-09-21,2025-09-21
158806,2,1,1,2025-09-21,2025-09-21
158813,3,1,2,2025-09-21,2025-11-19
158831,2,2,2,2025-09-21,2025-10-07
158840,2,1,1,2025-09-22,2025-09-22
158847,5,1,1,2025-09-22,2025-09-22
158856,4,1,1,2025-09-22,2025-09-22
158865,3,1,1,2025-09-22,2025-09-22
158867,2,1,1,2025-09-22,2025-09-22
158868,2,1,1,2025-09-22,2025-09-22
158889,2,1,1,2025-09-22,2025-09-22
158892,3,1,1,2025-09-22,2025-09-22
158904,2,1,1,2025-09-22,2025-09-22
158916,2,1,1,2025-09-22,2025-09-22
158921,4,1,1,2025-09-22,2025-09-23
158941,2,1,1,2025-09-22,2025-09-22
158961,2,1,1,2025-09-22,2025-09-22
158964,2,1,1,2025-09-22,2025-09-22
158988,2,1,1,2025-09-22,2025-09-22
158999,2,1,1,2025-09-22,2025-09-22
159032,2,1,1,2025-09-22,2025-09-22
159040,2,1,1,2025-09-22,2025-09-22
159064,2,1,1,2025-09-22,2025-09-22
159085,2,1,1,2025-09-22,2025-09-22
159096,2,2,1,2025-09-22,2025-09-22
159112,2,1,1,2025-09-22,2025-09-22
159126,2,1,1,2025-09-22,2025-09-22
159127,4,1,1,2025-09-22,2025-09-22
159131,2,2,2,2025-09-22,2025-10-03
159132,3,1,1,2025-09-22,2025-09-22
159137,2,1,1,2025-09-22,2025-09-22
159157,3,1,2,2025-09-23,2025-10-15
159162,3,1,1,2025-09-23,2025-09-23
159166,2,1,1,2025-09-23,2025-09-23
159171,3,1,1,2025-09-23,2025-09-23
159179,2,1,1,2025-09-23,2025-09-23
159181,3,1,1,2025-09-23,2025-09-23
159189,10,1,3,2025-09-23,2026-04-01
159190,6,1,2,2025-09-23,2026-04-09
159192,2,1,1,2025-09-23,2025-09-23
159201,2,1,1,2025-09-23,2025-09-23
159204,3,1,1,2025-09-23,2025-09-23
159243,2,1,1,2025-09-23,2025-09-23
159255,3,1,1,2025-09-23,2025-09-23
159271,6,1,1,2025-09-23,2025-09-23
159280,6,1,1,2025-09-23,2025-09-23
159289,2,1,1,2025-09-23,2025-09-23
159291,2,1,1,2025-09-23,2025-09-23
159292,8,1,3,2025-09-23,2026-01-23
159296,2,1,1,2025-09-23,2025-09-23
159308,2,1,1,2025-09-23,2025-09-23
159318,2,1,1,2025-09-23,2025-09-23
159319,2,1,1,2025-09-23,2025-09-23
159321,2,1,1,2025-09-23,2025-09-23
159328,2,1,1,2025-09-23,2025-09-23
159331,2,1,1,2025-09-23,2025-09-23
159335,10,1,1,2025-09-23,2025-09-24
159346,2,1,1,2025-09-23,2025-09-23
159350,3,2,2,2025-09-23,2025-11-09
159360,2,1,1,2025-09-23,2025-09-23
159395,27,1,2,2025-09-23,2025-10-14
159418,3,1,1,2025-09-23,2025-09-23
159422,2,1,1,2025-09-23,2025-09-23
159450,3,1,1,2025-09-23,2025-09-23
159451,2,1,1,2025-09-23,2025-09-23
159461,3,1,1,2025-09-23,2025-09-24
159473,2,1,1,2025-09-23,2025-09-23
159477,2,1,1,2025-09-23,2025-09-24
159484,2,1,1,2025-09-23,2025-09-23
159501,3,1,1,2025-09-23,2025-09-23
159521,2,1,1,2025-09-23,2025-09-23
159526,2,1,1,2025-09-23,2025-09-23
159528,2,1,1,2025-09-23,2025-09-24
159535,2,1,1,2025-09-23,2025-09-23
159581,32,3,2,2025-09-23,2025-11-02
159618,2,1,1,2025-09-23,2025-09-23
159651,2,1,1,2025-09-24,2025-09-24
159653,2,1,2,2025-09-24,2025-10-01
159667,3,1,1,2025-09-24,2025-09-24
159715,2,1,1,2025-09-24,2025-09-24
159751,2,1,1,2025-09-24,2025-09-24
159755,3,1,1,2025-09-24,2025-09-24
159759,2,1,1,2025-09-24,2025-09-24
159763,2,1,1,2025-09-24,2025-09-24
159764,2,1,1,2025-09-24,2025-09-24
159794,2,1,1,2025-09-24,2025-09-24
159809,14,1,1,2025-09-24,2025-09-26
159811,3,1,1,2025-09-24,2025-09-24
159817,2,1,1,2025-09-24,2025-09-24
159822,9,1,2,2025-09-24,2025-10-03
159842,3,1,1,2025-09-24,2025-09-24
159856,2,1,1,2025-09-24,2025-09-24
159859,3,1,1,2025-09-24,2025-09-24
159876,3,1,1,2025-09-24,2025-09-24
159878,2,1,1,2025-09-24,2025-09-25
159887,2,1,1,2025-09-24,2025-09-24
159892,2,1,1,2025-09-24,2025-09-24
159898,2,1,1,2025-09-24,2025-09-24
159910,6,1,1,2025-09-24,2025-09-24
159936,2,1,1,2025-09-24,2025-09-24
159938,2,1,1,2025-09-24,2025-09-24
159947,2,1,1,2025-09-24,2025-09-24
159983,2,1,1,2025-09-24,2025-09-24
159997,3,1,1,2025-09-24,2025-09-24
160027,2,1,1,2025-09-24,2025-09-24
160040,2,1,1,2025-09-24,2025-09-24
160059,2,1,1,2025-09-24,2025-09-24
160064,2,1,1,2025-09-24,2025-09-24
160086,2,1,1,2025-09-24,2025-09-24
160115,2,1,1,2025-09-24,2025-09-24
160117,3,1,1,2025-09-24,2025-09-24
160119,3,1,1,2025-09-24,2025-09-24
160120,3,1,1,2025-09-24,2025-09-24
160125,2,1,1,2025-09-24,2025-09-24
160128,2,1,1,2025-09-24,2025-09-24
160131,2,1,1,2025-09-24,2025-09-24
160137,3,1,1,2025-09-24,2025-09-24
160138,3,1,1,2025-09-24,2025-09-24
160141,3,1,1,2025-09-24,2025-09-24
160203,2,1,1,2025-09-25,2025-09-25
160211,3,1,1,2025-09-25,2025-09-25
160315,2,1,2,2025-09-25,2026-03-06
160316,2,1,1,2025-09-25,2025-09-25
160320,4,1,1,2025-09-25,2025-09-26
160322,2,1,1,2025-09-25,2025-09-25
160341,5,1,1,2025-09-25,2025-09-26
160342,7,1,3,2025-09-25,2026-02-18
160354,3,1,1,2025-09-25,2025-09-26
160356,3,1,1,2025-09-25,2025-09-26
160360,2,1,1,2025-09-25,2025-09-25
160361,5,1,1,2025-09-25,2025-09-26
160366,4,1,1,2025-09-25,2025-09-26
160371,4,1,2,2025-09-25,2025-10-17
160375,3,1,1,2025-09-25,2025-09-26
160381,3,1,1,2025-09-25,2025-09-26
160388,4,1,1,2025-09-25,2025-09-26
160389,4,1,1,2025-09-25,2025-09-26
160421,3,1,1,2025-09-25,2025-09-26
160427,4,1,1,2025-09-25,2025-09-26
160440,2,1,1,2025-09-25,2025-09-26
160447,2,1,1,2025-09-25,2025-09-25
160450,3,1,1,2025-09-25,2025-09-26
160462,2,1,1,2025-09-25,2025-09-25
160488,2,1,1,2025-09-25,2025-09-26
160492,2,1,1,2025-09-25,2025-09-25
160503,2,1,1,2025-09-25,2025-09-25
160516,2,1,1,2025-09-25,2025-09-25
160526,2,1,1,2025-09-25,2025-09-25
160601,2,1,1,2025-09-26,2025-09-26
160628,2,1,1,2025-09-26,2025-09-26
160633,2,1,1,2025-09-26,2025-09-26
160641,2,1,1,2025-09-26,2025-09-26
160700,2,1,1,2025-09-26,2025-09-26
160734,2,1,1,2025-09-26,2025-09-26
160776,2,1,1,2025-09-26,2025-09-26
160791,3,1,2,2025-09-26,2025-11-07
160821,2,1,1,2025-09-26,2025-09-26
160849,2,1,1,2025-09-26,2025-09-26
160868,8,1,1,2025-09-26,2025-09-26
160875,2,1,1,2025-09-26,2025-09-26
160927,2,1,1,2025-09-26,2025-09-26
160957,15,2,2,2025-09-27,2025-11-05
161018,2,1,1,2025-09-27,2025-09-27
161022,2,1,1,2025-09-27,2025-09-27
161025,5,1,1,2025-09-27,2025-09-27
161054,2,1,1,2025-09-27,2025-09-27
161093,3,1,1,2025-09-27,2025-09-27
161100,2,1,1,2025-09-27,2025-09-27
161142,2,1,1,2025-09-28,2025-09-28
161175,2,1,1,2025-09-28,2025-09-28
161188,2,1,1,2025-09-28,2025-09-28
161190,3,1,1,2025-09-28,2025-09-28
161199,3,1,1,2025-09-28,2025-09-28
161210,2,1,1,2025-09-28,2025-09-28
161223,2,1,1,2025-09-28,2025-09-28
161272,2,1,1,2025-09-28,2025-09-29
161323,2,1,1,2025-09-29,2025-09-29
161362,2,1,1,2025-09-29,2025-09-29
161363,3,1,1,2025-09-29,2025-09-29
161373,5,1,1,2025-09-29,2025-09-29
161441,2,1,1,2025-09-29,2025-09-29
161455,2,1,1,2025-09-29,2025-09-29
161468,2,1,1,2025-09-29,2025-09-29
161500,2,1,1,2025-09-29,2025-09-29
161509,5,1,1,2025-09-29,2025-09-29
161544,3,2,2,2025-09-29,2025-10-29
161552,2,1,1,2025-09-29,2025-09-29
161600,2,1,1,2025-09-30,2025-09-30
161608,3,1,1,2025-09-30,2025-09-30
161621,5,1,1,2025-09-30,2025-09-30
161629,2,1,1,2025-09-30,2025-09-30
161672,6,1,1,2025-09-30,2025-09-30
161677,3,1,1,2025-09-30,2025-09-30
161678,2,1,1,2025-09-30,2025-09-30
161692,3,1,1,2025-09-30,2025-09-30
161696,2,1,1,2025-09-30,2025-09-30
161709,2,1,1,2025-09-30,2025-09-30
161734,2,1,1,2025-09-30,2025-09-30
161750,4,2,2,2025-09-30,2025-10-06
161770,3,1,1,2025-09-30,2025-09-30
161773,2,1,1,2025-09-30,2025-09-30
161779,2,1,1,2025-09-30,2025-09-30
161780,6,1,1,2025-09-30,2025-09-30
161804,6,1,4,2025-09-30,2026-04-16
161808,2,1,1,2025-09-30,2025-09-30
161819,8,1,4,2025-09-30,2026-06-11
161837,2,1,1,2025-09-30,2025-09-30
161969,2,1,1,2025-09-30,2025-09-30
161982,2,1,1,2025-10-01,2025-10-01
162013,3,2,1,2025-10-01,2025-10-01
162019,2,1,1,2025-10-01,2025-10-01
162037,7,1,1,2025-10-01,2025-10-01
162253,2,1,1,2025-10-01,2025-10-01
162287,2,1,1,2025-10-01,2025-10-01
162294,2,1,1,2025-10-01,2025-10-01
162312,3,1,1,2025-10-01,2025-10-01
162326,5,1,2,2025-10-01,2026-01-27
162332,2,1,1,2025-10-01,2025-10-01
162387,2,1,1,2025-10-01,2025-10-01
162391,2,1,1,2025-10-01,2025-10-01
162395,2,1,1,2025-10-01,2025-10-01
162426,2,1,2,2025-10-01,2026-02-20
162443,3,1,2,2025-10-01,2026-01-27
162482,2,2,1,2025-10-02,2025-10-03
162483,13,1,1,2025-10-02,2025-11-30
162502,2,1,1,2025-10-02,2025-10-02
162511,2,1,1,2025-10-02,2025-10-02
162520,3,2,1,2025-10-02,2025-10-02
162522,2,1,1,2025-10-02,2025-10-02
162525,2,1,1,2025-10-02,2025-10-09
162564,2,1,1,2025-10-02,2025-10-02
162588,13,2,3,2025-10-02,2026-05-21
162596,2,1,1,2025-10-02,2025-10-02
162630,2,1,1,2025-10-02,2025-10-02
162655,2,1,1,2025-10-02,2025-10-03
162686,2,1,1,2025-10-02,2025-10-02
162690,2,1,1,2025-10-02,2025-10-02
162704,2,1,1,2025-10-02,2025-10-02
162733,2,1,1,2025-10-02,2025-10-02
162792,3,1,1,2025-10-03,2025-10-03
162803,2,1,1,2025-10-03,2025-10-03
162814,2,1,1,2025-10-03,2025-10-03
162817,2,1,1,2025-10-03,2025-10-03
162831,3,1,1,2025-10-03,2025-10-03
162837,3,1,1,2025-10-03,2025-10-03
162842,2,1,1,2025-10-03,2025-10-03
162847,2,1,1,2025-10-03,2025-10-03
162851,2,1,1,2025-10-03,2025-10-03
162857,2,1,1,2025-10-03,2025-10-03
162862,2,1,1,2025-10-03,2025-10-03
162868,2,1,1,2025-10-03,2025-10-03
162880,2,1,2,2025-10-03,2026-02-19
162896,2,1,1,2025-10-03,2025-10-03
162910,3,1,1,2025-10-03,2025-12-01
162911,7,1,2,2025-10-03,2026-02-16
162922,2,1,1,2025-10-03,2025-10-08
162928,2,1,1,2025-10-03,2025-10-03
162934,3,1,1,2025-10-03,2025-10-03
162938,3,1,1,2025-10-03,2025-10-03
162947,2,1,1,2025-10-03,2025-10-03
162952,3,1,1,2025-10-03,2025-10-03
162955,2,1,1,2025-10-03,2025-10-03
162962,3,1,1,2025-10-03,2025-10-03
163006,2,1,1,2025-10-03,2025-10-03
163013,2,1,1,2025-10-03,2025-10-03
163016,2,1,1,2025-10-03,2025-10-03
163020,2,1,1,2025-10-03,2025-10-03
163021,2,1,1,2025-10-03,2025-10-03
163029,2,1,1,2025-10-03,2025-10-03
163047,3,1,1,2025-10-03,2025-10-03
163055,2,1,1,2025-10-03,2025-10-03
163058,2,1,1,2025-10-03,2025-10-03
163066,2,1,1,2025-10-03,2025-10-03
163068,2,1,1,2025-10-03,2025-10-03
163080,5,1,1,2025-10-03,2025-10-03
163086,2,1,1,2025-10-03,2025-10-03
163145,4,1,1,2025-10-05,2025-10-05
163161,2,1,1,2025-10-05,2025-10-05
163192,5,1,1,2025-10-05,2025-10-05
163209,2,1,1,2025-10-05,2025-10-05
163240,2,1,1,2025-10-06,2025-10-06
163245,2,1,1,2025-10-06,2025-10-06
163246,4,1,1,2025-10-06,2025-10-06
163256,3,1,1,2025-10-06,2025-10-07
163276,5,1,1,2025-10-06,2025-10-06
163279,2,1,1,2025-10-06,2025-10-06
163285,2,1,1,2025-10-06,2025-10-06
163286,2,1,1,2025-10-06,2025-10-06
163299,2,1,1,2025-10-06,2025-10-06
163302,2,1,1,2025-10-06,2025-10-06
163337,2,1,2,2025-10-06,2026-01-20
163340,2,1,1,2025-10-06,2025-10-06
163367,3,1,2,2025-10-06,2026-03-24
163382,2,1,1,2025-10-06,2025-10-06
163407,3,1,1,2025-10-06,2025-10-31
163418,2,1,1,2025-10-06,2025-10-06
163428,3,1,1,2025-10-06,2025-10-06
163453,2,1,1,2025-10-06,2025-10-20
163460,2,1,1,2025-10-06,2025-10-06
163539,2,1,1,2025-10-07,2025-10-07
163551,8,1,1,2025-10-07,2025-10-07
163609,2,1,1,2025-10-07,2025-10-07
163621,4,1,1,2025-10-07,2025-10-07
163639,2,1,1,2025-10-07,2025-10-07
163659,2,1,1,2025-10-07,2025-10-07
163665,2,1,1,2025-10-07,2025-10-07
163668,2,1,1,2025-10-07,2025-10-07
163669,2,1,1,2025-10-07,2025-10-07
163691,2,1,1,2025-10-07,2025-10-07
163726,3,1,1,2025-10-08,2025-10-08
163728,3,1,1,2025-10-08,2025-10-08
163735,2,1,1,2025-10-08,2025-10-08
163738,2,1,1,2025-10-08,2025-10-08
163757,2,1,1,2025-10-08,2025-10-10
163758,6,1,1,2025-10-08,2025-10-30
163769,2,1,2,2025-10-08,2026-02-16
163775,288,1,2,2025-10-08,2026-03-06
163787,2,2,1,2025-10-08,2025-10-08
163797,2,1,1,2025-10-08,2025-10-10
163817,3,1,1,2025-10-08,2025-10-08
163820,2,1,1,2025-10-08,2025-10-09
163824,3,1,2,2025-10-08,2026-01-30
163825,4,1,1,2025-10-08,2025-11-25
163835,2,1,1,2025-10-08,2025-10-08
163880,5,1,1,2025-10-08,2025-10-08
163944,3,1,1,2025-10-08,2025-10-08
163949,2,1,1,2025-10-08,2025-10-08
163954,2,1,1,2025-10-08,2025-10-08
163975,2,1,1,2025-10-08,2025-10-08
163982,2,1,1,2025-10-08,2025-10-08
164031,4,1,1,2025-10-09,2025-10-09
164037,2,1,1,2025-10-09,2025-10-09
164038,7,1,3,2025-10-09,2026-07-22
164043,6,1,2,2025-10-09,2026-03-31
164051,3,1,1,2025-10-09,2025-10-10
164055,2,1,1,2025-10-09,2025-10-09
164066,2,2,1,2025-10-09,2025-10-09
164076,3,1,1,2025-10-09,2025-10-09
164083,3,1,1,2025-10-09,2025-10-09
164088,2,1,1,2025-10-09,2025-10-09
164112,13,1,2,2025-10-09,2026-03-11
164118,2,1,1,2025-10-09,2025-10-09
164128,2,1,1,2025-10-09,2025-10-09
164136,3,1,1,2025-10-09,2025-11-13
164168,2,1,1,2025-10-09,2025-10-09
164169,3,1,1,2025-10-09,2025-10-31
164174,2,1,2,2025-10-09,2026-01-19
164176,2,1,2,2025-10-09,2026-01-28
164177,2,1,1,2025-10-09,2025-10-09
164178,2,1,1,2025-10-09,2025-12-03
164179,2,1,1,2025-10-09,2025-11-13
164190,2,1,1,2025-10-09,2025-12-26
164198,2,1,1,2025-10-09,2025-10-09
164201,3,1,1,2025-10-09,2025-10-09
164210,3,1,2,2025-10-09,2026-01-28
164213,7,1,1,2025-10-09,2025-10-10
164220,2,1,1,2025-10-09,2025-10-15
164235,3,1,1,2025-10-09,2025-10-09
164238,2,1,1,2025-10-09,2025-10-09
164269,2,1,1,2025-10-09,2025-10-09
164312,2,1,1,2025-10-10,2025-10-10
164317,3,1,1,2025-10-10,2025-10-10
164320,2,1,1,2025-10-10,2025-10-10
164324,3,1,1,2025-10-10,2025-10-10
164346,3,1,1,2025-10-10,2025-10-10
164352,2,1,1,2025-10-10,2025-10-10
164360,2,1,1,2025-10-10,2025-10-10
164382,2,1,1,2025-10-10,2025-10-10
164395,2,1,1,2025-10-10,2025-10-22
164424,2,1,1,2025-10-12,2025-10-12
164460,2,1,1,2025-10-12,2025-10-12
164469,2,1,1,2025-10-12,2025-10-12
164472,2,1,1,2025-10-12,2025-10-12
164514,2,1,1,2025-10-12,2025-10-12
164532,2,1,1,2025-10-13,2025-10-13
164536,2,1,1,2025-10-13,2025-10-13
164537,2,1,1,2025-10-13,2025-10-13
164538,2,1,1,2025-10-13,2025-10-13
164539,2,1,1,2025-10-13,2025-10-13
164546,2,1,1,2025-10-13,2025-10-13
164567,3,1,1,2025-10-13,2025-10-14
164573,2,1,1,2025-10-13,2025-10-13
164575,2,1,1,2025-10-13,2025-10-15
164579,12,1,2,2025-10-13,2026-02-19
164584,3,1,1,2025-10-13,2025-10-14
164587,2,1,1,2025-10-13,2025-10-14
164597,3,1,1,2025-10-13,2025-10-15
164599,6,1,2,2025-10-13,2026-01-29
164619,2,1,1,2025-10-13,2025-10-13
164645,4,1,2,2025-10-13,2026-02-17
164662,2,1,1,2025-10-13,2025-10-14
164682,2,1,1,2025-10-13,2025-10-13
164684,2,1,1,2025-10-13,2025-10-13
164733,2,1,1,2025-10-13,2025-10-13
164743,3,1,1,2025-10-13,2025-10-13
164770,8,1,1,2025-10-14,2025-10-22
164774,2,1,1,2025-10-14,2025-10-14
164783,2,1,1,2025-10-14,2025-10-14
164810,3,1,1,2025-10-14,2025-10-14
164821,2,1,1,2025-10-14,2025-10-14
164826,10,1,1,2025-10-14,2025-10-15
164832,2,1,1,2025-10-14,2025-10-14
164834,2,1,1,2025-10-14,2025-10-15
164868,2,1,1,2025-10-14,2025-10-14
164887,3,1,1,2025-10-14,2025-12-09
164931,3,1,2,2025-10-14,2026-01-07
164935,5,1,2,2025-10-14,2026-01-21
164957,2,1,1,2025-10-14,2025-10-14
164983,3,1,1,2025-10-14,2025-10-14
164984,9,1,2,2025-10-14,2026-01-29
164990,9,1,2,2025-10-14,2026-01-20
165020,2,1,1,2025-10-14,2025-10-14
165032,2,1,1,2025-10-14,2025-10-14
165046,2,1,1,2025-10-14,2025-10-14
165086,2,1,1,2025-10-14,2025-10-14
165093,3,1,1,2025-10-14,2025-10-14
165142,2,1,1,2025-10-14,2025-10-15
165177,2,1,1,2025-10-15,2025-10-15
165178,4,1,1,2025-10-15,2025-10-15
165181,3,1,1,2025-10-15,2025-10-15
165184,2,1,1,2025-10-15,2025-10-15
165188,2,1,1,2025-10-15,2025-10-15
165204,3,1,1,2025-10-15,2025-10-15
165205,2,1,1,2025-10-15,2025-10-15
165247,2,1,1,2025-10-15,2025-10-16
165248,2,1,1,2025-10-15,2025-10-15
165309,379,1,4,2025-10-15,2026-07-16
165311,2,1,1,2025-10-15,2025-10-15
165316,5,2,1,2025-10-15,2025-10-15
165323,2,1,1,2025-10-15,2025-10-15
165327,2,1,1,2025-10-15,2025-10-15
165362,4,1,1,2025-10-15,2025-10-16
165380,2,1,1,2025-10-15,2025-10-30
165387,2,1,1,2025-10-15,2025-10-15
165397,2,1,2,2025-10-15,2026-01-28
165413,2,1,1,2025-10-15,2025-10-15
165426,2,1,1,2025-10-15,2025-10-15
165445,2,1,1,2025-10-15,2025-10-15
165446,2,1,1,2025-10-15,2025-10-15
165454,2,1,1,2025-10-15,2025-10-15
165474,2,1,1,2025-10-15,2025-10-15
165501,2,1,1,2025-10-16,2025-10-16
165519,2,1,1,2025-10-16,2025-10-16
165528,3,1,1,2025-10-16,2025-10-16
165547,3,1,1,2025-10-16,2025-10-16
165587,8,1,2,2025-10-16,2026-06-16
165603,2,1,1,2025-10-16,2025-10-16
165624,2,1,1,2025-10-16,2025-10-16
165633,2,1,1,2025-10-16,2025-10-16
165679,12,1,2,2025-10-16,2026-01-14
165732,2,1,1,2025-10-16,2025-10-16
165738,2,1,1,2025-10-16,2025-10-16
165739,2,1,1,2025-10-16,2025-10-16
165761,3,1,1,2025-10-16,2025-10-16
165806,2,1,1,2025-10-16,2025-10-16
165863,2,1,1,2025-10-17,2025-10-17
165879,2,2,2,2025-10-17,2026-05-27
165880,3,1,1,2025-10-17,2025-12-30
165884,2,1,1,2025-10-17,2025-10-17
165903,2,1,1,2025-10-17,2025-10-17
165959,3,1,1,2025-10-17,2025-10-17
165984,5,1,1,2025-10-17,2025-10-17
165985,2,1,1,2025-10-17,2025-10-17
166035,2,1,1,2025-10-17,2025-10-17
166045,3,1,1,2025-10-17,2025-10-17
166059,2,1,1,2025-10-17,2025-10-17
166084,2,1,1,2025-10-17,2025-10-17
166103,2,1,1,2025-10-17,2025-10-17
166155,2,1,1,2025-10-18,2025-10-18
166205,2,1,1,2025-10-19,2025-10-19
166213,2,1,1,2025-10-19,2025-10-19
166215,2,1,1,2025-10-19,2025-10-19
166251,2,1,1,2025-10-19,2025-10-19
166262,3,1,1,2025-10-19,2025-10-19
166284,2,1,1,2025-10-19,2025-10-19
166305,2,1,1,2025-10-20,2025-10-20
166316,3,1,1,2025-10-20,2025-10-20
166318,5,1,1,2025-10-20,2025-10-20
166319,2,1,1,2025-10-20,2025-10-20
166321,7,1,1,2025-10-20,2025-10-20
166330,2,1,1,2025-10-20,2025-10-20
166343,2,1,2,2025-10-20,2026-01-02
166393,2,1,1,2025-10-20,2025-11-24
166406,2,1,1,2025-10-20,2025-10-20
166466,2,1,1,2025-10-20,2025-10-20
166475,2,1,1,2025-10-20,2025-10-20
166481,5,1,1,2025-10-20,2025-10-20
166492,3,1,1,2025-10-20,2025-11-13
166516,4,1,1,2025-10-20,2025-10-20
166517,2,1,1,2025-10-20,2025-10-20
166552,2,2,1,2025-10-20,2025-10-22
166562,2,1,1,2025-10-20,2025-10-20
166565,2,1,1,2025-10-20,2025-10-20
166590,4,1,1,2025-10-21,2025-10-21
166594,2,1,1,2025-10-21,2025-11-07
166596,2,1,1,2025-10-21,2025-10-21
166599,2,1,1,2025-10-21,2025-10-21
166607,2,1,1,2025-10-21,2025-10-21
166610,3,1,1,2025-10-21,2025-10-21
166620,3,1,1,2025-10-21,2025-10-21
166621,2,1,1,2025-10-21,2025-10-21
166628,4,1,3,2025-10-21,2026-04-09
166630,2,1,1,2025-10-21,2025-10-21
166657,2,1,1,2025-10-21,2025-10-21
166662,2,1,1,2025-10-21,2025-10-21
166663,2,1,1,2025-10-21,2025-10-21
166688,3,1,1,2025-10-21,2025-11-14
166692,2,1,1,2025-10-21,2025-10-21
166698,2,1,1,2025-10-21,2025-10-21
166725,2,1,1,2025-10-21,2025-10-21
166733,2,1,1,2025-10-21,2025-10-21
166752,2,1,1,2025-10-21,2025-10-21
166772,3,1,1,2025-10-21,2025-10-21
166779,2,1,1,2025-10-21,2025-10-21
166790,2,1,1,2025-10-21,2025-10-21
166813,6,1,1,2025-10-21,2025-10-21
166897,3,1,1,2025-10-22,2025-10-22
166899,3,1,1,2025-10-22,2025-10-22
166904,3,1,1,2025-10-22,2025-10-22
166910,2,1,1,2025-10-22,2025-10-22
166933,2,1,2,2025-10-22,2026-01-27
166961,3,1,1,2025-10-22,2025-10-22
166970,2,1,1,2025-10-22,2025-10-22
166989,2,1,1,2025-10-22,2025-10-22
166997,3,1,1,2025-10-22,2025-10-22
167028,3,1,1,2025-10-22,2025-10-22
167042,2,1,2,2025-10-22,2026-01-23
167103,2,1,2,2025-10-22,2026-01-07
167110,2,1,1,2025-10-22,2025-10-22
167114,7,1,1,2025-10-22,2025-10-22
167120,5,1,1,2025-10-22,2025-10-22
167128,2,1,1,2025-10-22,2025-10-22
167132,3,1,1,2025-10-22,2025-10-22
167167,2,1,1,2025-10-22,2025-10-22
167171,2,1,1,2025-10-22,2025-10-22
167207,2,1,1,2025-10-22,2025-10-22
167221,3,1,1,2025-10-23,2025-10-23
167236,2,1,1,2025-10-23,2025-10-23
167263,4,1,1,2025-10-23,2025-11-01
167271,2,1,1,2025-10-23,2025-10-23
167273,2,1,1,2025-10-23,2025-10-23
167277,2,1,1,2025-10-23,2025-10-23
167307,2,1,1,2025-10-23,2025-10-23
167354,4,1,3,2025-10-23,2026-04-13
167419,4,1,1,2025-10-23,2025-10-23
167478,2,2,1,2025-10-24,2025-10-24
167481,2,1,1,2025-10-24,2025-10-24
167486,2,1,1,2025-10-24,2025-10-24
167518,4,1,2,2025-10-24,2026-01-24
167527,2,1,1,2025-10-24,2025-10-24
167552,2,1,1,2025-10-24,2025-10-24
167563,2,1,1,2025-10-24,2025-10-24
167584,10,1,3,2025-10-24,2026-05-25
167657,2,1,1,2025-10-24,2025-10-24
167664,3,1,1,2025-10-24,2025-10-24
167694,2,1,1,2025-10-25,2025-10-25
167729,2,1,1,2025-10-25,2025-10-25
167763,2,1,1,2025-10-26,2025-10-26
167771,3,1,1,2025-10-26,2025-10-26
167838,3,1,1,2025-10-26,2025-10-26
167862,3,1,1,2025-10-27,2025-10-27
167867,2,1,1,2025-10-27,2025-10-27
167870,2,1,1,2025-10-27,2025-10-27
167897,6,1,1,2025-10-27,2025-10-27
167900,2,1,1,2025-10-27,2025-10-27
167920,2,1,1,2025-10-27,2025-11-10
167937,2,2,1,2025-10-27,2025-11-11
167964,2,1,1,2025-10-27,2025-10-27
167974,2,1,1,2025-10-27,2025-10-27
167988,3,1,1,2025-10-27,2025-10-27
168015,2,1,1,2025-10-27,2025-10-27
168019,2,1,1,2025-10-27,2025-10-27
168026,8,1,2,2025-10-27,2026-03-18
168036,2,1,1,2025-10-27,2025-10-27
168039,2,1,1,2025-10-27,2025-10-27
168045,2,1,1,2025-10-27,2025-10-27
168052,2,1,1,2025-10-27,2025-10-27
168069,3,1,1,2025-10-27,2025-10-27
168072,2,1,1,2025-10-27,2025-10-27
168134,2,1,1,2025-10-28,2025-10-28
168174,4,1,3,2025-10-28,2026-06-17
168177,5,1,1,2025-10-28,2025-10-28
168179,2,1,1,2025-10-28,2025-10-28
168186,3,1,2,2025-10-28,2026-01-27
168187,2,1,2,2025-10-28,2026-01-29
168214,2,1,1,2025-10-28,2025-10-28
168329,2,1,1,2025-10-28,2025-11-07
168338,3,1,1,2025-10-28,2025-10-28
168363,3,1,1,2025-10-29,2025-10-29
168370,2,1,1,2025-10-29,2025-10-29
168400,2,1,1,2025-10-29,2025-10-29
168409,6,1,1,2025-10-29,2025-11-13
168415,2,1,1,2025-10-29,2025-10-30
168458,2,1,2,2025-10-29,2026-02-17
168515,2,1,1,2025-10-29,2025-10-29
168557,3,1,1,2025-10-29,2025-10-29
168563,3,1,1,2025-10-29,2025-10-29
168583,3,1,1,2025-10-29,2025-10-29
168605,2,1,1,2025-10-29,2025-10-29
168616,3,1,1,2025-10-29,2025-10-29
168619,2,1,1,2025-10-29,2025-10-29
168620,3,2,1,2025-10-29,2025-11-09
168644,2,1,1,2025-10-30,2025-10-30
168652,2,1,1,2025-10-30,2025-10-30
168657,2,1,1,2025-10-30,2025-10-30
168659,2,1,1,2025-10-30,2025-10-30
168661,2,2,1,2025-10-30,2025-11-24
168679,2,1,1,2025-10-30,2025-10-30
168707,11,1,1,2025-10-30,2025-11-10
168732,2,1,2,2025-10-30,2026-07-09
168820,3,1,1,2025-10-30,2025-10-30
168839,2,1,1,2025-10-30,2025-10-30
168850,2,1,1,2025-10-30,2025-10-30
168852,2,1,1,2025-10-30,2025-10-30
168857,4,1,1,2025-10-30,2025-10-30
168872,2,1,1,2025-10-30,2025-10-30
168883,2,1,1,2025-10-30,2025-10-30
168891,3,1,1,2025-10-30,2025-10-30
168899,4,1,2,2025-10-30,2026-05-26
168906,2,1,2,2025-10-30,2026-02-03
168923,2,1,1,2025-10-30,2025-11-14
168932,40,1,3,2025-10-30,2026-06-25
168933,2,1,1,2025-10-30,2025-10-30
168960,4,1,1,2025-10-31,2025-11-03
168974,3,1,1,2025-10-31,2025-10-31
168975,2,1,1,2025-10-31,2025-10-31
168986,2,1,1,2025-10-31,2025-10-31
168999,2,1,1,2025-10-31,2025-10-31
169004,2,1,1,2025-10-31,2025-10-31
169018,2,1,1,2025-10-31,2025-10-31
169037,4,1,1,2025-10-31,2025-11-03
169043,2,1,2,2025-10-31,2026-01-22
169051,9,1,2,2025-10-31,2026-03-22
169084,3,1,1,2025-10-31,2025-11-03
169088,2,1,1,2025-10-31,2025-12-03
169093,3,1,2,2025-10-31,2026-01-14
169101,3,1,2,2025-10-31,2026-01-28
169118,3,1,1,2025-10-31,2025-10-31
169150,3,1,1,2025-10-31,2025-11-01
169154,4,1,1,2025-10-31,2025-11-03
169167,2,1,1,2025-10-31,2025-10-31
169182,6,1,1,2025-11-01,2025-11-01
169208,2,1,1,2025-11-01,2025-11-01
169213,4,1,1,2025-11-01,2025-11-01
169227,2,1,1,2025-11-01,2025-11-01
169254,2,1,1,2025-11-01,2025-11-01
169293,4,1,1,2025-11-01,2025-11-01
169310,2,1,1,2025-11-02,2025-11-02
169319,4,1,1,2025-11-02,2025-11-02
169329,2,2,1,2025-11-02,2025-11-02
169334,2,1,1,2025-11-02,2025-11-02
169355,2,2,1,2025-11-02,2025-11-02
169366,3,1,1,2025-11-02,2025-11-02
169367,2,1,1,2025-11-02,2025-11-02
169395,2,2,1,2025-11-02,2025-11-02
169396,2,2,1,2025-11-02,2025-11-02
169428,2,1,1,2025-11-03,2025-11-03
169497,2,1,1,2025-11-03,2025-11-10
169537,4,1,1,2025-11-03,2025-11-03
169544,2,1,1,2025-11-03,2025-11-03
169563,2,1,1,2025-11-03,2025-11-03
169601,2,1,1,2025-11-03,2025-11-03
169633,2,1,1,2025-11-03,2025-11-03
169636,2,1,1,2025-11-03,2025-11-03
169651,5,1,1,2025-11-03,2025-11-03
169663,2,1,1,2025-11-03,2025-11-03
169669,3,1,1,2025-11-03,2025-11-05
169672,2,1,1,2025-11-03,2025-11-03
169674,3,1,1,2025-11-03,2025-11-03
169696,2,1,1,2025-11-04,2025-11-04
169712,3,1,1,2025-11-04,2025-11-04
169724,2,1,1,2025-11-04,2025-11-04
169730,3,1,1,2025-11-04,2025-11-05
169761,3,1,1,2025-11-04,2025-11-04
169767,2,1,1,2025-11-04,2025-11-04
169771,2,1,1,2025-11-04,2025-11-04
169774,2,1,1,2025-11-04,2025-11-04
169790,2,1,1,2025-11-04,2025-11-04
169792,2,1,1,2025-11-04,2025-11-04
169799,3,1,1,2025-11-04,2025-11-10
169818,2,1,1,2025-11-04,2025-11-04
169840,10,1,3,2025-11-04,2026-06-29
169859,2,1,1,2025-11-04,2025-11-04
169872,3,1,1,2025-11-04,2025-11-12
169895,27,3,2,2025-11-04,2026-01-09
169900,3,1,1,2025-11-04,2025-11-04
169916,2,1,1,2025-11-04,2025-11-04
169946,2,1,1,2025-11-04,2025-11-04
169951,2,1,1,2025-11-04,2025-11-04
169992,3,1,1,2025-11-04,2025-11-04
170043,4,1,1,2025-11-05,2025-11-05
170056,2,1,1,2025-11-05,2025-11-11
170107,3,1,1,2025-11-05,2025-11-05
170112,2,1,1,2025-11-05,2025-11-10
170114,2,1,1,2025-11-05,2025-11-05
170115,2,1,1,2025-11-05,2025-11-05
170134,5,1,1,2025-11-05,2025-11-05
170155,4,1,2,2025-11-05,2026-03-04
170156,4,1,2,2025-11-05,2026-01-01
170161,4,2,2,2025-11-05,2026-02-21
170191,2,1,1,2025-11-05,2025-11-05
170202,2,1,1,2025-11-05,2025-11-05
170207,2,1,1,2025-11-05,2025-11-05
170219,2,1,2,2025-11-05,2026-01-08
170351,4,1,1,2025-11-06,2025-11-06
170364,5,1,1,2025-11-06,2025-11-06
170371,2,1,1,2025-11-06,2025-11-06
170447,4,1,1,2025-11-06,2025-11-06
170541,2,1,1,2025-11-06,2025-11-06
170564,2,1,1,2025-11-07,2025-11-07
170641,2,1,1,2025-11-07,2025-11-07
170788,2,1,1,2025-11-08,2025-11-08
170829,2,1,1,2025-11-08,2025-11-08
170841,2,1,1,2025-11-08,2025-11-09
170843,2,1,1,2025-11-08,2025-11-08
170845,2,1,1,2025-11-08,2025-11-08
170878,15,1,1,2025-11-08,2025-11-14
170906,2,1,1,2025-11-09,2025-11-09
170913,2,1,1,2025-11-09,2025-11-09
170917,3,1,1,2025-11-09,2025-11-09
170929,2,1,1,2025-11-09,2025-11-09
170959,3,1,1,2025-11-09,2025-11-09
170966,2,1,1,2025-11-09,2025-11-09
170968,3,1,1,2025-11-09,2025-11-09
171027,2,1,1,2025-11-09,2025-11-09
171033,5,1,1,2025-11-09,2025-11-09
171038,8,1,1,2025-11-09,2025-11-09
171048,2,1,1,2025-11-09,2025-11-09
171058,4,3,2,2025-11-09,2026-03-31
171081,2,1,1,2025-11-10,2025-11-10
171089,2,1,1,2025-11-10,2025-11-10
171094,2,1,1,2025-11-10,2025-11-10
171103,2,1,1,2025-11-10,2025-11-10
171111,2,1,1,2025-11-10,2025-11-10
171136,2,1,1,2025-11-10,2025-11-10
171151,2,1,1,2025-11-10,2025-11-10
171163,3,1,1,2025-11-10,2025-11-10
171208,2,1,1,2025-11-10,2025-11-10
171224,2,1,1,2025-11-10,2025-11-10
171229,3,1,3,2025-11-10,2026-05-26
171233,2,1,1,2025-11-10,2025-11-10
171248,3,1,1,2025-11-10,2025-11-10
171251,9,1,2,2025-11-10,2026-01-12
171297,2,1,1,2025-11-10,2025-11-10
171302,2,1,1,2025-11-10,2025-11-10
171313,2,1,1,2025-11-10,2025-11-10
171314,4,1,1,2025-11-10,2025-11-10
171320,2,1,1,2025-11-10,2025-11-10
171326,2,1,1,2025-11-10,2025-11-10
171327,2,2,1,2025-11-10,2025-11-10
171328,2,1,1,2025-11-10,2025-11-10
171367,2,2,1,2025-11-11,2025-11-11
171456,2,1,1,2025-11-11,2025-11-11
171473,2,1,1,2025-11-11,2025-12-03
171481,6,1,3,2025-11-11,2026-05-19
171490,2,1,1,2025-11-11,2025-11-11
171499,2,1,1,2025-11-11,2025-11-11
171517,4,1,2,2025-11-11,2026-06-02
171520,2,1,1,2025-11-11,2025-11-11
171534,2,1,1,2025-11-11,2025-11-11
171574,5,1,1,2025-11-11,2025-11-14
171586,2,1,1,2025-11-11,2025-11-11
171596,2,1,2,2025-11-11,2026-07-09
171621,2,1,1,2025-11-11,2025-11-11
171644,2,1,1,2025-11-11,2025-11-11
171652,3,1,1,2025-11-11,2025-11-18
171685,2,1,1,2025-11-12,2025-11-12
171689,3,1,1,2025-11-12,2025-11-12
171703,2,2,1,2025-11-12,2025-11-17
171733,2,1,1,2025-11-12,2025-11-12
171751,2,1,1,2025-11-12,2025-11-12
171756,4,1,1,2025-11-12,2025-11-12
171764,2,1,1,2025-11-12,2025-11-12
171782,5,1,1,2025-11-12,2025-11-12
171783,2,1,1,2025-11-12,2025-11-12
171789,4,1,2,2025-11-12,2026-02-09
171821,2,1,1,2025-11-12,2025-11-12
171823,10,1,3,2025-11-12,2026-04-01
171867,2,1,1,2025-11-12,2025-11-12
171890,3,1,1,2025-11-12,2025-11-12
171893,2,1,1,2025-11-12,2025-11-12
171910,66,2,2,2025-11-12,2026-03-18
171939,3,1,3,2025-11-12,2026-04-23
171948,2,1,1,2025-11-12,2025-11-12
171977,2,1,2,2025-11-12,2026-04-27
172018,2,1,1,2025-11-12,2025-11-12
172044,3,1,1,2025-11-12,2025-12-04
172099,2,1,1,2025-11-13,2025-11-13
172100,2,1,1,2025-11-13,2025-11-13
172107,2,2,1,2025-11-13,2025-11-13
172115,3,1,1,2025-11-13,2025-11-13
172128,2,1,1,2025-11-13,2025-11-13
172163,3,1,1,2025-11-13,2025-11-13
172164,3,1,1,2025-11-13,2025-11-13
172263,2,1,1,2025-11-13,2025-11-17
172286,2,1,1,2025-11-13,2025-11-13
172293,2,1,1,2025-11-13,2025-11-19
172333,2,1,1,2025-11-13,2025-11-13
172368,2,1,1,2025-11-13,2025-11-13
172388,5,1,1,2025-11-13,2025-11-13
172467,2,1,1,2025-11-14,2025-11-14
172468,2,1,1,2025-11-14,2025-11-14
172473,2,1,1,2025-11-14,2025-11-14
172491,2,1,1,2025-11-14,2025-11-14
172492,2,1,1,2025-11-14,2025-11-14
172505,10,1,2,2025-11-14,2026-01-01
172531,2,1,1,2025-11-14,2025-11-14
172534,3,1,1,2025-11-14,2025-11-14
172536,2,1,1,2025-11-14,2025-11-14
172548,2,1,1,2025-11-14,2025-11-14
172552,2,1,1,2025-11-14,2025-11-15
172663,2,1,1,2025-11-14,2025-11-14
172679,3,1,1,2025-11-14,2025-11-14
172710,2,1,1,2025-11-14,2025-11-14
172812,6,1,1,2025-11-14,2025-11-18
172879,2,1,1,2025-11-15,2025-11-15
172881,2,1,1,2025-11-15,2025-11-15
172936,3,1,1,2025-11-15,2025-11-15
172958,2,1,1,2025-11-15,2025-11-15
172967,2,2,1,2025-11-15,2025-11-15
172968,2,1,1,2025-11-15,2025-11-15
172990,2,1,1,2025-11-15,2025-11-15
173001,2,1,1,2025-11-15,2025-11-15
173005,2,1,1,2025-11-15,2025-11-15
173006,5,2,2,2025-11-15,2026-01-06
173008,3,1,2,2025-11-15,2026-01-19
173012,2,1,1,2025-11-15,2025-11-15
173063,2,1,1,2025-11-16,2025-11-16
173080,2,1,1,2025-11-16,2025-11-16
173092,3,2,3,2025-11-16,2026-07-07
173105,2,1,1,2025-11-16,2025-11-16
173122,3,1,1,2025-11-16,2025-11-16
173127,3,1,1,2025-11-16,2025-11-16
173129,2,1,1,2025-11-16,2025-11-16
173134,2,1,1,2025-11-16,2025-11-16
173136,167,1,2,2025-11-16,2026-02-05
173164,2,1,1,2025-11-16,2025-11-16
173206,2,1,1,2025-11-17,2025-11-17
173208,3,1,1,2025-11-17,2025-11-17
173216,2,1,1,2025-11-17,2025-11-17
173290,3,1,2,2025-11-17,2026-03-11
173308,2,1,1,2025-11-17,2025-11-17
173331,11,1,2,2025-11-17,2026-03-11
173337,2,1,1,2025-11-17,2025-11-17
173342,2,1,1,2025-11-17,2025-11-17
173395,2,1,1,2025-11-17,2025-11-17
173407,2,1,1,2025-11-17,2025-11-17
173411,2,1,1,2025-11-17,2025-11-17
173412,2,1,1,2025-11-17,2025-11-17
173421,2,1,1,2025-11-17,2025-11-17
173425,2,1,1,2025-11-17,2025-11-17
173497,2,1,1,2025-11-18,2025-11-18
173505,2,1,1,2025-11-18,2025-11-18
173522,2,1,1,2025-11-18,2025-11-18
173547,2,1,1,2025-11-18,2025-11-18
173574,3,1,1,2025-11-18,2025-11-18
173601,2,1,1,2025-11-18,2025-11-18
173608,3,1,1,2025-11-18,2025-11-18
173665,2,1,1,2025-11-18,2025-11-18
173670,3,1,1,2025-11-18,2025-11-18
173682,2,1,1,2025-11-18,2025-11-18
173686,2,1,1,2025-11-18,2025-11-18
173701,2,1,2,2025-11-18,2026-01-08
173745,11,1,2,2025-11-18,2026-03-11
173783,2,1,1,2025-11-18,2025-11-18
173784,2,1,1,2025-11-18,2025-11-18
173799,2,2,1,2025-11-18,2025-11-18
173812,2,1,1,2025-11-18,2025-11-18
173857,3,1,1,2025-11-19,2025-11-19
173870,2,1,1,2025-11-19,2025-11-19
173888,2,1,1,2025-11-19,2025-11-19
173890,2,1,2,2025-11-19,2026-01-14
173927,2,1,1,2025-11-19,2025-11-19
173943,2,1,1,2025-11-19,2025-11-19
173964,2,1,2,2025-11-19,2026-01-22
173967,10,1,2,2025-11-19,2026-03-01
173975,2,1,1,2025-11-19,2025-11-19
173986,3,1,1,2025-11-19,2025-11-19
173987,6,1,1,2025-11-19,2025-11-21
174004,2,1,1,2025-11-19,2025-11-19
174119,45,1,4,2025-11-19,2026-07-09
174128,2,1,1,2025-11-19,2025-11-19
174143,2,1,1,2025-11-19,2025-11-19
174162,2,1,1,2025-11-19,2025-11-19
174174,2,1,1,2025-11-19,2025-11-19
174178,2,1,1,2025-11-19,2025-11-19
174180,2,1,1,2025-11-19,2025-11-19
174235,4,1,2,2025-11-20,2026-04-10
174270,2,1,1,2025-11-20,2025-11-20
174282,3,1,1,2025-11-20,2025-11-20
174360,2,1,1,2025-11-20,2025-11-20
174364,2,1,1,2025-11-20,2025-11-20
174400,2,1,1,2025-11-20,2025-11-20
174403,2,1,2,2025-11-20,2026-01-29
174418,2,1,1,2025-11-20,2025-11-20
174447,2,1,1,2025-11-20,2025-11-20
174523,2,1,1,2025-11-21,2025-11-21
174525,2,1,1,2025-11-21,2025-11-21
174539,2,1,1,2025-11-21,2025-11-21
174555,2,1,1,2025-11-21,2025-11-26
174592,2,1,1,2025-11-21,2025-11-21
174594,2,1,1,2025-11-21,2025-11-21
174623,2,1,1,2025-11-21,2025-11-21
174719,2,1,1,2025-11-21,2025-11-21
174728,2,1,1,2025-11-21,2025-11-21
174756,2,1,1,2025-11-21,2025-11-21
174810,2,2,1,2025-11-21,2025-12-09
174880,2,1,1,2025-11-22,2025-11-27
174953,15,1,1,2025-11-23,2025-11-25
174981,2,1,1,2025-11-23,2025-11-23
175076,2,2,1,2025-11-24,2025-11-24
175093,2,1,1,2025-11-24,2025-11-24
175102,2,1,2,2025-11-24,2026-01-09
175103,2,1,1,2025-11-24,2025-11-24
175108,28,1,4,2025-11-24,2026-07-14
175109,2,1,1,2025-11-24,2025-11-24
175114,3,1,1,2025-11-24,2025-11-24
175130,2,1,1,2025-11-24,2025-11-24
175132,2,1,1,2025-11-24,2025-11-24
175144,2,1,1,2025-11-24,2025-12-03
175156,8,1,2,2025-11-24,2026-02-19
175180,2,1,1,2025-11-24,2025-11-24
175185,2,1,2,2025-11-24,2026-03-03
175208,2,1,1,2025-11-24,2025-11-24
175221,5,1,3,2025-11-24,2026-05-26
175225,2,1,1,2025-11-24,2025-11-24
175251,2,1,1,2025-11-24,2025-11-24
175258,2,1,1,2025-11-24,2025-11-24
175312,2,2,1,2025-11-24,2025-12-02
175331,3,1,2,2025-11-24,2026-03-06
175344,2,1,1,2025-11-24,2025-11-24
175419,5,1,1,2025-11-25,2025-11-25
175432,2,1,1,2025-11-25,2025-11-25
175449,4,1,1,2025-11-25,2025-12-02
175451,17,6,3,2025-11-25,2026-04-29
175459,2,1,1,2025-11-25,2025-12-02
175460,2,1,1,2025-11-25,2025-11-25
175539,2,1,1,2025-11-25,2025-11-26
175608,2,1,1,2025-11-25,2025-11-25
175653,2,1,1,2025-11-25,2025-12-14
175742,2,1,1,2025-11-26,2025-11-26
175746,2,1,1,2025-11-26,2025-11-30
175753,2,1,1,2025-11-26,2025-11-30
175769,4,1,2,2025-11-26,2026-03-11
175807,2,1,2,2025-11-26,2026-03-26
175820,2,1,1,2025-11-26,2025-11-26
175870,2,1,1,2025-11-26,2025-11-26
175878,2,1,1,2025-11-26,2025-11-30
175891,2,1,1,2025-11-26,2025-11-26
175901,2,1,1,2025-11-26,2025-11-26
176070,13,1,3,2025-11-27,2026-05-18
176081,2,1,1,2025-11-27,2025-11-27
176083,6,2,2,2025-11-27,2026-03-22
176108,5,1,1,2025-11-27,2025-11-27
176109,5,1,3,2025-11-27,2026-04-14
176159,3,1,1,2025-11-27,2025-11-27
176207,3,1,1,2025-11-28,2025-11-28
176214,2,1,1,2025-11-28,2025-11-28
176222,2,1,1,2025-11-28,2025-11-28
176225,2,1,1,2025-11-28,2025-11-28
176263,4,2,1,2025-11-28,2025-11-29
176286,2,1,1,2025-11-28,2025-11-28
176298,2,1,1,2025-11-28,2025-11-28
176407,2,1,1,2025-11-29,2025-11-29
176409,3,1,1,2025-11-29,2025-11-29
176417,2,1,1,2025-11-29,2025-11-29
176464,2,1,1,2025-11-29,2025-11-29
176468,2,1,1,2025-11-29,2025-11-29
176517,4,2,1,2025-11-29,2025-11-30
176524,2,2,1,2025-11-30,2025-11-30
176528,2,1,1,2025-11-30,2025-11-30
176529,2,1,1,2025-11-30,2025-11-30
176540,2,1,1,2025-11-30,2025-11-30
176544,2,1,1,2025-11-30,2025-12-09
176546,2,2,1,2025-11-30,2025-11-30
176578,2,1,1,2025-11-30,2025-11-30
176658,2,1,1,2025-12-01,2025-12-01
176663,2,1,1,2025-12-01,2025-12-01
176691,2,1,1,2025-12-01,2025-12-01
176722,2,1,1,2025-12-01,2025-12-01
176726,4,1,1,2025-12-01,2025-12-02
176768,2,1,1,2025-12-01,2025-12-01
176778,2,1,1,2025-12-01,2025-12-01
176781,3,1,1,2025-12-01,2025-12-01
176783,2,1,2,2025-12-01,2026-02-12
176792,2,1,1,2025-12-01,2025-12-01
176834,3,1,1,2025-12-01,2025-12-02
176836,2,1,1,2025-12-01,2025-12-01
176841,2,1,1,2025-12-01,2025-12-01
176975,2,1,1,2025-12-02,2025-12-02
176983,2,1,1,2025-12-02,2025-12-02
176985,2,1,1,2025-12-02,2025-12-02
177004,2,1,1,2025-12-02,2025-12-02
177006,2,1,1,2025-12-02,2025-12-02
177019,2,1,1,2025-12-02,2025-12-04
177065,2,1,1,2025-12-02,2025-12-02
177092,3,1,1,2025-12-02,2025-12-02
177214,3,2,3,2025-12-02,2026-06-03
177235,2,1,1,2025-12-02,2025-12-02
177238,2,1,1,2025-12-02,2025-12-02
177250,22,1,3,2025-12-02,2026-06-17
177293,2,1,1,2025-12-02,2025-12-02
177370,3,1,1,2025-12-03,2025-12-03
177387,6,1,2,2025-12-03,2026-01-30
177391,2,1,2,2025-12-03,2026-01-29
177458,3,1,1,2025-12-03,2025-12-04
177489,2,1,1,2025-12-03,2025-12-03
177507,2,1,2,2025-12-03,2026-01-02
177512,2,1,1,2025-12-03,2025-12-03
177526,2,1,1,2025-12-03,2025-12-03
177547,2,1,1,2025-12-03,2025-12-03
177597,2,1,1,2025-12-03,2025-12-03
177659,3,1,2,2025-12-03,2026-01-09
177684,2,1,2,2025-12-03,2026-01-08
177718,2,1,1,2025-12-03,2025-12-03
177757,3,1,1,2025-12-04,2025-12-04
177818,2,1,1,2025-12-04,2025-12-04
177833,2,1,1,2025-12-04,2025-12-04
177838,2,1,1,2025-12-04,2025-12-04
177842,2,1,1,2025-12-04,2025-12-04
177856,2,1,1,2025-12-04,2025-12-04
177919,2,1,1,2025-12-04,2025-12-04
177922,2,1,1,2025-12-04,2025-12-04
177938,2,1,1,2025-12-04,2025-12-05
177962,2,1,1,2025-12-04,2025-12-16
177999,3,1,1,2025-12-04,2025-12-04
178022,2,1,1,2025-12-04,2025-12-30
178048,3,1,1,2025-12-04,2025-12-04
178051,2,1,1,2025-12-04,2025-12-04
178062,2,1,1,2025-12-04,2025-12-04
178067,5,1,2,2025-12-04,2026-01-30
178109,2,1,1,2025-12-04,2025-12-04
178154,3,1,2,2025-12-04,2026-01-05
178196,2,1,1,2025-12-05,2025-12-05
178229,4,1,1,2025-12-05,2025-12-05
178255,5,1,1,2025-12-05,2025-12-05
178271,2,1,1,2025-12-05,2025-12-05
178304,2,1,1,2025-12-07,2025-12-07
178317,5,1,1,2025-12-07,2025-12-07
178362,2,1,1,2025-12-07,2025-12-07
178365,2,1,1,2025-12-07,2025-12-07
178377,3,1,1,2025-12-07,2025-12-07
178386,5,3,2,2025-12-07,2026-02-02
178441,2,1,1,2025-12-08,2025-12-08
178475,2,1,1,2025-12-08,2025-12-08
178513,3,1,2,2025-12-08,2026-03-04
178528,4,1,1,2025-12-08,2025-12-08
178627,2,1,1,2025-12-08,2025-12-08
178650,3,1,1,2025-12-08,2025-12-08
178726,2,1,1,2025-12-09,2025-12-09
178752,3,1,1,2025-12-09,2025-12-09
178758,2,1,1,2025-12-09,2025-12-09
178764,2,1,1,2025-12-09,2025-12-09
178775,2,1,1,2025-12-09,2025-12-09
178840,2,1,1,2025-12-09,2025-12-09
178867,2,1,1,2025-12-09,2025-12-09
178886,8,2,1,2025-12-09,2025-12-09
178940,3,1,2,2025-12-09,2026-01-22
178951,2,1,1,2025-12-09,2025-12-09
179053,2,1,2,2025-12-09,2026-01-23
179058,3,1,1,2025-12-09,2025-12-09
179130,2,1,1,2025-12-09,2025-12-09
179139,4,1,1,2025-12-09,2025-12-15
179149,2,1,1,2025-12-09,2025-12-09
179162,2,1,1,2025-12-09,2025-12-10
179178,2,1,1,2025-12-10,2025-12-10
179187,2,1,1,2025-12-10,2025-12-10
179193,2,1,1,2025-12-10,2025-12-10
179216,2,1,1,2025-12-10,2025-12-10
179343,2,1,1,2025-12-14,2025-12-14
179353,3,1,1,2025-12-14,2025-12-22
179355,2,1,1,2025-12-14,2025-12-14
179361,2,1,1,2025-12-14,2025-12-14
179387,2,1,1,2025-12-15,2025-12-15
179400,2,1,2,2025-12-15,2026-01-26
179408,2,1,1,2025-12-15,2025-12-15
179424,2,1,1,2025-12-15,2025-12-15
179426,2,1,1,2025-12-15,2025-12-15
179441,4,1,1,2025-12-15,2025-12-15
179601,41,1,3,2025-12-15,2026-06-10
179614,2,1,1,2025-12-15,2025-12-15
179674,2,1,1,2025-12-15,2025-12-15
179710,2,1,1,2025-12-16,2025-12-16
179748,2,1,1,2025-12-16,2025-12-16
179771,2,1,1,2025-12-16,2025-12-16
179779,2,1,1,2025-12-16,2025-12-16
179782,3,2,2,2025-12-16,2026-01-03
179784,2,1,2,2025-12-16,2026-01-03
179804,2,1,1,2025-12-16,2025-12-16
179814,2,1,1,2025-12-16,2025-12-29
179826,2,1,2,2025-12-16,2026-01-20
179848,2,1,1,2025-12-16,2025-12-16
179894,2,1,1,2025-12-16,2025-12-16
179903,2,1,1,2025-12-16,2025-12-16
179913,4,1,1,2025-12-16,2025-12-16
179919,2,1,1,2025-12-16,2025-12-16
179962,2,1,1,2025-12-16,2025-12-16
179972,2,1,2,2025-12-16,2026-01-03
180006,3,2,1,2025-12-18,2025-12-18
180012,3,1,1,2025-12-18,2025-12-18
180021,2,1,1,2025-12-18,2025-12-18
180030,2,1,1,2025-12-18,2025-12-18
180039,2,1,1,2025-12-18,2025-12-18
180041,4,1,1,2025-12-18,2025-12-18
180062,2,1,1,2025-12-18,2025-12-18
180067,2,1,2,2025-12-18,2026-01-26
180084,3,1,1,2025-12-18,2025-12-18
180135,12,1,2,2025-12-18,2026-05-31
180138,2,1,1,2025-12-18,2025-12-18
180146,4,1,1,2025-12-18,2025-12-18
180172,5,1,1,2025-12-18,2025-12-18
180181,7,1,2,2025-12-18,2026-01-03
180210,2,1,1,2025-12-18,2025-12-18
180222,2,1,1,2025-12-18,2025-12-18
180263,3,1,1,2025-12-18,2025-12-18
180278,6,1,1,2025-12-18,2025-12-27
180301,3,1,1,2025-12-19,2025-12-19
180307,5,1,1,2025-12-19,2025-12-19
180308,2,1,1,2025-12-19,2025-12-19
180316,3,2,1,2025-12-19,2025-12-24
180324,2,1,1,2025-12-19,2025-12-19
180334,3,1,2,2025-12-19,2026-01-23
180336,2,1,1,2025-12-19,2025-12-19
180360,2,1,1,2025-12-19,2025-12-28
180366,3,2,2,2025-12-19,2026-01-21
180396,3,2,2,2025-12-21,2026-01-02
180397,2,1,1,2025-12-21,2025-12-21
180408,3,1,1,2025-12-21,2025-12-21
180420,4,1,1,2025-12-21,2025-12-21
180450,3,1,1,2025-12-21,2025-12-21
180461,2,1,1,2025-12-21,2025-12-21
180520,2,1,1,2025-12-22,2025-12-22
180551,2,1,1,2025-12-22,2025-12-27
180552,4,1,2,2025-12-22,2026-01-13
180572,2,1,1,2025-12-22,2025-12-22
180589,4,1,1,2025-12-22,2025-12-22
180612,48,2,3,2025-12-22,2026-06-23
180624,2,1,1,2025-12-22,2025-12-22
180637,2,1,2,2025-12-22,2026-07-16
180663,3,2,3,2025-12-22,2026-06-09
180689,2,1,1,2025-12-22,2025-12-22
180692,4,1,2,2025-12-22,2026-02-16
180732,2,1,1,2025-12-22,2025-12-22
180764,2,1,1,2025-12-23,2025-12-23
180771,77,1,3,2025-12-23,2026-06-10
180774,2,2,1,2025-12-23,2025-12-23
180800,2,1,1,2025-12-23,2025-12-23
180828,4,1,1,2025-12-23,2025-12-23
180835,2,1,1,2025-12-23,2025-12-23
180843,2,1,1,2025-12-23,2025-12-23
180920,2,1,2,2025-12-23,2026-01-13
180960,2,1,2,2025-12-23,2026-03-23
180965,3,1,1,2025-12-23,2025-12-23
180976,2,1,1,2025-12-23,2025-12-23
181038,2,1,1,2025-12-23,2025-12-23
181060,2,1,2,2025-12-23,2026-01-22
181121,2,1,2,2025-12-24,2026-02-20
181123,2,1,1,2025-12-24,2025-12-24
181159,3,1,1,2025-12-24,2025-12-24
181240,2,1,1,2025-12-25,2025-12-25
181253,2,1,1,2025-12-25,2025-12-25
181330,2,1,1,2025-12-25,2025-12-25
181334,4,1,1,2025-12-25,2025-12-25
181363,2,1,1,2025-12-26,2025-12-26
181380,3,1,1,2025-12-26,2025-12-26
181400,2,1,1,2025-12-26,2025-12-26
181405,2,1,1,2025-12-26,2025-12-26
181411,3,1,1,2025-12-26,2025-12-26
181418,2,1,1,2025-12-26,2025-12-26
181425,2,1,1,2025-12-26,2025-12-26
181431,2,1,1,2025-12-26,2025-12-29
181451,2,1,1,2025-12-26,2025-12-26
181475,2,1,1,2025-12-26,2025-12-26
181479,2,1,2,2025-12-26,2026-04-20
181482,2,1,1,2025-12-26,2025-12-26
181546,2,1,1,2025-12-26,2025-12-26
181551,2,1,1,2025-12-26,2025-12-26
181591,8,1,1,2025-12-26,2025-12-27
181611,2,1,1,2025-12-27,2025-12-27
181618,3,1,2,2025-12-27,2026-04-13
181627,2,1,1,2025-12-27,2025-12-27
181653,8,1,1,2025-12-27,2025-12-27
181678,2,1,1,2025-12-27,2025-12-27
181688,2,1,1,2025-12-27,2025-12-27
181717,2,1,1,2025-12-27,2025-12-27
181725,2,1,1,2025-12-27,2025-12-27
181749,2,1,1,2025-12-27,2025-12-27
181753,5,1,1,2025-12-27,2025-12-31
181772,3,1,2,2025-12-28,2026-01-07
181777,5,1,2,2025-12-28,2026-01-30
181798,2,1,1,2025-12-28,2025-12-28
181802,4,3,1,2025-12-28,2025-12-28
181853,2,1,1,2025-12-28,2025-12-28
181861,2,1,1,2025-12-28,2025-12-28
181864,2,1,1,2025-12-28,2025-12-28
181868,3,1,1,2025-12-28,2025-12-30
181877,8,1,2,2025-12-28,2026-01-28
181902,2,1,1,2025-12-29,2025-12-29
181909,2,1,1,2025-12-29,2025-12-29
181941,2,1,2,2025-12-29,2026-02-22
181987,2,1,1,2025-12-29,2025-12-29
182029,2,1,1,2025-12-29,2025-12-29
182072,2,1,1,2025-12-29,2025-12-29
182101,2,1,1,2025-12-29,2025-12-29
182110,2,1,1,2025-12-29,2025-12-29
182130,4,2,2,2025-12-29,2026-01-07
182161,2,1,1,2025-12-30,2025-12-30
182181,3,1,1,2025-12-30,2025-12-30
182193,2,1,1,2025-12-30,2025-12-30
182207,2,1,1,2025-12-30,2025-12-30
182336,2,1,1,2025-12-30,2025-12-30
182369,2,1,2,2025-12-30,2026-01-15
182379,2,1,1,2025-12-30,2025-12-30
182417,2,1,1,2025-12-30,2025-12-30
182437,2,1,1,2025-12-30,2025-12-30
182503,4,1,2,2025-12-31,2026-02-03
182560,3,1,1,2025-12-31,2025-12-31
182563,2,1,1,2025-12-31,2025-12-31
182579,2,2,2,2025-12-31,2026-01-09
182606,2,1,1,2025-12-31,2025-12-31
182720,2,1,1,2026-01-01,2026-01-01
182727,3,1,1,2026-01-01,2026-01-01
182761,2,1,1,2026-01-01,2026-01-01
182825,6,1,1,2026-01-01,2026-01-01
182828,2,1,1,2026-01-01,2026-03-24
182849,2,1,1,2026-01-01,2026-01-01
182882,2,1,1,2026-01-01,2026-01-01
182917,3,1,1,2026-01-01,2026-01-01
182955,8,1,2,2026-01-02,2026-04-08
183006,2,1,1,2026-01-02,2026-01-02
183026,3,1,1,2026-01-02,2026-03-24
183046,2,1,1,2026-01-02,2026-01-02
183051,2,1,1,2026-01-02,2026-01-02
183086,2,1,2,2026-01-02,2026-06-15
183161,2,1,1,2026-01-02,2026-01-02
183164,2,1,1,2026-01-02,2026-01-02
183278,2,1,1,2026-01-03,2026-01-03
183291,2,1,1,2026-01-03,2026-01-03
183302,3,1,1,2026-01-03,2026-01-03
183307,2,1,1,2026-01-03,2026-01-03
183338,5,1,1,2026-01-03,2026-01-23
183366,3,1,1,2026-01-03,2026-01-03
183378,2,1,1,2026-01-03,2026-01-06
183383,2,1,1,2026-01-04,2026-01-04
183385,2,1,1,2026-01-04,2026-01-04
183399,2,1,1,2026-01-04,2026-01-04
183419,2,1,1,2026-01-04,2026-01-04
183425,2,1,1,2026-01-04,2026-01-04
183484,3,1,1,2026-01-05,2026-01-05
183528,5,1,1,2026-01-06,2026-01-06
183558,3,1,1,2026-01-06,2026-01-06
183566,2,1,1,2026-01-06,2026-01-06
183625,2,1,1,2026-01-06,2026-01-06
183666,7,1,3,2026-01-06,2026-07-01
183705,3,1,1,2026-01-06,2026-01-07
183727,4,1,2,2026-01-06,2026-06-25
183732,2,1,1,2026-01-06,2026-01-06
183742,2,1,1,2026-01-06,2026-01-06
183808,2,1,1,2026-01-06,2026-01-06
183825,2,1,1,2026-01-07,2026-01-07
183830,2,1,1,2026-01-07,2026-01-07
183832,2,1,1,2026-01-07,2026-01-07
183863,2,1,1,2026-01-07,2026-01-07
183913,2,1,1,2026-01-07,2026-01-07
183948,2,1,1,2026-01-07,2026-01-07
184012,2,1,1,2026-01-07,2026-01-07
184089,2,1,1,2026-01-07,2026-01-07
184124,3,1,1,2026-01-07,2026-02-04
184141,3,1,1,2026-01-07,2026-02-20
184143,2,1,1,2026-01-07,2026-01-08
184168,2,1,1,2026-01-08,2026-01-08
184186,2,2,1,2026-01-08,2026-01-08
184191,2,1,1,2026-01-08,2026-01-08
184204,2,1,1,2026-01-08,2026-01-08
184278,3,1,1,2026-01-08,2026-02-25
184287,3,2,1,2026-01-08,2026-01-09
184291,5,1,1,2026-01-08,2026-03-06
184319,3,1,1,2026-01-08,2026-01-08
184327,2,1,1,2026-01-08,2026-01-08
184341,3,1,1,2026-01-08,2026-01-08
184346,5,1,1,2026-01-08,2026-01-08
184378,4,2,1,2026-01-08,2026-01-08
184415,3,1,1,2026-01-08,2026-03-18
184435,2,1,1,2026-01-08,2026-01-08
184440,2,1,1,2026-01-08,2026-01-08
184468,2,1,1,2026-01-09,2026-02-02
184508,2,1,1,2026-01-09,2026-01-09
184522,2,1,1,2026-01-09,2026-01-09
184534,2,1,1,2026-01-09,2026-01-09
184538,5,1,1,2026-01-09,2026-01-09
184548,2,1,1,2026-01-09,2026-01-09
184587,2,1,1,2026-01-09,2026-01-09
184602,2,1,1,2026-01-09,2026-01-09
184609,3,1,1,2026-01-09,2026-03-26
184618,2,1,1,2026-01-09,2026-01-09
184672,3,1,1,2026-01-09,2026-02-09
184709,2,1,1,2026-01-09,2026-01-21
184736,44,1,3,2026-01-09,2026-07-13
184782,2,1,1,2026-01-11,2026-01-11
184842,4,1,1,2026-01-11,2026-01-23
184856,2,1,1,2026-01-11,2026-01-11
184878,2,1,1,2026-01-11,2026-01-11
184882,2,1,1,2026-01-11,2026-01-11
184896,3,1,1,2026-01-12,2026-01-20
184898,2,1,1,2026-01-12,2026-01-12
184915,2,1,1,2026-01-12,2026-01-12
184917,2,1,1,2026-01-12,2026-01-12
184931,2,1,1,2026-01-12,2026-01-12
184962,2,1,1,2026-01-12,2026-01-30
185002,2,1,1,2026-01-12,2026-01-12
185020,2,1,1,2026-01-12,2026-01-12
185080,2,1,1,2026-01-12,2026-01-30
185093,5,1,1,2026-01-12,2026-03-01
185095,3,1,2,2026-01-12,2026-05-14
185104,2,1,1,2026-01-12,2026-01-12
185126,2,1,1,2026-01-12,2026-01-12
185129,4,2,1,2026-01-12,2026-01-12
185139,2,1,1,2026-01-12,2026-01-12
185167,2,1,1,2026-01-12,2026-01-12
185191,2,1,1,2026-01-12,2026-01-12
185247,3,1,1,2026-01-13,2026-01-13
185251,2,1,1,2026-01-13,2026-01-13
185254,2,1,1,2026-01-13,2026-01-13
185259,3,1,1,2026-01-13,2026-01-13
185286,2,1,1,2026-01-13,2026-01-13
185291,3,1,1,2026-01-13,2026-01-13
185335,2,1,1,2026-01-13,2026-01-13
185363,2,1,1,2026-01-13,2026-01-13
185380,4,1,1,2026-01-13,2026-01-13
185403,2,1,1,2026-01-13,2026-01-13
185410,2,1,1,2026-01-13,2026-01-13
185415,2,1,1,2026-01-13,2026-01-13
185421,3,1,1,2026-01-13,2026-01-13
185495,2,1,1,2026-01-13,2026-01-13
185497,5,1,1,2026-01-13,2026-03-18
185555,2,1,1,2026-01-13,2026-01-13
185578,4,1,1,2026-01-13,2026-01-13
185584,2,1,1,2026-01-13,2026-01-13
185633,2,1,1,2026-01-14,2026-01-14
185750,3,1,1,2026-01-14,2026-01-14
185751,3,1,1,2026-01-14,2026-01-23
185762,2,1,1,2026-01-14,2026-01-14
185779,2,1,2,2026-01-14,2026-05-05
185794,5,1,1,2026-01-14,2026-01-14
185874,2,1,1,2026-01-14,2026-01-14
185922,2,1,1,2026-01-14,2026-01-14
185951,2,2,1,2026-01-15,2026-01-15
185961,2,1,1,2026-01-15,2026-01-15
185972,2,1,1,2026-01-15,2026-01-15
186099,2,1,1,2026-01-18,2026-01-18
186105,2,1,1,2026-01-18,2026-01-18
186125,2,1,1,2026-01-18,2026-01-18
186133,2,1,1,2026-01-18,2026-01-18
186179,2,1,1,2026-01-19,2026-01-19
186181,2,1,1,2026-01-19,2026-01-19
186217,2,1,1,2026-01-19,2026-03-23
186221,2,1,1,2026-01-19,2026-01-19
186226,2,1,1,2026-01-19,2026-03-04
186239,2,1,1,2026-01-19,2026-01-19
186263,3,2,1,2026-01-19,2026-01-21
186270,4,1,2,2026-01-19,2026-06-30
186271,2,1,1,2026-01-19,2026-01-19
186274,2,1,1,2026-01-19,2026-01-30
186278,2,1,1,2026-01-19,2026-01-19
186304,4,1,1,2026-01-19,2026-03-11
186314,2,1,1,2026-01-19,2026-01-20
186327,60,1,1,2026-01-19,2026-03-26
186356,2,1,1,2026-01-19,2026-03-24
186378,2,1,1,2026-01-19,2026-01-19
186404,3,1,1,2026-01-19,2026-01-19
186446,2,1,1,2026-01-20,2026-01-20
186463,2,1,1,2026-01-20,2026-01-20
186478,2,1,1,2026-01-20,2026-01-20
186489,3,1,1,2026-01-20,2026-01-20
186504,2,1,2,2026-01-20,2026-04-21
186515,2,1,2,2026-01-20,2026-05-27
186522,10,1,2,2026-01-20,2026-06-15
186602,2,1,1,2026-01-20,2026-02-12
186606,3,1,1,2026-01-20,2026-02-18
186625,2,1,1,2026-01-20,2026-02-03
186632,2,1,1,2026-01-20,2026-02-09
186653,3,1,1,2026-01-20,2026-01-21
186696,3,1,1,2026-01-20,2026-01-20
186750,2,2,1,2026-01-20,2026-01-20
186766,2,1,1,2026-01-21,2026-01-21
186778,2,1,1,2026-01-21,2026-01-21
186783,2,1,1,2026-01-21,2026-01-21
186789,2,1,1,2026-01-21,2026-01-21
186804,2,1,1,2026-01-21,2026-01-21
186828,3,1,1,2026-01-21,2026-01-21
186856,2,1,1,2026-01-21,2026-01-21
186864,2,1,1,2026-01-21,2026-01-21
186910,2,1,1,2026-01-21,2026-01-21
186913,4,1,1,2026-01-21,2026-02-03
186938,2,1,1,2026-01-21,2026-01-21
186955,2,1,1,2026-01-21,2026-02-25
186963,4,1,1,2026-01-21,2026-02-03
186970,7,1,1,2026-01-21,2026-02-03
186980,2,1,1,2026-01-21,2026-01-21
187079,3,2,1,2026-01-21,2026-01-23
187183,2,1,1,2026-01-22,2026-01-22
187194,3,1,1,2026-01-22,2026-01-22
187217,2,1,1,2026-01-22,2026-01-22
187270,2,1,1,2026-01-22,2026-01-22
187295,5,1,1,2026-01-22,2026-01-23
187319,3,1,1,2026-01-22,2026-01-22
187371,25,1,3,2026-01-22,2026-07-05
187421,2,1,1,2026-01-22,2026-01-22
187424,8,1,1,2026-01-22,2026-02-02
187474,2,1,1,2026-01-22,2026-01-22
187512,2,1,1,2026-01-22,2026-01-22
187593,2,1,1,2026-01-23,2026-01-23
187614,4,1,2,2026-01-23,2026-04-06
187617,2,2,1,2026-01-23,2026-01-23
187624,2,1,1,2026-01-23,2026-01-23
187647,4,1,1,2026-01-23,2026-02-06
187648,2,1,1,2026-01-23,2026-01-23
187704,3,1,1,2026-01-23,2026-01-23
187743,5,1,1,2026-01-23,2026-03-03
187779,2,1,1,2026-01-23,2026-01-23
187788,2,1,1,2026-01-23,2026-01-23
187790,2,1,1,2026-01-23,2026-01-23
187830,2,1,1,2026-01-23,2026-01-23
187839,2,1,1,2026-01-23,2026-01-23
187955,3,1,1,2026-01-24,2026-01-24
187967,2,1,2,2026-01-24,2026-05-24
187977,5,1,1,2026-01-24,2026-02-06
187985,5,1,1,2026-01-24,2026-02-06
188055,2,1,1,2026-01-24,2026-01-24
188069,4,1,1,2026-01-24,2026-01-24
188079,2,1,1,2026-01-24,2026-01-24
188121,4,1,1,2026-01-25,2026-01-26
188135,3,1,1,2026-01-25,2026-01-25
188157,2,1,1,2026-01-25,2026-01-25
188177,2,1,1,2026-01-25,2026-01-25
188192,2,1,1,2026-01-25,2026-01-25
188215,2,2,1,2026-01-25,2026-01-25
188244,2,1,1,2026-01-25,2026-01-25
188259,2,1,1,2026-01-25,2026-01-25
188264,2,1,1,2026-01-25,2026-01-25
188265,7,1,1,2026-01-25,2026-01-25
188285,2,2,1,2026-01-26,2026-01-26
188298,3,1,1,2026-01-26,2026-01-26
188328,2,1,1,2026-01-26,2026-01-26
188358,2,1,1,2026-01-26,2026-01-26
188404,2,1,1,2026-01-26,2026-01-26
188414,2,1,1,2026-01-26,2026-01-26
188441,11,1,2,2026-01-26,2026-06-09
188461,6,1,1,2026-01-26,2026-02-03
188487,2,1,1,2026-01-26,2026-01-29
188494,2,1,1,2026-01-26,2026-01-26
188524,2,1,1,2026-01-26,2026-01-26
188552,3,2,1,2026-01-26,2026-01-28
188599,2,2,1,2026-01-26,2026-02-02
188611,2,1,1,2026-01-26,2026-01-27
188619,4,1,1,2026-01-27,2026-01-27
188641,3,1,1,2026-01-27,2026-01-27
188668,3,1,1,2026-01-27,2026-01-27
188677,2,1,1,2026-01-27,2026-01-27
188693,2,1,1,2026-01-27,2026-01-27
188734,2,1,1,2026-01-27,2026-01-27
188751,2,1,1,2026-01-27,2026-01-27
188784,2,1,1,2026-01-27,2026-01-27
188842,2,1,1,2026-01-27,2026-01-27
188860,3,1,2,2026-01-27,2026-04-13
188865,2,1,1,2026-01-27,2026-01-27
188939,2,1,1,2026-01-27,2026-01-27
188942,3,1,1,2026-01-27,2026-03-03
188980,3,1,1,2026-01-27,2026-01-28
189011,4,1,1,2026-01-28,2026-01-28
189013,2,2,1,2026-01-28,2026-01-28
189017,2,1,1,2026-01-28,2026-01-28
189019,3,1,1,2026-01-28,2026-01-28
189079,4,3,1,2026-01-28,2026-02-17
189089,2,1,1,2026-01-28,2026-01-28
189091,2,2,1,2026-01-28,2026-01-28
189105,27,1,2,2026-01-28,2026-06-17
189106,2,2,1,2026-01-28,2026-01-28
189112,2,1,1,2026-01-28,2026-01-28
189148,8,1,1,2026-01-28,2026-01-28
189178,3,1,1,2026-01-28,2026-03-06
189181,3,1,1,2026-01-28,2026-01-28
189244,6,1,1,2026-01-28,2026-01-29
189250,2,1,1,2026-01-28,2026-01-28
189265,2,1,1,2026-01-28,2026-01-28
189313,2,1,1,2026-01-28,2026-01-29
189329,3,1,2,2026-01-28,2026-06-09
189362,2,1,1,2026-01-29,2026-01-29
189391,2,1,1,2026-01-29,2026-01-29
189465,2,1,1,2026-01-29,2026-01-29
189488,2,1,1,2026-01-29,2026-01-29
189494,4,1,2,2026-01-29,2026-07-01
189527,4,1,1,2026-01-29,2026-03-23
189531,2,1,1,2026-01-29,2026-01-29
189535,2,1,1,2026-01-29,2026-01-29
189582,2,1,1,2026-01-29,2026-01-29
189586,2,1,1,2026-01-29,2026-01-29
189597,3,1,1,2026-01-29,2026-01-29
189604,2,1,1,2026-01-29,2026-02-05
189647,3,1,1,2026-01-29,2026-01-29
189660,2,1,1,2026-01-29,2026-01-29
189662,2,2,1,2026-01-29,2026-01-29
189664,2,1,1,2026-01-29,2026-01-29
189762,2,1,1,2026-01-30,2026-01-30
189789,2,1,1,2026-01-30,2026-01-30
189794,2,1,1,2026-01-30,2026-01-30
189824,2,1,1,2026-01-30,2026-01-30
189837,2,1,1,2026-01-30,2026-01-30
189849,2,1,1,2026-01-30,2026-01-30
189856,2,1,1,2026-01-30,2026-01-30
189892,2,1,1,2026-01-30,2026-02-24
189896,3,1,1,2026-01-30,2026-02-09
189955,2,1,1,2026-01-30,2026-01-30
189989,2,1,1,2026-01-30,2026-01-30
189990,2,1,1,2026-01-30,2026-01-30
190054,2,1,1,2026-01-31,2026-02-12
190082,2,1,1,2026-02-02,2026-02-02
190110,2,1,2,2026-02-02,2026-06-09
190167,6,1,2,2026-02-02,2026-05-04
190175,2,1,1,2026-02-02,2026-03-04
190195,3,1,1,2026-02-02,2026-02-02
190197,2,1,1,2026-02-02,2026-02-02
190199,3,1,1,2026-02-02,2026-02-02
190246,2,1,1,2026-02-03,2026-02-03
190256,2,1,1,2026-02-03,2026-02-03
190285,2,1,1,2026-02-03,2026-02-03
190302,2,1,1,2026-02-03,2026-02-03
190322,3,1,1,2026-02-03,2026-02-03
190346,2,1,1,2026-02-03,2026-02-10
190398,4,1,1,2026-02-03,2026-02-03
190401,2,1,1,2026-02-03,2026-02-25
190436,2,1,1,2026-02-03,2026-02-20
190445,2,1,1,2026-02-03,2026-02-03
190474,3,1,2,2026-02-03,2026-05-07
190475,3,1,1,2026-02-03,2026-02-03
190486,2,1,1,2026-02-03,2026-02-03
190570,4,1,1,2026-02-04,2026-02-04
190576,3,2,1,2026-02-04,2026-02-04
190600,2,1,1,2026-02-04,2026-02-04
190644,4,1,1,2026-02-04,2026-02-04
190656,2,1,1,2026-02-04,2026-02-04
190665,4,1,2,2026-02-04,2026-05-13
190803,2,1,1,2026-02-05,2026-02-05
190836,2,1,1,2026-02-05,2026-02-05
190841,49,1,3,2026-02-05,2026-07-15
190843,2,1,1,2026-02-05,2026-02-05
190851,2,1,1,2026-02-05,2026-02-05
190897,2,1,1,2026-02-05,2026-02-05
190923,2,1,1,2026-02-05,2026-02-05
190927,2,1,1,2026-02-05,2026-02-05
190957,3,1,1,2026-02-05,2026-03-23
190986,2,1,1,2026-02-05,2026-02-05
190988,2,1,1,2026-02-05,2026-02-05
191031,2,1,1,2026-02-05,2026-02-05
191046,3,1,1,2026-02-06,2026-02-10
191084,2,1,1,2026-02-08,2026-02-08
191095,2,1,1,2026-02-08,2026-02-08
191099,2,1,1,2026-02-08,2026-02-08
191145,2,1,1,2026-02-08,2026-02-08
191160,2,2,1,2026-02-08,2026-02-09
191187,2,1,1,2026-02-09,2026-02-09
191191,2,1,1,2026-02-09,2026-02-09
191211,2,1,1,2026-02-09,2026-02-09
191221,2,1,1,2026-02-09,2026-02-09
191238,3,1,1,2026-02-09,2026-02-25
191239,2,1,1,2026-02-09,2026-02-09
191262,4,1,1,2026-02-09,2026-02-09
191320,2,1,1,2026-02-09,2026-02-09
191335,2,1,1,2026-02-09,2026-02-09
191341,151,1,2,2026-02-09,2026-06-22
191376,2,1,1,2026-02-09,2026-02-10
191408,2,1,1,2026-02-10,2026-02-10
191474,2,1,1,2026-02-10,2026-02-10
191508,2,1,1,2026-02-11,2026-02-11
191552,2,1,1,2026-02-11,2026-02-11
191561,2,1,1,2026-02-11,2026-02-11
191624,2,1,1,2026-02-11,2026-03-11
191635,2,1,1,2026-02-12,2026-02-12
191656,2,1,1,2026-02-12,2026-02-12
191684,2,1,1,2026-02-12,2026-02-12
191703,5,1,2,2026-02-12,2026-04-07
191797,2,1,1,2026-02-12,2026-03-09
191841,3,1,1,2026-02-15,2026-03-27
191843,2,1,1,2026-02-15,2026-02-15
191861,2,1,2,2026-02-15,2026-07-13
191907,5,2,1,2026-02-15,2026-03-02
191908,3,1,1,2026-02-15,2026-02-15
191945,2,1,1,2026-02-16,2026-02-16
191954,2,1,1,2026-02-16,2026-02-16
191966,3,1,1,2026-02-16,2026-02-16
191972,2,1,1,2026-02-16,2026-02-16
192036,3,1,2,2026-02-16,2026-04-02
192044,3,1,2,2026-02-16,2026-06-16
192045,5,1,1,2026-02-16,2026-03-11
192132,2,1,1,2026-02-16,2026-02-16
192160,2,1,1,2026-02-16,2026-02-18
192195,2,1,1,2026-02-16,2026-02-16
192211,3,1,1,2026-02-16,2026-02-16
192218,3,1,1,2026-02-16,2026-02-16
192219,3,1,1,2026-02-16,2026-02-19
192221,3,1,1,2026-02-16,2026-02-24
192245,2,1,1,2026-02-16,2026-02-16
192300,2,1,1,2026-02-17,2026-02-17
192317,2,1,1,2026-02-17,2026-02-17
192360,3,1,1,2026-02-17,2026-03-09
192384,9,1,1,2026-02-17,2026-03-23
192470,3,1,1,2026-02-17,2026-02-19
192504,3,1,1,2026-02-17,2026-02-17
192529,2,1,1,2026-02-17,2026-02-17
192536,1315,1,2,2026-02-17,2026-05-13
192552,2,2,1,2026-02-17,2026-02-17
192560,2,1,1,2026-02-17,2026-02-17
192596,2,1,1,2026-02-18,2026-02-18
192600,2,1,1,2026-02-18,2026-02-18
192622,2,1,1,2026-02-18,2026-02-18
192659,3,1,1,2026-02-18,2026-02-18
192664,6,1,1,2026-02-18,2026-03-09
192670,10,1,2,2026-02-18,2026-06-09
192689,23,1,3,2026-02-18,2026-07-29
192719,2,1,2,2026-02-18,2026-06-29
192728,3,2,1,2026-02-18,2026-02-19
192754,3,1,1,2026-02-19,2026-02-19
192779,2,1,1,2026-02-19,2026-02-19
192783,418,1,2,2026-02-19,2026-04-02
192828,19,1,1,2026-02-19,2026-03-26
192872,2,1,1,2026-02-19,2026-02-19
192874,2,1,1,2026-02-19,2026-02-19
192901,2,1,1,2026-02-19,2026-02-19
192902,2,1,1,2026-02-19,2026-02-19
193029,3,1,1,2026-02-19,2026-02-19
193060,2,1,2,2026-02-20,2026-06-09
193076,12,1,1,2026-02-20,2026-03-18
193083,12,1,3,2026-02-20,2026-07-22
193085,3,1,1,2026-02-20,2026-02-20
193094,3,1,1,2026-02-20,2026-03-11
193114,2,1,2,2026-02-20,2026-04-06
193222,2,1,1,2026-02-20,2026-02-20
193230,2,1,1,2026-02-20,2026-02-21
193242,2,1,1,2026-02-20,2026-02-20
193262,2,1,1,2026-02-21,2026-02-21
193282,2,1,1,2026-02-21,2026-02-21
193325,2,1,1,2026-02-21,2026-02-21
193363,2,1,1,2026-02-21,2026-02-21
193418,3,1,1,2026-02-22,2026-02-22
193429,2,1,1,2026-02-22,2026-02-22
193435,6,1,1,2026-02-22,2026-03-22
193464,2,1,1,2026-02-22,2026-02-22
193466,2,1,1,2026-02-22,2026-02-22
193514,2,1,1,2026-02-22,2026-02-22
193531,3,2,1,2026-02-22,2026-02-22
193532,4,1,1,2026-02-22,2026-02-22
193555,2,1,1,2026-02-23,2026-02-23
193571,2,1,1,2026-02-23,2026-02-23
193576,2,1,1,2026-02-23,2026-02-23
193585,2,1,1,2026-02-23,2026-02-23
193598,2,1,1,2026-02-23,2026-02-23
193600,3,1,1,2026-02-23,2026-03-03
193649,2,1,1,2026-02-24,2026-02-24
193657,2,1,1,2026-02-24,2026-02-24
193659,3,1,1,2026-02-24,2026-03-19
193660,3,1,1,2026-02-24,2026-02-24
193671,3,1,1,2026-02-24,2026-02-24
193675,2,1,1,2026-02-24,2026-02-24
193699,2,2,1,2026-02-24,2026-02-24
193735,2,1,1,2026-02-24,2026-02-24
193779,2,1,2,2026-02-24,2026-06-09
193814,2,1,1,2026-02-24,2026-02-24
193823,2,1,1,2026-02-24,2026-02-24
193840,2,1,1,2026-02-24,2026-02-24
193856,2,1,1,2026-02-24,2026-02-24
193859,3,1,1,2026-02-24,2026-02-24
193865,4,1,1,2026-02-24,2026-02-24
193892,2,1,1,2026-02-24,2026-02-24
193925,2,1,1,2026-02-24,2026-02-24
193958,2,1,1,2026-02-24,2026-02-24
193978,2,1,1,2026-02-24,2026-02-24
193984,3,1,1,2026-02-24,2026-02-24
194012,2,1,1,2026-02-24,2026-03-09
194019,3,1,1,2026-02-25,2026-02-25
194030,2,1,1,2026-02-25,2026-02-25
194110,28,2,3,2026-02-25,2026-07-15
194294,2,1,1,2026-02-25,2026-02-25
194314,2,1,1,2026-02-25,2026-02-25
194318,2,1,1,2026-02-25,2026-02-25
194338,2,1,1,2026-02-26,2026-02-26
194385,2,1,1,2026-02-26,2026-02-26
194437,2,1,1,2026-03-01,2026-03-01
194516,2,1,1,2026-03-01,2026-03-01
194540,2,1,1,2026-03-01,2026-03-01
194541,2,1,1,2026-03-01,2026-03-01
194575,2,1,1,2026-03-01,2026-03-01
194598,5,1,2,2026-03-01,2026-05-20
194604,2,1,1,2026-03-01,2026-03-01
194641,6,1,1,2026-03-02,2026-03-02
194657,2,1,1,2026-03-02,2026-03-02
194675,4,2,1,2026-03-02,2026-03-02
194679,2,1,1,2026-03-02,2026-03-02
194725,2,1,1,2026-03-02,2026-03-02
194825,2,1,1,2026-03-02,2026-03-02
194833,3,1,1,2026-03-02,2026-03-02
194909,2,1,1,2026-03-02,2026-03-02
194915,2,1,1,2026-03-02,2026-03-02
194952,3,1,2,2026-03-02,2026-06-25
194975,2,1,1,2026-03-02,2026-03-02
195020,4,1,2,2026-03-02,2026-04-09
195040,3,1,1,2026-03-02,2026-03-02
195079,2,1,1,2026-03-02,2026-03-03
195088,2,1,1,2026-03-03,2026-03-03
195110,2,1,1,2026-03-03,2026-03-03
195136,2,1,1,2026-03-03,2026-03-03
195142,2,1,1,2026-03-03,2026-03-03
195144,5,1,1,2026-03-03,2026-03-03
195168,3,1,1,2026-03-03,2026-03-03
195184,2,1,1,2026-03-03,2026-03-03
195283,3,1,2,2026-03-03,2026-06-24
195295,2,1,1,2026-03-03,2026-03-03
195305,3,1,1,2026-03-03,2026-03-25
195314,2,1,2,2026-03-03,2026-05-20
195329,4,1,1,2026-03-03,2026-03-10
195519,2,1,1,2026-03-03,2026-03-03
195523,2,1,1,2026-03-03,2026-03-03
195582,2,1,1,2026-03-03,2026-03-04
195599,2,1,1,2026-03-04,2026-03-04
195616,4,1,2,2026-03-04,2026-04-13
195654,2,1,1,2026-03-04,2026-03-04
195726,4,1,1,2026-03-04,2026-03-04
195733,2,1,2,2026-03-04,2026-04-20
195831,2,1,1,2026-03-04,2026-03-04
195888,2,1,1,2026-03-04,2026-03-04
195897,4,1,1,2026-03-04,2026-03-04
195998,2,1,1,2026-03-04,2026-03-04
196015,3,1,1,2026-03-04,2026-03-06
196057,3,1,1,2026-03-04,2026-03-04
196096,7,1,1,2026-03-04,2026-03-05
196121,2,1,1,2026-03-05,2026-03-05
196136,2,1,1,2026-03-05,2026-03-05
196152,2,1,1,2026-03-05,2026-03-05
196157,3,1,1,2026-03-05,2026-03-05
196189,17,1,2,2026-03-05,2026-06-09
196262,2,1,1,2026-03-05,2026-03-05
196421,2,1,1,2026-03-05,2026-03-05
196546,3,1,1,2026-03-05,2026-03-05
196562,2,1,1,2026-03-06,2026-03-06
196576,2,1,1,2026-03-06,2026-03-06
196637,2,1,1,2026-03-06,2026-03-06
196709,2,1,1,2026-03-06,2026-03-06
196716,2,1,1,2026-03-06,2026-03-06
196740,2,1,1,2026-03-06,2026-03-06
196806,2,1,1,2026-03-06,2026-03-06
196808,2,1,1,2026-03-06,2026-03-06
196814,2,1,1,2026-03-06,2026-03-06
196817,21,1,1,2026-03-06,2026-03-17
196853,2,1,1,2026-03-06,2026-03-06
196883,2,1,1,2026-03-06,2026-03-06
196891,2,1,1,2026-03-06,2026-03-06
196897,4,2,3,2026-03-06,2026-07-02
196904,2,1,1,2026-03-06,2026-03-06
197010,6,1,1,2026-03-07,2026-03-07
197040,2,1,1,2026-03-07,2026-03-07
197049,2,1,1,2026-03-07,2026-03-07
197078,2,1,1,2026-03-07,2026-03-07
197088,2,1,1,2026-03-07,2026-03-07
197133,3,1,1,2026-03-07,2026-03-07
197159,4,1,1,2026-03-08,2026-03-08
197180,2,1,1,2026-03-08,2026-03-08
197185,2,1,1,2026-03-08,2026-03-08
197201,2,1,1,2026-03-08,2026-03-08
197244,3,1,1,2026-03-08,2026-03-08
197246,2,1,1,2026-03-08,2026-03-08
197276,2,1,1,2026-03-08,2026-03-08
197290,3,1,1,2026-03-08,2026-03-08
197305,2,1,1,2026-03-08,2026-03-08
197330,2,1,1,2026-03-09,2026-03-09
197346,2,1,1,2026-03-09,2026-03-09
197354,2,1,1,2026-03-09,2026-03-09
197367,2,1,1,2026-03-09,2026-03-10
197379,2,1,1,2026-03-09,2026-03-09
197405,3,2,1,2026-03-09,2026-03-09
197420,2,1,1,2026-03-09,2026-03-22
197422,2,1,1,2026-03-09,2026-03-09
197434,2,1,1,2026-03-09,2026-03-09
197447,2,1,1,2026-03-09,2026-03-09
197469,7,1,3,2026-03-09,2026-07-02
197499,2,2,1,2026-03-09,2026-03-09
197500,2,1,1,2026-03-09,2026-03-09
197570,2,1,1,2026-03-09,2026-03-12
197582,2,1,1,2026-03-09,2026-03-09
197645,2,1,1,2026-03-09,2026-03-09
197650,2,1,1,2026-03-09,2026-03-09
197723,3,1,1,2026-03-10,2026-03-10
197742,2,1,1,2026-03-10,2026-03-10
197753,2,1,1,2026-03-10,2026-03-10
197765,2,1,1,2026-03-10,2026-03-10
197777,2,1,1,2026-03-10,2026-03-10
197780,2,1,1,2026-03-10,2026-03-10
197805,2,1,1,2026-03-10,2026-03-10
197812,4,2,2,2026-03-10,2026-04-27
197926,2,1,1,2026-03-10,2026-03-10
197969,2,1,1,2026-03-10,2026-03-10
198028,2,1,2,2026-03-10,2026-04-15
198035,2,1,2,2026-03-10,2026-06-10
198057,2,1,1,2026-03-10,2026-03-10
198072,9,1,1,2026-03-10,2026-03-10
198093,2,1,1,2026-03-10,2026-03-31
198192,2,1,1,2026-03-11,2026-03-11
198224,7,1,1,2026-03-11,2026-03-16
198230,2,1,1,2026-03-11,2026-03-11
198251,10,1,3,2026-03-11,2026-07-08
198259,2,1,1,2026-03-11,2026-03-11
198298,3,1,1,2026-03-11,2026-03-11
198303,2,1,1,2026-03-11,2026-03-11
198327,2,1,1,2026-03-11,2026-03-11
198335,2,1,1,2026-03-11,2026-03-11
198417,2,1,2,2026-03-11,2026-04-15
198439,2,1,1,2026-03-11,2026-03-11
198539,4,1,2,2026-03-11,2026-05-15
198591,2,1,1,2026-03-11,2026-03-11
198673,2,2,1,2026-03-11,2026-03-18
198701,2,1,1,2026-03-12,2026-03-12
198706,2,1,1,2026-03-12,2026-03-12
198731,6,1,1,2026-03-12,2026-03-12
198733,3,1,1,2026-03-12,2026-03-12
198737,2,1,1,2026-03-12,2026-03-12
198749,3,1,1,2026-03-12,2026-03-19
198762,2,1,1,2026-03-12,2026-03-12
198773,2,1,1,2026-03-12,2026-03-12
198777,2,1,1,2026-03-12,2026-03-12
198780,2,1,1,2026-03-12,2026-03-12
198789,2,1,1,2026-03-12,2026-03-12
198823,3,2,1,2026-03-12,2026-03-12
198864,2,1,1,2026-03-12,2026-03-12
198886,2,1,1,2026-03-12,2026-03-12
198888,5,2,2,2026-03-12,2026-05-13
198890,2,1,1,2026-03-12,2026-03-31
198978,2,1,1,2026-03-12,2026-03-12
199104,2,1,1,2026-03-12,2026-03-12
199124,5,1,1,2026-03-13,2026-03-13
199173,2,1,1,2026-03-13,2026-03-13
199257,3,1,1,2026-03-15,2026-03-15
199265,2,1,1,2026-03-15,2026-03-15
199272,3,1,1,2026-03-15,2026-03-15
199320,2,1,1,2026-03-15,2026-03-15
199365,3,1,1,2026-03-16,2026-03-16
199389,2,1,1,2026-03-16,2026-03-16
199468,2,1,1,2026-03-16,2026-03-16
199543,2,1,1,2026-03-17,2026-03-17
199548,2,1,1,2026-03-17,2026-03-17
199569,2,1,1,2026-03-17,2026-03-17
199572,11,1,3,2026-03-17,2026-07-13
199606,2,1,1,2026-03-17,2026-03-17
199611,2,1,1,2026-03-17,2026-03-17
199619,2,1,1,2026-03-17,2026-03-26
199685,2,1,1,2026-03-17,2026-03-30
199733,2,1,1,2026-03-17,2026-03-17
199797,2,1,1,2026-03-17,2026-03-17
199836,4,1,1,2026-03-17,2026-03-18
199839,2,1,1,2026-03-17,2026-03-17
199878,2,1,1,2026-03-17,2026-03-18
199885,2,1,1,2026-03-18,2026-03-18
199889,2,1,1,2026-03-18,2026-03-18
199891,2,1,1,2026-03-18,2026-03-18
199897,2,1,1,2026-03-18,2026-03-18
199910,2,1,1,2026-03-18,2026-03-18
199926,2,1,1,2026-03-18,2026-03-18
199944,2,1,1,2026-03-18,2026-03-18
199962,2,1,1,2026-03-18,2026-03-18
199991,2,1,1,2026-03-18,2026-03-18
200036,2,1,1,2026-03-18,2026-03-18
200046,2,1,1,2026-03-18,2026-03-18
200055,2,1,1,2026-03-18,2026-03-18
200067,3,1,1,2026-03-18,2026-03-30
200094,2,1,1,2026-03-18,2026-03-18
200116,6,1,1,2026-03-18,2026-03-18
200125,2,1,1,2026-03-18,2026-03-18
200130,3,1,2,2026-03-18,2026-05-11
200149,4,1,1,2026-03-18,2026-03-18
200200,2,1,1,2026-03-18,2026-03-18
200207,2,1,1,2026-03-18,2026-03-18
200225,2,1,1,2026-03-18,2026-03-18
200239,2,1,1,2026-03-18,2026-03-18
200315,2,1,2,2026-03-19,2026-06-19
200356,2,1,1,2026-03-19,2026-03-19
200371,2,1,1,2026-03-19,2026-03-19
200395,2,1,1,2026-03-19,2026-03-19
200426,8,1,2,2026-03-19,2026-04-01
200541,2,1,1,2026-03-22,2026-03-22
200555,2,1,1,2026-03-22,2026-03-22
200638,2,1,1,2026-03-23,2026-03-23
200670,2,1,1,2026-03-23,2026-03-23
200714,2,1,1,2026-03-23,2026-03-23
200722,2,1,1,2026-03-23,2026-03-23
200723,2,1,1,2026-03-23,2026-03-23
200784,7,1,3,2026-03-23,2026-07-22
200819,2,1,1,2026-03-23,2026-03-24
200822,2,1,2,2026-03-23,2026-06-09
200896,2,1,1,2026-03-23,2026-03-23
200928,3,1,1,2026-03-24,2026-03-24
200966,2,1,1,2026-03-24,2026-03-24
200992,2,1,1,2026-03-24,2026-03-24
200995,2,1,1,2026-03-24,2026-03-24
201003,2,1,1,2026-03-24,2026-03-24
201025,3,1,1,2026-03-24,2026-03-24
201057,2,1,1,2026-03-24,2026-03-24
201068,2,1,1,2026-03-24,2026-03-24
201188,4,1,1,2026-03-24,2026-03-24
201192,2,1,1,2026-03-24,2026-03-24
201255,6,1,2,2026-03-24,2026-06-15
201275,2,1,1,2026-03-24,2026-03-25
201300,2,1,1,2026-03-25,2026-03-25
201343,2,1,1,2026-03-25,2026-03-25
201372,2,1,1,2026-03-25,2026-03-25
201416,2,1,1,2026-03-25,2026-03-25
201427,2,2,1,2026-03-25,2026-03-25
201429,2,1,1,2026-03-25,2026-03-26
201449,3,1,1,2026-03-25,2026-03-25
201476,2,1,2,2026-03-25,2026-04-07
201542,4,1,1,2026-03-26,2026-03-26
201546,2,1,1,2026-03-26,2026-03-26
201549,2,1,1,2026-03-26,2026-03-26
201560,4,1,1,2026-03-26,2026-03-26
201606,2,1,1,2026-03-26,2026-03-26
201617,2,1,1,2026-03-26,2026-03-26
201714,2,1,1,2026-03-26,2026-03-26
201718,2,1,1,2026-03-26,2026-03-26
201740,2,1,1,2026-03-26,2026-03-26
201754,2,1,1,2026-03-26,2026-03-26
201807,2,1,1,2026-03-26,2026-03-26
201874,2,1,1,2026-03-26,2026-03-26
201893,2,1,1,2026-03-27,2026-03-27
201913,3,1,1,2026-03-27,2026-03-27
201947,2,1,1,2026-03-28,2026-03-28
201955,2,1,1,2026-03-29,2026-03-29
201962,29,1,2,2026-03-29,2026-04-16
201976,3,1,1,2026-03-29,2026-03-29
201988,36,1,2,2026-03-29,2026-05-17
202044,2,1,1,2026-03-29,2026-03-29
202098,2,1,2,2026-03-30,2026-05-26
202117,2,1,1,2026-03-30,2026-03-30
202227,2,1,1,2026-03-30,2026-03-30
202286,2,1,1,2026-03-30,2026-03-30
202345,3,2,1,2026-03-30,2026-03-30
202396,2,1,1,2026-03-31,2026-03-31
202409,2,2,2,2026-03-31,2026-04-15
202431,2,1,1,2026-03-31,2026-03-31
202449,4,1,1,2026-03-31,2026-03-31
202461,4,1,2,2026-03-31,2026-04-01
202588,2,1,1,2026-03-31,2026-03-31
202602,3,1,1,2026-03-31,2026-03-31
202611,2,1,1,2026-03-31,2026-03-31
202614,2,1,1,2026-03-31,2026-03-31
202635,2,1,1,2026-03-31,2026-03-31
202643,2,2,2,2026-03-31,2026-04-03
202660,3,1,1,2026-03-31,2026-03-31
202726,2,1,1,2026-04-01,2026-04-01
202740,2,1,1,2026-04-01,2026-04-01
202761,2,1,1,2026-04-01,2026-04-01
202772,2,2,1,2026-04-01,2026-04-01
202827,77,1,1,2026-04-01,2026-05-07
202834,2,1,1,2026-04-01,2026-04-01
202896,2,1,1,2026-04-01,2026-04-01
202920,2,1,1,2026-04-01,2026-04-01
202954,2,1,1,2026-04-01,2026-04-01
202957,2,1,1,2026-04-01,2026-04-01
202980,2,1,1,2026-04-01,2026-04-02
203006,2,1,1,2026-04-02,2026-04-02
203016,10,1,2,2026-04-02,2026-07-02
203048,2,1,1,2026-04-02,2026-04-02
203068,2,1,1,2026-04-02,2026-04-02
203075,2,1,1,2026-04-02,2026-04-02
203099,2,1,1,2026-04-02,2026-04-02
203102,2,1,1,2026-04-02,2026-04-02
203245,5,1,1,2026-04-05,2026-04-05
203265,2,1,1,2026-04-05,2026-04-05
203267,3,1,1,2026-04-05,2026-04-10
203271,2,1,1,2026-04-05,2026-04-05
203283,11,1,1,2026-04-05,2026-06-21
203287,4,1,2,2026-04-05,2026-07-20
203384,2,2,1,2026-04-06,2026-04-27
203405,2,1,1,2026-04-06,2026-04-06
203414,2,1,1,2026-04-06,2026-04-06
203447,4,1,1,2026-04-06,2026-06-02
203450,2,1,1,2026-04-06,2026-04-06
203460,4,1,2,2026-04-06,2026-07-14
203513,2,1,1,2026-04-06,2026-04-06
203600,2,1,1,2026-04-06,2026-04-07
203603,2,1,1,2026-04-07,2026-05-29
203634,2,2,1,2026-04-07,2026-04-15
203637,2,1,1,2026-04-07,2026-04-07
203640,2,1,1,2026-04-07,2026-04-07
203690,2,1,1,2026-04-07,2026-04-07
203700,3,1,1,2026-04-07,2026-05-20
203712,2,1,1,2026-04-07,2026-04-07
203714,4,1,1,2026-04-07,2026-04-09
203727,2,1,1,2026-04-07,2026-05-18
203774,3,1,1,2026-04-07,2026-04-07
203796,2,1,1,2026-04-07,2026-04-07
203897,2,1,1,2026-04-07,2026-04-09
203914,3,1,1,2026-04-08,2026-04-08
203918,2,1,1,2026-04-08,2026-04-08
203936,4,1,1,2026-04-08,2026-05-25
203950,7,1,1,2026-04-08,2026-04-08
203970,2,1,1,2026-04-08,2026-04-08
203976,2,1,1,2026-04-08,2026-04-08
204008,2,1,1,2026-04-08,2026-04-08
204024,2,1,1,2026-04-08,2026-04-08
204072,2,1,1,2026-04-08,2026-04-08
204085,2,1,1,2026-04-08,2026-04-08
204086,2,1,1,2026-04-08,2026-04-08
204144,2,2,1,2026-04-08,2026-04-09
204146,2,1,1,2026-04-08,2026-04-08
204155,2,1,1,2026-04-08,2026-04-08
204197,2,1,1,2026-04-08,2026-04-08
204214,2,1,1,2026-04-08,2026-04-08
204285,2,2,1,2026-04-09,2026-04-09
204301,3,1,1,2026-04-09,2026-04-09
204309,2,1,1,2026-04-09,2026-04-09
204315,2,1,1,2026-04-09,2026-04-09
204372,2,2,1,2026-04-09,2026-04-09
204383,2,1,1,2026-04-09,2026-04-09
204389,3,1,1,2026-04-09,2026-04-09
204402,3,1,1,2026-04-09,2026-04-09
204433,2,1,1,2026-04-09,2026-05-18
204467,15,1,1,2026-04-09,2026-04-12
204473,2,1,1,2026-04-09,2026-04-09
204508,2,1,1,2026-04-09,2026-04-09
204524,2,1,1,2026-04-09,2026-04-13
204525,2,1,1,2026-04-09,2026-04-09
204584,2,1,1,2026-04-10,2026-04-10
204611,2,1,1,2026-04-10,2026-04-10
204613,3,1,1,2026-04-10,2026-04-10
204639,2,1,1,2026-04-10,2026-04-10
204649,2,1,1,2026-04-10,2026-04-10
204664,3,2,1,2026-04-10,2026-04-10
204692,3,1,1,2026-04-10,2026-04-10
204748,3,1,1,2026-04-10,2026-04-10
204757,2,1,1,2026-04-10,2026-04-10
204759,2,1,1,2026-04-10,2026-04-10
204772,4,1,1,2026-04-10,2026-04-16
204892,2,1,1,2026-04-11,2026-04-11
204895,3,1,1,2026-04-11,2026-04-11
204918,2,1,1,2026-04-11,2026-04-11
204928,2,1,1,2026-04-11,2026-04-11
204930,2,1,1,2026-04-11,2026-04-11
204941,2,1,1,2026-04-11,2026-04-11
204953,2,1,1,2026-04-11,2026-04-11
204956,3,1,1,2026-04-11,2026-04-11
204963,2,1,1,2026-04-11,2026-04-11
204999,2,1,1,2026-04-11,2026-04-11
205003,2,1,1,2026-04-11,2026-04-14
205051,2,2,1,2026-04-12,2026-04-12
205057,2,1,1,2026-04-12,2026-04-12
205073,2,1,1,2026-04-12,2026-04-12
205102,4,1,1,2026-04-12,2026-04-12
205109,3,1,1,2026-04-12,2026-04-13
205140,3,1,1,2026-04-13,2026-04-13
205142,2,1,1,2026-04-13,2026-04-13
205186,2,1,1,2026-04-13,2026-04-13
205285,2,1,1,2026-04-13,2026-04-13
205348,2,1,1,2026-04-13,2026-04-13
205365,2,1,1,2026-04-13,2026-04-13
205370,2,1,1,2026-04-13,2026-04-13
205414,2,1,1,2026-04-14,2026-04-14
205433,2,1,1,2026-04-14,2026-04-14
205443,3,1,1,2026-04-14,2026-04-14
205445,3,1,1,2026-04-14,2026-04-14
205468,3,1,2,2026-04-14,2026-07-13
205485,3,1,1,2026-04-14,2026-04-14
205502,2,1,1,2026-04-14,2026-04-14
205528,2,1,1,2026-04-14,2026-04-14
205534,2,1,1,2026-04-14,2026-04-14
205553,2,1,1,2026-04-14,2026-04-14
205582,2,1,1,2026-04-14,2026-04-14
205646,2,1,1,2026-04-14,2026-04-14
205677,2,1,1,2026-04-14,2026-04-14
205682,3,2,1,2026-04-14,2026-04-14
205775,3,1,1,2026-04-15,2026-04-15
205825,2,1,1,2026-04-15,2026-04-15
205866,2,1,1,2026-04-15,2026-04-15
205874,3,1,1,2026-04-15,2026-04-15
205882,2,1,1,2026-04-15,2026-04-15
206004,2,1,1,2026-04-15,2026-04-15
206016,4,2,1,2026-04-15,2026-04-15
206049,2,1,1,2026-04-15,2026-04-15
206058,2,1,1,2026-04-15,2026-04-15
206079,3,1,1,2026-04-15,2026-04-15
206081,2,1,1,2026-04-15,2026-04-15
206085,2,1,1,2026-04-15,2026-04-15
206136,4,1,1,2026-04-15,2026-04-16
206154,2,1,1,2026-04-16,2026-04-16
206185,4,1,1,2026-04-16,2026-04-16
206242,3,1,1,2026-04-16,2026-06-25
206249,5,1,1,2026-04-16,2026-06-22
206252,2,1,1,2026-04-16,2026-04-16
206268,2,1,1,2026-04-16,2026-04-16
206282,3,1,1,2026-04-16,2026-04-16
206301,2,1,1,2026-04-16,2026-04-16
206362,2,1,1,2026-04-16,2026-04-21
206384,2,1,1,2026-04-18,2026-05-13
206399,35,1,2,2026-04-19,2026-07-20
206404,2,1,1,2026-04-19,2026-04-19
206453,3,1,1,2026-04-19,2026-04-22
206480,5,1,1,2026-04-20,2026-04-20
206485,2,1,1,2026-04-20,2026-04-20
206511,2,1,1,2026-04-20,2026-04-20
206529,2,1,1,2026-04-20,2026-04-20
206584,13,1,1,2026-04-20,2026-05-12
206646,2,1,1,2026-04-20,2026-04-20
206661,2,1,1,2026-04-20,2026-04-20
206667,2,1,1,2026-04-20,2026-04-20
206674,5,1,1,2026-04-20,2026-04-20
206694,2,1,1,2026-04-20,2026-04-20
206700,2,1,1,2026-04-20,2026-05-01
206719,2,1,1,2026-04-20,2026-05-13
206732,2,1,1,2026-04-21,2026-04-21
206748,2,1,1,2026-04-21,2026-04-21
206753,2,1,1,2026-04-21,2026-04-21
206766,2,1,1,2026-04-21,2026-04-21
206818,5,1,1,2026-04-21,2026-04-21
206826,3,1,1,2026-04-21,2026-04-21
206829,2,1,1,2026-04-21,2026-04-21
206893,121,1,1,2026-04-21,2026-06-18
206912,2,1,1,2026-04-21,2026-04-21
206920,9,1,1,2026-04-21,2026-04-23
206931,2,1,2,2026-04-21,2026-07-09
206942,121,1,2,2026-04-21,2026-07-07
206950,2,1,1,2026-04-21,2026-04-21
206990,2,1,1,2026-04-21,2026-04-21
207008,2,2,1,2026-04-21,2026-04-21
207042,2,1,1,2026-04-21,2026-04-21
207053,2,1,1,2026-04-21,2026-04-21
207063,2,1,1,2026-04-21,2026-04-21
207069,3,1,1,2026-04-21,2026-04-21
207090,6,1,1,2026-04-21,2026-04-21
207102,5,1,1,2026-04-21,2026-04-22
207127,2,1,1,2026-04-22,2026-04-22
207138,2,1,1,2026-04-22,2026-04-22
207150,2,2,1,2026-04-22,2026-04-22
207162,3,1,1,2026-04-22,2026-04-22
207169,2,1,1,2026-04-22,2026-04-23
207173,2,1,1,2026-04-22,2026-04-22
207176,2,1,1,2026-04-22,2026-04-22
207192,4,1,1,2026-04-22,2026-05-25
207250,3,1,1,2026-04-22,2026-04-22
207306,2,1,1,2026-04-22,2026-04-22
207317,2,1,1,2026-04-22,2026-04-22
207325,2,1,1,2026-04-22,2026-06-15
207348,4,1,1,2026-04-22,2026-04-22
207360,2,1,1,2026-04-22,2026-04-22
207414,2,1,1,2026-04-22,2026-04-22
207421,2,1,1,2026-04-22,2026-04-22
207447,2,1,1,2026-04-23,2026-04-23
207461,2,1,1,2026-04-23,2026-04-23
207474,4,1,1,2026-04-23,2026-04-23
207489,3,1,1,2026-04-23,2026-04-23
207603,2,1,1,2026-04-23,2026-04-23
207693,2,1,1,2026-04-23,2026-04-23
207740,2,1,1,2026-04-24,2026-04-24
207746,2,1,1,2026-04-24,2026-04-24
207830,2,1,1,2026-04-24,2026-04-24
207841,2,1,1,2026-04-24,2026-04-24
207854,2,1,1,2026-04-24,2026-04-24
207885,2,1,1,2026-04-24,2026-04-24
207890,2,1,1,2026-04-24,2026-04-24
207902,6,1,1,2026-04-24,2026-04-24
207982,6,1,1,2026-04-26,2026-04-26
207996,2,1,1,2026-04-26,2026-04-26
208018,2,1,1,2026-04-26,2026-04-26
208051,4,1,1,2026-04-26,2026-04-29
208143,135,1,2,2026-04-27,2026-07-29
208152,3,1,1,2026-04-27,2026-04-27
208168,2,1,1,2026-04-27,2026-04-27
208201,2,1,1,2026-04-27,2026-04-27
208238,7,1,1,2026-04-27,2026-04-28
208270,4,1,1,2026-04-27,2026-04-27
208298,2,1,1,2026-04-27,2026-04-27
208377,2,1,1,2026-04-27,2026-04-27
208409,3,1,1,2026-04-27,2026-05-27
208417,2,1,1,2026-04-27,2026-04-27
208436,2,1,1,2026-04-27,2026-04-28
208458,3,1,1,2026-04-28,2026-04-28
208469,2,1,1,2026-04-28,2026-04-28
208487,2,1,1,2026-04-28,2026-04-28
208525,2,1,1,2026-04-28,2026-04-28
208548,2,1,1,2026-04-28,2026-04-28
208581,2,1,1,2026-04-28,2026-04-28
208585,2,1,1,2026-04-28,2026-04-28
208626,2,1,1,2026-04-28,2026-04-28
208657,4,1,1,2026-04-28,2026-04-28
208666,3,1,1,2026-04-28,2026-04-28
208713,3,2,1,2026-04-28,2026-04-28
208728,2,1,1,2026-04-28,2026-04-28
208742,2,1,1,2026-04-28,2026-04-28
208754,2,1,1,2026-04-28,2026-04-28
208767,2,1,1,2026-04-28,2026-04-28
208804,2,1,1,2026-04-29,2026-04-29
208808,4,2,1,2026-04-29,2026-04-29
208833,2,1,1,2026-04-29,2026-04-29
208845,2,1,1,2026-04-29,2026-04-29
208847,2,2,1,2026-04-29,2026-05-26
208890,2,1,1,2026-04-29,2026-04-29
208901,2,1,1,2026-04-29,2026-04-29
208955,2,1,1,2026-04-29,2026-04-29
208964,3,1,1,2026-04-29,2026-04-29
208988,2,1,1,2026-04-29,2026-04-29
208994,2,1,1,2026-04-29,2026-04-29
209008,3,1,1,2026-04-29,2026-04-29
209060,6,1,1,2026-04-29,2026-06-24
209081,4,1,1,2026-04-30,2026-04-30
209092,2,1,1,2026-04-30,2026-04-30
209125,4,1,1,2026-04-30,2026-04-30
209151,2,1,1,2026-04-30,2026-04-30
209158,2,1,1,2026-04-30,2026-04-30
209202,2,1,1,2026-04-30,2026-04-30
209259,2,1,1,2026-04-30,2026-04-30
209332,2,1,1,2026-04-30,2026-04-30
209350,2,1,1,2026-05-01,2026-05-01
209351,2,1,1,2026-05-01,2026-05-01
209375,2,1,1,2026-05-01,2026-05-01
209510,2,1,1,2026-05-03,2026-05-03
209538,4,1,1,2026-05-03,2026-05-04
209723,2,1,1,2026-05-04,2026-05-04
209734,8,1,1,2026-05-04,2026-05-14
209767,2,1,1,2026-05-04,2026-05-04
209794,2,1,1,2026-05-04,2026-05-04
209913,2,1,1,2026-05-05,2026-05-05
209971,2,1,1,2026-05-05,2026-05-05
210001,6,1,1,2026-05-05,2026-05-05
210022,2,1,1,2026-05-05,2026-05-05
210041,2,1,1,2026-05-05,2026-05-06
210100,2,1,1,2026-05-05,2026-05-05
210139,2,1,1,2026-05-05,2026-05-05
210144,2,1,1,2026-05-05,2026-05-05
210242,2,1,1,2026-05-06,2026-05-06
210259,2,1,1,2026-05-06,2026-05-06
210264,6,1,1,2026-05-06,2026-05-06
210334,6,1,1,2026-05-06,2026-05-06
210340,2,1,1,2026-05-06,2026-06-02
210373,2,1,1,2026-05-06,2026-05-06
210431,2,1,1,2026-05-07,2026-05-07
210434,4,1,1,2026-05-07,2026-05-07
210452,2,1,1,2026-05-07,2026-05-07
210531,4,1,2,2026-05-07,2026-07-07
210572,2,1,1,2026-05-07,2026-05-07
210574,3,1,1,2026-05-07,2026-05-07
210673,2,1,1,2026-05-11,2026-05-11
210675,2,1,1,2026-05-11,2026-05-11
210683,2,1,1,2026-05-11,2026-05-11
210719,2,1,1,2026-05-11,2026-05-11
210830,2,1,1,2026-05-12,2026-05-12
210834,3,1,1,2026-05-12,2026-05-19
210842,2,1,1,2026-05-12,2026-05-12
210850,4,1,1,2026-05-12,2026-05-12
210878,2,1,1,2026-05-12,2026-05-12
210893,2,1,1,2026-05-12,2026-05-12
210911,2,1,1,2026-05-12,2026-05-12
210957,3,1,1,2026-05-12,2026-05-12
211096,2,1,1,2026-05-13,2026-05-13
211121,5,1,1,2026-05-13,2026-05-21
211199,2,1,1,2026-05-13,2026-05-13
211218,2,1,1,2026-05-13,2026-05-13
211378,2,1,1,2026-05-14,2026-05-14
211424,2,2,1,2026-05-14,2026-05-20
211463,2,1,1,2026-05-14,2026-05-14
211485,2,1,1,2026-05-14,2026-05-14
211490,2,1,1,2026-05-14,2026-05-14
211499,2,1,1,2026-05-14,2026-05-14
211505,3,1,1,2026-05-14,2026-05-14
211507,3,1,1,2026-05-14,2026-05-14
211534,2,1,1,2026-05-14,2026-05-14
211642,3,1,1,2026-05-14,2026-05-14
211677,2,1,1,2026-05-15,2026-05-15
211740,3,1,1,2026-05-15,2026-05-15
211746,2,2,1,2026-05-15,2026-05-15
211750,3,1,1,2026-05-15,2026-05-15
211827,2,1,1,2026-05-15,2026-06-18
211869,2,1,1,2026-05-17,2026-05-17
211901,2,1,1,2026-05-17,2026-05-17
211912,2,1,1,2026-05-17,2026-05-17
211921,2,1,1,2026-05-17,2026-05-17
211939,3,1,1,2026-05-17,2026-05-17
211958,2,1,1,2026-05-18,2026-05-18
211974,4,1,1,2026-05-18,2026-06-07
211990,2,1,1,2026-05-18,2026-05-29
211997,2,1,1,2026-05-18,2026-05-18
212001,2,1,1,2026-05-18,2026-05-18
212009,2,1,1,2026-05-18,2026-05-18
212020,2,1,1,2026-05-18,2026-05-18
212052,2,1,1,2026-05-18,2026-05-18
212078,2,1,1,2026-05-18,2026-05-18
212087,2,1,1,2026-05-18,2026-05-18
212115,6,1,1,2026-05-18,2026-05-18
212123,2,1,1,2026-05-18,2026-05-18
212141,2,1,1,2026-05-18,2026-05-18
212165,2,1,1,2026-05-18,2026-05-18
212185,2,1,1,2026-05-18,2026-05-19
212188,3,1,1,2026-05-18,2026-05-19
212208,2,1,1,2026-05-18,2026-05-18
212231,3,1,1,2026-05-18,2026-06-17
212273,2,1,1,2026-05-18,2026-05-19
212308,2,1,1,2026-05-19,2026-05-19
212353,2,1,1,2026-05-19,2026-05-19
212357,2,1,1,2026-05-19,2026-05-19
212383,3,1,1,2026-05-19,2026-05-19
212400,3,1,1,2026-05-19,2026-05-19
212423,3,1,1,2026-05-19,2026-05-19
212539,2,1,1,2026-05-19,2026-05-19
212542,2,1,1,2026-05-19,2026-05-19
212596,5,1,1,2026-05-19,2026-05-20
212635,6,1,1,2026-05-20,2026-05-20
212652,2,1,1,2026-05-20,2026-05-20
212679,2,1,1,2026-05-20,2026-05-20
212695,2,1,1,2026-05-20,2026-05-20
212726,2,1,1,2026-05-20,2026-05-20
212734,2,1,1,2026-05-20,2026-05-20
212789,2,1,1,2026-05-20,2026-05-20
212842,2,1,1,2026-05-20,2026-05-20
212850,2,1,1,2026-05-20,2026-05-20
212863,2,1,1,2026-05-20,2026-05-20
212888,4,1,1,2026-05-20,2026-05-20
212912,6,1,1,2026-05-21,2026-06-14
212913,2,1,1,2026-05-21,2026-05-21
212956,2,1,1,2026-05-21,2026-06-21
212990,2,1,1,2026-05-21,2026-05-21
212998,3,1,1,2026-05-21,2026-05-21
213055,2,2,1,2026-05-21,2026-05-29
213082,2,1,1,2026-05-21,2026-05-21
213111,2,1,1,2026-05-21,2026-05-21
213113,2,1,1,2026-05-21,2026-05-21
213157,2,1,1,2026-05-21,2026-05-21
213166,2,1,1,2026-05-21,2026-05-21
213198,2,1,1,2026-05-21,2026-05-22
213209,2,1,1,2026-05-22,2026-05-22
213236,3,1,1,2026-05-22,2026-05-22
213272,2,1,1,2026-05-22,2026-05-22
213353,2,1,1,2026-05-24,2026-05-24
213371,2,1,1,2026-05-24,2026-05-24
213377,6,1,1,2026-05-24,2026-05-24
213401,2,1,1,2026-05-24,2026-05-24
213429,2,1,1,2026-05-25,2026-05-25
213451,2,1,1,2026-05-25,2026-05-25
213459,2,1,1,2026-05-25,2026-05-25
213475,5,1,1,2026-05-25,2026-05-25
213504,2,1,1,2026-05-25,2026-05-25
213509,4,1,1,2026-05-25,2026-05-27
213546,2,1,1,2026-05-25,2026-05-25
213551,13,1,1,2026-05-25,2026-05-26
213617,4,1,1,2026-05-26,2026-05-26
213631,4,1,1,2026-05-26,2026-06-07
213657,5,1,1,2026-05-26,2026-05-26
213691,2,1,1,2026-05-26,2026-05-27
213695,2,1,1,2026-05-26,2026-05-26
213696,2,1,1,2026-05-26,2026-05-26
213752,3,1,1,2026-05-26,2026-05-26
213774,2,1,1,2026-05-26,2026-05-26
213814,2,1,1,2026-05-26,2026-05-26
213842,2,1,1,2026-05-26,2026-05-26
213867,3,1,2,2026-05-26,2026-07-04
213887,2,1,1,2026-05-26,2026-05-26
213971,2,1,1,2026-05-27,2026-05-27
213977,5,1,1,2026-05-27,2026-05-28
213988,2,1,1,2026-05-27,2026-05-27
214004,2,1,1,2026-05-27,2026-05-27
214049,2,1,1,2026-05-27,2026-05-27
214160,4,1,1,2026-05-27,2026-05-28
214171,2,1,1,2026-05-27,2026-05-27
214196,5,1,1,2026-05-27,2026-05-27
214207,6,1,1,2026-05-27,2026-05-27
214248,2,1,1,2026-05-27,2026-05-27
214271,2,1,1,2026-05-27,2026-05-27
214315,2,1,1,2026-05-28,2026-05-28
214339,2,1,1,2026-05-28,2026-05-28
214435,2,1,1,2026-05-28,2026-05-28
214487,2,1,1,2026-05-28,2026-05-28
214513,2,1,1,2026-05-28,2026-05-28
214522,6,1,2,2026-05-28,2026-07-08
214567,3,1,1,2026-05-28,2026-05-28
214575,2,1,1,2026-05-28,2026-05-28
214580,2,1,1,2026-05-28,2026-05-28
214615,2,1,1,2026-05-28,2026-05-28
214638,3,2,1,2026-05-28,2026-05-28
214653,2,1,1,2026-05-28,2026-05-28
214665,2,1,1,2026-05-28,2026-05-28
214667,2,1,1,2026-05-28,2026-05-28
214675,3,1,1,2026-05-28,2026-05-28
214691,2,1,1,2026-05-28,2026-05-28
214698,2,1,1,2026-05-28,2026-05-28
214710,2,1,1,2026-05-28,2026-05-29
214713,3,1,1,2026-05-29,2026-05-29
214746,2,1,1,2026-05-29,2026-05-29
214763,2,1,1,2026-05-29,2026-05-29
214827,4,1,1,2026-05-29,2026-05-29
214828,2,1,1,2026-05-29,2026-05-29
214833,5,1,1,2026-05-29,2026-05-29
214849,4,1,1,2026-05-29,2026-06-26
214865,2,1,1,2026-05-29,2026-05-29
214943,14,1,1,2026-05-31,2026-05-31
214967,3,1,1,2026-05-31,2026-05-31
214969,2,1,1,2026-05-31,2026-05-31
214985,297,1,2,2026-05-31,2026-07-06
214991,2,1,1,2026-05-31,2026-05-31
214994,2,1,1,2026-05-31,2026-05-31
215013,2,1,1,2026-05-31,2026-05-31
215018,3,1,1,2026-05-31,2026-05-31
215028,2,1,1,2026-05-31,2026-05-31
215039,2,1,1,2026-05-31,2026-05-31
215076,2,1,1,2026-06-01,2026-06-01
215080,2,1,1,2026-06-01,2026-06-01
215090,4,1,1,2026-06-01,2026-06-01
215112,2,1,1,2026-06-01,2026-06-01
215115,2,1,1,2026-06-01,2026-06-01
215189,2,1,1,2026-06-01,2026-06-01
215221,2,1,1,2026-06-01,2026-06-01
215224,3,1,1,2026-06-01,2026-06-01
215232,2,1,1,2026-06-01,2026-06-01
215233,2,1,1,2026-06-01,2026-06-01
215244,4,1,1,2026-06-01,2026-06-01
215259,2,1,1,2026-06-01,2026-06-01
215281,2,1,1,2026-06-01,2026-06-01
215316,2,1,1,2026-06-01,2026-06-01
215320,2,1,1,2026-06-01,2026-06-01
215349,2,1,1,2026-06-02,2026-06-02
215367,2,1,1,2026-06-02,2026-06-02
215469,2,1,1,2026-06-02,2026-06-02
215490,3,1,1,2026-06-02,2026-06-02
215498,2,1,1,2026-06-02,2026-06-03
215506,2,1,1,2026-06-02,2026-06-02
215543,2,1,1,2026-06-02,2026-06-02
215568,2,1,1,2026-06-02,2026-06-25
215591,3,1,1,2026-06-03,2026-06-03
215628,5,2,2,2026-06-03,2026-07-12
215636,2,1,1,2026-06-03,2026-06-03
215648,2,1,1,2026-06-03,2026-06-03
215651,2,1,1,2026-06-03,2026-06-03
215686,2,1,1,2026-06-04,2026-06-04
215774,2,1,1,2026-06-06,2026-06-06
215779,4,1,1,2026-06-06,2026-06-06
215818,2,1,1,2026-06-07,2026-06-07
215835,2,1,1,2026-06-07,2026-06-07
215844,4,1,1,2026-06-07,2026-06-07
215971,2,1,1,2026-06-08,2026-06-08
215982,3,1,1,2026-06-08,2026-06-08
216062,16,2,1,2026-06-08,2026-06-10
216101,2,2,1,2026-06-08,2026-06-08
216114,2,1,1,2026-06-08,2026-06-08
216176,3,1,1,2026-06-08,2026-06-08
216218,4,1,1,2026-06-09,2026-06-16
216274,2,1,1,2026-06-09,2026-06-09
216325,2,1,1,2026-06-09,2026-06-09
216371,2,1,1,2026-06-09,2026-06-09
216395,2,1,1,2026-06-09,2026-06-09
216412,2,1,1,2026-06-09,2026-06-09
216430,2,1,1,2026-06-09,2026-06-09
216476,2,1,1,2026-06-09,2026-06-09
216485,2,1,1,2026-06-09,2026-06-09
216489,2,1,1,2026-06-09,2026-06-15
216502,2,1,2,2026-06-09,2026-07-12
216507,7,1,1,2026-06-09,2026-06-10
216514,2,2,1,2026-06-09,2026-06-09
216526,2,1,1,2026-06-09,2026-06-09
216546,175,1,2,2026-06-10,2026-07-22
216560,3,1,1,2026-06-10,2026-06-24
216585,4,1,1,2026-06-10,2026-06-10
216606,2,1,1,2026-06-10,2026-06-10
216629,3,1,1,2026-06-10,2026-06-10
216642,2,1,1,2026-06-10,2026-06-10
216665,2,1,1,2026-06-10,2026-06-10
216753,62,1,1,2026-06-10,2026-06-17
216813,2,1,1,2026-06-10,2026-06-10
216858,4,1,1,2026-06-11,2026-06-11
216885,2,1,1,2026-06-11,2026-06-11
216903,2,2,1,2026-06-11,2026-06-11
217009,2,1,1,2026-06-11,2026-06-11
217041,2,1,1,2026-06-11,2026-06-11
217051,2,1,1,2026-06-11,2026-06-11
217088,10,1,1,2026-06-11,2026-06-16
217104,2,1,1,2026-06-11,2026-06-11
217107,2,1,1,2026-06-11,2026-06-11
217117,2,1,1,2026-06-11,2026-06-11
217127,2,1,1,2026-06-11,2026-06-17
217232,2,1,1,2026-06-12,2026-06-12
217248,2,1,1,2026-06-12,2026-06-12
217250,2,1,1,2026-06-12,2026-06-12
217261,2,1,1,2026-06-12,2026-06-12
217348,2,1,1,2026-06-12,2026-06-12
217380,3,2,2,2026-06-13,2026-07-15
217388,2,1,1,2026-06-14,2026-06-14
217415,6,2,1,2026-06-14,2026-06-17
217447,2,1,1,2026-06-14,2026-06-14
217456,2,1,1,2026-06-14,2026-06-14
217465,6,1,1,2026-06-14,2026-06-14
217478,2,1,1,2026-06-15,2026-06-15
217481,2,1,1,2026-06-15,2026-06-15
217489,2,1,1,2026-06-15,2026-06-15
217492,4,1,1,2026-06-15,2026-06-15
217503,2,1,2,2026-06-15,2026-07-08
217551,4,1,1,2026-06-15,2026-06-25
217573,4,1,1,2026-06-15,2026-06-15
217684,2,1,1,2026-06-15,2026-06-15
217841,5,1,1,2026-06-16,2026-06-16
217862,3,1,2,2026-06-16,2026-07-29
217872,2,1,2,2026-06-16,2026-07-21
217897,4,1,1,2026-06-16,2026-06-17
217910,2,1,1,2026-06-16,2026-06-16
217920,2,1,1,2026-06-16,2026-06-16
217925,2,1,1,2026-06-16,2026-06-18
217979,2,1,1,2026-06-17,2026-06-17
217984,2,1,1,2026-06-17,2026-06-17
217998,2,1,1,2026-06-17,2026-06-17
218002,2,1,1,2026-06-17,2026-06-17
218094,2,1,1,2026-06-17,2026-06-17
218101,2,1,1,2026-06-17,2026-06-17
218111,2,1,1,2026-06-17,2026-06-17
218140,2,1,1,2026-06-17,2026-06-17
218157,2,1,1,2026-06-17,2026-06-17
218192,2,1,1,2026-06-17,2026-06-17
218203,2,1,1,2026-06-17,2026-06-17
218231,2,1,1,2026-06-17,2026-06-17
218253,9,1,1,2026-06-18,2026-06-22
218258,4,1,1,2026-06-18,2026-06-18
218295,2,1,1,2026-06-18,2026-06-18
218347,2,1,1,2026-06-18,2026-06-18
218485,3,1,1,2026-06-18,2026-06-18
218542,2,1,1,2026-06-21,2026-06-21
218566,2,2,1,2026-06-21,2026-06-29
218571,2,1,1,2026-06-21,2026-06-28
218574,2,1,2,2026-06-21,2026-07-22
218586,2,1,1,2026-06-21,2026-06-21
218622,2,1,1,2026-06-22,2026-06-22
218625,2,1,1,2026-06-22,2026-06-22
218653,2,1,1,2026-06-22,2026-06-22
218670,2,1,1,2026-06-22,2026-06-22
218687,2,1,1,2026-06-22,2026-06-22
218695,2,1,1,2026-06-22,2026-06-22
218698,5,1,1,2026-06-22,2026-06-29
218723,2,1,1,2026-06-22,2026-06-22
218759,2,1,1,2026-06-22,2026-06-23
218762,2,1,1,2026-06-22,2026-06-22
218767,3,1,1,2026-06-22,2026-06-22
218771,2,1,1,2026-06-22,2026-06-22
218786,2,1,1,2026-06-22,2026-06-22
218790,4,1,1,2026-06-22,2026-06-22
218796,2,1,1,2026-06-22,2026-06-22
218805,2,1,1,2026-06-22,2026-06-22
218825,2,1,1,2026-06-22,2026-06-22
218841,2,1,1,2026-06-22,2026-06-22
218852,2,1,1,2026-06-23,2026-06-23
218905,2,1,1,2026-06-23,2026-06-23
218988,2,1,1,2026-06-23,2026-06-23
218990,2,1,1,2026-06-23,2026-06-23
219041,3,1,1,2026-06-23,2026-06-23
219053,2,1,1,2026-06-23,2026-06-23
219058,2,1,1,2026-06-23,2026-06-23
219098,3,1,1,2026-06-24,2026-06-24
219200,2,1,1,2026-06-24,2026-06-24
219216,2,1,1,2026-06-24,2026-06-24
219259,19,1,2,2026-06-24,2026-07-27
219280,2,1,1,2026-06-24,2026-06-26
219325,2,1,1,2026-06-24,2026-06-24
219380,2,1,1,2026-06-25,2026-06-25
219401,6,1,1,2026-06-25,2026-06-25
219423,2,1,1,2026-06-25,2026-06-25
219426,2,1,1,2026-06-25,2026-06-25
219531,3,1,1,2026-06-25,2026-06-25
219532,3,1,1,2026-06-25,2026-06-25
219564,2,1,1,2026-06-25,2026-06-25
219588,3,1,1,2026-06-25,2026-06-25
219604,3,2,1,2026-06-25,2026-06-25
219638,2,1,1,2026-06-25,2026-06-26
219673,4,1,1,2026-06-26,2026-06-26
219679,2,1,1,2026-06-26,2026-06-26
219687,4,1,1,2026-06-26,2026-06-26
219710,2,1,1,2026-06-28,2026-06-28
219715,2,1,1,2026-06-28,2026-06-28
219723,2,1,1,2026-06-28,2026-06-28
219752,2,1,1,2026-06-28,2026-06-28
219785,2,1,1,2026-06-28,2026-06-28
219805,2,2,1,2026-06-29,2026-06-29
219821,3,1,2,2026-06-29,2026-07-13
219828,2,1,2,2026-06-29,2026-07-01
219891,2,1,1,2026-06-29,2026-06-29
219916,4,1,1,2026-06-29,2026-06-29
219970,2,1,1,2026-06-29,2026-06-29
219978,2,1,1,2026-06-29,2026-06-30
220002,2,1,1,2026-06-30,2026-06-30
220015,2,1,1,2026-06-30,2026-06-30
220041,2,1,1,2026-06-30,2026-06-30
220087,2,1,1,2026-06-30,2026-06-30
220110,2,1,1,2026-06-30,2026-06-30
220130,2,1,2,2026-06-30,2026-07-01
220166,2,1,1,2026-07-01,2026-07-01
220205,2,1,1,2026-07-01,2026-07-01
220209,2,1,1,2026-07-01,2026-07-01
220222,3,1,1,2026-07-01,2026-07-01
220230,2,1,1,2026-07-01,2026-07-01
220255,2,2,1,2026-07-01,2026-07-01
220305,2,1,1,2026-07-01,2026-07-01
220319,2,1,1,2026-07-01,2026-07-01
220365,2,1,1,2026-07-01,2026-07-01
220411,4,1,1,2026-07-02,2026-07-03
220416,4,1,1,2026-07-02,2026-07-02
220429,2,1,1,2026-07-02,2026-07-02
220458,2,1,1,2026-07-02,2026-07-02
220474,2,1,1,2026-07-02,2026-07-02
220600,2,1,1,2026-07-02,2026-07-02
220606,4,1,1,2026-07-02,2026-07-02
220638,2,1,1,2026-07-03,2026-07-03
220646,2,1,1,2026-07-03,2026-07-03
220649,2,1,1,2026-07-03,2026-07-03
220666,2,1,1,2026-07-03,2026-07-03
220692,4,1,1,2026-07-03,2026-07-08
220710,3,1,1,2026-07-03,2026-07-08
220731,2,1,1,2026-07-03,2026-07-03
220794,2,1,1,2026-07-03,2026-07-03
220797,2,1,1,2026-07-03,2026-07-03
220806,8,1,1,2026-07-04,2026-07-04
220816,2,1,1,2026-07-04,2026-07-04
220831,2,1,1,2026-07-04,2026-07-04
220857,2,2,1,2026-07-05,2026-07-05
220919,2,2,1,2026-07-06,2026-07-06
220936,2,1,1,2026-07-06,2026-07-06
220985,2,1,1,2026-07-06,2026-07-06
220987,3,1,1,2026-07-06,2026-07-06
221006,2,1,1,2026-07-06,2026-07-06
221037,2,1,1,2026-07-06,2026-07-06
221043,2,1,1,2026-07-06,2026-07-06
221050,2,1,1,2026-07-06,2026-07-06
221056,2,1,1,2026-07-06,2026-07-06
221064,4,1,1,2026-07-06,2026-07-06
221153,2,1,1,2026-07-07,2026-07-14
221155,2,2,1,2026-07-07,2026-07-07
221284,2,1,1,2026-07-07,2026-07-07
221286,2,2,1,2026-07-07,2026-07-07
221318,3,1,1,2026-07-07,2026-07-07
221337,2,1,1,2026-07-07,2026-07-07
221358,2,1,1,2026-07-07,2026-07-07
221421,6,1,1,2026-07-08,2026-07-08
221464,2,1,1,2026-07-08,2026-07-08
221574,2,1,1,2026-07-08,2026-07-08
221601,2,1,1,2026-07-08,2026-07-08
221629,2,1,1,2026-07-09,2026-07-09
221688,4,1,1,2026-07-09,2026-07-09
221713,2,1,1,2026-07-12,2026-07-12
221761,2,1,1,2026-07-12,2026-07-12
221776,2,1,1,2026-07-12,2026-07-12
221787,2,1,1,2026-07-13,2026-07-13
221792,2,1,1,2026-07-13,2026-07-13
221829,2,1,1,2026-07-13,2026-07-13
221837,4,1,1,2026-07-13,2026-07-13
221846,2,1,1,2026-07-13,2026-07-13
221872,2,1,1,2026-07-13,2026-07-13
221885,2,1,1,2026-07-13,2026-07-13
221893,2,1,1,2026-07-13,2026-07-13
221914,2,1,1,2026-07-13,2026-07-13
221967,2,1,1,2026-07-13,2026-07-14
221970,2,1,1,2026-07-13,2026-07-13
221976,2,1,1,2026-07-13,2026-07-13
221984,2,1,1,2026-07-13,2026-07-13
222035,2,1,1,2026-07-14,2026-07-14
222039,2,1,1,2026-07-14,2026-07-14
222080,2,1,1,2026-07-14,2026-07-14
222112,2,1,1,2026-07-14,2026-07-14
222126,2,1,1,2026-07-14,2026-07-14
222146,3,1,1,2026-07-14,2026-07-14
222148,2,1,1,2026-07-14,2026-07-14
222183,2,1,1,2026-07-14,2026-07-14
222201,2,1,1,2026-07-14,2026-07-14
222206,3,1,1,2026-07-14,2026-07-14
222216,2,1,1,2026-07-14,2026-07-14
222274,2,1,1,2026-07-14,2026-07-14
222284,2,1,1,2026-07-14,2026-07-14
222330,2,1,1,2026-07-15,2026-07-15
222670,2,1,1,2026-07-22,2026-07-22
222740,2,1,1,2026-07-23,2026-07-23
222764,2,1,1,2026-07-26,2026-07-26
222770,2,1,1,2026-07-26,2026-07-26
222775,2,1,1,2026-07-27,2026-07-27
