row_a,row_b,jaccard,id_a,id_b
4,10,0.8919949174078781,7480512,7481038
4,11,0.8621118012422361,7480512,7481142
107,111,0.9301310043668122,7490114,7490133
182,189,0.9256965944272446,7494232,7494436
207,208,0.8775510204081632,7493071,7493313
234,237,0.9903339191564148,7498124,7498189
234,247,0.911986588432523,7498124,7498525
234,248,0.990342405618964,7498124,7498570
234,250,0.9585849870578085,7498124,7498641
265,266,0.9666666666666667,7499078,7499129
270,274,0.9714285714285714,7499200,7499240
354,391,0.9487179487179487,7504026,7505214
390,395,0.8888888888888888,7505203,7505284
394,395,0.891566265060241,7505261,7505284
14,399,0.9114583333333334,7481720,7505426
415,416,0.9581589958158996,7503529,7503546
432,520,0.9152542372881356,7506403,7507519
432,522,0.9101123595505618,7506403,7507560
529,530,0.8837209302325582,7507865,7507921
530,533,0.8636363636363636,7507921,7508046
388,623,0.8620689655172413,7505159,7517545
621,623,0.8620689655172413,7517500,7517545
388,624,0.8620689655172413,7505159,7517548
556,638,0.8529411764705882,7513485,7515500
234,722,0.9714532871972318,7498124,7521506
234,728,0.9555175363558597,7498124,7521591
234,732,0.9554030874785592,7498124,7521636
234,735,0.9808861859252823,7498124,7521659
736,737,0.9090909090909091,7521723,7521742
234,753,0.9476351351351351,7498124,7519499
856,858,0.9831730769230769,7528036,7528038
868,876,0.9833333333333333,7528355,7528508
877,878,0.9431818181818182,7528554,7528555
930,933,0.8971061093247589,7532408,7532571
963,964,0.8596491228070176,7533748,7533823
480,982,0.89745566692367,7510203,7534224
480,993,0.921327757449033,7510203,7534984
1014,1016,0.9841269841269841,7537996,7538068
1006,1053,0.9736842105263158,7537766,7539670
990,1064,0.8941798941798942,7534765,7540395
14,1080,0.8629441624365483,7481720,7540528
1139,1140,0.8888888888888888,7543670,7543733
1085,1157,0.8688524590163934,7540940,7545651
1157,1159,0.9057591623036649,7545651,7545801
1169,1171,0.9352750809061489,7544416,7544456
1185,1188,0.8619329388560157,7546842,7546980
1273,1275,0.8620689655172413,7549143,7549264
1417,1418,0.9707602339181286,7561297,7561386
1435,1440,0.9691358024691358,7562961,7562996
1431,1450,0.9824561403508771,7562795,7563198
1431,1456,0.9790209790209791,7562795,7563287
14,1467,0.8924731182795699,7481720,7562092
1492,1493,0.8592592592592593,7566679,7566696
1506,1509,0.9725158562367865,7567194,7567260
1564,1565,0.8529411764705882,7565230,7565269
70,1632,0.9351851851851852,7488704,7574103
1633,1635,0.9350180505415162,7574178,7574192
1646,1647,0.8695652173913043,7574553,7574586
1694,1696,0.9047619047619048,7575949,7575974
1726,1727,0.8611111111111112,7579099,7579106
1736,1739,0.94,7579634,7579729
1736,1750,0.9695945945945946,7579634,7580387
1736,1751,0.8594249201277955,7579634,7580404
1736,1757,0.8990228013029316,7579634,7580602
1783,1784,0.9347014925373134,7577839,7577861
1783,1785,0.9846743295019157,7577839,7577984
1783,1786,0.9789272030651341,7577839,7578007
1783,1787,0.9474671669793621,7577839,7578024
1736,1806,0.8928571428571429,7579634,7582667
1806,1811,0.8535031847133758,7582667,7582882
388,1845,0.8608695652173913,7505159,7586115
621,1865,0.9459459459459459,7517500,7586681
388,1868,0.9459459459459459,7505159,7586738
1864,1870,0.9383313180169287,7586650,7586819
1736,1890,0.8745980707395499,7579634,7587896
998,1919,0.9582290664100096,7535422,7588805
2021,2023,0.9682299546142209,7595352,7595381
2032,2034,0.8983050847457628,7595681,7595688
2047,2050,0.8536585365853658,7593843,7594067
2095,2097,0.9819004524886877,7597076,7597092
2124,2133,0.8536585365853658,7599507,7600319
2147,2149,0.8601503759398497,7602378,7602430
2163,2178,0.8672566371681416,7603108,7603579
2124,2190,0.8881987577639752,7599507,7603894
2133,2197,0.8881987577639752,7600319,7604428
2249,2250,0.9236641221374046,7608307,7608312
2249,2259,0.9090909090909091,7608307,7608586
2261,2272,0.8652482269503546,7608715,7608912
2286,2292,0.9940029985007496,7609703,7609838
1823,2309,0.8764044943820225,7584464,7615145
1836,2309,0.8571428571428571,7585960,7615145
1006,2345,0.9866666666666667,7537766,7611783
2323,2349,0.861764705882353,7611247,7611868
2360,2375,0.8612903225806452,7612314,7612957
2388,2389,0.8556701030927835,7613763,7613826
1945,2403,0.8695652173913043,7591289,7614499
2438,2441,0.9774436090225563,7622225,7623495
2425,2513,0.8739495798319328,7617587,7637025
2499,2519,0.9285714285714286,7629167,7646799
2618,2621,0.90625,7639843,7669465
480,2693,0.8532753202803964,7510203,7624217
2693,2705,0.9068219633943427,7624217,7624731
14,2755,0.9562841530054644,7481720,7620870
2759,2762,0.896551724137931,7621146,7621166
2870,2874,0.864406779661017,7633625,7633691
2902,2919,0.9206349206349206,7634710,7635377
2808,2986,0.9642857142857143,7622788,7641133
70,3003,0.8608695652173913,7488704,7644175
3023,3030,0.91015625,7644748,7645160
2542,3072,0.9851411589895989,7619649,7642413
3029,3077,0.9210526315789473,7645105,7642888
14,3100,0.9388888888888889,7481720,7648147
3133,3135,0.8918918918918919,7651803,7651823
3193,3194,0.9526315789473684,7653599,7653608
3197,3198,0.8816568047337278,7653667,7653679
3194,3200,0.8866995073891626,7653608,7653696
3193,3202,0.8502415458937198,7653599,7653748
3193,3241,0.9476439790575916,7653599,7656770
14,3244,0.9392265193370166,7481720,7656846
3193,3245,0.9025641025641026,7653599,7656875
3193,3252,0.9526315789473684,7653599,7657136
3193,3265,0.9476439790575916,7653599,7657371
3193,3266,0.8872549019607843,7653599,7657386
3258,3268,0.9029126213592233,7657242,7657396
3193,3274,0.9476439790575916,7653599,7657522
3193,3276,0.8502415458937198,7653599,7657591
3193,3277,0.8872549019607843,7653599,7657603
3193,3301,0.9476439790575916,7653599,7659046
3193,3305,0.8871794871794871,7653599,7659538
3193,3306,0.8928571428571429,7653599,7659560
3194,3309,0.8653846153846154,7653608,7661432
3308,3310,0.9512195121951219,7659616,7750834
2491,3327,0.8901960784313725,7628451,7655413
2491,3328,0.9126984126984127,7628451,7655436
3348,3372,0.93048128342246,7660479,7661270
3348,3373,0.9354838709677419,7660479,7661281
3375,3376,0.9044585987261147,7661303,7661306
3346,3385,0.8702290076335878,7660301,7661498
3391,3398,0.9045643153526971,7659802,7659935
3395,3399,0.863013698630137,7659867,7659952
3472,3483,0.8695652173913043,7666719,7667328
3472,3486,0.9767441860465116,7666719,7667370
3490,3491,0.8898305084745762,7667633,7667634
3546,3547,0.9137055837563451,7665388,7665423
3579,3583,0.8787878787878788,7672814,7673109
3647,3650,0.9315068493150684,7671894,7672065
2309,3701,0.8604651162790697,7615145,7682044
3757,3759,0.8734177215189873,7680002,7680153
3669,3761,0.8761061946902655,7680345,7680335
3787,3788,0.925,7687592,7687594
3796,3806,0.8571428571428571,7687769,7688001
3805,3808,0.9323671497584541,7687996,7688045
3807,3816,0.934,7688034,7688302
3805,3817,0.9004739336492891,7687996,7688317
3812,3821,0.9180327868852459,7688236,7688522
3833,3835,0.8648648648648649,7689865,7689938
3800,3838,0.926984126984127,7687858,7690034
3779,3858,0.9252336448598131,7686769,7686668
14,3981,0.8762886597938144,7481720,7697403
14,3982,0.8808290155440415,7481720,7697416
3989,3992,0.9047619047619048,7697756,7697803
432,4014,0.9101123595505618,7506403,7698476
4044,4047,0.8548812664907651,7700747,7700773
4046,4051,0.9572192513368984,7700763,7700828
4078,4080,0.9443535188216039,7701497,7701517
4102,4108,0.9285714285714286,7704290,7704500
4134,4136,0.9295154185022027,7705349,7705531
2286,4141,0.9605263157894737,7609703,7705765
4124,4155,0.8859060402684564,7705139,7706431
4075,4157,0.9092284417549168,7701230,7706866
4180,4183,0.8906455862977603,7703474,7703566
4195,4200,0.8639455782312925,7709735,7709860
4201,4214,0.9628712871287128,7709939,7710500
4252,4254,0.8823529411764706,7712296,7712392
4191,4262,0.8928571428571429,7707516,7712590
4237,4264,1.0,7711651,7712718
4211,4284,0.8648648648648649,7710428,7714974
4308,4312,0.8608695652173913,7714638,7714723
4237,4352,0.896551724137931,7711651,7721113
4375,4405,0.9408602150537635,7721845,7723194
4237,4501,0.8596491228070176,7711651,7729998
4570,4571,0.8687258687258688,7734199,7734236
4574,4578,0.875,7734403,7734464
4601,4602,0.8922155688622755,7735607,7735613
4601,4604,0.896969696969697,7735607,7735656
4601,4612,0.8713450292397661,7735607,7733639
2599,4622,0.9333333333333333,7638450,7737255
4636,4637,0.9902912621359223,7737591,7737601
4601,4662,0.9135802469135802,7735607,7736001
4702,4706,0.8690095846645367,7740294,7740411
70,4771,0.9629629629629629,7488704,7745025
70,4784,0.9719626168224299,7488704,7745312
4794,4795,0.924901185770751,7745833,7745843
4836,4840,0.8660714285714286,7747571,7747658
4836,4841,0.9090909090909091,7747571,7747690
4825,4850,0.8604651162790697,7747241,7748063
4849,4853,0.9,7748017,7748163
4864,4869,0.9090909090909091,7748676,7748844
4601,4893,0.9141104294478528,7735607,7751566
4601,4894,0.9135802469135802,7735607,7751710
4601,4898,0.9254658385093167,7735607,7751820
4601,4901,0.8922155688622755,7735607,7751900
4925,4928,0.92,7751041,7751109
2814,4929,0.8543689320388349,7623261,7751165
4601,4935,0.9254658385093167,7735607,7751602
4950,4958,0.9069767441860465,7754645,7755050
4981,4982,0.9020172910662824,7757169,7757198
4974,4995,0.9197860962566845,7756796,7757688
70,5033,0.9719626168224299,7488704,7759120
70,5051,0.9629629629629629,7488704,7759972
5053,5060,0.9202453987730062,7760005,7760237
5070,5081,0.9655172413793104,7761130,7761789
5071,5082,0.9016393442622951,7761324,7761799
5080,5083,0.875,7761737,7761833
5129,5131,0.8787878787878788,7765609,7765626
5162,5175,0.9344262295081968,7768271,7768898
5194,5195,0.9133333333333333,7766506,7766513
5203,5204,0.9333333333333333,7769988,7769989
5210,5217,0.8556701030927835,7770461,7770715
1670,5255,0.8834355828220859,7575402,7776862
5266,5269,0.9213893967093236,7782207,7784042
5253,5270,0.9165154264972777,7776716,7784098
5287,5288,0.8978102189781022,7774552,7774562
5289,5294,0.9041916167664671,7774564,7774724
70,5317,0.9719626168224299,7488704,7775813
5358,5359,0.8627858627858628,7772720,7772735
5369,5371,0.9431818181818182,7773444,7773610
1349,5384,0.927536231884058,7558218,7779223
5379,5385,0.8879781420765027,7778973,7779226
5380,5391,0.9742063492063492,7779011,7779353
4601,5427,0.8909090909090909,7735607,7783112
5420,5433,0.9320987654320988,7782880,7783172
5437,5449,0.9453125,7783370,7783920
5369,5458,0.8633879781420765,7773444,7781296
5369,5463,0.8784530386740331,7773444,7781560
4601,5473,0.9192546583850931,7735607,7785638
4601,5474,0.8869047619047619,7735607,7785718
4601,5479,0.9036144578313253,7735607,7785812
5501,5504,0.8876404494382022,7786936,7787054
5569,5578,0.8723404255319149,7791257,7791780
5593,5595,0.962059620596206,7793754,7793830
5593,5598,0.9728260869565217,7793754,7793897
5615,5617,0.9301310043668122,7794600,7794641
3378,5642,0.8695652173913043,7661328,7793189
5642,5644,0.8857142857142857,7793189,7793381
2060,5652,0.9102040816326531,7594940,7793811
5658,5695,0.9285714285714286,7795875,7800245
5720,5722,0.8533333333333334,7798092,7798130
4601,5729,0.93125,7735607,7801263
4418,5735,0.9446902654867256,7724111,7801535
5755,5758,0.96045197740113,7802506,7802661
5757,5760,0.8909090909090909,7802653,7802671
4601,5781,0.9085365853658537,7735607,7801431
4601,5782,0.9192546583850931,7735607,7801440
5800,5804,0.9665338645418327,7804903,7805115
4601,5811,0.9254658385093167,7735607,7805460
4601,5813,0.9197530864197531,7735607,7805491
4601,5815,0.9079754601226994,7735607,7805508
4601,5818,0.9254658385093167,7735607,7805525
4601,5819,0.896969696969697,7735607,7805528
4601,5820,0.9197530864197531,7735607,7805574
4601,5821,0.9141104294478528,7735607,7805581
5805,5824,0.9302325581395349,7805225,7805633
4601,5828,0.8841463414634146,7735607,7805972
4601,5829,0.8571428571428571,7735607,7805986
5852,5855,0.9411764705882353,7806570,7806665
5032,5861,0.9572649572649573,7759112,7806825
5038,5861,0.8770491803278688,7759426,7806825
5970,5977,0.8871794871794871,7815454,7815817
5970,6011,0.8963730569948186,7815454,7823265
6017,6022,0.9636363636363636,7812348,7812534
6029,6031,0.8629300776914539,7813192,7813244
6043,6047,0.9014084507042254,7818266,7818528
5884,6048,0.8552338530066815,7808272,7818576
6063,6068,0.8636363636363636,7819533,7819802
4601,6119,0.9141104294478528,7735607,7821290
4601,6120,0.9079754601226994,7735607,7821294
6132,6135,1.0,7821649,7821684
6132,6136,0.9303482587064676,7821649,7821699
6140,6142,0.9513888888888888,7822005,7822032
6140,6144,0.9324324324324325,7822005,7822053
6148,6157,0.9516129032258065,7822248,7822538
6151,6157,0.8769230769230769,7822304,7822538
6148,6158,0.8769230769230769,7822248,7822539
6148,6162,0.890625,7822248,7825219
6148,6164,0.8769230769230769,7822248,7825332
6175,6178,0.926605504587156,7825855,7825930
6201,6204,0.9151515151515152,7827421,7827449
6148,6213,0.8636363636363636,7822248,7829843
6148,6215,0.9393939393939394,7822248,7829850
6161,6219,0.9696969696969697,7824960,7829960
6161,6221,0.8584905660377359,7824960,7829965
6161,6237,0.8666666666666667,7824960,7830846
6148,6269,0.967741935483871,7822248,7828421
6267,6272,1.0,7828413,7828428
6275,6276,0.8767123287671232,7828582,7828592
14,6280,0.918918918918919,7481720,7828659
29,6280,0.868421052631579,7487074,7828659
6148,6283,0.9838709677419355,7822248,7828883
6257,6286,0.9897959183673469,7828078,7828939
4370,6321,0.8717948717948718,7721747,7832774
6161,6353,0.875,7824960,7835370
6357,6366,0.875,7835435,7835863
6355,6373,0.9358974358974359,7835410,7836317
6347,6374,0.9782608695652174,7835135,7836334
603,6378,0.8765432098765432,7517022,7836577
6381,6382,0.9479166666666666,7833403,7833405
6381,6389,0.9479166666666666,7833403,7833868
6381,6391,0.9479166666666666,7833403,7833891
6406,6407,0.9680511182108626,7837018,7837046
6406,6408,0.9529780564263323,7837018,7837065
6410,6412,0.9683908045977011,7837090,7837109
6409,6413,0.970873786407767,7837078,7837114
6410,6420,0.883289124668435,7837090,7837188
6410,6422,0.9439775910364145,7837090,7837201
6406,6431,0.9228395061728395,7837018,7837515
4601,6463,0.9085365853658537,7735607,7839362
4601,6464,0.9202453987730062,7735607,7839387
6153,6506,0.9375,7822449,7841057
5656,6511,0.852112676056338,7795860,7841256
5656,6513,0.852112676056338,7795860,7841980
6148,6519,0.8769230769230769,7822248,7842585
6521,6522,1.0,7842672,7842673
6524,6525,0.9007633587786259,7842738,7842748
6523,6526,0.8527131782945736,7842718,7842749
6148,6529,0.8636363636363636,7822248,7842773
6528,6530,0.9885057471264368,7842768,7842790
6528,6532,0.9325842696629213,7842768,7842820
6528,6533,0.9555555555555556,7842768,7842867
6523,6547,0.9583333333333334,7842718,7843520
6521,6618,1.0,7842672,7847303
6531,6621,0.8888888888888888,7842807,7847339
6148,6625,0.8507462686567164,7822248,7842228
6148,6631,0.9253731343283582,7822248,7846353
6148,6633,1.0,7822248,7846392
6638,6639,0.9,7846561,7846575
6622,6642,0.8879310344827587,7847601,7846686
6622,6644,0.8782608695652174,7847601,7846713
877,6645,0.9770114942528736,7528554,7846760
877,6654,0.9770114942528736,7528554,7847359
6638,6655,0.9328859060402684,7846561,7847386
6626,6656,0.898876404494382,7842251,7847400
6627,6656,0.850828729281768,7842268,7847400
6317,6697,0.8620689655172413,7832657,7851517
6692,6701,0.9698492462311558,7851122,7851750
6729,6732,1.0,7852514,7852566
6730,6738,0.8522727272727273,7852522,7852799
6729,6739,0.9349593495934959,7852514,7852800
6741,6744,0.8656716417910447,7852861,7852926
6741,6745,0.968,7852861,7852927
6731,6747,0.9235668789808917,7852556,7852979
6750,6758,0.9759036144578314,7853046,7853598
6788,6794,0.95,7855114,7855331
6750,6843,1.0,7853046,7862586
6257,6847,0.941747572815534,7828078,7864138
6830,6851,0.9534883720930233,7861787,7864338
6750,6862,0.8863636363636364,7853046,7871917
6850,6863,0.9347826086956522,7864337,7871955
6884,6885,0.8538461538461538,7856511,7856515
6885,6887,0.8951612903225806,7856515,7856524
6884,6889,1.0,7856511,7856549
6884,6890,0.9919354838709677,7856511,7856557
6884,6891,0.9596774193548387,7856511,7856573
6885,6892,0.888,7856515,7856574
6899,6901,0.9342105263157895,7856995,7857071
6903,6904,0.9913793103448276,7857101,7857129
6899,6906,0.896774193548387,7856995,7857132
6899,6907,0.9594594594594594,7856995,7857134
6899,6908,0.9025974025974026,7856995,7857137
6899,6909,0.9605263157894737,7856995,7857138
6903,6911,1.0,7857101,7857153
6899,6915,0.9144736842105263,7856995,7857215
6957,6961,1.0,7862848,7862895
6957,6962,0.9386503067484663,7862848,7862897
6958,6963,0.95,7862862,7862898
6958,6964,0.95,7862862,7862917
6959,6966,0.9540229885057471,7862865,7862949
6959,6967,0.9540229885057471,7862865,7862952
6958,6971,0.95,7862862,7863177
6973,6974,0.9420289855072463,7863188,7863228
6925,6979,0.884393063583815,7858080,7863353
6929,6981,0.9345794392523364,7858258,7863401
6925,6983,0.9166666666666666,7858080,7863447
6958,6991,0.991304347826087,7862862,7864225
6958,6993,0.856,7862862,7864436
6998,6999,0.9367088607594937,7864521,7864546
6975,7000,0.8660714285714286,7863229,7864574
6958,7011,0.923728813559322,7862862,7864836
6925,7017,0.9757575757575757,7858080,7865272
7019,7023,0.8981818181818182,7865439,7873719
7027,7031,0.8932038834951457,7860168,7860302
7033,7036,0.8726114649681529,7860412,7860428
7033,7037,1.0,7860412,7860441
7032,7042,0.9525316455696202,7860394,7860528
7034,7048,0.90625,7860424,7860865
7033,7049,0.935064935064935,7860412,7860873
7032,7050,0.9678456591639871,7860394,7860906
7043,7051,0.927536231884058,7860529,7861040
7026,7052,0.8974358974358975,7860141,7861153
7053,7054,0.972972972972973,7861187,7861202
7053,7055,1.0,7861187,7861203
7089,7091,0.903010033444816,7868632,7868654
7133,7136,0.9322429906542056,7865837,7865898
7185,7186,0.8586572438162544,7872493,7872503
7188,7189,0.9452796151533374,7872537,7872560
7160,7192,0.8723404255319149,7872781,7872709
7160,7196,0.9447513812154696,7872781,7872769
7230,7237,0.9283667621776505,7876213,7876689
7250,7251,0.879746835443038,7874280,7874282
7248,7255,0.927536231884058,7874266,7874412
7250,7256,0.879746835443038,7874280,7874431
7262,7270,0.8777777777777778,7874626,7874759
7269,7273,0.9328859060402684,7874736,7874800
7262,7282,0.8977272727272727,7874626,7874889
7262,7285,0.8777777777777778,7874626,7874898
7262,7286,0.8777777777777778,7874626,7874900
7277,7287,0.9923664122137404,7874829,7874902
7263,7288,0.9398496240601504,7874636,7874905
7262,7297,0.8977272727272727,7874626,7874968
7301,7307,0.889763779527559,7875051,7875149
7309,7314,0.8795180722891566,7875153,7875192
7313,7314,0.9245283018867925,7875191,7875192
7313,7315,0.91875,7875191,7875196
7309,7316,0.9625,7875153,7875203
7253,7320,0.9547738693467337,7874383,7876608
70,7321,0.9285714285714286,7488704,7877375
7377,7378,1.0,7880513,7880635
7392,7394,0.8979591836734694,7881397,7881436
7377,7396,0.9557522123893806,7880513,7881474
7400,7405,0.9814814814814815,7881551,7881592
7407,7410,1.0,7881607,7881665
7406,7411,0.9097744360902256,7881602,7881674
4601,7415,0.93125,7735607,7881793
7416,7421,0.9380530973451328,7881795,7882012
7416,7423,0.9736842105263158,7881795,7882029
7416,7425,0.8559322033898306,7881795,7882033
7422,7426,0.9411764705882353,7882027,7882035
7376,7433,0.8818181818181818,7880487,7882367
7432,7434,1.0,7882358,7882373
7472,7476,0.9492140266021766,7885974,7886209
7436,7494,0.921875,7882927,7888044
7511,7512,0.8983957219251337,7883018,7883019
7509,7514,0.9285714285714286,7882972,7883038
7515,7520,0.8888888888888888,7883046,7883247
7518,7522,1.0,7883194,7883327
7528,7529,0.9112149532710281,7883530,7883531
7528,7530,0.8545454545454545,7883530,7883553
603,7531,0.8765432098765432,7517022,7883570
7527,7535,0.9036144578313253,7883524,7883614
7527,7538,0.9263803680981595,7883524,7883667
7526,7539,0.9575757575757575,7883437,7883679
7527,7543,0.8571428571428571,7883524,7883732
7551,7553,0.9166666666666666,7883930,7883936
7551,7555,0.8705035971223022,7883930,7883940
7556,7559,0.9079102715466352,7883961,7884053
7560,7563,0.8717201166180758,7884077,7884125
7569,7570,1.0,7884249,7884250
7571,7574,0.8541666666666666,7884252,7884283
7557,7575,0.9,7884024,7884351
7571,7581,0.9560439560439561,7884252,7884485
7509,7582,0.8878048780487805,7882972,7884494
7508,7585,0.9490740740740741,7882966,7884549
7606,7611,1.0,7890003,7890275
7609,7614,0.9639175257731959,7890167,7890527
7556,7654,0.8831942789034565,7883961,7893828
7587,7654,0.8667466986794717,7888907,7893828
7593,7654,0.8904109589041096,7889331,7893828
7661,7662,0.9085714285714286,7890817,7890819
7668,7671,0.949238578680203,7890976,7891034
7670,7672,0.9325153374233128,7891030,7891046
7670,7673,0.9386503067484663,7891030,7891047
7668,7675,0.9794871794871794,7890976,7891054
7667,7676,0.9161290322580645,7890961,7891056
7667,7677,0.9533333333333334,7890961,7891058
7670,7678,0.9631901840490797,7891030,7891061
7683,7684,0.995,7891430,7891431
7682,7685,0.9717514124293786,7891405,7891433
7703,7704,0.9652777777777778,7894801,7894802
7708,7709,0.9565217391304348,7894967,7894970
7703,7712,0.972027972027972,7894801,7895069
7703,7713,0.9172413793103448,7894801,7895096
7706,7714,0.9397590361445783,7894879,7895097
7706,7715,0.9397590361445783,7894879,7895099
7708,7717,0.875,7894967,7895150
7716,7720,0.9367588932806324,7895147,7895205
7133,7779,0.8600451467268623,7865837,7900123
7811,7813,0.9158249158249159,7902510,7902572
7735,7814,0.9085365853658537,7895860,7902770
7811,7815,0.9825783972125436,7902510,7902866
7811,7830,0.8980263157894737,7902510,7904117
7811,7831,0.9791666666666666,7902510,7904119
7867,7868,0.8823529411764706,7905786,7905796
7870,7874,0.9310344827586207,7905825,7905838
7390,7875,0.9408602150537635,7881362,7905857
7877,7878,0.9438202247191011,7905864,7905865
7390,7880,0.9095744680851063,7881362,7905888
7870,7888,0.9058823529411765,7905825,7906089
7872,7890,0.9495798319327731,7905834,7906092
7891,7892,0.9371980676328503,7906139,7906141
7891,7893,0.8940092165898618,7906139,7906142
7897,7898,0.9290780141843972,7906186,7906187
7881,7912,0.9932432432432432,7905913,7906316
7881,7914,0.959731543624161,7905913,7906324
7911,7914,0.8607594936708861,7906312,7906324
7881,7915,0.9530201342281879,7905913,7906329
7876,7916,0.8609625668449198,7905861,7906335
7877,7916,0.96045197740113,7905864,7906335
7899,7917,0.9754601226993865,7906190,7906460
7903,7918,0.9625,7906209,7906472
7906,7920,0.8819672131147541,7906263,7906475
7910,7921,0.8898305084745762,7906271,7906486
7903,7922,0.8937007874015748,7906209,7906487
7919,7923,1.0,7906473,7906492
7910,7925,0.8744769874476988,7906271,7906497
7910,7926,0.8860759493670886,7906271,7906500
7895,7929,0.896,7906171,7906519
7891,7931,0.9150943396226415,7906139,7906522
7906,7935,0.8881578947368421,7906263,7906604
7919,7936,0.8682170542635659,7906473,7906605
7902,7938,1.0,7906206,7906613
7937,7939,0.92,7906607,7906619
7942,7947,0.8659217877094972,7906961,7907525
7946,7948,0.8850574712643678,7907517,7907539
7948,7950,0.8850574712643678,7907539,7907554
7946,7957,0.8636363636363636,7907517,7907791
7983,7992,0.8850574712643678,7909614,7910309
7981,8011,0.9076923076923077,7909547,7911181
7975,8030,0.8811188811188811,7909083,7912113
8072,8077,0.979381443298969,7908618,7908757
8078,8079,0.9446640316205533,7908818,7908819
8078,8084,0.9603174603174603,7908818,7908922
8073,8085,0.9593023255813954,7908641,7908937
8083,8089,1.0,7908920,7909058
7990,8092,0.9015625,7910046,7909190
8100,8101,0.9142857142857143,7913194,7913200
7979,8102,0.8528963414634146,7909396,7913204
7990,8102,0.9173228346456693,7910046,7913204
7983,8105,0.9534883720930233,7909614,7913508
7948,8121,0.8636363636363636,7907539,7915254
8136,8141,0.962457337883959,7918193,7919964
2734,8147,0.8795180722891566,7618569,7920106
8140,8153,0.9145299145299145,7919946,7920222
8121,8162,0.8850574712643678,7915254,7920536
8052,8173,0.9090909090909091,7907347,7921264
8168,8174,0.8686868686868687,7920981,7921292
7946,8176,0.9759036144578314,7907517,7921433
8056,8184,0.8810572687224669,7907702,7922398
8188,8190,0.9642857142857143,7922410,7922415
8188,8191,0.8869565217391304,7922410,7922417
8188,8192,0.9642857142857143,7922410,7922421
8108,8193,0.9477611940298507,7914587,7922426
8188,8198,0.8947368421052632,7922410,7922457
8188,8201,0.8869565217391304,7922410,7922633
8109,8203,0.8734939759036144,7914728,7923348
8109,8204,0.8895705521472392,7914728,7923350
7948,8209,0.8850574712643678,7907539,7924985
7983,8209,0.8850574712643678,7909614,7924985
7948,8212,0.8837209302325582,7907539,7925461
8215,8218,0.9951690821256038,7913675,7913734
8220,8221,0.9444444444444444,7913855,7913856
8226,8228,1.0,7914151,7914155
8230,8231,0.9615384615384616,7914180,7914181
8233,8237,0.900709219858156,7914201,7914371
8235,8238,1.0,7914288,7914479
8233,8241,0.8943661971830986,7914201,7914636
8230,8243,0.8925619834710744,7914180,7914808
8235,8245,1.0,7914288,7914900
8246,8249,0.9333333333333333,7915391,7915464
7023,8266,0.8763250883392226,7873719,7917129
8313,8321,0.8509687034277198,7924146,7924625
7948,8333,0.8850574712643678,7907539,7925353
8336,8341,0.9109947643979057,7919558,7919682
8342,8344,0.9504504504504504,7919701,7919825
8337,8347,0.96875,7919560,7920079
8357,8359,0.9066666666666666,7920767,7920880
8371,8372,1.0,7921977,7921988
8382,8387,0.863013698630137,7928400,7928528
8394,8407,0.9404761904761905,7928727,7928969
7957,8420,0.8764044943820225,7907791,7929595
8209,8446,0.8764044943820225,7924985,7930879
8124,8447,0.9926470588235294,7915352,7930925
8455,8456,0.9828326180257511,7931162,7931167
8457,8459,0.9766081871345029,7931176,7931242
8457,8460,0.9766081871345029,7931176,7931244
8461,8464,0.8947368421052632,7931246,7931269
8462,8465,1.0,7931257,7931272
8378,8466,0.9605263157894737,7926777,7931276
8462,8467,1.0,7931257,7931287
8455,8468,0.9656652360515021,7931162,7931291
8461,8469,1.0,7931246,7931297
8479,8482,0.8579234972677595,7927031,7927156
8480,8483,0.9490740740740741,7927084,7927169
8489,8490,1.0,7927609,7927646
8594,8597,0.8927680798004988,7937842,7937881
8661,8665,0.9388888888888889,7939805,7939831
8663,8666,0.9745222929936306,7939807,7939838
8658,8668,1.0,7939793,7939846
8658,8670,0.9151515151515152,7939793,7939853
8658,8671,1.0,7939793,7939924
8658,8672,0.9512195121951219,7939793,7939942
8676,8677,0.9593023255813954,7940070,7940084
8676,8678,0.9269662921348315,7940070,7940092
8676,8679,0.9217877094972067,7940070,7940093
8676,8680,0.9593023255813954,7940070,7940097
8186,8684,0.8733624454148472,7922405,7940221
8692,8696,0.9170305676855895,7940396,7940430
8616,8701,0.86953125,7939604,7940652
8709,8712,0.9305555555555556,7942255,7942505
8713,8717,1.0,7942591,7942705
8730,8733,0.9555555555555556,7947168,7947225
4840,8758,0.853448275862069,7747658,7948626
4836,8767,0.8620689655172413,7747571,7948875
4836,8768,0.875,7747571,7948881
8764,8771,0.8513513513513513,7948755,7949087
6108,8775,0.8837209302325582,7824545,7949461
8784,8785,0.9931972789115646,7944477,7944479
8235,8787,0.9205298013245033,7914288,7944517
8235,8789,0.9139072847682119,7914288,7944600
8791,8792,0.9479768786127167,7944624,7944625
8792,8793,0.8531073446327684,7944625,7944629
8791,8794,0.96045197740113,7944624,7944630
8793,8796,0.8531073446327684,7944629,7944649
8800,8801,0.9603174603174603,7945516,7945517
8803,8804,0.9482758620689655,7945610,7945636
8802,8807,1.0,7945609,7945694
8804,8808,0.8539325842696629,7945636,7945715
8805,8811,0.9833333333333333,7945639,7945806
8812,8814,0.8881987577639752,7945913,7946060
8813,8816,1.0,7946003,7946124
8822,8836,0.9203980099502488,7949614,7950937
8822,8837,0.9203980099502488,7949614,7950972
8851,8867,0.887240356083086,7953380,7954323
8870,8874,0.9375,7954487,7954532
8813,8904,0.9494949494949495,7946003,7951496
8900,8905,0.9818181818181818,7951368,7951529
8908,8909,0.9874213836477987,7951601,7951602
8907,8911,0.8584070796460177,7951580,7951626
8902,8913,1.0,7951479,7951639
8903,8915,0.96045197740113,7951495,7951668
6958,8928,0.9661016949152542,7862862,7951912
8931,8933,1.0,7951950,7951967
8932,8938,0.908256880733945,7951965,7952051
8947,8950,0.9067796610169492,7952338,7952361
8948,8952,0.8809523809523809,7952339,7952367
8924,8954,0.9239766081871345,7951821,7952375
8952,8954,0.8554913294797688,7952367,7952375
8924,8956,0.9819277108433735,7951821,7952382
8958,8962,0.9382716049382716,7952439,7952523
8981,9007,0.9597989949748744,7956193,7957084
7948,9047,0.8764044943820225,7907539,7961003
8966,9059,0.9353448275862069,7955763,7961419
8992,9073,0.8695652173913043,7956728,7962412
8684,9081,0.933649289099526,7940221,7957641
8946,9082,0.9193548387096774,7952328,7957655
9082,9083,0.9193548387096774,7957655,7957664
8186,9084,0.8658008658008658,7922405,7957674
8946,9087,0.9193548387096774,7952328,7957780
9091,9093,0.989010989010989,7957940,7957971
9082,9095,0.8769230769230769,7957655,7958019
9094,9097,0.9078947368421053,7957974,7958126
9103,9106,0.9497206703910615,7958366,7958406
7735,9110,0.9137577002053389,7895860,7958489
8457,9117,0.9022988505747126,7931176,7958839
9115,9119,0.9609120521172638,7958829,7958844
8457,9120,0.9252873563218391,7931176,7958855
9138,9150,0.9726775956284153,7962212,7963056
8747,9172,0.9597615499254843,7948200,7965710
8747,9173,0.9096209912536443,7948200,7965723
9208,9221,0.8863636363636364,7967233,7967723
9216,9223,0.926829268292683,7967482,7967907
9216,9229,0.9874213836477987,7967482,7968072
9227,9230,0.871536523929471,7968017,7968097
9224,9236,0.9491525423728814,7967966,7968175
9252,9258,1.0,7964627,7964887
9252,9259,1.0,7964627,7964890
9260,9261,0.990990990990991,7964907,7964911
9256,9262,0.9716312056737588,7964829,7964912
9260,9266,1.0,7964907,7965131
9257,9267,0.8828451882845189,7964849,7965134
9271,9272,0.91005291005291,7968559,7968562
9307,9318,0.896,7971201,7971981
9319,9320,0.9042553191489362,7972267,7972279
4601,9322,0.9141104294478528,7735607,7972341
8734,9330,0.85,7947241,7972951
8759,9330,0.8695652173913043,7948632,7972951
8147,9353,0.891566265060241,7920106,7971609
9362,9364,0.8888888888888888,7974099,7974573
7946,9365,0.8850574712643678,7907517,7974599
7133,9402,0.8683035714285714,7865837,7974200
9415,9416,0.9310344827586207,7976602,7976611
2104,9466,0.868421052631579,7597322,7977549
9467,9468,0.9738219895287958,7977570,7977574
9470,9471,0.9387755102040817,7977694,7977695
9470,9473,0.9455782312925171,7977694,7977731
9474,9475,0.8517110266159695,7977768,7977783
9474,9480,0.9595141700404858,7977768,7977945
9481,9482,0.950920245398773,7977992,7977993
9481,9483,0.9631901840490797,7977992,7977994
9486,9487,0.9518072289156626,7978033,7978050
9484,9488,0.8505747126436781,7977995,7978054
9506,9510,0.9838709677419355,7980487,7980691
9527,9533,1.0,7981643,7982056
8124,9573,0.8503401360544217,7915352,7979022
9591,9592,0.8765432098765432,7982460,7982498
9591,9598,0.9363057324840764,7982460,7982611
9603,9605,0.9213483146067416,7982724,7982727
9603,9607,0.9044943820224719,7982724,7982756
9582,9610,0.8687782805429864,7979441,7982818
9576,9615,1.0,7979171,7982918
9576,9616,0.8787878787878788,7979171,7982990
9578,9618,0.9112903225806451,7979216,7983001
9479,9625,0.8817204301075269,7977871,7983210
9584,9626,0.9247787610619469,7979589,7983237
9585,9634,0.9325842696629213,7979602,7983355
7019,9680,0.9084249084249084,7865439,7989142
9705,9712,0.875,7989889,7990261
9715,9717,0.9107142857142857,7990499,7990505
8234,9721,0.8676470588235294,7914260,7990864
9738,9742,0.9594594594594594,7986978,7987037
9738,9748,0.9019607843137255,7986978,7987203
9753,9765,0.9026548672566371,7987269,7987391
9752,9768,0.9024390243902439,7987265,7987412
9751,9772,0.9556962025316456,7987260,7987475
9759,9776,0.875,7987349,7987570
9778,9780,0.9254658385093167,7987695,7987740
9755,9791,0.8914728682170543,7987280,7988243
8813,9795,0.9657534246575342,7946003,7992264
9864,9868,0.8849840255591054,7999124,7999268
9867,9869,0.8596491228070176,7999258,7999304
9877,9880,0.9476439790575916,7996108,7996214
9889,9895,0.8895027624309392,7996515,7996739
9874,9903,0.8565573770491803,7995605,7996993
9901,9905,0.954954954954955,7996939,7997044
9909,9910,0.9603174603174603,7997163,7997172
9874,9911,0.978448275862069,7995605,7997213
9712,9913,0.875,7990261,7997260
9716,9913,0.875,7990503,7997260
9879,9920,0.92,7996210,7997444
9879,9921,0.92,7996210,7997466
9881,9922,0.8692307692307693,7996216,7997467
9881,9925,0.8549618320610687,7996216,7997549
9917,9927,0.968421052631579,7997397,7997587
9881,9930,1.0,7996216,7997621
9931,9936,1.0,7997625,7997725
9931,9937,0.994269340974212,7997625,7997837
9881,9940,1.0,7996216,7997907
9884,9945,0.8969957081545065,7996411,7999367
9960,9983,0.9713467048710601,8000491,8001389
3123,9986,0.9002267573696145,7651092,8001799
3123,9992,0.9043280182232346,7651092,8002346
10032,10033,1.0,7999569,7999574
10044,10045,0.9851485148514851,8003552,8003896
10038,10046,0.9026548672566371,8003172,8004133
10042,10052,0.9497206703910615,8003413,8004347
7811,10058,0.9096774193548387,7902510,8004548
10060,10062,0.8743455497382199,8004586,8004608
9238,10074,0.9415855354659249,7968226,8006978
10032,10077,1.0,7999569,8007115
10032,10078,0.9779005524861878,7999569,8007135
10093,10094,0.910958904109589,8009582,8009639
5597,10137,0.9148936170212766,7793882,8010817
10141,10142,0.935672514619883,8010869,8010884
5597,10144,0.9148936170212766,7793882,8010909
5597,10156,0.9084507042253521,7793882,8012407
10141,10157,0.9302325581395349,8010869,8012431
10137,10159,0.891156462585034,8010817,8012531
10167,10168,0.967741935483871,8013003,8013038
10205,10206,0.9381541389153187,8016210,8016278
10205,10207,0.9511025886864813,8016210,8016282
10235,10238,0.9632107023411371,8014817,8014932
10247,10248,0.9940828402366864,8015435,8015436
10247,10249,0.9702380952380952,8015435,8015440
10246,10250,0.9806763285024155,8015431,8015515
10253,10254,0.9473684210526315,8015622,8015644
10258,10259,0.9095238095238095,8015683,8015685
10258,10260,0.9182692307692307,8015683,8015690
10258,10262,0.9362745098039216,8015683,8015719
10258,10263,0.9182692307692307,8015683,8015722
10257,10266,0.8940397350993378,8015676,8015739
10264,10266,0.8561151079136691,8015733,8015739
10251,10267,0.8827586206896552,8015588,8015813
10251,10268,0.9776119402985075,8015588,8015814
10255,10269,0.9736842105263158,8015656,8015828
10255,10270,0.9736842105263158,8015656,8015829
10255,10271,0.922077922077922,8015656,8015830
10251,10275,0.9925373134328358,8015588,8015879
10255,10276,0.922077922077922,8015656,8015880
10273,10278,0.8741258741258742,8015858,8015890
10292,10297,0.8738317757009346,8018440,8018664
10328,10333,0.967741935483871,8020088,8020231
10358,10359,0.971830985915493,8022705,8022706
10373,10374,0.9796954314720813,8017761,8017762
10378,10382,0.9940476190476191,8017887,8018025
10383,10384,0.875968992248062,8018125,8018126
10385,10387,1.0,8018127,8018153
10381,10394,0.944206008583691,8017927,8018478
10410,10413,0.9828178694158075,8023271,8023324
10415,10416,0.9805194805194806,8023377,8023411
10418,10420,0.9664429530201343,8023418,8023450
10422,10423,0.9565217391304348,8023481,8023648
10417,10427,1.0,8023414,8023713
10432,10435,0.9540229885057471,8024302,8024377
10440,10445,0.8547008547008547,8025278,8025556
10514,10515,0.9482758620689655,8024620,8024621
10525,10538,0.8947368421052632,8025116,8029794
10535,10541,0.935064935064935,8029767,8029871
10546,10548,0.9378238341968912,8029986,8030002
10530,10554,1.0,8025363,8030148
10546,10559,0.9945054945054945,8029986,8030233
10560,10564,0.917098445595855,8030282,8030292
10560,10565,0.8894472361809045,8030282,8030299
10567,10568,0.8984771573604061,8030363,8030366
10569,10570,0.8518518518518519,8030373,8030374
10570,10572,0.9645390070921985,8030374,8030377
10567,10576,0.9076923076923077,8030363,8030440
10575,10579,0.9808612440191388,8030421,8030493
10567,10580,0.9030612244897959,8030363,8030496
9387,10583,0.9074074074074074,7975790,8030522
10587,10591,0.9675324675324676,8030730,8030848
10613,10615,0.9733333333333334,8034468,8034494
692,10641,0.855072463768116,7519911,8035440
10496,10641,0.9142857142857143,8028606,8035440
10205,10670,0.9398854961832062,8016210,8036825
10668,10672,0.94375,8036591,8036867
10205,10673,0.9315589353612167,8016210,8037019
10205,10674,0.903558052434457,8016210,8037254
10593,10679,0.9210526315789473,8031506,8037661
10593,10680,0.9162303664921466,8031506,8037663
10593,10681,0.9259259259259259,8031506,8037666
10593,10682,0.875,8031506,8037670
10593,10683,0.875,8031506,8037676
10593,10685,0.875,8031506,8037870
10594,10686,0.9675675675675676,8031796,8037911
10696,10697,0.9375,8031932,8031933
10702,10704,0.9608695652173913,8032066,8032188
10708,10709,0.9418960244648318,8032501,8032502
10711,10713,0.8771331058020477,8032521,8032623
10711,10720,0.875,8032521,8032774
10717,10724,0.9539473684210527,8032745,8032801
10723,10724,0.8702460850111857,8032799,8032801
10711,10725,0.8831615120274914,8032521,8032836
10729,10730,0.976401179941003,8032963,8032964
10715,10732,0.941747572815534,8032664,8032981
10610,10744,0.921875,8034096,8033319
10719,10745,0.9428571428571428,8032771,8033435
9803,10765,0.88,7992515,8040329
9803,10783,0.8918918918918919,7992515,8040645
10597,10788,0.8548387096774194,8033356,8040831
10789,10793,0.8692052980132451,8040884,8041233
10789,10798,0.8526490066225165,8040884,8041459
10821,10824,0.8898809523809523,8042372,8042498
10851,10861,0.96415770609319,8039301,8039669
10856,10863,1.0,8039495,8039688
10764,10870,0.8512396694214877,8040271,8039864
10917,10919,0.9130434782608695,8048245,8048295
10236,11008,0.9025157232704403,8014875,8053001
4601,11013,0.8579881656804734,7735607,8051248
11021,11022,0.9572649572649573,8052555,8052558
11045,11046,0.9696048632218845,8054112,8054120
11063,11064,0.8883720930232558,8054581,8054585
11067,11068,0.9295774647887324,8055562,8055587
11080,11084,0.9056603773584906,8054881,8054902
11080,11085,0.9056603773584906,8054881,8054904
11084,11089,0.9138755980861244,8054902,8054966
11080,11091,0.8779342723004695,8054881,8055017
11076,11094,0.9967845659163987,8054717,8055037
11079,11100,0.9572649572649573,8054790,8055086
11078,11103,0.9180327868852459,8054745,8055115
11077,11104,0.8620689655172413,8054721,8055116
11105,11108,0.8695652173913043,8055119,8055151
11077,11113,1.0,8054721,8055177
11114,11119,0.9863945578231292,8055189,8055208
11118,11120,0.9329608938547486,8055207,8055209
11118,11121,0.9885057471264368,8055207,8055211
11127,11128,0.9312977099236641,8056524,8056530
11140,11141,0.9735849056603774,8058060,8058089
10205,11159,0.9278937381404174,8016210,8060396
10205,11160,0.9398280802292264,8016210,8060559
10205,11162,0.9130028063610851,8016210,8060631
10205,11166,0.9335232668566001,8016210,8060723
10205,11168,0.9344729344729344,8016210,8060735
10205,11174,0.9232227488151659,8016210,8060984
10205,11177,0.9351145038167938,8016210,8061103
10205,11179,0.8571428571428571,8016210,8061135
10205,11191,0.9276879162702188,8016210,8061440
10205,11195,0.9333333333333333,8016210,8061598
10205,11200,0.9333333333333333,8016210,8061791
10205,11214,0.9279620853080569,8016210,8066760
11215,11217,0.8915094339622641,8057203,8057207
11216,11217,0.895,8057204,8057207
11219,11220,0.9262295081967213,8057646,8057674
11220,11222,0.8656716417910447,8057674,8057763
11219,11223,0.9387186629526463,8057646,8057765
11230,11233,0.9130434782608695,8058633,8058673
10205,11241,0.9116541353383458,8016210,8059370
11240,11249,0.8809523809523809,8059347,8059637
11240,11250,0.8505747126436781,8059347,8059638
10205,11252,0.8686868686868687,8016210,8059680
11286,11289,0.9710982658959537,8064218,8064235
11284,11292,0.9101796407185628,8064190,8064362
10793,11309,0.9067796610169492,8041233,8065251
10793,11310,0.8706467661691543,8041233,8065259
11309,11312,0.8946488294314381,8065251,8065327
11311,11312,0.8548387096774194,8065298,8065327
11309,11316,0.8520325203252033,8065251,8065473
11264,11317,0.9388646288209607,8062790,8065967
11320,11321,0.9651162790697675,8066143,8066156
11322,11327,0.947136563876652,8066233,8066690
11366,11367,0.9830508474576272,8062959,8062960
11370,11371,0.9469964664310954,8062986,8063002
11373,11374,0.9936708860759493,8063502,8063504
11344,11375,0.9640287769784173,8067964,8066349
11377,11380,0.9742857142857143,8066394,8066433
11344,11385,0.9818181818181818,8067964,8066597
11386,11388,0.8912280701754386,8066613,8066699
11386,11390,0.8954703832752613,8066613,8066747
11393,11396,1.0,8066797,8066871
11383,11399,0.9517045454545454,8066519,8066884
11397,11401,0.9848101265822785,8066873,8066903
11381,11402,0.9640287769784173,8066464,8066951
11403,11405,0.9653179190751445,8066959,8066998
11381,11406,0.942652329749104,8066464,8067004
11413,11414,1.0,8067142,8067147
11416,11418,0.9241573033707865,8067185,8067195
11415,11419,0.91701244813278,8067170,8067213
11431,11432,0.9333333333333333,8069182,8069183
11430,11436,0.9551020408163265,8069161,8069559
11428,11441,0.8756218905472637,8069051,8070295
11454,11457,0.8727272727272727,8070802,8070899
11454,11458,0.8571428571428571,8070802,8070942
11462,11464,0.9024390243902439,8071026,8071167
11466,11468,0.8888888888888888,8071272,8071354
11428,11474,0.8663366336633663,8069051,8071515
11466,11478,0.90625,8071272,8071856
11485,11486,0.9921259842519685,8072657,8072715
11487,11488,0.9696969696969697,8072778,8072780
11431,11489,0.992,8069182,8072790
10793,11493,0.8683333333333333,8041233,8073670
11504,11506,0.975609756097561,8074491,8074524
11515,11529,0.9860335195530726,8074944,8075282
11493,11530,0.8991596638655462,8073670,8075287
10793,11532,0.8668885191347754,8041233,8075342
10789,11535,0.8500823723228995,8040884,8075472
11473,11541,0.9767441860465116,8071468,8075590
11473,11542,0.8888888888888888,8071468,8075599
11544,11545,0.9703703703703703,8069662,8069663
11551,11552,0.9205776173285198,8069936,8069937
11551,11553,0.9078014184397163,8069936,8069938
11560,11563,0.9147286821705426,8072958,8073014
11567,11568,0.9652777777777778,8073089,8073090
11564,11569,0.9257950530035336,8073044,8073102
11564,11570,0.967741935483871,8073044,8073103
11567,11571,0.9281045751633987,8073089,8073106
11575,11578,0.9819494584837545,8073388,8073430
11577,11580,0.9546925566343042,8073401,8073451
11581,11584,0.9939759036144579,8073471,8073615
10789,11587,0.8663366336633663,8040884,8073759
11493,11588,0.8642384105960265,8073670,8073776
11586,11589,0.9939024390243902,8073753,8073846
11588,11593,0.8766447368421053,8073776,8073902
11312,11594,0.8752052545155994,8065327,8073903
8234,11595,0.921875,7914260,8073912
10789,11597,0.8529411764705882,8040884,8073996
11587,11598,0.8853820598006644,8073759,8074061
11544,11654,0.9130434782608695,8069662,8079422
4321,11705,0.9235181644359465,7719941,8082845
9287,11711,0.8725490196078431,7968940,8083044
9287,11712,0.8725490196078431,7968940,8083068
9287,11727,0.9,7968940,8083321
11764,11765,0.8636363636363636,8086080,8086116
11768,11769,0.9838056680161943,8086199,8086207
11776,11784,0.918918918918919,8086299,8085373
11809,11810,0.9512195121951219,8088194,8088304
11809,11813,0.9024390243902439,8088194,8088325
11809,11816,0.8604651162790697,8088194,8088393
11809,11817,0.9512195121951219,8088194,8088434
4601,11833,0.9197530864197531,7735607,8089091
11836,11838,0.9423076923076923,8087316,8087319
11840,11841,0.9232303090727817,8087356,8087357
11840,11846,0.9455095862764884,8087356,8087366
11834,11850,0.9607843137254902,8087248,8087428
11848,11851,0.9583333333333334,8087387,8087433
11855,11857,0.9069767441860465,8087468,8087520
11860,11865,0.9142857142857143,8087627,8087656
11868,11869,1.0,8087742,8087744
11867,11870,0.8986486486486487,8087741,8087745
11867,11871,0.9047619047619048,8087741,8087755
11868,11872,0.9253731343283582,8087742,8087756
11875,11876,0.92,8087873,8087889
11504,11885,0.975,8074491,8089903
11893,11895,0.9644128113879004,8090166,8090190
11927,11929,0.9069767441860465,8091460,8091480
11999,12000,0.9883381924198251,8089421,8089438
12002,12003,0.9303482587064676,8089644,8089645
12041,12043,0.92,8095971,8096029
12049,12054,0.9235294117647059,8096263,8096433
9238,12087,0.9415855354659249,7968226,8099064
12050,12119,0.9353233830845771,8096271,8100568
12050,12122,0.9306930693069307,8096271,8100613
12129,12130,0.9829545454545454,8101246,8101248
12143,12147,0.8941798941798942,8096525,8096663
12153,12154,0.971830985915493,8096804,8096805
12151,12157,0.8666666666666667,8096779,8096970
12145,12158,0.985781990521327,8096636,8096992
12151,12161,0.9705882352941176,8096779,8097110
12151,12163,0.9706959706959707,8096779,8097904
12169,12177,0.9553571428571429,8101515,8101677
12170,12178,1.0,8101524,8101681
12173,12179,1.0,8101545,8101684
12173,12180,1.0,8101545,8101705
11466,12192,0.9490445859872612,8071272,8102627
12211,12212,0.9,8103118,8103119
12211,12214,0.8940397350993378,8103118,8103155
12211,12216,0.9,8103118,8103171
11012,12224,0.9655172413793104,8051241,8105070
12234,12235,0.9347826086956522,8105467,8105498
12248,12253,0.9194630872483222,8106042,8106141
12277,12283,0.9354838709677419,8107053,8107367
12209,12304,0.8782435129740519,8103098,8108829
12213,12307,0.9157088122605364,8103120,8108970
12306,12314,0.97,8108904,8109245
12310,12315,0.9441340782122905,8109069,8109248
12309,12316,0.9029850746268657,8109066,8109299
12309,12317,0.8705035971223022,8109066,8109301
12309,12318,0.9029850746268657,8109066,8109302
12309,12322,0.9029850746268657,8109066,8109388
12311,12323,0.9180327868852459,8109093,8109420
10894,12324,0.9545454545454546,8044990,8109446
12328,12329,0.8888888888888888,8109661,8109665
12211,12332,0.8701298701298701,8103118,8109813
12344,12345,0.9847715736040609,8103603,8103604
12344,12346,0.9898477157360406,8103603,8103608
11743,12350,0.90625,8082208,8103742
12349,12351,0.9776119402985075,8103711,8103791
12357,12359,0.9117647058823529,8103913,8103950
12347,12363,1.0,8103653,8104229
11743,12372,0.9837662337662337,8082208,8104357
12367,12374,0.8582089552238806,8104311,8104374
12368,12374,0.8549618320610687,8104329,8104374
11466,12380,0.8773006134969326,8071272,8104635
12445,12446,0.986013986013986,8113865,8113868
12447,12448,0.917910447761194,8113869,8113871
12452,12457,0.8536585365853658,8113998,8114111
12449,12463,1.0,8113982,8114156
12447,12466,0.8527131782945736,8113869,8114232
12527,12530,0.8520833333333333,8117489,8117581
12587,12590,0.90625,8120109,8120136
12587,12597,0.967741935483871,8120109,8120254
12587,12602,1.0,8120109,8120347
12603,12604,0.925531914893617,8120375,8120378
7948,12608,0.8850574712643678,7907539,8120513
12613,12618,0.975609756097561,8121064,8121115
12611,12619,0.8578947368421053,8120859,8121126
12615,12619,0.9572192513368984,8121093,8121126
8946,12623,1.0,7952328,8121216
8946,12626,1.0,7952328,8121255
12629,12631,0.96,8121307,8121319
12633,12636,0.9523809523809523,8121367,8121430
12660,12661,0.8596491228070176,8122197,8122254
12705,12706,0.9019607843137255,8125650,8125679
12716,12721,0.9241706161137441,8126335,8126458
12648,12736,0.8981233243967829,8121717,8127329
12707,12745,0.9852941176470589,8125694,8128257
12716,12748,0.8623853211009175,8126335,8128545
12756,12760,0.8837209302325582,8124367,8124435
12756,12762,0.9034090909090909,8124367,8124473
12763,12764,0.8949771689497716,8124527,8124541
12770,12771,0.9540229885057471,8124658,8124659
12782,12783,0.8895348837209303,8124890,8124901
12786,12787,0.9941520467836257,8124976,8124978
12792,12794,0.93125,8125032,8125047
12792,12795,0.9559748427672956,8125032,8125075
12792,12796,0.9559748427672956,8125032,8125076
12792,12797,0.9254658385093167,8125032,8125078
12800,12803,0.9238578680203046,8125178,8125191
12800,12804,0.979381443298969,8125178,8125201
12792,12807,0.9254658385093167,8125032,8125389
12817,12818,0.98,8127782,8127855
12817,12819,0.9038461538461539,8127782,8127870
12846,12892,0.9577039274924471,8130301,8131848
8209,12900,0.8636363636363636,7924985,8134713
12928,12930,0.8518518518518519,8132054,8132170
12936,12941,0.8993288590604027,8132350,8132466
12947,12949,0.9292035398230089,8132732,8132736
12951,12952,1.0,8132741,8132742
12947,12953,0.8831168831168831,8132732,8132746
12954,12955,0.9029126213592233,8132755,8132759
12951,12957,0.9431818181818182,8132741,8132767
12936,12960,0.8514851485148515,8132350,8132945
12966,12968,1.0,8133273,8133398
12967,12970,0.9119496855345912,8133363,8133410
12967,12972,1.0,8133363,8133412
12973,12974,0.9923076923076923,8133639,8133662
12975,12980,0.8653846153846154,8133697,8133824
12975,12981,0.8737864077669902,8133697,8133866
12985,12986,0.9219858156028369,8134017,8134072
12721,12991,0.8990384615384616,8126458,8136761
12721,13000,0.8947368421052632,8126458,8137385
12244,13006,0.9133333333333333,8105940,8137509
13030,13031,0.9108910891089109,8138283,8138326
12721,13032,0.8904761904761904,8126458,8138345
12716,13037,0.9150943396226415,8126335,8138815
13000,13074,0.8857142857142857,8137385,8140188
13076,13079,0.9278688524590164,8140289,8140469
13081,13085,0.9852941176470589,8141736,8141784
12716,13089,0.8584474885844748,8126335,8142685
8946,13095,0.926829268292683,7952328,8140528
8946,13096,0.926829268292683,7952328,8140590
13115,13116,0.9489795918367347,8141139,8141141
13119,13121,0.9411764705882353,8141160,8141169
13122,13123,1.0,8141173,8141174
13113,13125,0.8762886597938144,8141121,8141220
13139,13140,0.9548872180451128,8141691,8141692
13115,13143,0.900497512437811,8141139,8141837
13112,13144,0.9858156028368794,8141094,8141912
13122,13147,0.9330143540669856,8141173,8141990
13152,13153,0.8571428571428571,8142223,8142256
13156,13157,1.0,8144097,8144104
13174,13198,0.8814814814814815,8145418,8148945
4602,13201,0.8595505617977528,7735613,8149392
4893,13204,0.8522727272727273,7751566,8150192
13212,13222,0.8525963149078727,8150439,8151187
13202,13233,0.8518518518518519,8149393,8152267
13214,13245,0.9574468085106383,8150582,8152460
12721,13256,0.8732394366197183,8126458,8147931
8946,13258,0.926829268292683,7952328,8148331
13257,13262,1.0,8148007,8148433
13257,13287,1.0,8148007,8150748
13304,13309,0.9487179487179487,8153361,8161882
11712,13314,0.8773584905660378,8083068,8162369
12461,13351,0.9688826025459689,8114140,8194647
13357,13358,0.9828209764918626,8153865,8153882
13362,13363,0.9256965944272446,8154367,8154370
13373,13374,0.8640776699029126,8155024,8155027
13369,13382,0.9639278557114228,8154910,8172587
13369,13383,0.9291338582677166,8154910,8172588
13369,13386,0.9444444444444444,8154910,8172595
13379,13390,0.9433139534883721,8161847,8173352
13400,13401,0.9407407407407408,8155607,8155608
12721,13406,0.8773584905660378,8126458,8155847
12716,13407,0.8663594470046083,8126335,8155943
13369,13429,0.9094412331406551,8154910,8172571
13437,13438,0.881578947368421,8156513,8156530
13432,13440,0.9299065420560748,8156348,8156564
13435,13441,0.9233716475095786,8156448,8156618
13438,13442,0.8656330749354005,8156530,8156682
13447,13448,0.9454545454545454,8156806,8156807
13452,13453,0.8860759493670886,8157013,8157014
13462,13474,0.8777777777777778,8158683,8164023
13462,13477,0.8666666666666667,8158683,8164115
13465,13484,0.9849624060150376,8160317,8172392
13464,13486,0.9382716049382716,8160200,8172426
13463,13492,0.9913419913419913,8160191,8172925
13472,13501,0.9161676646706587,8163913,8181156
13509,13510,0.9270833333333334,8181517,8181518
13513,13514,0.9518072289156626,8181652,8181653
13496,13515,0.9481865284974094,8174139,8181656
13519,13520,1.0,8157673,8157674
13526,13529,0.8533834586466166,8157800,8157894
13530,13531,0.958904109589041,8157903,8157904
13529,13533,0.8812260536398467,8157894,8157935
13530,13538,0.9375,8157903,8158082
13526,13539,0.98,8157800,8158085
13535,13541,0.9012345679012346,8158007,8158113
13535,13542,0.9012345679012346,8158007,8158114
13535,13544,0.9182389937106918,8158007,8158163
13526,13582,0.9003831417624522,8157800,8163786
13583,13592,0.9037037037037037,8163865,8172001
13585,13593,0.8592057761732852,8163889,8172013
13610,13611,0.9516129032258065,8159362,8159397
13529,13616,0.8651685393258427,8157894,8159540
13526,13617,0.8712121212121212,8157800,8159554
13608,13618,0.9027027027027027,8159139,8159650
13526,13623,0.8712121212121212,8157800,8159753
13625,13627,0.9562043795620438,8159817,8159879
13631,13632,0.9390243902439024,8159954,8159968
13631,13633,0.9515151515151515,8159954,8159998
13637,13638,0.9523809523809523,8160212,8160217
13635,13641,1.0,8160136,8160253
13643,13644,0.9384615384615385,8160405,8160449
9238,13719,0.9227586206896552,7968226,8167595
7013,13722,0.9670886075949368,7864890,8168076
7013,13723,0.9695431472081218,7864890,8168098
13743,13744,0.8571428571428571,8171618,8171760
13757,13766,0.9480968858131488,8164536,8169093
13759,13775,0.8657718120805369,8166283,8169765
13756,13776,0.9470899470899471,8164518,8169816
13778,13779,0.8827586206896552,8169919,8169920
13780,13783,0.9428571428571428,8169929,8169960
13762,13784,0.9428571428571428,8168564,8170054
13369,13787,0.8594890510948905,8154910,8170267
13369,13789,0.8511796733212341,8154910,8170318
13764,13793,0.9185185185185185,8168646,8170349
13764,13794,0.9407407407407408,8168646,8170352
13763,13813,0.8969957081545065,8168627,8170838
13763,13815,0.9775784753363229,8168627,8170868
13764,13817,0.9253731343283582,8168646,8170876
13740,13826,0.9253731343283582,8171218,8171149
13846,13855,0.8660714285714286,8177474,8177857
13859,13876,0.9312169312169312,8177941,8178566
13914,13915,1.0,8174236,8174239
13918,13920,0.9098039215686274,8174701,8174743
13918,13921,0.8549618320610687,8174701,8174744
7946,13928,0.8636363636363636,7907517,8175028
13923,13930,0.9151515151515152,8174825,8175174
13939,13941,0.9361702127659575,8175625,8175791
13946,13947,1.0,8176039,8176040
13946,13957,1.0,8176039,8176212
13946,13959,0.905829596412556,8176039,8176229
388,13962,0.8620689655172413,7505159,8176362
388,13964,0.9459459459459459,7505159,8176411
621,13969,0.9459459459459459,7517500,8176655
623,13970,0.9292035398230089,7517545,8176692
14016,14025,0.8571428571428571,8183411,8183719
5129,14067,0.9259259259259259,7765609,8186565
5129,14070,0.95625,7765609,8188138
998,14089,0.9194097616345063,7535422,8189093
2708,14089,0.8514452982070985,7625065,8189093
998,14093,0.9300646142151273,7535422,8189166
14099,14102,0.896774193548387,8185064,8185152
14109,14110,0.9216417910447762,8185736,8185757
14178,14180,0.8759811616954474,8191234,8191327
14179,14180,0.8549141965678627,8191288,8191327
14177,14186,0.8538812785388128,8191049,8191601
14185,14192,0.8620689655172413,8191580,8191785
14013,14196,0.8571428571428571,8183388,8191990
14210,14211,0.9824561403508771,8196373,8196447
14227,14228,0.9512195121951219,8195675,8195728
14227,14229,1.0,8195675,8195729
14210,14230,0.9795918367346939,8196373,8196062
14234,14240,0.8584615384615385,8197450,8197666
14284,14285,0.8717948717948718,8200812,8200814
14296,14297,0.8769230769230769,8201149,8201225
14293,14306,0.863013698630137,8201082,8201319
14299,14309,0.8717948717948718,8201263,8201346
14308,14314,0.8617021276595744,8201343,8201429
14319,14321,0.9671052631578947,8201514,8201517
14284,14325,0.8933333333333333,8200812,8201532
14285,14328,0.9090909090909091,8200814,8201585
14300,14333,0.9310344827586207,8201275,8201646
14301,14353,0.8629283489096573,8201287,8202250
14301,14362,0.8549382716049383,8201287,8202845
14402,14403,0.8765432098765432,8199564,8199588
14402,14410,0.9382716049382716,8199564,8199693
14409,14412,1.0,8199640,8199728
14401,14414,0.9379310344827586,8199531,8199753
14404,14414,0.8590604026845637,8199607,8199753
12234,14436,0.8807017543859649,8105467,8200436
14444,14446,1.0,8200588,8200590
14456,14458,0.9655172413793104,8204327,8204398
14456,14462,0.9186046511627907,8204327,8204525
14522,14527,0.8589743589743589,8206963,8207034
14544,14564,0.8505494505494505,8207620,8208291
14531,14572,0.9137931034482759,8207228,8208424
70,14587,0.8869565217391304,7488704,8208968
14570,14624,0.8854961832061069,8208384,8210013
14630,14633,0.8728813559322034,8210075,8210155
13970,14645,0.865546218487395,8176692,8210743
14472,14651,0.8705882352941177,8205699,8213026
14472,14653,0.8705882352941177,8205699,8213042
14668,14672,0.8518518518518519,8211198,8211409
14681,14687,1.0,8211659,8211728
14674,14694,1.0,8211478,8211788
14673,14695,1.0,8211471,8211793
14682,14699,0.8958333333333334,8211668,8211842
14676,14700,0.891566265060241,8211508,8211883
14704,14708,0.9864864864864865,8211953,8211990
14699,14712,0.8958333333333334,8211842,8212082
14813,14816,0.9279279279279279,8216318,8216530
14811,14820,0.9090909090909091,8216195,8216783
70,14829,0.9017857142857143,7488704,8217318
14835,14843,0.8888888888888888,8217485,8217976
14775,14869,0.9539347408829175,8215108,8220699
14901,14902,1.0,8214168,8214169
14861,14925,0.8850574712643678,8219059,8219276
14929,14934,1.0,8219319,8219445
14929,14939,0.9,8219319,8219558
14943,14945,1.0,8219710,8219765
14944,14946,0.8870967741935484,8219755,8219783
14944,14951,1.0,8219755,8219864
14943,14952,1.0,8219710,8219880
14904,14956,0.9772727272727273,8214299,8220017
14958,14959,0.8956521739130435,8221241,8221285
15005,15011,0.8677685950413223,8224513,8224734
14967,15039,1.0,8221934,8227775
14980,15050,0.8709677419354839,8223001,8228495
14443,15067,0.9272727272727272,8200584,8226351
15058,15068,1.0,8225793,8226355
12358,15084,0.8518518518518519,8103925,8226747
15081,15085,0.8761904761904762,8226721,8226750
15081,15086,0.895,8226721,8226754
14178,15106,0.8801261829652997,8191234,8227471
14178,15111,0.8573643410852713,8191234,8227668
14178,15112,0.8705148205928237,8191234,8227688
15113,15127,0.9563318777292577,8228707,8229367
14329,15133,0.9548387096774194,8201612,8229749
14870,15138,0.8686868686868687,8220741,8230397
15150,15156,0.9296875,8230713,8230936
15166,15172,0.8534798534798534,8231598,8231813
14372,15186,0.9078947368421053,8203141,8232402
15125,15187,0.9156626506024096,8229120,8232420
15134,15197,0.8838174273858921,8229801,8234188
14180,15198,0.8829113924050633,8191327,8234190
14226,15220,0.8629283489096573,8195561,8233997
14226,15222,0.8571428571428571,8195561,8234019
15258,15261,0.8917647058823529,8236969,8237169
15225,15270,0.9292604501607717,8234924,8237688
15303,15308,0.9230769230769231,8239444,8239612
15312,15313,0.8704453441295547,8239702,8239704
15312,15314,0.9132231404958677,8239702,8239727
15313,15315,0.8938775510204081,8239704,8239730
15313,15323,0.889795918367347,8239704,8239966
15303,15336,0.8717948717948718,8239444,8240466
15336,15337,0.9369369369369369,8240466,8240479
15225,15364,0.8701298701298701,8234924,8238572
15225,15366,0.8594249201277955,8234924,8238621
15225,15367,0.8636363636363636,8234924,8238641
15369,15371,1.0,8238677,8238748
15393,15396,1.0,8238992,8239013
15365,15402,0.9636363636363636,8238591,8239128
15445,15456,0.9717314487632509,8245361,8245580
15459,15463,0.9478021978021978,8245702,8245806
15503,15504,0.9104477611940298,8243361,8243394
15520,15526,0.9272727272727272,8243707,8243764
15529,15530,0.8857142857142857,8243842,8243858
15533,15540,0.8703703703703703,8243897,8244140
15538,15542,0.860655737704918,8244081,8244222
5137,15554,0.8545454545454545,7766268,8244730
15605,15637,0.8632707774798928,8252336,8255117
15641,15643,0.9636363636363636,8248512,8248560
15645,15646,1.0,8248628,8248630
15645,15647,1.0,8248628,8248642
15648,15650,1.0,8248810,8248859
15651,15653,0.9107142857142857,8248931,8249033
15648,15656,0.8727272727272727,8248810,8249155
15661,15662,0.8571428571428571,8249349,8249371
15661,15666,0.9818181818181818,8249349,8249478
15648,15680,0.8793103448275862,8248810,8249748
15699,15701,0.927536231884058,8255625,8255750
15717,15720,0.8970588235294118,8258888,8259127
10628,15754,0.8551724137931035,8034996,8261214
15749,15758,0.8697674418604651,8260831,8261311
15767,15772,0.92,8257485,8257802
15767,15773,0.92,8257485,8257818
15781,15785,1.0,8258022,8258132
10340,15798,0.8785166240409207,8020789,8258254
15802,15813,0.9289340101522843,8258374,8258884
15858,15867,0.8614232209737828,8264617,8265000
15125,15878,0.9156626506024096,8229120,8267010
15901,15902,0.8924731182795699,8268154,8268189
15944,15945,0.9642857142857143,8266107,8266114
15943,15948,1.0,8266061,8266169
15947,15953,0.8826291079812206,8266167,8266262
15951,15954,0.8571428571428571,8266258,8266267
16009,16011,0.9166666666666666,8272651,8272677
16022,16025,0.8854166666666666,8272987,8273042
16033,16059,0.9540983606557377,8273707,8274672
5656,16070,0.852112676056338,7795860,8275239
16079,16081,0.8986784140969163,8269653,8269771
16084,16085,0.9143454038997214,8271949,8271996
4601,16093,0.9259259259259259,7735607,8275547
16106,16108,0.9166666666666666,8276798,8276822
16132,16145,0.9166666666666666,8277813,8278290
16184,16188,0.8767123287671232,8281231,8281339
16215,16227,0.8620689655172413,8279904,8280333
16215,16228,0.8620689655172413,8279904,8280334
16229,16231,1.0,8280337,8280395
16215,16234,0.8620689655172413,8279904,8280439
16226,16235,1.0,8280329,8280483
16236,16240,1.0,8280484,8280533
16246,16247,0.9272727272727272,8280893,8280894
2900,16326,0.9084967320261438,7634618,8287302
16229,16344,1.0,8280337,8288754
16236,16346,1.0,8280484,8288902
16217,16350,0.8837209302325582,8280046,8289175
16284,16359,1.0,8285617,8289618
16369,16370,0.9615384615384616,8282891,8282897
16397,16398,1.0,8283724,8283726
16410,16417,0.8787878787878788,8283999,8284118
16416,16417,0.8823529411764706,8284117,8284118
16473,16474,0.8717948717948718,8294643,8294651
16478,16484,0.9832775919732442,8294999,8295104
14597,16501,0.8707482993197279,8209268,8295873
16547,16548,1.0,8292615,8292632
16570,16571,0.8666666666666667,8293354,8293359
16572,16575,1.0,8293362,8293386
16603,16606,0.9722991689750693,8300790,8300973
11278,16610,0.8688524590163934,8063811,8301408
11288,16610,0.8833333333333333,8064227,8301408
16603,16614,0.9750692520775623,8300790,8301569
16588,16682,0.9779411764705882,8299950,8305810
16693,16694,0.96875,8298483,8298550
16588,16703,0.9492753623188406,8299950,8299040
16717,16728,1.0,8299283,8299625
16588,16758,0.9492753623188406,8299950,8306884
16772,16775,0.8559322033898306,8309675,8309774
16809,16826,0.9518072289156626,8312065,8312812
16836,16837,0.8648648648648649,8307738,8307842
16869,16935,0.9166666666666666,8313518,8317819
16871,16937,1.0,8313582,8317873
16869,16940,1.0,8313518,8318041
16870,16941,1.0,8313574,8318064
16870,16942,1.0,8313574,8318065
16976,16981,0.9438202247191011,8318373,8318470
2851,17002,0.8738404452690167,7632651,8320256
2851,17004,0.9400386847195358,7632651,8320345
17023,17027,0.8979057591623036,8322444,8322532
17019,17030,0.8986666666666666,8322132,8322565
17037,17038,0.88,8322832,8322841
17092,17093,0.8909090909090909,8325625,8325650
17097,17099,0.8762886597938144,8325672,8325695
14181,17126,0.8678038379530917,8191383,8324476
17124,17126,0.8641188959660298,8324457,8324476
17128,17130,0.9759036144578314,8324518,8324550
17128,17163,0.9203747072599532,8324518,8325293
17128,17164,0.943127962085308,8324518,8325294
17106,17169,0.9871794871794872,8326060,8325352
17171,17173,0.927536231884058,8325388,8325465
17181,17182,0.9378980891719745,8326792,8326879
14613,17184,0.8736,8209714,8326970
17181,17184,0.9162640901771336,8326792,8326970
17188,17190,0.8983050847457628,8327257,8327279
17205,17206,0.9516908212560387,8329020,8329050
17258,17259,0.927536231884058,8332624,8332627
17209,17278,0.9222222222222223,8329661,8333850
17296,17297,0.9791666666666666,8329171,8329268
17128,17310,0.8888888888888888,8324518,8329750
17128,17313,0.8693693693693694,8324518,8329786
17128,17321,0.8810068649885584,8324518,8329869
17318,17323,0.9038461538461539,8329841,8329905
17328,17331,0.9371069182389937,8330082,8330182
17329,17333,0.8902439024390244,8330153,8330195
17128,17340,0.9250585480093677,8324518,8330438
17128,17342,0.8810068649885584,8324518,8330495
17128,17346,0.9250585480093677,8324518,8330580
17361,17362,0.9038461538461539,8334322,8334333
12101,17367,0.92,8099864,8334788
17381,17383,0.8547826086956521,8337017,8337220
14146,17390,0.8547368421052631,8192915,8337464
14148,17390,0.8511530398322851,8192995,8337464
17395,17399,0.875,8337720,8337734
17382,17400,0.9030303030303031,8337174,8337782
12088,17451,0.8548387096774194,8099094,8340517
14181,17460,0.8622881355932204,8191383,8341769
17128,17470,0.9076212471131639,8324518,8335892
17128,17471,0.9053117782909931,8324518,8335893
17469,17476,0.8791773778920309,8335735,8336167
17128,17477,0.9032258064516129,8324518,8336328
17128,17480,0.888631090487239,8324518,8336580
17486,17487,0.8709677419354839,8336941,8336944
17128,17502,0.916083916083916,8324518,8341391
17128,17503,0.9180327868852459,8324518,8341421
17128,17504,0.8981481481481481,8324518,8341422
15720,17505,0.859375,8259127,8341423
17128,17507,0.9203747072599532,8324518,8341430
17500,17508,0.8518518518518519,8341338,8341469
15990,17526,0.8694779116465864,8269867,8343459
17542,17551,0.868421052631579,8343948,8344223
17537,17555,0.8567335243553008,8343814,8344389
17555,17561,0.8739255014326648,8344389,8344477
17549,17562,0.873015873015873,8344174,8344493
17537,17563,0.8567335243553008,8343814,8344515
17552,17566,0.8888888888888888,8344251,8344600
17555,17567,0.8739255014326648,8344389,8344620
17571,17580,0.8895833333333333,8344695,8344900
17570,17589,0.9150943396226415,8344693,8345286
17607,17616,0.8602620087336245,8346030,8346369
17607,17633,0.8789237668161435,8346030,8347600
17666,17668,0.8591549295774648,8348313,8348368
17128,17669,0.9025522041763341,8324518,8348372
17668,17672,0.85,8348368,8348385
17680,17681,1.0,8348643,8348644
17678,17682,0.8699186991869918,8348608,8348654
17128,17686,0.9203747072599532,8324518,8348740
17650,17690,0.8504273504273504,8342811,8348798
17128,17692,0.9182242990654206,8324518,8348813
17128,17693,0.8744292237442922,8324518,8348833
17767,17768,0.9795918367346939,8354543,8354545
17767,17770,0.9829351535836177,8354543,8354652
17767,17771,0.9795918367346939,8354543,8354676
17698,17787,0.9704797047970479,8349783,8355660
17695,17788,0.8502604166666666,8349446,8355663
17806,17810,0.8510158013544018,8350142,8350205
17806,17814,0.8807339449541285,8350142,8350687
17128,17824,0.9203747072599532,8324518,8351344
17128,17825,0.9203747072599532,8324518,8351345
17818,17835,0.9254658385093167,8351103,8351517
17836,17841,0.8875338753387534,8351547,8351691
17867,17941,0.9727272727272728,8357153,8363563
17958,17960,0.8625954198473282,8359585,8359681
17982,17985,0.95,8365327,8365648
17996,17998,0.8854166666666666,8366023,8366064
18013,18014,0.8913043478260869,8366734,8366744
6597,18039,0.8870056497175142,7845733,8365309
18047,18053,0.8627450980392157,8365416,8365561
18061,18071,0.967654986522911,8367340,8367523
18094,18097,0.9368421052631579,8370621,8370637
18086,18102,0.8888888888888888,8370281,8370981
18111,18113,0.9873417721518988,8368849,8368902
17128,18116,0.8931818181818182,8324518,8369203
17128,18117,0.9203747072599532,8324518,8369218
17128,18118,0.9182242990654206,8324518,8369229
17128,18119,0.9182242990654206,8324518,8369232
17128,18122,0.9203747072599532,8324518,8369270
17128,18123,0.9203747072599532,8324518,8369271
17128,18124,0.8764302059496567,8324518,8369272
18125,18126,0.9772727272727273,8369319,8369320
17128,18132,0.9203747072599532,8324518,8369570
17128,18134,0.9180327868852459,8324518,8369652
17128,18138,0.9182242990654206,8324518,8369734
18147,18151,1.0,8369997,8370072
18164,18178,0.8666666666666667,8372269,8372852
17836,18195,0.9107142857142857,8351547,8373670
18210,18214,0.942643391521197,8374143,8374348
18215,18217,0.8642714570858283,8374392,8374431
18210,18219,0.9285714285714286,8374143,8374463
18210,18225,0.9158415841584159,8374143,8374708
18158,18247,1.0,8371314,8375835
18158,18249,1.0,8371314,8376009
18251,18252,0.8928571428571429,8376071,8376072
18266,18269,0.886039886039886,8378810,8378886
18161,18274,0.919889502762431,8372135,8379163
18298,18299,0.8928571428571429,8376656,8376695
18299,18307,0.8620689655172413,8376695,8376962
17128,18309,0.9203747072599532,8324518,8377048
18311,18315,1.0,8377086,8377176
17128,18316,0.9182242990654206,8324518,8377195
17128,18321,0.8691796008869179,8324518,8377272
17128,18323,0.9050925925925926,8324518,8377405
17128,18324,0.8851351351351351,8324518,8377442
18335,18342,0.8571428571428571,8377745,8377977
18256,18345,0.9122807017543859,8378191,8378179
18279,18380,0.8942731277533039,8371705,8380341
18279,18381,0.8982300884955752,8371705,8380345
18382,18383,0.9026548672566371,8380435,8380467
14834,18387,0.9017857142857143,8217468,8380953
18377,18387,0.8596491228070176,8380128,8380953
18383,18387,0.8521739130434782,8380467,8380953
18279,18389,0.8777292576419214,8371705,8380992
17652,18446,0.9216417910447762,8347760,8385634
17652,18450,0.9324577861163227,8347760,8385708
18407,18460,0.9285714285714286,8383851,8385931
17652,18464,0.9544592030360531,8347760,8386026
18279,18492,0.8859649122807017,8371705,8381405
17470,18506,0.8617710583153347,8335892,8382028
17163,18510,0.859375,8325293,8382104
17128,18522,0.8848758465011287,8324518,8382416
17128,18523,0.8848758465011287,8324518,8382425
14834,18547,0.8614718614718615,8217468,8387031
14834,18562,0.868995633187773,8217468,8387806
18380,18562,0.8528138528138528,8380341,8387806
18382,18569,0.8903508771929824,8380435,8388218
18566,18570,0.8953488372093024,8388148,8388241
18402,18571,0.907563025210084,8383664,8388271
18405,18574,0.9152542372881356,8383817,8388305
16384,18600,0.896551724137931,8283322,8391904
18622,18637,0.9358974358974359,8393323,8393628
18639,18655,0.8736559139784946,8393680,8394247
18686,18687,0.9847908745247148,8389330,8389372
17836,18699,0.8896366083445492,8351547,8389514
17836,18702,0.8997289972899729,8351547,8389669
18686,18705,0.9309494451294698,8389330,8389693
18686,18707,0.9525,8389330,8389737
18260,18708,0.9495884773662552,8378516,8389755
18706,18709,0.9226006191950464,8389717,8389762
17836,18710,0.9164383561643835,8351547,8389764
17128,18711,0.8711111111111111,8324518,8389766
17128,18712,0.8677130044843049,8324518,8389769
6378,18718,0.8765432098765432,7836577,8389838
6649,18718,0.8765432098765432,7846983,8389838
6666,18718,0.8765432098765432,7848780,8389838
18706,18719,0.9678456591639871,8389717,8389859
17310,18721,0.8676789587852495,8329750,8389870
17128,18722,0.9203747072599532,8324518,8389967
17128,18723,0.9118329466357309,8324518,8389968
18520,18726,0.888135593220339,8382394,8390109
18725,18726,0.8689655172413793,8390057,8390109
17163,18730,0.8504273504273504,8325293,8390293
18737,18742,1.0,8390567,8390655
18737,18743,1.0,8390567,8390656
18756,18758,0.8522427440633246,8390890,8390908
18756,18759,0.8613333333333333,8390890,8390956
18763,18768,0.891213389121339,8391111,8391262
18799,18804,1.0,8396485,8396627
18380,18824,0.8528138528138528,8380341,8397637
18808,18865,0.9484649122807017,8396754,8401792
11012,18869,0.9453924914675768,8051241,8401983
18301,18891,0.9349041533546326,8376869,8402845
18825,18895,0.9452054794520548,8398646,8403032
18900,18912,0.9168110918544194,8403221,8403663
18633,18915,0.946236559139785,8393523,8403732
17128,18928,0.9156908665105387,8324518,8398173
18970,18971,1.0,8399563,8399564
18966,18973,0.9782608695652174,8399516,8399623
17922,18983,0.8847926267281107,8361961,8400137
19035,19036,1.0,8406304,8406306
17836,19054,0.9156293222683264,8351547,8408405
18706,19065,0.9197530864197531,8389717,8409031
19028,19117,0.9459459459459459,8405598,8411041
7948,19127,0.8850574712643678,7907539,8407000
19146,19150,0.9181286549707602,8407947,8408008
19155,19157,0.9,8411413,8411421
11012,19162,0.912751677852349,8051241,8411549
18210,19182,0.900990099009901,8374143,8413757
14329,19250,0.874,8201612,8412342
17008,19250,0.8837209302325582,8320579,8412342
19250,19275,0.9011627906976745,8412342,8415837
19250,19279,0.9250493096646942,8412342,8415857
14329,19292,0.8571428571428571,8201612,8417671
19250,19298,0.9135559921414538,8412342,8417720
19250,19301,0.8769230769230769,8412342,8417781
19288,19315,0.8513853904282116,8416539,8418256
19314,19315,0.9137254901960784,8418254,8418256
19288,19316,0.8713375796178344,8416539,8418259
14329,19338,0.8717434869739479,8201612,8416127
14329,19339,0.872,8201612,8416323
17128,19344,0.873589164785553,8324518,8416390
19353,19355,0.9130434782608695,8416803,8416806
19357,19361,0.9324324324324325,8416829,8416968
17128,19362,0.8993135011441648,8324518,8417033
17128,19363,0.8546255506607929,8324518,8417034
17128,19364,0.8568281938325991,8324518,8417037
17128,19369,0.8694690265486725,8324518,8417294
17128,19372,0.9228971962616822,8324518,8417347
17128,19374,0.8772321428571429,8324518,8417373
19371,19376,0.9649122807017544,8417330,8417387
19399,19400,0.9278131634819533,8419775,8419786
11351,19444,0.9650793650793651,8068478,8424029
19438,19445,0.8554216867469879,8423771,8424041
19424,19487,0.865546218487395,8422282,8426673
19480,19499,0.9540229885057471,8426395,8427151
19480,19500,0.9576923076923077,8426395,8427157
19502,19504,0.921875,8421422,8421424
19506,19507,0.9,8421557,8421684
17130,19513,0.8681318681318682,8324550,8422138
17163,19516,0.8681318681318682,8325293,8422274
17502,19517,0.8975501113585747,8341391,8422286
19521,19522,1.0,8422414,8422445
19521,19523,0.935064935064935,8422414,8422451
17128,19527,0.8931818181818182,8324518,8422693
17128,19528,0.8931818181818182,8324518,8422694
17128,19529,0.8931818181818182,8324518,8422695
17836,19534,0.8817204301075269,8351547,8422786
17836,19538,0.9084699453551912,8351547,8422871
19533,19545,0.9459459459459459,8422768,8423005
19562,19563,0.8595317725752508,8423330,8423360
18633,19598,0.938337801608579,8393523,8430493
19502,19661,0.90625,8421422,8433917
19678,19682,1.0,8428675,8428833
17128,19684,0.8615384615384616,8324518,8428865
17128,19685,0.8615384615384616,8324518,8428867
19678,19687,1.0,8428675,8428932
17128,19692,0.9180327868852459,8324518,8429193
17128,19693,0.8615384615384616,8324518,8429201
19700,19701,1.0,8434123,8434128
17128,19705,0.9203747072599532,8324518,8434157
19714,19716,0.9558541266794626,8434502,8434550
19714,19718,0.9521072796934866,8434502,8434596
19714,19720,0.9386973180076629,8434502,8434614
19721,19723,1.0,8434619,8434629
17130,19726,0.8627450980392157,8324550,8434677
19714,19729,0.9466666666666667,8434502,8434690
19728,19735,1.0,8434685,8434783
16684,19737,0.8529411764705882,8305850,8434816
19740,19744,0.8666666666666667,8434853,8434898
17836,19814,0.8952380952380953,8351547,8442292
17836,19824,0.9305555555555556,8351547,8442754
19854,19858,0.8571428571428571,8438364,8438510
19866,19867,1.0,8438764,8438765
19866,19868,0.9152542372881356,8438764,8438766
17128,19869,0.9156908665105387,8324518,8438767
19864,19873,1.0,8438752,8438790
18195,19874,0.8806970509383378,8373670,8438867
17128,19877,0.9523809523809523,8324518,8438896
17128,19878,0.9759036144578314,8324518,8438897
17128,19879,0.9759036144578314,8324518,8438898
19876,19880,1.0,8438895,8438899
19882,19883,1.0,8438913,8438914
19882,19885,1.0,8438913,8438926
17836,19887,0.9094650205761317,8351547,8438936
17465,19893,0.8826291079812206,8335657,8439252
17465,19900,0.8840125391849529,8335657,8439432
17128,19901,0.9055299539170507,8324518,8439522
17465,19902,0.8826291079812206,8335657,8439524
17128,19905,0.9076212471131639,8324518,8439594
17128,19906,0.9182242990654206,8324518,8439595
17128,19913,0.9097222222222222,8324518,8439630
19520,19940,0.9402173913043478,8422375,8445118
19965,19968,0.997872340425532,8446425,8446544
19990,20008,0.8717948717948718,8447020,8448431
20015,20017,0.863013698630137,8449228,8449287
17465,20049,0.8707165109034268,8335657,8453307
19903,20049,0.8591772151898734,8439541,8453307
1670,20064,0.9113924050632911,7575402,8460254
20086,20091,1.0,8450621,8450698
17128,20096,0.9182242990654206,8324518,8451341
17128,20097,0.8983833718244804,8324518,8451358
17128,20098,0.9203747072599532,8324518,8451360
20115,20116,0.8968609865470852,8454764,8454767
20115,20122,0.8973214285714286,8454764,8455587
20115,20126,0.9049773755656109,8454764,8455749
18279,20133,0.9192825112107623,8371705,8456175
14834,20146,0.8766519823788547,8217468,8456781
18279,20185,0.8787878787878788,8371705,8458807
19078,20187,0.8990825688073395,8409624,8458854
20134,20188,0.8555555555555555,8456197,8458987
20207,20211,0.8888888888888888,8459860,8459889
20218,20219,0.9555555555555556,8460155,8460249
20220,20225,0.9702602230483272,8451841,8452061
20220,20227,0.8661971830985915,8451841,8452084
20221,20227,0.9377289377289377,8451862,8452084
20234,20235,0.9254237288135593,8453050,8453052
19737,20242,0.9206349206349206,8434816,8454592
20245,20246,0.9401709401709402,8455021,8455127
7735,20252,0.9315352697095436,7895860,8460314
13498,20252,0.8884462151394422,8181087,8460314
20222,20268,0.9656652360515021,8451969,8460940
20222,20271,0.948936170212766,8451969,8461187
18706,20275,0.9465408805031447,8389717,8462290
18706,20325,0.9430379746835443,8389717,8462247
20332,20334,0.8571428571428571,8463956,8463985
20355,20356,0.9039301310043668,8465001,8465016
17128,20388,0.8730512249443207,8324518,8465516
17128,20389,0.8730512249443207,8324518,8465517
20420,20421,1.0,8465952,8465954
20407,20430,0.8809523809523809,8465697,8466152
17128,20435,0.8730512249443207,8324518,8466397
20436,20437,0.8745098039215686,8466517,8466545
17836,20494,0.8968792401628223,8351547,8476144
17841,20495,0.8599735799207398,8351691,8476175
17836,20502,0.8967391304347826,8351547,8476670
20517,20526,0.9215686274509803,8478588,8479170
20531,20533,0.8763636363636363,8479528,8479592
20430,20547,0.8705882352941177,8466152,8472269
17128,20548,0.8811659192825112,8324518,8472273
19866,20568,0.9444444444444444,8438764,8473450
17128,20579,0.9502369668246445,8324518,8474169
20551,20582,0.8552631578947368,8472421,8474256
17128,20583,0.9097222222222222,8324518,8474299
20549,20588,0.875,8472381,8474424
18320,20595,0.9223744292237442,8377253,8474509
20594,20596,0.8787878787878788,8474508,8474522
18706,20627,0.9226006191950464,8389717,8475265
18706,20650,0.9226006191950464,8389717,8475760
18652,20669,0.8771929824561403,8394222,8477243
20676,20681,0.8679245283018868,8477586,8477829
20805,20806,0.98,8483236,8483295
17128,20814,0.8789237668161435,8324518,8473145
20809,20820,0.9666666666666667,8471942,8473445
20950,20952,1.0,8486879,8486958
17128,20974,0.8935185185185185,8324518,8488095
20893,20986,0.8539553752535497,8485270,8488492
20980,20997,0.9420289855072463,8488360,8488840
21021,21026,0.8984771573604061,8489751,8489839
21012,21056,0.9560439560439561,8489233,8493174
21078,21079,0.9736842105263158,8490477,8490488
21081,21082,0.9824561403508771,8490524,8490538
21077,21083,0.9166666666666666,8490474,8490539
21083,21084,0.9056603773584906,8490539,8490541
17313,21086,0.8975501113585747,8329786,8490623
17313,21087,0.868995633187773,8329786,8490624
17465,21090,0.902555910543131,8335657,8490795
17465,21099,0.9178743961352657,8335657,8491069
21101,21102,0.9508196721311475,8491090,8491091
21101,21103,1.0,8491090,8491092
17465,21105,0.884493670886076,8335657,8491110
17465,21108,0.8874801901743264,8335657,8491130
17465,21115,0.902555910543131,8335657,8491359
17465,21116,0.8925750394944708,8335657,8491379
21120,21121,0.9272727272727272,8491546,8491547
21131,21132,1.0,8491779,8491781
17128,21142,0.8981481481481481,8324518,8491808
17128,21144,0.8981481481481481,8324518,8491828
17128,21147,0.8960739030023095,8324518,8491839
14912,21148,0.85,8219000,8492013
21160,21238,0.8565737051792829,8492441,8496490
21239,21240,1.0,8496514,8496515
5954,21295,0.8505747126436781,7814762,8500349
12195,21295,0.9135802469135802,8102648,8500349
12334,21295,0.8902439024390244,8109861,8500349
6792,21358,0.9074074074074074,7855301,8502328
21369,21373,0.8501742160278746,8494916,8495194
21394,21397,1.0,8497318,8497380
21394,21398,0.9032258064516129,8497318,8497384
21396,21399,0.9591836734693877,8497370,8497390
21396,21402,0.8685897435897436,8497370,8497451
20462,21403,0.8666666666666667,8469108,8497476
21402,21403,0.9093851132686084,8497451,8497476
21379,21479,0.9193899782135077,8496821,8503771
7238,21493,0.8804347826086957,7876754,8504385
4877,21513,0.8915989159891599,7749006,8506442
4877,21521,0.8915989159891599,7749006,8506543
20977,21549,0.8681318681318682,8488271,8507432
21552,21563,0.9049773755656109,8507547,8507839
6567,21574,0.9257731958762887,7844576,8508205
21572,21576,0.9333333333333333,8508153,8508277
20462,21592,0.8951048951048951,8469108,8509003
21590,21603,0.9052132701421801,8508747,8509531
20462,21606,0.9566787003610109,8469108,8509710
21608,21612,0.8686868686868687,8509812,8509918
21557,21629,0.9747126436781609,8507704,8505011
21500,21670,0.9292929292929293,8506017,8506083
21608,21686,0.8514851485148515,8509812,8510209
21608,21687,0.8514851485148515,8509812,8510212
21612,21702,0.8877551020408163,8509918,8510703
21547,21703,0.9036144578313253,8507333,8510777
21608,21712,0.8514851485148515,8509812,8511145
21724,21726,0.8514851485148515,8512355,8512451
21779,21789,0.9770408163265306,8513967,8514071
21608,21810,0.8514851485148515,8509812,8514750
8432,21852,0.976,7930303,8515345
17128,21861,0.9050925925925926,8324518,8515712
17128,21862,0.8912037037037037,8324518,8515732
17130,21863,0.8568181818181818,8324550,8515734
17128,21867,0.865296803652968,8324518,8515886
17128,21869,0.8828828828828829,8324518,8515970
17128,21870,0.8828828828828829,8324518,8515971
21871,21873,0.9,8515974,8516008
21856,21875,0.9027777777777778,8515592,8516040
17163,21878,0.8577878103837472,8325293,8516109
17128,21879,0.8775510204081632,8324518,8516112
21872,21880,0.8780487804878049,8516003,8516113
21856,21882,0.9027777777777778,8515592,8516125
21896,21897,0.9649122807017544,8518032,8518063
21896,21928,0.9478260869565217,8518032,8519209
21984,21985,1.0,8520079,8520080
21896,22004,0.9304347826086956,8518032,8520730
22006,22010,0.9185282522996058,8520763,8520824
21896,22031,0.8956521739130435,8518032,8522398
21612,22053,0.8877551020408163,8509918,8522980
21910,22057,0.9272727272727272,8518919,8523045
21896,22071,0.9043478260869565,8518032,8523265
21896,22075,0.896551724137931,8518032,8523322
21910,22076,0.9096774193548387,8518919,8523324
21910,22079,0.8875,8518919,8523375
21910,22082,0.8867924528301887,8518919,8523420
21896,22083,0.9105691056910569,8518032,8523423
21896,22086,0.9739130434782609,8518032,8523444
21910,22088,0.8819875776397516,8518919,8523453
21896,22096,0.9739130434782609,8518032,8523568
22057,22105,0.8571428571428571,8523045,8523783
21910,22106,0.8703703703703703,8518919,8523786
22089,22112,0.9481865284974094,8523466,8523923
21608,22129,0.8514851485148515,8509812,8524450
21896,22139,0.9230769230769231,8518032,8524639
21717,22155,0.8913043478260869,8511346,8524937
21910,22158,0.86875,8518919,8525014
21910,22162,0.8757763975155279,8518919,8525074
21896,22168,0.9478260869565217,8518032,8525142
21903,22176,0.8620689655172413,8518186,8525383
22178,22187,0.8577586206896551,8525402,8525507
21903,22193,0.9009009009009009,8518186,8525574
22178,22205,0.9155555555555556,8525402,8525748
22237,22244,0.8631578947368421,8518471,8518593
22236,22245,0.946927374301676,8518450,8518598
22238,22249,0.9047619047619048,8518481,8518870
17128,22251,0.8806306306306306,8324518,8520845
17128,22252,0.8958333333333334,8324518,8520850
17128,22254,0.8741418764302059,8324518,8520866
22253,22255,1.0,8520854,8520874
17128,22256,0.8958333333333334,8324518,8520881
22253,22261,0.9242424242424242,8520854,8520971
22076,22269,0.9072847682119205,8523324,8521283
21910,22270,0.8774193548387097,8518919,8521299
17128,22273,0.9236111111111112,8324518,8521314
17128,22286,0.8952164009111617,8324518,8521462
22282,22288,0.9782608695652174,8521440,8521468
17128,22291,0.8808988764044944,8324518,8521475
22278,22292,0.9166666666666666,8521411,8521493
21910,22297,0.8867924528301887,8518919,8521716
22299,22302,0.8571428571428571,8521743,8521753
21910,22304,0.875,8518919,8521821
21717,22318,0.8613861386138614,8511346,8528197
21896,22318,0.9017857142857143,8518032,8528197
22315,22322,0.9108159392789373,8528140,8528335
7948,22324,0.8636363636363636,7907539,8528351
7983,22333,0.8636363636363636,7909614,8528613
22315,22340,0.8610603290676416,8528140,8528728
22352,22355,0.9442231075697212,8528958,8528981
22352,22357,0.9173228346456693,8528958,8529053
22315,22382,0.8861940298507462,8528140,8529657
22352,22387,0.9442231075697212,8528958,8529765
21717,22465,0.8787878787878788,8511346,8531482
21612,22469,0.8877551020408163,8509918,8531596
21717,22471,0.8787878787878788,8511346,8531631
22465,22475,0.9238095238095239,8531482,8531709
21896,22486,0.9067796610169492,8518032,8531876
21896,22488,0.9067796610169492,8518032,8531891
21896,22500,0.8793103448275862,8518032,8532055
21896,22504,0.8793103448275862,8518032,8532146
21896,22505,0.9732142857142857,8518032,8532161
22494,22507,0.9642857142857143,8531960,8532222
22616,22619,0.8717948717948718,8534645,8534672
22620,22622,1.0,8534718,8534822
22651,22657,0.8852459016393442,8526921,8527084
22659,22661,0.9565217391304348,8527098,8527100
22660,22661,0.8679245283018868,8527099,8527100
17128,22662,0.8662131519274376,8324518,8527101
17128,22663,0.8876146788990825,8324518,8527102
17128,22664,0.8868778280542986,8324518,8527103
22658,22667,0.8888888888888888,8527090,8527116
22651,22669,0.8852459016393442,8526921,8527142
17128,22673,0.8871331828442438,8324518,8527215
22672,22677,0.8833333333333333,8527201,8527269
22651,22682,0.8852459016393442,8526921,8527412
17128,22684,0.8876146788990825,8324518,8527428
17128,22692,0.8972602739726028,8324518,8527648
17128,22693,0.8993135011441648,8324518,8527649
17128,22697,0.8972602739726028,8324518,8527707
22668,22700,1.0,8527132,8527803
22668,22701,1.0,8527132,8527804
22698,22709,0.8985507246376812,8527708,8528105
22315,22712,0.8616236162361623,8528140,8528419
21612,22718,0.87,8509918,8535250
21896,22726,0.9145299145299145,8518032,8537039
22725,22739,0.9828326180257511,8536960,8537368
22740,22743,0.8720238095238095,8537382,8537405
22750,22769,0.9207920792079208,8537617,8538326
22772,22787,0.9180327868852459,8538487,8539026
21612,22809,0.8877551020408163,8509918,8539714
22800,22828,0.9649122807017544,8539371,8540256
22799,22841,0.9206798866855525,8539359,8540658
22324,22850,0.8863636363636364,8528351,8540976
22879,22903,0.8518518518518519,8541846,8542332
22964,22966,0.9466666666666667,8543610,8543627
22315,22996,0.8843283582089553,8528140,8536152
21717,22998,0.8529411764705882,8511346,8536195
22315,23003,0.8911819887429644,8528140,8536357
23010,23014,0.8571428571428571,8536495,8536667
23039,23045,0.8507853403141361,8544230,8544298
21896,23060,0.9824561403508771,8518032,8545412
21896,23063,0.9824561403508771,8518032,8545536
21896,23083,0.9824561403508771,8518032,8546320
23089,23093,0.9388379204892966,8546580,8546690
21608,23117,0.8514851485148515,8509812,8547062
21717,23144,0.90625,8511346,8549107
21896,23145,0.9316239316239316,8518032,8549191
21896,23148,0.905982905982906,8518032,8549216
22749,23148,0.856,8537601,8549216
21717,23150,0.9456521739130435,8511346,8549230
21896,23152,0.9316239316239316,8518032,8549244
21896,23153,0.8790322580645161,8518032,8549280
21896,23154,0.9478260869565217,8518032,8549290
17465,23156,0.8785488958990536,8335657,8549337
21896,23162,0.8793103448275862,8518032,8549447
22332,23170,0.9166666666666666,8528579,8549875
23089,23171,0.8991097922848664,8546580,8549901
23089,23174,0.9017857142857143,8546580,8549963
22332,23175,0.9641255605381166,8528579,8549986
21896,23196,0.9230769230769231,8518032,8550599
21896,23204,0.9230769230769231,8518032,8550798
21896,23205,0.9145299145299145,8518032,8550800
21717,23210,0.925531914893617,8511346,8550969
22315,23213,0.8653136531365314,8528140,8551027
23195,23232,0.9166666666666666,8550550,8551785
23243,23247,0.8639455782312925,8544508,8544706
21910,23250,0.8666666666666667,8518919,8544754
22076,23253,0.8709677419354839,8523324,8544826
22076,23257,0.8703703703703703,8523324,8544856
21896,23284,0.8934426229508197,8518032,8548734
23282,23288,0.921875,8548714,8548787
21896,23289,0.8861788617886179,8518032,8548789
23282,23292,0.8582677165354331,8548714,8548849
23147,23293,0.8979591836734694,8549201,8548900
23142,23296,0.918918918918919,8548924,8548987
11561,23311,0.9570552147239264,8072964,8552581
21608,23314,0.8613861386138614,8509812,8552616
21612,23321,0.8877551020408163,8509918,8552815
21896,23342,0.8861788617886179,8518032,8553144
20462,23345,0.89198606271777,8469108,8553189
21896,23346,0.923728813559322,8518032,8553199
21896,23347,0.923728813559322,8518032,8553217
21896,23360,1.0,8518032,8553659
21896,23362,0.8793103448275862,8518032,8553688
21896,23363,0.8793103448275862,8518032,8553703
21896,23366,0.8793103448275862,8518032,8553752
21896,23368,0.864,8518032,8553787
21896,23370,0.8793103448275862,8518032,8553880
21897,23371,0.8780487804878049,8518063,8553900
23243,23378,0.9270833333333334,8544508,8554113
20462,23379,0.9532374100719424,8469108,8554131
20462,23381,0.865979381443299,8469108,8554261
23378,23418,0.8642384105960265,8554113,8556709
21896,23450,0.9304347826086956,8518032,8557330
21896,23451,0.9145299145299145,8518032,8557351
23452,23461,0.8995633187772926,8557371,8557568
23452,23462,0.9333333333333333,8557371,8557575
23464,23465,0.9518900343642611,8557646,8557648
23495,23498,0.9665738161559888,8558330,8558365
23471,23502,0.9036939313984169,8557916,8558386
23378,23508,0.8557377049180328,8554113,8558478
23378,23522,0.8504983388704319,8554113,8559003
21608,23525,0.86,8509812,8559128
23378,23539,0.8599348534201955,8554113,8555202
23378,23545,0.867109634551495,8554113,8555732
23555,23556,0.903448275862069,8556019,8556028
21896,23560,0.905982905982906,8518032,8556298
21896,23562,0.8983050847457628,8518032,8556327
21896,23563,0.905982905982906,8518032,8556328
23596,23597,0.9694989106753813,8560783,8560792
23596,23598,0.967391304347826,8560783,8560811
22879,23599,0.916030534351145,8541846,8560823
21717,23619,0.8787878787878788,8511346,8561602
22465,23634,0.8828828828828829,8531482,8561995
22465,23635,0.8828828828828829,8531482,8561996
21717,23642,0.8787878787878788,8511346,8562129
21717,23643,0.8787878787878788,8511346,8562130
22005,23667,0.8515625,8520739,8559802
23694,23695,0.9493670886075949,8565392,8565396
23694,23696,0.8554216867469879,8565392,8565397
23694,23697,0.925,8565392,8565428
1670,23713,0.9,7575402,8566109
23721,23726,0.9195402298850575,8566291,8566383
23728,23729,0.9643916913946587,8566408,8566427
23754,23756,0.9721669980119284,8564659,8564710
21896,23776,0.8793103448275862,8518032,8566935
22749,23778,0.8931297709923665,8537601,8567058
21612,23782,0.8877551020408163,8509918,8567143
9573,23789,0.8732394366197183,7979022,8567346
21612,23814,0.8877551020408163,8509918,8568492
21608,23823,0.86,8509812,8568755
23089,23826,0.968944099378882,8546580,8568810
21608,23827,0.8514851485148515,8509812,8568830
21896,23861,0.8793103448275862,8518032,8571299
23864,23866,0.8867256637168142,8571462,8571496
21896,23867,0.8793103448275862,8518032,8571504
21896,23877,0.9304347826086956,8518032,8571740
21896,23880,0.8793103448275862,8518032,8571835
21896,23887,0.8793103448275862,8518032,8572233
21896,23888,0.8793103448275862,8518032,8572263
21896,23892,0.8793103448275862,8518032,8572423
23787,23894,0.8742857142857143,8567208,8572448
23290,23908,0.9667359667359667,8548828,8572836
23290,23909,0.9506172839506173,8548828,8572846
21896,23912,1.0,8518032,8572894
21896,23920,0.8793103448275862,8518032,8573037
21896,23924,0.9739130434782609,8518032,8573161
21896,23925,0.8793103448275862,8518032,8573205
21896,23926,0.8793103448275862,8518032,8573211
21896,23927,0.9035087719298246,8518032,8573259
21896,23935,0.8527131782945736,8518032,8573585
21896,23936,0.9243697478991597,8518032,8573587
21612,23959,0.8877551020408163,8509918,8574421
17181,23965,0.9378980891719745,8326792,8574530
14613,23975,0.885483870967742,8209714,8574694
21896,23984,0.9375,8518032,8575122
23894,23985,0.8707865168539326,8572448,8575150
21896,23993,0.956140350877193,8518032,8575330
23958,23994,0.8550295857988166,8574410,8575332
21896,23996,0.8793103448275862,8518032,8575379
23985,24001,0.8603351955307262,8575150,8575482
21896,24002,0.8793103448275862,8518032,8575510
21896,24003,0.8793103448275862,8518032,8575546
21608,24006,0.86,8509812,8575654
21717,24058,0.8787878787878788,8511346,8571248
22465,24061,0.8636363636363636,8531482,8571372
22539,24081,0.9674267100977199,8532963,8576856
21896,24082,0.8793103448275862,8518032,8576862
21896,24111,0.9067796610169492,8518032,8577227
21896,24118,0.9224137931034483,8518032,8577356
24121,24128,0.9126637554585153,8577489,8577739
21896,24133,0.9478260869565217,8518032,8577851
16635,24134,1.0,8302866,8577940
21896,24139,0.9316239316239316,8518032,8578197
21608,24147,0.8514851485148515,8509812,8578368
21896,24148,0.9145299145299145,8518032,8578374
21896,24150,0.8934426229508197,8518032,8578450
21896,24154,0.9316239316239316,8518032,8578586
21896,24159,0.8861788617886179,8518032,8578668
21896,24160,0.9008264462809917,8518032,8578718
21896,24170,0.9649122807017544,8518032,8578955
21896,24172,0.9304347826086956,8518032,8579004
22086,24175,0.8604651162790697,8523444,8579135
22086,24180,0.8604651162790697,8523444,8579232
22749,24188,0.9291338582677166,8537601,8579387
21896,24189,0.8790322580645161,8518032,8579407
22318,24191,0.8559322033898306,8528197,8579441
22475,24206,0.8620689655172413,8531709,8579797
22471,24207,0.8648648648648649,8531631,8579798
22471,24208,0.8761061946902655,8531631,8579803
24249,24251,0.8613861386138614,8582073,8582140
24249,24252,0.8613861386138614,8582073,8582142
21896,24264,0.8793103448275862,8518032,8582589
21896,24274,0.9565217391304348,8518032,8582764
23290,24278,0.8985801217038539,8548828,8582830
23290,24280,0.9081632653061225,8548828,8582858
23290,24281,0.9180327868852459,8548828,8582868
21717,24335,0.9354838709677419,8511346,8581479
17836,24363,0.8681022880215343,8351547,8582020
21896,24367,0.9478260869565217,8518032,8582326
21896,24370,0.9316239316239316,8518032,8582387
21896,24371,0.8793103448275862,8518032,8582425
24020,24470,0.9547511312217195,8568114,8588461
5255,24474,0.9119496855345912,7776862,8588528
21896,24485,0.9152542372881356,8518032,8588692
21896,24495,0.923728813559322,8518032,8588828
21896,24506,0.923728813559322,8518032,8589296
18195,24508,0.8768406961178046,8373670,8589452
21896,24509,0.9145299145299145,8518032,8589611
21896,24510,0.9067796610169492,8518032,8589622
17836,24516,0.8635761589403973,8351547,8589773
24522,24523,0.9191919191919192,8589980,8589985
24020,24558,0.9244444444444444,8568114,8590975
24554,24561,0.8620689655172413,8590767,8591035
24605,24614,0.9943820224719101,8585032,8587399
21896,24622,0.9145299145299145,8518032,8587917
21896,24628,0.9067796610169492,8518032,8588033
21896,24629,0.9145299145299145,8518032,8588039
21612,24719,0.8877551020408163,8509918,8595526
21608,24743,0.8514851485148515,8509812,8595901
17836,24787,0.8669354838709677,8351547,8599010
21896,24795,1.0,8518032,8599114
23089,24796,0.8690476190476191,8546580,8599118
21896,24798,1.0,8518032,8599144
21896,24800,1.0,8518032,8599207
23045,24801,0.8770949720670391,8544298,8599218
23089,24801,0.9418960244648318,8546580,8599218
23364,24803,0.8787878787878788,8553713,8599240
19507,24806,0.8926829268292683,8421684,8599435
21896,24807,0.923728813559322,8518032,8599439
21896,24816,0.9739130434782609,8518032,8599661
17836,24820,0.8995929443690638,8351547,8599894
21896,24823,0.8780487804878049,8518032,8600004
17841,24830,0.876510067114094,8351691,8600330
17836,24838,0.8921832884097035,8351547,8600494
24839,24842,0.8955223880597015,8600532,8600581
21612,24903,0.8877551020408163,8509918,8597580
24911,24913,0.9523809523809523,8598044,8598089
17836,24926,0.8935309973045822,8351547,8598545
556,24930,0.9523809523809523,7513485,8598610
17836,24946,0.8586525759577279,8351547,8598848
24973,24976,0.9175824175824175,8603762,8603838
21717,24988,0.8709677419354839,8511346,8604144
21612,24999,0.8877551020408163,8509918,8604509
5085,25098,0.8682170542635659,7762455,8606723
25106,25109,0.8607594936708861,8607053,8607075
25106,25110,0.9864864864864865,8607053,8607081
25107,25118,0.8536585365853658,8607066,8607265
17836,25152,0.8744993324432577,8351547,8608804
25130,25163,0.8904109589041096,8607904,8609271
25221,25225,0.8823529411764706,8610793,8610962
25221,25230,0.8823529411764706,8610793,8610994
21612,25270,0.8877551020408163,8509918,8614001
25211,25282,0.8683274021352313,8610166,8618339
21612,25306,0.8877551020408163,8509918,8614207
25263,25319,0.957983193277311,8612644,8614534
25263,25322,0.95,8612644,8614605
25263,25324,0.9338842975206612,8612644,8614616
19520,25340,0.9550438596491229,8422375,8618828
20522,25379,0.8948170731707317,8478958,8612969
25402,25405,0.9344262295081968,8616235,8616318
21608,25410,0.86,8509812,8616509
21608,25411,0.86,8509812,8616537
25418,25423,0.9054054054054054,8616925,8617085
25427,25430,0.9621928166351607,8617120,8617160
21612,25446,0.8787878787878788,8509918,8617414
25453,25455,0.8842105263157894,8617686,8617746
21612,25500,0.8877551020408163,8509918,8622803
25502,25513,0.9361022364217252,8622843,8623090
21896,25519,0.905982905982906,8518032,8623343
21896,25548,0.9732142857142857,8518032,8624181
21896,25572,0.9145299145299145,8518032,8625075
21896,25574,0.8916666666666667,8518032,8625175
21612,25598,0.8877551020408163,8509918,8625857
22465,25612,0.897196261682243,8531482,8626134
21717,25616,0.8613861386138614,8511346,8626241
22465,25617,0.8727272727272727,8531482,8637065
21896,25624,0.8983050847457628,8518032,8618214
21896,25626,0.8793103448275862,8518032,8618309
21896,25627,0.8793103448275862,8518032,8618312
21896,25632,0.8983050847457628,8518032,8618403
25636,25644,0.8928571428571429,8619267,8619447
21896,25702,0.9821428571428571,8518032,8629295
21896,25729,0.9649122807017544,8518032,8630193
21896,25731,0.9067796610169492,8518032,8630209
21896,25733,0.9565217391304348,8518032,8630234
21896,25740,0.9067796610169492,8518032,8630368
21717,25745,0.9772727272727273,8511346,8630441
21896,25782,0.8983050847457628,8518032,8631527
25805,25808,0.9538461538461539,8632089,8632182
2731,25823,0.8591549295774648,7645583,8632644
23797,25886,0.95,8568021,8634253
25712,25906,0.8529411764705882,8629652,8635966
22076,25945,0.8562091503267973,8523324,8627661
22076,25948,0.8874172185430463,8523324,8627690
21896,25968,0.9821428571428571,8518032,8628506
21896,25969,0.8793103448275862,8518032,8628567
25976,25978,0.8904109589041096,8628853,8628864
25981,25992,0.8664987405541562,8628896,8629227
22471,26037,0.8508771929824561,8531631,8639500
21896,26060,0.856,8518032,8639706
21896,26061,0.9145299145299145,8518032,8639710
21896,26080,0.9224137931034483,8518032,8639945
21612,26131,0.8877551020408163,8509918,8641084
22465,26139,0.8715596330275229,8531482,8641461
22471,26141,0.8648648648648649,8531631,8641562
21717,26154,0.8787878787878788,8511346,8641945
21612,26169,0.8877551020408163,8509918,8642743
21717,26175,0.87,8511346,8642859
21910,26176,0.8903225806451613,8518919,8642880
21910,26179,0.8625,8518919,8643021
22057,26182,0.8511904761904762,8523045,8643121
22475,26186,0.8608695652173913,8531709,8643256
21717,26188,0.8787878787878788,8511346,8643276
21910,26194,0.896774193548387,8518919,8643335
21910,26195,0.8580246913580247,8518919,8643336
21910,26198,0.86875,8518919,8643361
21910,26200,0.9096774193548387,8518919,8643459
21910,26201,0.86875,8518919,8643518
21612,26203,0.8877551020408163,8509918,8643535
21896,26215,0.9316239316239316,8518032,8643911
21612,26238,0.8877551020408163,8509918,8637757
21896,26250,0.8983050847457628,8518032,8638176
21896,26253,0.9304347826086956,8518032,8638306
22465,26282,0.8807339449541285,8531482,8639144
22465,26283,0.8727272727272727,8531482,8639195
21717,26353,0.8913043478260869,8511346,8648481
26451,26455,0.9676375404530745,8651057,8651248
26487,26488,0.9148936170212766,8645703,8645825
26538,26539,0.9586776859504132,8652255,8652281
26538,26542,0.9831932773109243,8652255,8652332
26372,26602,0.8681318681318682,8648942,8654052
26569,26602,0.8944444444444445,8652989,8654052
20502,26621,0.8522875816993464,8476670,8656098
17836,26623,0.8622516556291391,8351547,8656125
16908,26722,0.863013698630137,8316117,8654582
26785,26786,0.9682539682539683,8659375,8659382
21717,26799,0.9456521739130435,8511346,8661089
14597,26811,0.914179104477612,8209268,8661702
26819,26822,0.9034090909090909,8661897,8661977
21717,26827,0.9456521739130435,8511346,8662262
17836,26876,0.866225165562914,8351547,8664850
18195,26877,0.8863636363636364,8373670,8664879
17650,26878,0.9660194174757282,8342811,8664887
26903,26907,0.9418604651162791,8663947,8664124
5255,26977,0.8587570621468926,7776862,8667430
21608,27001,0.8514851485148515,8509812,8667893
26819,27019,0.9034090909090909,8661897,8670798
21896,27022,0.9824561403508771,8518032,8670850
21896,27023,0.9824561403508771,8518032,8670854
26097,27083,0.875,8640378,8673020
3161,27098,0.8629776021080369,7653020,8673754
9238,27098,0.8790322580645161,7968226,8673754
21612,27102,0.8877551020408163,8509918,8673951
27101,27103,0.9567307692307693,8673936,8673954
3161,27106,0.8571428571428571,7653020,8674027
21717,27122,0.8613861386138614,8511346,8668726
26819,27180,0.9244186046511628,8661897,8670382
26819,27184,0.9298245614035088,8661897,8670465
21612,27234,0.8787878787878788,8509918,8675396
26372,27316,0.8611111111111112,8648942,8679286
26763,27363,0.863013698630137,8655430,8680513
27368,27384,0.9310344827586207,8680565,8680801
21896,27516,0.9067796610169492,8518032,8683705
21896,27544,0.8793103448275862,8518032,8685813
27383,27553,0.8651685393258427,8680798,8686512
26819,27571,0.888268156424581,8661897,8688077
21896,27592,0.8793103448275862,8518032,8689710
21612,27622,0.8877551020408163,8509918,8693299
26699,27624,0.8626609442060086,8659098,8693340
27615,27630,0.9590643274853801,8691959,8693810
27599,27638,0.9661016949152542,8690522,8694171
21612,27671,0.8877551020408163,8509918,8701417
27591,27692,0.8689458689458689,8689603,8702503
27568,27704,0.9680851063829787,8688032,8702741
22031,27711,0.8648648648648649,8522398,8683383
21896,27748,0.8793103448275862,8518032,8685492
24716,27768,0.8787878787878788,8595421,8686361
21612,27770,0.8787878787878788,8509918,8686388
27810,27845,0.8939393939393939,8691353,8692725
26901,27870,0.896551724137931,8663881,8694798
27872,27874,0.9976415094339622,8694849,8694863
27888,27892,0.9573770491803278,8695408,8695525
27888,27898,0.9932659932659933,8695408,8695722
27888,27908,0.9570957095709571,8695408,8695955
27924,27941,0.9683734939759037,8696638,8697337
21612,27962,0.8787878787878788,8509918,8697828
27809,27999,0.8648648648648649,8691328,8699271
21612,28027,0.8877551020408163,8509918,8702661
27928,28055,0.961038961038961,8696753,8687738
21612,28066,0.8877551020408163,8509918,8688975
21612,28079,0.8877551020408163,8509918,8689476
21612,28083,0.8877551020408163,8509918,8689670
22236,28136,0.856,8518450,8692319
22236,28149,0.8652291105121294,8518450,8696035
22236,28150,0.9068493150684932,8518450,8696112
22236,28154,0.927170868347339,8518450,8697256
27053,28258,0.9620991253644315,8671834,8707293
24001,28267,0.8670520231213873,8575482,8707669
27620,28271,0.8924731182795699,8692172,8707726
28380,28384,0.8793774319066148,8712717,8712829
28403,28411,0.9665551839464883,8713922,8714193
28403,28412,0.9593604263824117,8713922,8714222
28422,28424,0.9008264462809917,8710609,8710630
28447,28453,0.896551724137931,8715580,8715687
28562,28563,0.8947368421052632,8719282,8719301
28620,28624,0.9135802469135802,8723229,8723315
28620,28625,0.9135802469135802,8723229,8723319
28620,28649,0.9135802469135802,8723229,8723701
28691,28713,0.8608534322820037,8724769,8725334
28783,28784,0.863013698630137,8720201,8720214
28807,28818,0.9024390243902439,8721509,8721693
28784,28819,0.8904109589041096,8720214,8721734
28828,28834,0.9208333333333333,8722017,8722128
28838,28841,0.925531914893617,8722179,8722196
28783,28860,0.8513513513513513,8720201,8727742
26877,28881,0.8647594278283485,8664879,8728442
13205,28939,0.9272151898734177,8150267,8729881
28858,29000,0.8780487804878049,8727553,8731653
28783,29005,0.8513513513513513,8720201,8732238
29053,29054,0.8701298701298701,8734593,8734602
29056,29057,0.9207920792079208,8734681,8734741
17836,29105,0.8552631578947368,8351547,8736482
388,29192,0.8620689655172413,7505159,8738004
388,29193,0.9459459459459459,7505159,8738005
29206,29207,0.9629629629629629,8738389,8738391
21612,29229,0.8877551020408163,8509918,8738863
29322,29323,0.975609756097561,8741395,8741421
29322,29328,0.8615384615384616,8741395,8741457
22031,29366,0.8648648648648649,8522398,8743712
26780,29371,0.899505766062603,8659258,8744003
28569,29385,0.9285714285714286,8719681,8744295
388,29431,0.8620689655172413,7505159,8745435
24771,29438,0.9739837398373984,8596984,8740414
24771,29439,0.9455128205128205,8596984,8740613
21612,29440,0.8787878787878788,8509918,8740632
21717,29467,0.8529411764705882,8511346,8743113
29355,29474,0.9453551912568307,8743271,8743336
3476,29498,0.8722826086956522,7667104,8746041
4974,29498,0.8518518518518519,7756796,8746041
21612,29526,0.8877551020408163,8509918,8747153
29507,29594,0.9559955995599559,8746515,8748545
21612,29630,0.8877551020408163,8509918,8748905
21612,29639,0.8877551020408163,8509918,8749246
29670,29672,0.9484536082474226,8751903,8751936
692,29683,0.8676470588235294,7519911,8752438
29702,29728,0.9239130434782609,8753803,8754446
29702,29736,0.9340659340659341,8753803,8754852
29702,29737,0.9340659340659341,8753803,8754859
21612,29825,0.8787878787878788,8509918,8756660
29998,30000,0.9393939393939394,8761842,8761855
30007,30011,0.9101796407185628,8762292,8762379
30009,30015,0.9873684210526316,8762372,8762451
30009,30017,0.9627329192546584,8762372,8762498
30036,30037,0.9060402684563759,8758397,8758414
27599,30067,0.9628378378378378,8690522,8760100
29658,30067,0.8503184713375797,8751649,8760100
30102,30103,0.9781021897810219,8764221,8764284
30100,30110,0.943502824858757,8764196,8764393
9409,30168,0.9375,7974533,8767205
15341,30193,0.9071537290715372,8240630,8769582
15341,30195,0.9159021406727829,8240630,8769652
30149,30199,0.8776529338327091,8765191,8769739
30229,30233,0.8582089552238806,8769200,8769411
27599,30287,0.8709677419354839,8690522,8772525
30340,30341,0.9166666666666666,8775714,8775751
30413,30415,0.9533527696793003,8777709,8777747
30599,30601,0.8571428571428571,8781741,8781831
30594,30612,0.9444444444444444,8781483,8782039
30620,30634,0.8918918918918919,8782185,8782448
21608,30651,0.8514851485148515,8509812,8782868
19636,30666,0.9256329113924051,8432078,8783191
27943,30688,0.9551569506726457,8697357,8784095
30688,30739,0.871244635193133,8784095,8784856
29322,30794,0.8828125,8741395,8787385
29322,30800,0.8740157480314961,8741395,8787445
29322,30804,0.9173553719008265,8741395,8787503
28403,30814,0.9629134647510859,8713922,8787627
28403,30821,0.956882255389718,8713922,8787802
30800,30822,0.9145299145299145,8787445,8787812
22408,30878,0.854389721627409,8530238,8785207
30866,30878,0.9032258064516129,8783928,8785207
30876,30881,0.8901601830663616,8785090,8785279
30880,30881,0.8944954128440367,8785278,8785279
30866,30882,0.9300699300699301,8783928,8785317
30866,30885,0.9436619718309859,8783928,8785340
22263,30887,0.8606741573033708,8521112,8785361
30866,30895,0.8523489932885906,8783928,8785473
21612,30919,0.8787878787878788,8509918,8786274
18600,30977,0.9,8391904,8791383
19636,30998,0.9543230016313213,8432078,8791966
30934,31101,0.9504132231404959,8789960,8793983
30807,31108,0.9368421052631579,8787523,8795578
9238,31139,0.8862115127175368,7968226,8796318
9238,31146,0.9240331491712708,7968226,8796453
21612,31233,0.8877551020408163,8509918,8794515
27599,31276,0.9049180327868852,8690522,8798869
27599,31305,0.9016393442622951,8690522,8799943
31310,31311,0.9653979238754326,8800182,8800190
27599,31315,0.8770226537216829,8690522,8800363
27638,31321,0.8770226537216829,8694171,8800408
27599,31343,0.9366666666666666,8690522,8801087
21612,31349,0.8877551020408163,8509918,8801186
31536,31537,0.921311475409836,8807705,8807708
31302,31538,0.9565217391304348,8799634,8807793
31302,31541,0.9565217391304348,8799634,8807867
31542,31543,0.9252336448598131,8807980,8807981
22799,31801,0.8666666666666667,8539359,8815706
30794,31833,0.9166666666666666,8787385,8812285
31828,31835,0.9067796610169492,8812175,8812293
31837,31838,0.9210526315789473,8812313,8812315
31840,31841,0.8837209302325582,8812395,8812448
17465,31874,0.8829113924050633,8335657,8817859
17465,31882,0.9072,8335657,8818049
31881,31891,0.8556701030927835,8818005,8818377
17465,31892,0.8681318681318682,8335657,8818437
31881,31903,0.8645833333333334,8818005,8819047
31959,31964,0.8508064516129032,8822306,8822597
31959,31970,0.9424460431654677,8822306,8822690
31995,31997,0.9069767441860465,8824402,8824756
32061,32087,0.8529411764705882,8827402,8828123
32128,32131,0.8823529411764706,8829112,8829153
8432,32285,0.9838709677419355,7930303,8835515
32338,32340,0.8793969849246231,8826414,8826460
32330,32355,0.9315068493150684,8826191,8830089
32370,32372,0.8735849056603774,8832546,8832606
32355,32381,0.868421052631579,8830089,8833222
32400,32414,0.926829268292683,8837621,8837912
32419,32422,0.9396551724137931,8838036,8838088
14613,32493,0.8768,8209714,8840002
32503,32532,0.8913043478260869,8840187,8840557
32503,32536,0.9111111111111111,8840187,8840598
32476,32554,0.8534031413612565,8839271,8841044
4995,32569,0.8929503916449086,7757688,8841458
4995,32570,0.8929503916449086,7757688,8841540
21612,32571,0.8877551020408163,8509918,8841555
32087,32578,0.8504672897196262,8828123,8841734
32572,32579,0.8701298701298701,8841567,8841741
32444,32584,0.9047619047619048,8838386,8841826
32087,32586,0.9347826086956522,8828123,8841956
21608,32588,0.8514851485148515,8509812,8842240
21612,32635,0.8787878787878788,8509918,8843650
32642,32643,0.8813559322033898,8836028,8836060
32399,32667,0.872,8837611,8836979
32671,32674,0.8652931854199684,8837084,8837106
21612,32704,0.8877551020408163,8509918,8844233
32730,32734,0.9653979238754326,8844863,8844952
32735,32747,0.9516129032258065,8844956,8845176
32534,32767,0.9541284403669725,8840571,8845755
21608,32819,0.86,8509812,8846768
32887,32888,0.9348534201954397,8850388,8850398
32886,32891,0.9241379310344827,8850385,8850440
32878,32898,0.8520900321543409,8850229,8850563
32878,32902,0.8520900321543409,8850229,8850615
32896,32903,0.9652777777777778,8850530,8850620
32900,32905,0.9273356401384083,8850578,8850651
32898,32906,0.8790849673202614,8850563,8850657
32878,32908,0.8758169934640523,8850229,8850739
1399,32914,0.8548387096774194,7559068,8850908
32061,32923,0.91,8827402,8851010
32916,32925,0.9607843137254902,8850947,8851027
8339,32930,0.972972972972973,7919585,8851129
32949,32953,0.8555555555555555,8852068,8852297
30955,32976,0.967741935483871,8790620,8853018
32329,32982,0.8666666666666667,8826190,8853096
32330,32982,0.8666666666666667,8826191,8853096
5137,33009,0.98,7766268,8849175
20170,33144,0.8882725832012678,8458211,8857296
20209,33144,0.8607692307692307,8459877,8857296
32923,33198,0.8571428571428571,8851010,8859053
33033,33326,0.9530516431924883,8854426,8863211
31044,33384,0.9523809523809523,8793286,8865545
33443,33446,0.9333333333333333,8867793,8867870
32087,33449,0.9347826086956522,8828123,8867951
33450,33451,0.8952380952380953,8867963,8867999
29998,33473,0.8823529411764706,8761842,8868952
33483,33503,0.8758620689655172,8869082,8869619
31262,33506,0.9011857707509882,8795193,8869711
33474,33506,0.9066666666666666,8868976,8869711
33523,33529,0.9150326797385621,8870026,8870099
33598,33601,0.8878504672897196,8867078,8867134
30460,33635,0.8885191347753744,8778913,8872019
32992,33635,0.9018302828618968,8853403,8872019
33633,33639,0.8789625360230547,8871716,8872259
33661,33663,0.8713450292397661,8873985,8874011
33681,33687,0.8594377510040161,8874598,8874672
33633,33713,0.9521604938271605,8871716,8877405
21608,33725,0.86,8509812,8873357
21612,33728,0.8877551020408163,8509918,8873417
33731,33732,0.8712871287128713,8873606,8873640
21608,33816,0.8514851485148515,8509812,8878717
33836,33842,0.8835978835978836,8880789,8880926
33836,33845,0.9414893617021277,8880789,8881001
32483,33859,0.85,8839522,8881201
33855,33859,0.9473684210526315,8881148,8881201
32061,33865,0.8529411764705882,8827402,8881428
33904,33908,0.8823529411764706,8882585,8882745
33902,33912,0.8823529411764706,8882554,8882856
33902,33915,0.8701298701298701,8882554,8882946
33908,33915,0.8701298701298701,8882745,8882946
33904,33916,0.9591836734693877,8882585,8882959
33997,34006,0.8676122931442081,8885370,8885875
34148,34150,0.927710843373494,8889596,8889649
34196,34199,0.882940108892922,8891190,8891250
6567,34205,0.9107505070993914,7844576,8891405
34241,34249,0.9251700680272109,8894746,8894899
623,34266,0.9051724137931034,7517545,8895647
623,34270,0.9292035398230089,7517545,8895713
28267,34285,0.9161676646706587,8707669,8896199
388,34288,0.9292035398230089,7505159,8896278
21608,34297,0.86,8509812,8896774
21608,34318,0.8514851485148515,8509812,8897371
21612,34320,0.8877551020408163,8509918,8897387
34350,34370,0.8963730569948186,8898288,8898705
34375,34385,0.9272727272727272,8892406,8892821
34429,34433,0.8809523809523809,8902464,8902484
34435,34436,0.904,8902501,8902506
31571,34441,0.873015873015873,8804325,8902654
31571,34442,0.9112903225806451,8804325,8902656
34435,34442,0.9193548387096774,8902501,8902656
31571,34443,0.873015873015873,8804325,8902663
34439,34448,0.9099099099099099,8902650,8902727
34439,34454,0.9099099099099099,8902650,8902777
34439,34455,0.9017857142857143,8902650,8902783
31571,34458,0.873015873015873,8804325,8902821
34439,34460,0.918918918918919,8902650,8902838
34480,34485,0.862876254180602,8903301,8903386
34489,34492,0.8645833333333334,8903439,8903474
32688,34499,0.8737864077669902,8837682,8903660
34439,34538,0.9099099099099099,8902650,8904495
34439,34565,0.9107142857142857,8902650,8905762
34439,34566,0.918918918918919,8902650,8905828
34375,34568,0.9099099099099099,8892406,8906061
34517,34575,0.9873015873015873,8904064,8907224
34582,34590,0.9018691588785047,8901883,8902104
34582,34591,0.919431279620853,8901883,8902271
34439,34601,0.8938053097345132,8902650,8902498
34439,34604,0.9107142857142857,8902650,8903213
34758,34765,0.85,8914498,8914724
18600,34768,0.8709677419354839,8391904,8914812
16384,34771,0.896551724137931,8283322,8914869
34640,34841,0.9692307692307692,8908841,8916959
27945,34883,0.9230769230769231,8697458,8908225
23456,34885,0.8620689655172413,8557433,8908344
34410,34993,0.9726027397260274,8898808,8921665
35015,35029,0.8672985781990521,8922142,8922384
35065,35086,0.9098639455782312,8923651,8925356
35065,35103,0.9011925042589438,8923651,8925837
222,35135,0.8913043478260869,7496398,8926686
35152,35153,0.8862559241706162,8927485,8927489
21612,35168,0.8877551020408163,8509918,8919012
35191,35197,0.9783509903270382,8919663,8919785
12695,35212,0.9375,8123855,8924076
35225,35226,0.8636363636363636,8928683,8928715
17465,35266,0.8755905511811024,8335657,8928006
17465,35270,0.8609375,8335657,8928421
35283,35291,0.9254658385093167,8931625,8931799
35292,35294,0.9235668789808917,8931801,8931862
35293,35301,0.8888888888888888,8931819,8931990
5255,35308,0.9461077844311377,7776862,8932061
35315,35317,0.9102990033222591,8933586,8933644
35315,35322,0.9427609427609428,8933586,8933689
35323,35324,0.9029126213592233,8933710,8933815
35310,35350,0.9029126213592233,8932562,8943454
35391,35394,0.9442231075697212,8936183,8936233
1670,35410,0.9,7575402,8937000
1670,35413,0.9056603773584906,7575402,8937117
35412,35414,0.903448275862069,8937078,8937146
35355,35415,0.923728813559322,8932495,8937158
35432,35433,0.8837209302325582,8940004,8940011
35065,35434,0.8597662771285476,8923651,8940013
35432,35437,0.8837209302325582,8940004,8940234
35432,35447,0.8786127167630058,8940004,8940350
32975,35545,0.9027777777777778,8852997,8943240
35427,35562,0.893687707641196,8939262,8943792
35374,35568,0.936231884057971,8935436,8944097
23555,35576,0.8583690987124464,8556019,8944330
35599,35603,0.8591549295774648,8937960,8938019
29118,35624,0.9571428571428572,8731049,8938707
35065,35654,0.8752107925801011,8923651,8940059
35664,35686,0.9333333333333333,8944771,8946786
35708,35709,0.9767441860465116,8948614,8948623
35713,35787,0.8830347734457323,8949254,8952235
32087,35829,0.9278350515463918,8828123,8953615
35713,35850,0.854788877445932,8949254,8954266
35713,35869,0.9065126050420168,8949254,8954498
35732,35873,0.9288793103448276,8950946,8954576
35873,35875,0.8825995807127882,8954576,8954596
35732,35876,0.9073482428115016,8950946,8954599
35883,35884,0.9891304347826086,8945442,8945480
35883,35897,0.956989247311828,8945442,8948902
35946,35953,0.904891304347826,8957149,8957400
35748,36065,0.898989898989899,8951440,8960422
35748,36071,0.89,8951440,8960609
35883,36090,0.9361702127659575,8945442,8961285
36102,36106,0.9204545454545454,8964262,8964434
35946,36137,0.9207650273224044,8957149,8965455
36086,36160,0.88,8961164,8955295
36086,36162,0.898989898989899,8961164,8955367
36165,36166,0.9017857142857143,8955404,8955500
36086,36171,0.8888888888888888,8961164,8956009
36168,36173,0.905982905982906,8955676,8956045
36192,36194,1.0,8962028,8962101
36191,36196,0.9227272727272727,8962021,8962283
36199,36200,0.9523809523809523,8962491,8962584
36183,36203,0.8972602739726028,8956325,8962662
36268,36279,0.8571428571428571,8968752,8969153
36086,36292,0.8712871287128713,8961164,8969494
36274,36296,0.9218573046432617,8968914,8969689
13205,36335,0.9581993569131833,8150267,8971971
36365,36373,0.9900990099009901,8972993,8973099
36365,36374,0.9607843137254902,8972993,8973111
32061,36414,0.8529411764705882,8827402,8974310
36412,36418,0.8923076923076924,8974293,8974443
32061,36423,0.8529411764705882,8827402,8974859
34192,36539,0.8795180722891566,8890863,8978551
36537,36540,0.931740614334471,8978408,8978552
36519,36555,0.8738738738738738,8978083,8978952
33033,36607,0.8738738738738738,8854426,8980144
36598,36608,0.978021978021978,8979921,8980145
29440,36630,0.9223300970873787,8740632,8980977
36650,36656,0.8511326860841424,8981499,8981652
35411,36683,0.8896551724137931,8937002,8982397
35412,36683,0.8513513513513513,8937078,8982397
36783,36785,0.9506172839506173,8987468,8987485
36806,36807,0.8517350157728707,8985628,8985664
17078,36818,0.8936170212765957,8323785,8988728
17078,36819,0.9333333333333333,8323785,8988731
36834,36836,0.9236641221374046,8989928,8989950
36831,36838,0.8529411764705882,8989881,8990010
36898,36909,0.869281045751634,8994459,8994681
37037,37038,1.0,8999697,8999698
36296,37106,0.8559139784946237,8969689,9000829
37106,37107,0.9027027027027027,9000829,9000835
36296,37117,0.8565264293419633,8969689,9001116
25588,37142,0.8918918918918919,8625736,9002301
35699,37160,0.9818181818181818,8948238,9002872
37170,37176,0.8976377952755905,9003625,9003924
37170,37180,0.8968253968253969,9003625,9004027
37173,37185,0.8914405010438413,9003763,9004202
37179,37307,0.9464285714285714,9004018,9010239
32982,37315,0.8666666666666667,8853096,9010744
37294,37319,0.916083916083916,9007541,9010844
37299,37320,0.8888888888888888,9007871,9010910
31505,37342,0.918918918918919,8806956,9005406
37332,37347,0.860655737704918,9000770,9008072
37329,37349,0.9319148936170213,9000517,9008248
37329,37350,0.9781659388646288,9000517,9008341
37329,37351,0.8916666666666667,9000517,9008371
37332,37360,0.8760330578512396,9000770,9009603
36296,37363,0.8520900321543409,8969689,9009763
33744,37370,0.8705357142857143,8876667,9011609
36991,37380,0.9054054054054054,8997383,9012172
37135,37382,0.8876755070202809,9001595,9012308
37439,37461,0.8695652173913043,9017739,9018145
33744,37520,0.8705357142857143,8876667,9020487
32982,37535,0.8666666666666667,8853096,9020940
37646,37668,0.9212598425196851,9023988,9024752
37408,37690,0.9142857142857143,9013852,9026014
37735,37780,0.91,9028087,9030039
21612,37798,0.8787878787878788,8509918,9022425
37795,37801,0.8873239436619719,9022296,9022548
37800,37801,0.88,9022518,9022548
21612,37902,0.8877551020408163,8509918,9035149
35541,37925,0.8581314878892734,8943153,9035687
35548,37925,0.8745644599303136,8943285,9035687
32629,37929,0.925,8843522,9035984
37935,37936,0.9428571428571428,9036260,9036338
37726,37939,0.8821428571428571,9027563,9036440
37935,37941,0.9361702127659575,9036260,9036538
21612,37963,0.8787878787878788,8509918,9036971
21612,37974,0.87,8509918,9037192
21612,37975,0.8877551020408163,8509918,9037214
21608,37978,0.8529411764705882,8509812,9037367
21612,37980,0.8787878787878788,8509918,9037434
37940,37981,0.8791208791208791,9036471,9037437
21612,37987,0.8787878787878788,8509918,9037649
37948,37995,0.8522727272727273,9036596,9038038
38040,38047,1.0,9032800,9033101
38045,38049,0.8577405857740585,9033077,9033136
38045,38051,0.8571428571428571,9033077,9033201
38049,38054,0.9217391304347826,9033136,9033310
23744,38111,0.9171974522292994,8564209,9042791
38133,38136,0.9090909090909091,9041404,9041441
38157,38164,0.928030303030303,9044446,9044666
17650,38166,0.8652173913043478,8342811,9044702
38172,38176,0.9285714285714286,9044985,9045134
17650,38179,0.9754901960784313,8342811,9045197
21612,38201,0.8877551020408163,8509918,9046125
21612,38203,0.8787878787878788,8509918,9046196
21612,38204,0.8613861386138614,8509918,9046197
21608,38205,0.8514851485148515,8509812,9046231
21612,38207,0.8877551020408163,8509918,9046259
21612,38213,0.8787878787878788,8509918,9046350
21612,38216,0.8877551020408163,8509918,9046514
38229,38232,0.9047619047619048,9043909,9044033
36102,38338,0.9085714285714286,8964262,9050692
38049,38368,0.9090909090909091,9033136,9055490
37935,38375,0.9530685920577617,9036260,9055691
37935,38376,0.9230769230769231,9036260,9055700
38049,38378,0.8686440677966102,9033136,9055754
24657,38382,0.8818181818181818,8593885,9055923
24657,38383,0.941747572815534,8593885,9055932
37935,38394,0.9298245614035088,9036260,9056188
38264,38430,0.9242902208201893,9048224,9057303
38453,38458,0.8782608695652174,9058232,9058522
38452,38465,0.875,9058189,9058971
18715,38466,0.9626865671641791,8389808,9059258
5129,38476,0.9202453987730062,7765609,9049724
5129,38479,0.9146341463414634,7765609,9049910
5129,38480,0.9263803680981595,7765609,9049921
5129,38486,0.874251497005988,7765609,9050991
38477,38486,0.8588235294117647,9049745,9050991
5129,38487,0.9202453987730062,7765609,9050998
5129,38489,0.8734939759036144,7765609,9051113
38600,38608,0.9384835479256081,9063762,9064117
21612,38677,0.8613861386138614,8509918,9066103
21612,38688,0.8877551020408163,8509918,9066406
5129,38792,0.9375,7765609,9068650
38477,38796,0.9202453987730062,9049745,9068841
21612,38804,0.8877551020408163,8509918,9069562
38927,38941,0.8575268817204301,9072978,9073265
5129,38945,0.9622641509433962,7765609,9073343
5129,38946,0.8982035928143712,7765609,9073349
38486,38948,0.8670520231213873,9050991,9073392
38988,38989,0.9523809523809523,9074393,9074406
5129,38993,0.8579881656804734,7765609,9074529
5129,38995,0.9202453987730062,7765609,9074637
5129,38996,0.9202453987730062,7765609,9074650
38385,39000,0.9145569620253164,9055970,9074688
5129,39002,0.9090909090909091,7765609,9074700
38928,39003,0.946969696969697,9073005,9074728
38477,39004,0.9090909090909091,9049745,9074791
21612,39058,0.8877551020408163,8509918,9077897
7948,39064,0.8735632183908046,7907539,9080472
21608,39216,0.8514851485148515,8509812,9085949
21608,39226,0.8514851485148515,8509812,9086341
21612,39227,0.8787878787878788,8509918,9086453
38477,39233,0.8875739644970414,9049745,9087076
5129,39236,0.8802395209580839,7765609,9087103
5129,39237,0.9146341463414634,7765609,9087136
38481,39238,0.8928571428571429,9049938,9087137
5129,39248,0.9375,7765609,9078642
26633,39365,0.9361702127659575,8656740,9089844
21608,39403,0.8514851485148515,8509812,9091254
21608,39503,0.8514851485148515,8509812,9093024
5129,39528,0.9316770186335404,7765609,9094188
21612,39529,0.8787878787878788,8509918,9094224
39548,39549,0.8758169934640523,9088856,9089601
39532,39575,0.9806201550387597,9095403,9095498
39032,39578,0.9193083573487032,9075660,9096963
28411,39581,0.8652317880794702,8714193,9098227
39614,39627,0.905511811023622,9100168,9101696
39634,39635,0.9481865284974094,9098268,9098276
39634,39637,0.9289340101522843,9098268,9098282
39634,39639,0.9430051813471503,9098268,9098340
39634,39655,0.88,9098268,9101447
39634,39656,0.8939393939393939,9098268,9101451
39675,39678,0.9041095890410958,9103620,9103656
39695,39697,0.9084158415841584,9102274,9102428
39862,39868,0.8701298701298701,9114737,9114918
38604,39896,0.9448979591836735,9063949,9115811
38604,39897,0.9254032258064516,9063949,9115819
38604,39898,0.9391480730223124,9063949,9115834
621,39919,0.9130434782608695,7517500,9116317
34289,39919,0.9145299145299145,8896319,9116317
39914,39921,0.9407216494845361,9116238,9116360
39927,39935,0.8703170028818443,9116729,9117149
39941,39943,0.8956521739130435,9117292,9117325
39927,39945,0.8703170028818443,9116729,9117348
39997,40005,0.863013698630137,9119046,9119247
39808,40048,0.9242424242424242,9111181,9120223
40081,40082,0.8771428571428571,9113214,9113215
40137,40142,0.9479166666666666,9123383,9123467
40100,40220,0.875,9121632,9127710
40187,40234,0.9363057324840764,9126998,9128013
40243,40292,0.8970588235294118,9128346,9130394
10205,40319,0.9391056137012369,8016210,9124080
40338,40355,0.8598726114649682,9124652,9125135
40353,40371,0.9104477611940298,9125075,9126060
40388,40390,0.8640776699029126,9133476,9133505
10205,40481,0.9316239316239316,8016210,9136488
40479,40482,0.9448110377924415,9136456,9136503
40492,40520,0.9380165289256198,9136753,9137333
38709,40525,0.8877551020408163,9067527,9137409
40341,40610,0.918918918918919,9124694,9140419
40627,40636,0.8784530386740331,9132096,9132507
10205,40642,0.9054307116104869,8016210,9132669
40707,40723,0.9290780141843972,9144157,9144556
40788,40789,0.8641765704584041,9145969,9146012
40131,40820,0.9315068493150684,9122954,9146835
40848,40853,0.8627450980392157,9147943,9148015
40823,40871,0.9033333333333333,9146904,9148543
40917,40929,0.8571428571428571,9141227,9141612
10205,40953,0.936372269705603,8016210,9149688
10205,40998,0.9426386233269598,8016210,9155677
40674,40999,0.9765625,9142354,9155709
10205,41003,0.9346590909090909,8016210,9155867
10205,41005,0.9372623574144486,8016210,9155938
10205,41013,0.9426934097421203,8016210,9156195
22315,41017,0.8986866791744841,8528140,9156543
10205,41019,0.94,8016210,9156692
10205,41030,0.94,8016210,9157539
38040,41031,0.8884462151394422,9032800,9150473
38049,41031,0.9347826086956522,9033136,9150473
38049,41034,0.9517543859649122,9033136,9150554
38045,41037,0.8649789029535865,9033077,9150608
38040,41038,0.8884462151394422,9032800,9150635
38049,41040,0.8936170212765957,9033136,9150692
38049,41041,0.8974358974358975,9033136,9150719
38049,41047,0.9517543859649122,9033136,9150862
41041,41049,0.8898305084745762,9150719,9150901
41054,41057,0.8767123287671232,9151099,9151179
41055,41059,0.8695652173913043,9151149,9151248
38040,41118,0.8884462151394422,9032800,9150493
41032,41119,0.8870056497175142,9150492,9151665
38049,41134,0.9051724137931034,9033136,9158897
38045,41138,0.8506224066390041,9033077,9159018
41036,41143,0.9304347826086956,9150584,9159202
14070,41168,0.8505747126436781,8188138,9160273
41176,41177,0.9083969465648855,9160407,9160469
38477,41179,0.8771929824561403,9049745,9160528
38477,41181,0.8670520231213873,9049745,9160576
5129,41186,0.9216867469879518,7765609,9160685
5129,41191,0.8705882352941177,7765609,9160817
39914,41194,0.9060913705583756,9116238,9160874
39914,41198,0.9311224489795918,9116238,9161079
39914,41200,0.9083969465648855,9116238,9161140
5129,41205,0.9375,7765609,9161282
5129,41206,0.8596491228070176,7765609,9161349
14070,41213,0.8628571428571429,8188138,9161579
5129,41220,0.8705882352941177,7765609,9161711
39914,41222,0.9060913705583756,9116238,9161728
39914,41236,0.9141414141414141,9116238,9162180
41231,41239,0.896551724137931,9162036,9162277
41240,41246,0.9545454545454546,9162285,9162477
37370,41373,0.8584905660377359,9011609,9165385
41411,41412,0.8769230769230769,9167189,9167261
41456,41469,0.8823529411764706,9171182,9171822
41483,41505,0.9302325581395349,9172018,9172593
38477,41514,0.9202453987730062,9049745,9172855
41616,41618,0.9285714285714286,9176382,9176446
41625,41630,0.8846153846153846,9176771,9177023
35103,41646,0.8694915254237288,8925837,9169201
623,41650,0.9292035398230089,7517545,9169334
35434,41653,0.8571428571428571,8940013,9169568
41654,41657,0.9441176470588235,9169675,9170087
388,41658,0.9292035398230089,7505159,9170266
41683,41697,0.8601398601398601,9178555,9178914
5129,41794,0.9192546583850931,7765609,9185830
38477,41801,0.8654970760233918,9049745,9186043
5129,41816,0.8511904761904762,7765609,9186345
38481,41817,0.8862275449101796,9049938,9186367
38486,41824,0.874251497005988,9050991,9186446
41687,41863,0.8666666666666667,9178636,9187883
41725,41866,0.8850574712643678,9179523,9187923
41742,41873,0.9391304347826087,9180429,9189119
41902,41903,0.9035087719298246,9183413,9183445
30467,42019,0.9596541786743515,8779111,9194010
30843,42121,0.8627450980392157,8788817,9196920
33583,42121,0.8872340425531915,8866702,9196920
42228,42229,0.8940809968847352,9198498,9198568
42283,42293,0.9002493765586035,9203454,9203770
28783,42297,0.863013698630137,8720201,9203996
38486,42298,0.8862275449101796,9050991,9204025
38477,42299,0.891566265060241,9049745,9204049
41493,42300,0.9545454545454546,9172285,9204060
37169,42357,0.9117647058823529,9003606,9210639
41020,42366,0.8947368421052632,9156700,9210928
42469,42470,0.9366515837104072,9208613,9208632
41750,42490,0.9623188405797102,9181148,9207082
41750,42491,0.9623188405797102,9181148,9207152
42499,42504,0.8870967741935484,9212189,9212318
42507,42513,0.859375,9212365,9212714
42525,42527,0.8775510204081632,9213159,9213194
42546,42570,0.9354838709677419,9213845,9215486
42623,42648,0.9319727891156463,9220214,9220790
41077,42698,0.9431818181818182,9152068,9221555
41020,42707,0.9544159544159544,9156700,9222031
39509,42711,0.86,9093120,9222454
42735,42742,0.938337801608579,9223932,9224144
42735,42760,0.9487870619946092,9223932,9225815
35356,42765,0.8707482993197279,8932575,9216642
42782,42785,0.92,9217294,9217616
39581,42824,0.8945147679324894,9098227,9227984
42893,42901,0.9127906976744186,9230343,9230742
33033,42915,0.908256880733945,8854426,9231369
41493,42985,1.0,9172285,9227321
43002,43003,0.9688850475367329,9235972,9236014
43040,43048,0.9600840336134454,9238166,9238372
43050,43056,0.968944099378882,9238502,9238612
43089,43091,0.888631090487239,9242042,9242093
43089,43095,0.9090909090909091,9242042,9242194
43089,43099,0.8888888888888888,9242042,9242372
43089,43101,0.8981481481481481,9242042,9242432
37635,43126,0.8536585365853658,9023684,9243207
43040,43141,0.9580712788259959,9238166,9243701
43155,43156,0.8703703703703703,9243859,9243875
43155,43160,0.9591836734693877,9243859,9244026
43155,43190,0.96,9243859,9244498
43040,43229,0.9788135593220338,9238166,9245483
43155,43234,0.8979591836734694,9243859,9245631
43155,43238,0.8571428571428571,9243859,9245807
43273,43283,0.8661971830985915,9240448,9240841
43275,43285,0.9392265193370166,9240607,9240909
39509,43311,0.8775510204081632,9093120,9247965
43353,43366,0.922077922077922,9252982,9253471
37635,43420,0.8536585365853658,9023684,9254755
43453,43483,0.8636363636363636,9256281,9250686
43453,43484,0.8861985472154964,9256281,9250701
43453,43492,0.8578313253012049,9256281,9251117
43505,43507,0.9253731343283582,9251935,9252700
2900,43517,0.9025974025974026,7634618,9253236
31262,43519,0.8761651131824234,8795193,9258376
31262,43632,0.9054054054054054,8795193,9264860
43673,43692,0.9532980259990371,9259247,9260542
43695,43697,0.9131886477462438,9267395,9267444
43706,43711,0.949748743718593,9268024,9268968
43740,43741,0.9,9271040,9271054
43748,43754,0.9076923076923077,9271164,9271224
43752,43757,0.92,9271179,9271278
39722,43791,0.9830508474576272,9106259,9271737
30531,43797,0.92,8774561,9272552
43843,43849,0.950920245398773,9275465,9275696
43868,43876,0.8795180722891566,9276374,9276522
43973,43977,0.8850574712643678,9279990,9280139
37635,43990,0.8536585365853658,9023684,9281347
22236,44012,0.9307479224376731,8518450,9275343
44080,44095,0.9638989169675091,9287652,9288267
43739,44129,0.943089430894309,9270985,9289350
44141,44156,0.9431818181818182,9289761,9290396
44220,44222,0.8681318681318682,9285227,9285318
44225,44236,0.8807631160572337,9285786,9286222
44301,44320,0.8984771573604061,9295722,9296256
26487,44384,0.9,8645703,9298008
36192,44393,1.0,8962028,9298436
42709,44401,0.9090909090909091,9222443,9298853
41008,44473,0.9272727272727272,9156046,9301129
44264,44489,0.8853658536585366,9293859,9301876
44264,44490,0.8564593301435407,9293859,9301971
44264,44493,0.8951219512195122,9293859,9302064
44264,44494,0.9348370927318296,9293859,9302083
44264,44495,0.9029126213592233,9293859,9302095
44273,44507,1.0,9294805,9294851
44510,44511,0.9056603773584906,9302575,9302669
44510,44512,0.909433962264151,9302575,9302761
41493,44567,0.9545454545454546,9172285,9306247
44584,44585,0.9746835443037974,9306680,9306749
43739,44605,0.9527720739219713,9270985,9307249
43739,44608,0.9567010309278351,9270985,9307345
43739,44609,0.9567010309278351,9270985,9307370
44662,44663,0.8838174273858921,9309250,9309326
44726,44727,0.9108910891089109,9312925,9312943
44766,44769,0.8556701030927835,9315537,9315625
44785,44792,0.8611111111111112,9316459,9316623
44858,44870,0.9290780141843972,9318049,9318510
44879,44884,0.9466666666666667,9318958,9319388
44909,44910,0.902200488997555,9320702,9320757
7948,44924,0.8723404255319149,7907539,9321084
44979,44984,0.9251968503937008,9314721,9315005
33680,45008,0.9444444444444444,8874545,9325591
45048,45049,0.8695652173913043,9326396,9326409
5137,45058,1.0,7766268,9326784
45073,45074,0.9234972677595629,9327078,9327079
45087,45109,0.8518518518518519,9329844,9368311
28895,45123,0.9032258064516129,8728811,9368616
41616,45125,0.9285714285714286,9176382,9368636
44483,45136,0.9523809523809523,9301393,9328341
9838,45226,0.8522727272727273,7995345,9356282
45136,45226,0.8522727272727273,9328341,9356282
45159,45236,0.9308943089430894,9340324,9366630
43843,45304,0.99375,9275465,9367352
45150,45308,0.874439461883408,9329851,9367385
45154,45331,0.8507462686567164,9338624,9368175
45154,45332,0.8507462686567164,9338624,9368177
45335,45339,0.9169329073482428,9368546,9368683
45348,45354,0.9347826086956522,9331477,9331718
45353,45355,0.9116161616161617,9331686,9331733
37635,45395,0.8536585365853658,9023684,9333395
26722,45439,0.8533333333333334,8654582,9334653
45466,45469,0.9424083769633508,9335154,9335192
28421,45520,0.9827586206896551,8710568,9336687
41077,45528,0.9488636363636364,9152068,9337134
45562,45572,0.9130434782608695,9340144,9366379
45564,45574,0.9431818181818182,9344070,9366487
42926,45732,0.8537549407114624,9231897,9350986
45752,45800,0.8705882352941177,9351418,9352604
45711,45844,0.8601398601398601,9350640,9355523
45858,45861,0.8589211618257261,9346806,9347155
44791,45901,0.9027027027027027,9316619,9360017
21612,45983,0.90625,8509918,9362261
40525,45983,0.8673469387755102,9137409,9362261
17439,46062,0.9178082191780822,8339677,9364639
19585,46062,0.9097222222222222,8429603,9364639
37951,46062,0.9166666666666666,9036701,9364639
21608,46085,0.8514851485148515,8509812,9357364
46092,46096,0.945750452079566,9358081,9358217
46135,46233,0.9130434782608695,9375166,9377426
46267,46285,0.9578947368421052,9377874,9378845
46273,46323,0.9590163934426229,9378085,9381409
46347,46348,0.9215686274509803,9381839,9381851
43442,46351,0.8863636363636364,9255620,9382193
43442,46352,0.9310344827586207,9255620,9382244
46365,46367,0.9215686274509803,9384058,9384119
46380,46381,0.8913043478260869,9384977,9385053
46360,46382,0.9603960396039604,9383148,9385150
46412,46414,0.8605769230769231,9386233,9386250
46432,46478,0.9619565217391305,9386611,9389786
46494,46496,0.9024390243902439,9387675,9387734
46542,46544,0.859504132231405,9395127,9395450
40495,46557,0.8883248730964467,9136833,9397137
46624,46628,0.8665511265164645,9400099,9400205
29118,46689,0.9027777777777778,8731049,9391530
29118,46719,0.8945578231292517,8731049,9395966
29118,46721,0.9178571428571428,8731049,9396046
29118,46726,0.9300699300699301,8731049,9396149
46731,46732,0.9194915254237288,9396555,9396581
46435,46767,0.875,9386955,9404888
46744,46814,0.8974358974358975,9401779,9407788
43739,46852,0.9508196721311475,9270985,9411511
46518,46892,0.9096774193548387,9392447,9410646
43739,46908,0.9567010309278351,9270985,9410835
46936,46938,0.9368131868131868,9413634,9413714
37988,47005,0.9195402298850575,9037727,9418013
37988,47006,0.9090909090909091,9037727,9418089
44134,47033,0.9098039215686274,9289422,9419578
47044,47051,0.9433962264150944,9420022,9420263
47070,47074,0.8621908127208481,9412795,9412814
43739,47122,0.9606625258799172,9270985,9423825
43739,47136,0.943089430894309,9270985,9424489
47145,47148,0.8936170212765957,9424923,9425114
17465,47242,0.8805031446540881,8335657,9433784
46624,47247,0.8670120898100173,9400099,9434291
21612,47248,0.8787878787878788,8509918,9434355
46624,47282,0.8566433566433567,9400099,9435301
47295,47297,0.8839285714285714,9435609,9435851
43739,47310,0.9586776859504132,9270985,9436175
43739,47322,0.9586776859504132,9270985,9436734
8124,47335,0.8620689655172413,7915352,9437699
10821,47339,0.8583941605839416,8042372,9437940
47343,47344,0.8691588785046729,9431943,9431973
47384,47387,0.9397590361445783,9446225,9446289
44134,47392,0.8804554079696395,9289422,9446625
44134,47394,0.9373737373737374,9289422,9446639
47401,47405,0.8793103448275862,9447090,9447374
47402,47408,0.8698630136986302,9447127,9447450
47483,47485,0.8977035490605428,9445237,9445294
47501,47509,0.8723404255319149,9440425,9441045
47512,47516,0.905982905982906,9441283,9441363
47545,47546,0.8888888888888888,9452244,9452246
47546,47551,0.8777777777777778,9452246,9452316
47546,47552,0.9444444444444444,9452246,9452318
43739,47563,0.9626556016597511,9270985,9452518
47536,47569,0.9761904761904762,9451263,9452684
28784,47580,0.8666666666666667,8720214,9453000
47579,47582,0.9876543209876543,9452971,9453113
28784,47583,0.8666666666666667,8720214,9453160
47623,47640,0.9491525423728814,9455290,9455653
47627,47642,0.9619047619047619,9455336,9455679
47701,47704,0.9730941704035875,9451453,9451552
9573,47712,0.9014084507042254,7979022,9457582
47731,47762,0.8695652173913043,9460315,9461206
47744,47762,0.855072463768116,9460727,9461206
47748,47762,0.8823529411764706,9460879,9461206
47791,47815,0.8928571428571429,9462421,9463488
39548,47856,0.9367088607594937,9088856,9464176
47910,47944,0.9285714285714286,9459176,9467569
47955,47956,0.9396929824561403,9468130,9468131
48028,48029,0.9224806201550387,9473948,9473949
43333,48117,0.8741258741258742,9249232,9475846
48105,48135,0.856,9475664,9476423
7948,48147,0.8850574712643678,7907539,9478445
8115,48147,0.8764044943820225,7915083,9478445
48240,48241,0.9666666666666667,9484589,9484591
40820,48253,0.8874172185430463,9146835,9485265
22763,48265,0.8658536585365854,8538125,9485645
22763,48270,0.8536585365853658,8538125,9485900
48090,48274,0.9259259259259259,9475171,9486407
48300,48301,0.8571428571428571,9487700,9487715
48240,48332,0.9305555555555556,9484589,9490973
48338,48339,0.9662576687116564,9479718,9479719
48340,48345,0.935064935064935,9479753,9479923
48378,48382,0.8842105263157894,9487161,9487885
48357,48392,0.8823529411764706,9483386,9488159
41493,48418,0.9111111111111111,9172285,9497196
31623,48516,0.9459459459459459,8809489,9502118
48620,48622,0.9120879120879121,9494164,9494220
48623,48625,0.875,9494241,9494253
33654,48649,0.875,8873844,9503507
48692,48693,0.8773584905660378,9507188,9507200
48692,48695,0.8511627906976744,9507188,9507237
48692,48705,0.8840579710144928,9507188,9507593
48743,48751,0.9269406392694064,9504801,9505926
48747,48756,0.8886010362694301,9505634,9507003
48747,48758,0.9516129032258065,9505634,9509701
48743,48759,0.9269406392694064,9504801,9509926
48783,48785,0.8846153846153846,9512205,9512214
48332,48806,0.8770053475935828,9490973,9513160
48240,48810,0.9060773480662984,9484589,9513180
19757,48839,0.8692660550458715,8436467,9514039
48838,48846,0.8852459016393442,9514038,9514226
48838,48876,0.8852459016393442,9514038,9515259
48838,48883,0.8852459016393442,9514038,9515652
48908,48909,0.8859649122807017,9517519,9517527
48908,48910,0.9017857142857143,9517519,9517528
48918,48921,0.9120879120879121,9518038,9518285
48918,48922,0.9340659340659341,9518038,9518373
48743,48925,0.9398148148148148,9504801,9519242
48965,48972,0.9295278365045807,9512273,9512439
48977,48978,0.9251700680272109,9519696,9519706
48977,48987,0.9387755102040817,9519696,9519913
48640,48989,0.9945652173913043,9498832,9519976
48660,48992,0.8963730569948186,9504009,9520054
49046,49047,0.9124087591240876,9526109,9526144
49042,49049,0.9396984924623115,9525937,9526264
9363,49072,0.8719806763285024,7974537,9527201
48332,49092,0.8613333333333333,9490973,9528303
48240,49159,0.870026525198939,9484589,9530929
49167,49168,0.9111111111111111,9531729,9531741
49184,49194,0.9245283018867925,9522663,9523286
49204,49212,0.90625,9523961,9524185
49260,49270,0.9715447154471545,9537130,9537831
49260,49279,0.8535714285714285,9537130,9538270
33705,49316,0.8952380952380953,8875428,9540027
49318,49323,0.9058823529411765,9540095,9540242
49053,49405,0.8876404494382022,9526386,9542882
49455,49456,0.9327731092436975,9533829,9533845
49455,49457,0.9371428571428572,9533829,9533877
49455,49458,0.9450867052023122,9533829,9533902
49455,49459,0.9083333333333333,9533829,9533993
49455,49460,0.9450867052023122,9533829,9534024
49455,49465,0.9371428571428572,9533829,9534275
49455,49470,0.9421965317919075,9533829,9534409
47204,49471,0.8589420654911839,9429198,9534427
47084,49472,0.8683544303797468,9413135,9534436
49471,49472,0.8556962025316456,9534427,9534436
49455,49474,0.9514285714285714,9533829,9534490
10894,49489,0.9148936170212766,8044990,9535033
49494,49496,1.0,9535332,9535435
49492,49499,0.8620689655172413,9535231,9535575
10205,49520,0.9212007504690432,8016210,9546687
49253,49544,0.868421052631579,9536882,9550696
49555,49557,0.8526315789473684,9551586,9551618
49494,49581,0.920704845814978,9535332,9552237
49585,49589,0.8571428571428571,9552255,9552326
49585,49595,0.8571428571428571,9552255,9552406
49494,49596,0.9459459459459459,9535332,9552415
49494,49650,0.8632478632478633,9535332,9554035
37370,49675,0.8730512249443207,9011609,9554687
37370,49681,0.86,9011609,9554798
49683,49688,0.9640522875816994,9554816,9555075
49508,49689,0.8782608695652174,9536144,9555077
49711,49770,0.8787878787878788,9548366,9556410
49053,49795,0.8876404494382022,9526386,9558750
49804,49809,0.9177215189873418,9560257,9560326
49697,49834,0.9548872180451128,9547802,9561721
28403,49852,0.9757901815736382,8713922,9562396
27889,49853,0.8685446009389671,8695452,9562430
34513,49853,0.8689320388349514,8903911,9562430
27889,49855,0.8685446009389671,8695452,9562470
49405,49856,0.8876404494382022,9542882,9562479
49806,49895,0.9627118644067797,9560296,9564128
49909,49949,0.9338235294117647,9565401,9560124
49581,49983,0.8577586206896551,9552237,9566989
43843,49984,0.9390243902439024,9275465,9567148
46097,49988,0.8884892086330936,9358222,9567960
50001,50003,0.8620689655172413,9569089,9569141
46097,50004,0.875886524822695,9358222,9569211
46097,50006,0.8884892086330936,9358222,9569256
39565,50053,0.9069767441860465,9094833,9568322
39565,50055,0.9176470588235294,9094833,9568339
50000,50057,0.911660777385159,9569009,9568376
50000,50061,0.8908450704225352,9569009,9568540
49772,50062,0.872,9556826,9570726
50104,50105,0.927710843373494,9573732,9573754
48564,50124,0.9067357512953368,9491113,9574496
48640,50124,0.9267015706806283,9498832,9574496
48659,50124,0.8535353535353535,9503990,9574496
50090,50127,0.9583333333333334,9572151,9574973
50173,50179,0.9315068493150684,9576374,9576669
37370,50187,0.86,9011609,9577045
13322,50197,0.9024390243902439,8172654,9578644
50226,50233,0.8650793650793651,9582428,9582612
49806,50234,0.9659863945578231,9560296,9582637
50233,50256,0.9186991869918699,9582612,9583455
50182,50268,0.9470198675496688,9576747,9583975
50182,50286,0.9470198675496688,9576747,9584571
49806,50297,0.9795221843003413,9560296,9585028
50233,50302,0.9147286821705426,9582612,9585176
49806,50313,0.9331103678929766,9560296,9585349
50308,50316,0.863013698630137,9585309,9585395
49856,50337,0.8777777777777778,9562479,9585922
46097,50344,0.8916967509025271,9358222,9579490
46097,50345,0.8916967509025271,9358222,9579498
50000,50363,0.8972602739726028,9569009,9586631
7948,50381,0.9534883720930233,7907539,9587270
50238,50417,0.9161290322580645,9582855,9591090
50238,50418,0.9131832797427653,9582855,9591097
49806,50421,0.9562289562289562,9560296,9591144
49806,50422,0.9562289562289562,9560296,9591149
49806,50423,0.9530201342281879,9560296,9591155
49806,50424,0.9594594594594594,9560296,9591166
50390,50432,0.8503401360544217,9588142,9592573
49806,50447,0.9659863945578231,9560296,9593515
1670,50523,0.9,7575402,9596955
46479,50523,0.8511904761904762,9389842,9596955
49494,50529,0.8739130434782608,9535332,9597460
50434,50539,0.879245283018868,9592835,9590506
49494,50547,0.8956521739130435,9535332,9591672
28403,50561,0.9581950895819509,8713922,9597962
50606,50607,0.9722222222222222,9604166,9604337
50233,50663,0.8613138686131386,9582612,9606405
50636,50670,0.9177489177489178,9605607,9606568
49902,50673,1.0,9564809,9606604
50635,50680,0.9134199134199135,9605602,9606666
50215,50714,0.8992628992628993,9581812,9608907
2542,50718,0.9352941176470588,7619649,9609078
49806,50728,0.922077922077922,9560296,9599876
49806,50759,0.9627118644067797,9560296,9602015
50770,50773,0.9186046511627907,9609845,9609887
50593,50782,0.9147286821705426,9603461,9610106
50815,50816,0.952755905511811,9613319,9613341
50800,50833,0.92,9612907,9613889
37370,50880,0.8716216216216216,9011609,9616890
50885,50890,0.9583333333333334,9617948,9619186
50885,50896,0.9183673469387755,9617948,9620377
43843,50916,0.99375,9275465,9626234
21574,50926,0.88909426987061,8508205,9641895
33744,50927,0.8927789934354485,8876667,9643853
50832,50958,0.8744939271255061,9613869,9617161
50950,50971,0.9389002036659878,9612116,9618100
51030,51038,0.9649122807017544,9625563,9625791
49795,51042,0.8876404494382022,9558750,9626412
50466,51063,0.9565217391304348,9594658,9626961
50885,51135,0.9183673469387755,9617948,9629780
50966,51137,0.9372549019607843,9617717,9629874
50950,51146,0.9545454545454546,9612116,9659625
51143,51160,0.9047619047619048,9639567,9624648
51143,51161,0.889763779527559,9639567,9624685
50885,51189,0.9036144578313253,9617948,9635470
50885,51193,0.9146341463414634,9617948,9635570
51182,51211,0.8681318681318682,9634771,9636086
51219,51220,0.9411764705882353,9636998,9637075
51207,51235,0.9300291545189504,9635996,9640794
51249,51254,0.8697674418604651,9630812,9630861
51287,51289,0.8902439024390244,9637344,9637383
51301,51302,0.9758620689655172,9638834,9638884
51301,51303,0.9528619528619529,9638834,9638898
51301,51305,0.9210526315789473,9638834,9638906
51301,51308,0.9150326797385621,9638834,9639105
47425,51311,0.8706896551724138,9441833,9639146
30531,51376,0.9583333333333334,8774561,9646765
49279,51436,0.9246575342465754,9538270,9649530
51454,51459,0.9714285714285714,9649989,9650167
49279,51466,0.9385665529010239,9538270,9650297
51407,51475,0.9148936170212766,9648263,9650780
50885,51593,0.9183673469387755,9617948,9654326
51131,51602,0.9623430962343096,9629654,9654389
51131,51609,0.8725099601593626,9629654,9654704
51603,51610,0.8681318681318682,9654392,9654710
51131,51611,0.8725099601593626,9629654,9654721
51131,51613,0.9259259259259259,9629654,9654727
51621,51626,0.8666666666666667,9655109,9655280
51131,51627,0.9583333333333334,9629654,9655358
50885,51628,0.9183673469387755,9617948,9655359
50885,51630,0.872093023255814,9617948,9655390
50885,51632,0.907258064516129,9617948,9655470
50885,51633,0.8687258687258688,9617948,9655482
50885,51638,0.907258064516129,9617948,9655775
51636,51644,0.9583333333333334,9655734,9655895
13205,51680,0.9184952978056427,8150267,9657375
4601,51687,0.93125,7735607,9657556
49902,51700,0.924812030075188,9564809,9657951
50782,51700,0.8897058823529411,9610106,9657951
49204,51717,0.8529411764705882,9523961,9658649
51509,51720,0.8621359223300971,9642014,9658881
51510,51720,0.8659003831417624,9642180,9658881
51513,51720,0.8533333333333334,9642476,9658881
51509,51724,0.9402061855670103,9642014,9659989
9387,51773,0.8554216867469879,7975790,9664767
49902,51784,0.924812030075188,9564809,9665332
51089,51797,0.8839285714285714,9628346,9666505
51089,51798,0.8823529411764706,9628346,9666560
51089,51802,0.9227272727272727,9628346,9666631
51089,51805,0.8539823008849557,9628346,9666697
50885,51865,0.907258064516129,9617948,9670874
50885,51871,0.9183673469387755,9617948,9671266
50885,51882,0.9583333333333334,9617948,9671601
51131,51914,0.9504132231404959,9629654,9673073
6567,51950,0.9219712525667351,7844576,9668125
6567,51959,0.9107505070993914,7844576,9669349
51952,51964,0.9039301310043668,9668269,9669708
6567,51969,0.8560157790927022,7844576,9669858
51992,52002,0.9087048832271762,9675169,9676019
29118,52005,0.9094076655052264,8731049,9676110
52058,52071,0.9375251914550584,9681677,9681970
52021,52079,0.8745519713261649,9678371,9682514
52132,52133,0.9490445859872612,9684696,9684706
50593,52146,0.8740740740740741,9603461,9685449
51999,52147,0.9174852652259332,9675831,9685477
52275,52283,0.9246575342465754,9691198,9691432
50885,52285,0.9543568464730291,9617948,9691513
50885,52289,0.9036144578313253,9617948,9691790
51131,52290,0.9547325102880658,9629654,9691801
21295,52300,0.9,8500349,9692748
50522,52336,0.9574468085106383,9596859,9694474
50885,52354,0.9543568464730291,9617948,9701340
30807,52355,0.8800413650465356,8787523,9701377
30666,52387,0.8589147286821706,8783191,9698455
50885,52391,0.8830645161290323,9617948,9698759
50885,52402,0.876,9617948,9699005
50885,52403,0.876,9617948,9699024
50885,52404,0.8795180722891566,9617948,9699059
19757,52416,0.9090909090909091,8436467,9699396
19758,52416,0.875,8436501,9699396
50890,52430,0.8549618320610687,9619186,9700018
50890,52434,0.8549618320610687,9619186,9700190
52378,52441,0.9637096774193549,9697819,9700575
52378,52448,0.9596774193548387,9697819,9700779
52450,52452,0.8803827751196173,9700854,9700994
52374,52462,0.9118387909319899,9697683,9696556
52483,52484,0.9800995024875622,9704452,9704501
52507,52510,0.8529411764705882,9705372,9705411
52507,52511,0.8712871287128713,9705372,9705414
52508,52511,0.8529411764705882,9705400,9705414
52507,52512,0.8529411764705882,9705372,9705420
52507,52518,0.87,9705372,9705730
52534,52535,0.9019886363636364,9702011,9702012
52539,52541,0.9029126213592233,9703020,9703049
52600,52614,0.9425587467362925,9710575,9710997
52627,52637,0.9416666666666667,9711525,9711779
52643,52647,0.9623188405797102,9712161,9712331
52643,52652,0.9705882352941176,9712161,9712667
50593,52653,0.8872180451127819,9603461,9712672
52654,52658,0.9188191881918819,9712692,9712944
49902,52666,0.8768115942028986,9564809,9713366
50233,52666,0.9007633587786259,9582612,9713366
49902,52668,0.924812030075188,9564809,9713401
52651,52669,0.8621621621621621,9712582,9713472
52761,52762,0.8918918918918919,9709545,9709565
52830,52831,0.8709677419354839,9721216,9721287
2440,52928,0.8571428571428571,7623377,9729741
47343,52942,0.8691588785046729,9431943,9726072
53028,53040,0.96996996996997,9734854,9735186
49902,53074,0.8913043478260869,9564809,9737018
14,53077,0.9042553191489362,7481720,9737062
51068,53093,0.855072463768116,9627490,9737912
52996,53221,0.9375,9731915,9743573
44908,53247,0.8866396761133604,9320647,9744784
44918,53247,0.957983193277311,9320981,9744784
53237,53294,0.9181286549707602,9744170,9748308
53348,53350,0.8562874251497006,9752742,9752832
53232,53369,0.8705882352941177,9744116,9753476
53232,53372,0.8809523809523809,9744116,9753593
53371,53373,0.8913043478260869,9753548,9753695
49902,53394,0.924812030075188,9564809,9754661
53387,53395,0.9079903147699758,9754318,9754694
52733,53418,0.873015873015873,9717677,9752415
50885,53448,0.8830645161290323,9617948,9757030
51131,53450,0.9142857142857143,9629654,9757055
50885,53453,0.8690476190476191,9617948,9757115
53420,53457,0.8986486486486487,9755419,9757525
50890,53477,0.8549618320610687,9619186,9761391
21703,53478,0.8651685393258427,8510777,9761406
53392,53525,0.9210526315789473,9754481,9794662
50890,53582,0.8853754940711462,9619186,9800463
52996,53595,0.8562874251497006,9731915,9801744
53162,53612,0.9222222222222223,9741608,9802527
51131,53625,0.9076305220883534,9629654,9763907
53622,53637,0.8840579710144928,9758414,9771562
6567,53665,0.8603238866396761,7844576,9777377
53633,53666,0.9530201342281879,9765711,9777379
51131,53669,0.9112903225806451,9629654,9777515
53636,53688,0.9386503067484663,9769876,9794503
53672,53718,0.8886894075403949,9777830,9817665
53653,53719,0.957089552238806,9776007,9817949
53718,53721,0.9039855072463768,9817665,9818003
53653,53724,0.9230769230769231,9776007,9904632
53736,53741,0.9740932642487047,9761487,9762354
53737,53742,0.935251798561151,9761531,9762379
53733,53755,0.8563734290843806,9761199,9775069
53739,53762,0.9102564102564102,9762071,9776585
53672,53783,0.9464944649446494,9777830,9817660
53672,53789,0.962756052141527,9777830,9817998
53806,53807,0.868421052631579,9763952,9763969
52996,53832,0.9254658385093167,9731915,9766164
14597,53895,0.8566433566433567,8209268,9772552
49902,53928,0.8676470588235294,9564809,9774943
53951,53957,0.8931297709923665,9775625,9775926
53982,53988,0.9459459459459459,9777715,9778091
53962,53993,0.8969072164948454,9776269,9785504
52391,54004,0.8627450980392157,9698759,9767618
19636,54008,0.9120879120879121,8432078,9768126
19636,54009,0.8985959438377535,8432078,9768162
19636,54010,0.9149606299212598,8432078,9768193
48660,54011,0.9263157894736842,9504009,9768783
19636,54050,0.897196261682243,8432078,9770489
19636,54055,0.8944099378881988,8432078,9770570
54160,54162,0.8869565217391304,9787089,9787109
54180,54184,0.9538461538461539,9787638,9787663
54208,54209,0.9695945945945946,9788067,9788092
54193,54215,0.8562091503267973,9787797,9788912
42735,54232,0.8730569948186528,9223932,9790071
54127,54235,0.868421052631579,9785263,9792423
29118,54283,0.8605442176870748,8731049,9793676
46731,54303,0.9156118143459916,9396555,9797367
46731,54330,0.9156118143459916,9396555,9798639
50885,54405,0.8725099601593626,9617948,9801018
50890,54412,0.891566265060241,9619186,9801277
49494,54415,0.871244635193133,9535332,9801415
50890,54417,0.8622047244094488,9619186,9801441
54416,54421,0.9414893617021277,9801434,9801522
54436,54441,0.875,9802812,9802937
54280,54496,0.9186602870813397,9793388,9804335
54531,54534,0.8645980253878702,9795053,9795104
54535,54539,0.883495145631068,9795181,9795303
54535,54543,0.8611111111111112,9795181,9795383
54575,54585,0.8918918918918919,9810085,9810482
49631,54597,0.8701298701298701,9553446,9810864
52640,54597,0.8632478632478633,9711944,9810864
52673,54597,0.8632478632478633,9713664,9810864
54595,54597,0.9308755760368663,9810727,9810864
49631,54599,0.8697478991596639,9553446,9810879
52666,54677,0.8633093525179856,9713366,9813717
50593,54682,0.9147286821705426,9603461,9813852
54743,54751,0.8571428571428571,9815977,9816116
54782,54785,0.8588235294117647,9818020,9818115
54786,54788,0.8591549295774648,9818156,9818231
52733,54798,0.9105691056910569,9717677,9806529
54806,54807,0.9805825242718447,9808457,9808476
23572,54886,0.9555555555555556,8556483,9823352
1670,54960,0.8944099378881988,7575402,9826050
54198,55020,0.8979591836734694,9787873,9829277
55071,55079,0.8858695652173914,9822432,9822710
55100,55107,0.8802816901408451,9832615,9832946
43311,55142,0.8947368421052632,9247965,9834816
55160,55161,0.8973607038123167,9835226,9835239
55198,55201,0.8613861386138614,9832154,9832228
55214,55216,0.9236641221374046,9839417,9839447
55214,55217,0.8876404494382022,9839417,9839480
55248,55249,0.855072463768116,9840781,9840786
55186,55257,0.9635036496350365,9831974,9841023
55240,55266,0.8818181818181818,9840559,9841285
55202,55275,0.8844765342960289,9832440,9841659
55186,55278,0.8823529411764706,9831974,9841685
55186,55288,0.8876404494382022,9831974,9842124
55289,55293,0.9292196007259528,9850495,9850510
49902,55330,0.9172932330827067,9564809,9843392
55328,55334,0.8936170212765957,9843349,9843821
55202,55338,0.9071428571428571,9832440,9844416
53733,55352,0.9094202898550725,9761199,9844887
53221,55380,0.8614457831325302,9743573,9845698
55186,55404,0.8949152542372881,9831974,9846738
16684,55475,0.927536231884058,8305850,9850326
44908,55520,0.8825910931174089,9320647,9851902
55383,55521,0.9717741935483871,9845726,9852118
55514,55524,0.898876404494382,9851584,9852219
55555,55562,0.9329446064139941,9846156,9846392
55555,55563,0.9703264094955489,9846156,9846401
55566,55567,0.9,9846940,9847071
11650,55582,0.8673602080624188,8078912,9847821
50189,55582,0.8840970350404312,9577622,9847821
55578,55589,0.964,9847714,9848112
49494,55591,0.8995633187772926,9535332,9848142
50314,55605,0.9302325581395349,9585372,9859389
55603,55605,0.8519553072625698,9859372,9859389
55653,55660,0.8591549295774648,9860751,9860977
55655,55706,0.9496402877697842,9860798,9862588
55202,55724,0.8610169491525423,9832440,9863443
55660,55734,0.920863309352518,9860977,9863796
41056,55761,0.8848167539267016,9151162,9864872
9568,55762,0.9107142857142857,7985306,9865013
55737,55771,0.898876404494382,9864050,9865332
55663,55773,0.876010781671159,9861103,9865658
55778,55785,0.8745247148288974,9865966,9866111
55186,55787,0.9119718309859155,9831974,9866393
55746,55790,0.9375,9864173,9866737
55778,55794,0.888030888030888,9865966,9866821
41056,55801,0.8941798941798942,9151162,9868974
53418,55810,0.9032258064516129,9752415,9858352
35135,55917,0.8913043478260869,8926686,9877209
37501,55917,0.8913043478260869,9019795,9877209
55918,55920,0.8571428571428571,9877218,9877298
50233,55929,0.9007633587786259,9582612,9877572
55959,55962,0.8743455497382199,9878330,9878440
55965,55970,0.9038461538461539,9878561,9878608
55959,55971,0.859375,9878330,9878612
55868,55993,0.9206349206349206,9875010,9878884
56037,56043,0.9802955665024631,9881481,9881639
43783,56063,0.8920454545454546,9269849,9886140
21612,56074,0.8762886597938144,8509918,9872390
28895,56075,0.8723404255319149,8728811,9872402
28895,56076,0.8924731182795699,8728811,9872429
53162,56142,0.9346846846846847,9741608,9883852
56157,56169,0.8666666666666667,9884988,9885398
19737,56179,0.890625,8434816,9885934
56173,56180,0.9010152284263959,9885649,9886598
56193,56195,0.904,9891651,9891734
41994,56201,0.975609756097561,9192940,9892031
56222,56226,0.92,9893124,9893223
55663,56239,0.875,9861103,9893799
55186,56245,0.9169675090252708,9831974,9893955
55275,56245,0.8602150537634409,9841659,9893955
55395,56245,0.8519736842105263,9846308,9893955
56239,56248,0.8962536023054755,9893799,9893983
55663,56266,0.8579387186629527,9861103,9894629
50226,56280,0.9105691056910569,9582428,9895133
55202,56292,0.9169675090252708,9832440,9895878
56291,56296,0.9512195121951219,9895711,9896025
50885,56376,0.8690476190476191,9617948,9898641
56391,56403,0.875,9899152,9899371
53162,56412,0.9372197309417041,9741608,9899716
49902,56432,1.0,9564809,9902939
51131,56470,0.9112903225806451,9629654,9906200
56483,56484,0.912621359223301,9896980,9897068
56483,56485,0.912621359223301,9896980,9897114
56510,56523,0.8947368421052632,9908244,9910476
56514,56532,0.8526011560693642,9908397,9910755
56483,56556,0.912621359223301,9896980,9944185
56561,56563,0.8888888888888888,9908865,9908944
14,56621,0.9444444444444444,7481720,9931198
14613,56635,0.9092409240924092,8209714,9950018
55186,56640,0.9530685920577617,9831974,9909660
55186,56641,0.9530685920577617,9831974,9909702
55186,56662,0.9230769230769231,9831974,9914133
55186,56677,0.9565217391304348,9831974,9915301
55186,56684,0.9565217391304348,9831974,9915581
55186,56719,0.9395017793594306,9831974,9923731
55202,56725,0.9530685920577617,9832440,9923994
55186,56731,0.9230769230769231,9831974,9924140
56724,56738,0.8978494623655914,9923974,9924315
19636,56751,0.9468599033816425,8432078,9925107
56761,56762,0.9301075268817204,9925778,9925796
56657,56778,0.9090909090909091,9913884,9926720
56659,56796,0.9858356940509915,9913916,9927465
56801,56807,0.9039665970772442,9927857,9927937
56769,56813,0.9661538461538461,9926390,9928380
56821,56823,0.8854166666666666,9928738,9928797
56857,56858,0.9138381201044387,9918480,9918510
56901,56938,0.8646864686468647,9932774,9934321
56990,57012,0.8601190476190477,9936265,9936888
54119,57031,0.9642857142857143,9784715,9937446
57012,57037,0.8532934131736527,9936888,9937606
57019,57060,0.956140350877193,9936944,9939613
388,57098,0.9375,7505159,9930551
623,57107,0.9210526315789473,7517545,9931243
57012,57239,0.9143730886850153,9936888,9948293
56990,57243,0.8693009118541033,9936265,9948343
57012,57244,0.9411764705882353,9936888,9948435
57160,57257,0.9423076923076923,9943058,9948914
57012,57266,0.9088050314465409,9936888,9949407
57186,57291,0.8795180722891566,9944484,9950304
57307,57315,0.9294871794871795,9950712,9950976
57012,57319,0.903125,9936888,9950997
57181,57323,0.8742138364779874,9944319,9951047
57012,57342,0.8990825688073395,9936888,9951660
57145,57346,0.9222222222222223,9941901,9951790
57409,57412,0.8780487804878049,9954926,9955174
57421,57426,0.9415204678362573,9955570,9955730
57419,57430,0.9019607843137255,9955426,9955807
30666,57434,0.8588410104011887,8783191,9956005
57421,57437,0.8863636363636364,9955570,9956133
20669,57476,0.8571428571428571,8477243,9960045
57217,57543,0.8947368421052632,9947784,9976694
57578,57580,0.9178082191780822,9985282,9985287
57435,57647,0.867579908675799,9956009,9958499
57660,57673,0.8611111111111112,9959279,9959858
57707,57746,0.9044117647058824,9963164,9968579
57799,57802,0.933649289099526,9970246,9970320
57799,57805,0.9380952380952381,9970246,9970465
57799,57812,0.880184331797235,9970246,9971131
57799,57814,0.8930232558139535,9970246,9971198
57827,57828,0.9358151476251605,9982537,9982814
31262,57874,0.8972972972972973,8795193,9973726
33474,57877,0.8560105680317041,8868976,9973814
57871,57878,0.944980694980695,9973494,9973820
31262,57881,0.8516556291390729,8795193,9973922
33474,57882,0.8683510638297872,8868976,9973927
43519,57887,0.8521031207598372,9258376,9973980
17650,57911,0.9754901960784313,8342811,9975664
57904,57912,0.8818181818181818,9975518,9975686
57892,57936,0.9733656174334141,9974349,9980203
51131,57959,0.9112903225806451,9629654,9987856
58013,58014,0.911660777385159,9983314,9983321
58051,58071,0.8638132295719845,9986657,10059899
58085,58088,0.9120879120879121,9986824,9986954
55186,58100,0.974169741697417,9831974,9988298
55186,58127,0.9350180505415162,9831974,9991492
56147,58128,0.9148936170212766,9884383,9991531
58136,58137,0.9328859060402684,9991708,9991831
58098,58167,0.8908227848101266,9987807,9994862
53733,58180,0.8922800718132855,9761199,9988379
623,58216,0.8695652173913043,7517545,9998372
58266,58269,0.9361702127659575,10000981,10001084
58265,58276,0.9563182527301092,10000976,10001254
58291,58293,0.856020942408377,10001921,10002199
58390,58391,0.9152542372881356,10008808,10008917
388,58419,0.8695652173913043,7505159,9998767
8339,58426,0.8780487804878049,7919585,9999007
52733,58456,0.8650793650793651,9717677,10011085
58453,58461,0.9105691056910569,10010885,10011637
54831,58480,0.8828125,9818907,10012728
49316,58491,0.8867924528301887,9540027,10013485
53418,58497,0.9186991869918699,9752415,10013917
58316,58500,0.8753541076487252,10003170,10014911
58572,58578,0.898989898989899,10020718,10021081
58573,58579,0.9590643274853801,10020765,10021085
55202,58588,0.9230769230769231,9832440,10021699
55186,58613,0.9198606271777003,9831974,10023848
58638,58644,0.9407216494845361,10014609,10015282
57556,58675,1.0,9984751,10019673
58673,58682,0.8778625954198473,10019640,10019930
56339,58764,0.8985507246376812,9890721,10029026
56339,58767,0.8985507246376812,9890721,10029086
19636,58776,0.9193037974683544,8432078,10029258
56339,58782,0.8671328671328671,9890721,10029714
56339,58784,0.8611111111111112,9890721,10029805
58646,58785,0.8990990990990991,10016144,10029916
58764,58790,0.8776978417266187,10029026,10030235
58646,58799,0.8974820143884892,10016144,10030630
58678,58813,0.9611111111111111,10019754,10031490
19636,58829,0.9227129337539433,8432078,10032266
15341,58881,0.9285714285714286,8240630,10048521
55186,58902,0.8609271523178808,9831974,10068493
4029,58916,0.9358974358974359,7700259,10026632
50885,58924,0.876,9617948,10038368
3100,58929,0.8967391304347826,7648147,10038483
55186,58971,0.8949152542372881,9831974,10040159
55186,58975,0.8762541806020067,9831974,10040504
49572,59005,0.9111111111111111,9552122,10043474
55186,59024,0.9081632653061225,9831974,10045848
29118,59029,0.8576271186440678,8731049,10047082
59011,59030,0.9772079772079773,10044077,10047084
29118,59032,0.8703071672354948,8731049,10047262
59038,59042,0.9652173913043478,10047775,10048102
58988,59048,0.8518518518518519,10042061,10048313
59010,59057,0.8813559322033898,10043837,10051829
51131,59063,0.9105691056910569,9629654,10052856
55186,59077,0.8646864686468647,9831974,10056378
49494,59095,0.8933333333333333,9535332,10056675
59011,59104,0.9772079772079773,10044077,10059628
59011,59111,0.9772079772079773,10044077,10059776
55186,59114,0.8841059602649006,9831974,10059863
55186,59123,0.8841059602649006,9831974,10064090
58646,59159,0.8785714285714286,10016144,10037377
59153,59170,0.9411764705882353,10037053,10038522
59062,59201,0.9555555555555556,10052685,10056063
59190,59206,0.8518518518518519,10055854,10056148
59182,59211,0.9585062240663901,10052543,10056268
59158,59220,0.873900293255132,10037374,10059480
59253,59278,0.9397590361445783,10052520,10057874
57636,59297,0.9591836734693877,9953121,10061969
59268,59302,0.9428571428571428,10055800,10062266
59269,59306,0.9075907590759076,10055822,10062458
59253,59319,0.9454545454545454,10052520,10063867
59253,59322,0.9397590361445783,10052520,10063961
59253,59324,0.9230769230769231,10052520,10064115
55275,59327,0.8732876712328768,9841659,10049570
55186,59331,0.9143835616438356,9831974,10049648
55186,59332,0.9081632653061225,9831974,10049660
55186,59334,0.9143835616438356,9831974,10049721
55186,59341,0.9143835616438356,9831974,10050053
56248,59347,0.8743016759776536,9893983,10050496
59360,59368,0.8801955990220048,10051858,10052618
50522,59372,0.922077922077922,9596859,10052873
2900,59373,0.9025974025974026,7634618,10052875
59352,59376,0.9375,10050965,10053027
57556,59378,0.8709677419354839,9984751,10053033
59413,59415,0.9397590361445783,10055249,10055281
50522,59424,0.9777777777777777,9596859,10055629
59360,59432,0.8866995073891626,10051858,10056076
59437,59442,0.8703703703703703,10057546,10057830
59360,59449,0.8866995073891626,10051858,10060089
59420,59455,0.934640522875817,10055410,10061277
59443,59458,1.0,10058015,10061606
59345,59470,0.8898305084745762,10050381,10065779
50593,59480,0.921875,9603461,10067272
59516,59519,0.9786780383795309,10078951,10079039
49581,59531,0.8614718614718615,9552237,10081736
59551,59563,0.9193548387096774,10066304,10066525
56587,59637,0.93,9920987,10074079
54796,59638,0.903448275862069,9806064,10074111
57338,59653,0.9233333333333333,9951337,10074939
59634,59661,0.9734848484848485,10074002,10075229
59663,59664,0.9124087591240876,10075337,10075345
50885,59674,0.8690476190476191,9617948,10075945
50885,59687,0.876,9617948,10076440
50885,59692,0.876,9617948,10076642
13205,59724,0.9333333333333333,8150267,10079904
59551,59728,0.8968253968253969,10066304,10080091
59555,59728,0.904,10066405,10080091
50885,59731,0.876,9617948,10080173
59730,59736,0.8625,10080144,10080367
13205,59741,0.9428571428571428,8150267,10080515
59747,59760,0.9085872576177285,10080824,10081350
49596,59770,0.8728070175438597,9552415,10072855
51065,59770,0.9585253456221198,9627005,10072855
56339,59786,0.9347826086956522,9890721,10073130
49494,59797,0.8706896551724138,9535332,10073703
19636,59811,0.8724727838258165,8432078,10084652
43843,59828,0.99375,9275465,10085654
59832,59838,0.851063829787234,10085756,10085938
49494,59894,0.8793103448275862,9535332,10088801
59914,59915,0.9516908212560387,10090187,10090348
59914,59916,0.9284009546539379,10090187,10090372
59914,59922,0.9125295508274232,10090187,10090497
59911,59937,0.9696969696969697,10090131,10091428
59914,59939,0.8805620608899297,10090187,10091493
50890,59940,0.9142857142857143,9619186,10091524
55186,59966,0.9166666666666666,9831974,10092492
19636,59991,0.8984375,8432078,10093419
19636,59996,0.9485530546623794,8432078,10093491
19636,60003,0.9516129032258065,8432078,10093811
31623,60009,0.972972972972973,8809489,10093899
59771,60021,0.8659217877094972,10072860,10142459
58635,60078,0.8888888888888888,10014445,10097246
59960,60078,0.9008849557522124,10092162,10097246
60066,60102,0.9308176100628931,10096298,10098395
55186,60106,0.8655737704918033,9831974,10098632
60100,60124,0.925,10098207,10099274
60148,60155,0.8586956521739131,10100169,10100455
59911,60182,0.92,10090131,10101646
59911,60184,0.9802513464991023,10090131,10101721
60188,60196,0.9145299145299145,10101981,10102523
60198,60205,0.9619047619047619,10102782,10104553
55275,60226,0.8614864864864865,9841659,10106095
60213,60234,0.912,10105455,10106682
60234,60235,0.8527131782945736,10106682,10106746
60041,60252,0.8649789029535865,10095023,10107451
60176,60253,0.9748549323017408,10101391,10107464
18652,60309,0.9047619047619048,8394222,10110267
58378,60314,0.8671171171171171,10007060,10110317
60174,60314,0.8551724137931035,10101337,10110317
60394,60395,0.9487179487179487,10114846,10114940
55186,60420,0.916083916083916,9831974,10116801
60285,60424,0.8604651162790697,10109243,10117172
55186,60429,0.8859060402684564,9831974,10117326
10894,60435,0.9545454545454546,8044990,10117600
60406,60441,0.9273927392739274,10115726,10118007
3476,60446,0.8575197889182058,7667104,10118522
53030,60446,0.8604651162790697,9734915,10118522
60450,60462,0.9787234042553191,10118781,10119418
47435,60514,0.9853556485355649,9442246,10123389
58316,60521,0.911504424778761,10003170,10123598
58562,60521,0.8649425287356322,10019804,10123598
58316,60527,0.911504424778761,10003170,10123814
60528,60531,0.9069767441860465,10123853,10123953
60529,60532,0.8888888888888888,10123856,10123972
60538,60540,0.947565543071161,10124021,10124045
60538,60541,0.8868613138686131,10124021,10124054
60537,60543,0.8774617067833698,10124019,10124202
48660,60552,0.9365079365079365,9504009,10124572
48564,60556,0.9470899470899471,9491113,10124707
48660,60558,0.8769230769230769,9504009,10124800
60549,60560,0.8833333333333333,10124463,10124887
48992,60563,0.9214659685863874,9520054,10125015
60555,60592,0.9225,10124684,10127405
60176,60595,0.895264116575592,10101391,10121643
60617,60631,0.9835164835164835,10129832,10130457
58316,60660,0.8982558139534884,10003170,10131315
58646,60692,0.9588014981273408,10016144,10132521
60716,60727,0.9185185185185185,10134488,10134724
60716,60741,0.9111111111111111,10134488,10135516
60753,60759,0.8913043478260869,10136512,10136878
60744,60766,0.9644128113879004,10135596,10137410
60770,60771,0.8701298701298701,10137825,10137919
21542,60799,0.8734177215189873,8507142,10139204
60777,60813,0.8834355828220859,10138118,10139786
60781,60855,0.9715302491103203,10138146,10141950
60709,60868,0.896551724137931,10134362,10155253
60917,60944,0.9020172910662824,10144539,10145755
60888,60945,0.8823529411764706,10143780,10145783
60917,60948,0.8579545454545454,10144539,10145886
59879,60971,0.8698412698412699,10087961,10147013
60967,60979,0.8988439306358381,10146923,10147280
59879,60999,0.8580441640378549,10087961,10148892
60242,61003,0.983739837398374,10107142,10149411
60942,61028,0.884375,10145670,10151158
43729,61044,0.8596491228070176,9270494,10152279
46435,61044,0.9074074074074074,9386955,10152279
60053,61094,0.8928571428571429,10095562,10154666
61087,61105,0.9263157894736842,10154557,10155162
60727,61113,0.8785714285714286,10134724,10155374
61098,61113,0.8714285714285714,10154915,10155374
60956,61130,0.9744897959183674,10146270,10156173
61173,61182,0.9078341013824884,10158957,10159243
60103,61185,0.9656946826758147,10098483,10159336
61235,61248,0.893719806763285,10161804,10162410
61306,61320,0.9346733668341709,10166164,10167092
61334,61347,0.927536231884058,10173622,10174323
61342,61358,0.8956521739130435,10174211,10174831
61382,61383,0.8823529411764706,10168255,10168437
61387,61394,0.9353448275862069,10169412,10169714
61416,61433,0.8998242530755711,10170911,10171861
61414,61435,0.9090909090909091,10170862,10171951
61436,61442,0.907070707070707,10171997,10172196
61448,61470,0.9295774647887324,10172628,10173727
61498,61501,0.9,10176642,10176949
61416,61532,0.9853479853479854,10170911,10180340
61538,61576,0.8721804511278195,10191770,10192683
61603,61605,0.9369988545246277,10178221,10178490
60289,61646,0.8502109704641351,10109471,10183827
60242,61660,0.9493670886075949,10107142,10184180
55186,61674,0.8993055555555556,9831974,10185562
55186,61689,0.8949152542372881,9831974,10186952
61700,61703,0.8586387434554974,10187851,10188647
61704,61717,0.9105263157894737,10188648,10189079
47435,61720,0.8846918489065606,9442246,10189245
61694,61745,0.8870967741935484,10187410,10191581
55186,61768,0.8604651162790697,9831974,10202277
61787,61793,0.9289772727272727,10197362,10197610
55186,61799,0.9103448275862069,9831974,10197809
61796,61801,0.8501742160278746,10197654,10197917
55186,61805,0.9198606271777003,9831974,10198050
61796,61806,0.8621908127208481,10197654,10198054
55275,61808,0.8916083916083916,9841659,10198130
55202,61810,0.8639455782312925,9832440,10198150
61824,61827,0.9282051282051282,10198884,10198952
55186,61829,0.9050847457627119,9831974,10199053
61865,61866,0.9310344827586207,10201047,10201105
61869,61872,0.8960674157303371,10201266,10201425
7983,61878,0.8850574712643678,7909614,10196583
61902,61903,0.9274193548387096,10205152,10205159
61899,61904,0.9480122324159022,10204131,10205248
61902,61907,0.9493670886075949,10205152,10205307
61899,61914,0.9530612244897959,10204131,10205449
55202,61915,0.9887640449438202,9832440,10205469
55186,61917,0.8716216216216216,9831974,10205482
60242,61919,0.9192546583850931,10107142,10205697
61934,61936,0.940983606557377,10206525,10206560
61958,61959,0.8672985781990521,10207594,10207608
7948,61964,0.8850574712643678,7907539,10207698
45156,61967,0.8937329700272479,9338860,10207794
55663,61967,0.855191256830601,9861103,10207794
55202,61968,0.9330985915492958,9832440,10207829
55186,61975,0.9468085106382979,9831974,10208162
61383,61982,0.8620689655172413,10168437,10208363
53733,61991,0.9757009345794393,9761199,10204179
61910,61996,0.8741721854304636,10205342,10205020
61538,62032,0.876984126984127,10191770,10213265
62004,62055,0.9054054054054054,10209615,10215578
62066,62067,0.99,10216898,10216900
55186,62131,0.974169741697417,9831974,10220913
55202,62132,0.8947368421052632,9832440,10220914
55202,62149,0.8947368421052632,9832440,10221445
55202,62161,0.8916083916083916,9832440,10222178
62189,62191,0.9085714285714286,10209412,10209694
62189,62192,0.8926553672316384,10209412,10209795
62189,62196,0.9277456647398844,10209412,10210818
55186,62201,0.9035714285714286,9831974,10211065
55202,62202,0.8939929328621908,9832440,10211251
45226,62207,0.8522727272727273,9356282,10212241
62218,62222,0.9311926605504587,10216230,10216830
55186,62237,0.8813559322033898,9831974,10223965
61787,62239,0.8524590163934426,10197362,10224021
56245,62244,0.8779661016949153,9893955,10224103
55186,62246,0.8609271523178808,9831974,10224130
61787,62248,0.8833333333333333,10197362,10224157
62249,62254,0.9607843137254902,10224178,10224261
61387,62292,0.8744769874476988,10169412,10225009
61538,62299,0.8832684824902723,10191770,10225626
61787,62304,0.8760330578512396,10197362,10225892
61790,62304,0.8513513513513513,10197523,10225892
61538,62321,0.8832684824902723,10191770,10226474
62189,62337,0.9277456647398844,10209412,10227209
61787,62343,0.8833333333333333,10197362,10227777
62344,62352,0.93717277486911,10227913,10228874
62208,62360,0.8787878787878788,10212261,10231279
19636,62369,0.9466019417475728,8432078,10232884
19636,62370,0.9450726978998385,8432078,10232885
61130,62377,0.8586387434554974,10156173,10232991
62377,62406,0.9526627218934911,10232991,10233689
62208,62410,0.8507462686567164,10212261,10233861
55186,62413,0.9205776173285198,9831974,10237175
19636,62420,0.9449838187702265,8432078,10257428
62361,62436,0.8530927835051546,10231834,10232074
62451,62455,0.9862306368330465,10233139,10233547
31262,62465,0.8537549407114624,8795193,10235632
62438,62470,0.8598726114649682,10232484,10235823
62438,62473,0.8571428571428571,10232484,10236017
62451,62481,0.9270315091210614,10233139,10237096
20669,62515,0.8795180722891566,8477243,10239818
18652,62521,0.9117647058823529,8394222,10240044
61538,62536,0.8769230769230769,10191770,10240666
55186,62547,0.8585526315789473,9831974,10240971
62533,62548,0.8984771573604061,10240524,10240975
62555,62565,0.9161676646706587,10241125,10241820
2286,62566,0.8979885057471264,7609703,10241824
61883,62573,0.9112627986348123,10197152,10241975
62032,62585,0.876984126984127,10213265,10242593
62561,62632,0.9537815126050421,10241308,10244499
62308,62635,0.9259259259259259,10226023,10244541
62663,62679,0.963302752293578,10245413,10246220
62686,62699,0.8701298701298701,10246444,10246884
62720,62724,0.9767441860465116,10234175,10234569
7822,62727,0.9166666666666666,7903081,10235105
7822,62728,0.90625,7903081,10235112
62726,62729,0.9877600979192166,10235094,10235114
62660,62759,0.8910891089108911,10245295,10254101
59915,62842,0.8505747126436781,10090348,10258496
62848,62850,0.9664804469273743,10258752,10258871
62816,62878,0.88,10256785,10259771
62726,62905,0.9732685297691372,10235094,10260730
62930,62933,1.0,10262140,10262391
61812,62985,0.9421965317919075,10198402,10264387
61538,62997,0.8603773584905661,10191770,10252467
19636,63002,0.906396255850234,8432078,10264543
19636,63015,0.8911042944785276,8432078,10264984
63052,63055,0.9491525423728814,10266619,10266810
51190,63080,0.86328125,9635496,10267725
52733,63088,0.9186991869918699,9717677,10267981
61787,63095,0.8642659279778393,10197362,10268327
51526,63121,0.908256880733945,9643284,10269759
63129,63158,0.8571428571428571,10269927,10271269
63208,63210,0.927536231884058,10274308,10274320
61767,63224,0.8888888888888888,10201641,10275670
63208,63227,0.9300699300699301,10274308,10275915
63170,63240,1.0,10272153,10288508
63261,63297,0.9019607843137255,10276664,10285739
63261,63298,0.9078947368421053,10276664,10285740
63296,63304,0.9493087557603687,10285737,10285832
63311,63312,0.9206349206349206,10286127,10286138
63314,63316,0.875,10286188,10286241
63314,63318,0.9558823529411765,10286188,10286322
63344,63346,0.9021739130434783,10287426,10287447
62912,63369,0.9925650557620818,10261302,10279625
57981,63385,0.8829787234042553,9972703,10280217
63401,63406,0.9585034013605442,10280942,10281068
63395,63407,0.9555555555555556,10280897,10281100
63399,63410,0.8855421686746988,10280929,10281167
63399,63411,0.8802395209580839,10280929,10281252
55186,63415,0.8576158940397351,9831974,10281592
63430,63434,0.8584474885844748,10282027,10282108
63432,63434,0.9170506912442397,10282105,10282108
61538,63444,0.8513011152416357,10191770,10282488
55186,63448,0.8733333333333333,9831974,10283085
61538,63449,0.8609022556390977,10191770,10283095
26249,63461,0.8854961832061069,8638171,10284689
55186,63466,0.956989247311828,9831974,10285196
63468,63469,0.9261904761904762,10285243,10285257
63468,63471,0.8813953488372093,10285243,10285285
55186,63473,0.888135593220339,9831974,10285291
63456,63474,0.9376344086021505,10283961,10285301
55186,63475,0.9638989169675091,9831974,10285309
63469,63477,0.8708133971291866,10285257,10285322
63479,63481,0.9649122807017544,10285358,10285380
45156,63491,0.8901098901098901,9338860,10278806
63139,63502,0.9565217391304348,10270265,10279603
62660,63511,0.8910891089108911,10245295,10280445
61538,63519,0.8636363636363636,10191770,10289413
62032,63520,0.876984126984127,10213265,10289414
7946,63529,0.9425287356321839,7907517,10291138
63533,63535,0.978494623655914,10291702,10292783
55186,63567,0.8949152542372881,9831974,10294656
55186,63568,0.8949152542372881,9831974,10294683
63615,63644,0.8967254408060453,10296602,10298409
63578,63652,0.8954918032786885,10295067,10298598
63514,63696,0.9672131147540983,10289280,10289196
55186,63712,0.96,9831974,10290526
63208,63720,0.8601398601398601,10274308,10290725
55186,63729,0.9565217391304348,9831974,10291831
63722,63740,0.9305993690851735,10290757,10291930
63514,63745,0.8650793650793651,10289280,10291968
19636,63763,0.9175738724727839,8432078,10293665
61538,63807,0.8870967741935484,10191770,10305439
63808,63820,0.859375,10305441,10305849
19636,63822,0.8990683229813664,8432078,10305876
19636,63824,0.8873456790123457,8432078,10305917
63795,63830,0.9601769911504425,10305093,10306080
51526,63834,0.9252336448598131,9643284,10306241
63698,63837,0.8636363636363636,10289369,10306765
63701,63837,0.9818181818181818,10289822,10306765
60242,63839,0.9967213114754099,10107142,10306968
55186,63844,0.8770764119601329,9831974,10307266
63856,63858,0.8588235294117647,10308306,10308322
63856,63861,0.8914728682170543,10308306,10308383
55275,63867,0.8614864864864865,9841659,10308667
63858,63880,0.8666666666666667,10308322,10309230
63858,63892,0.9105691056910569,10308322,10309772
63739,63893,0.8652173913043478,10291926,10309844
63858,63899,0.8666666666666667,10308322,10309902
55186,63970,0.882943143812709,9831974,10303294
63774,63981,0.9547169811320755,10303983,10303846
59216,64031,0.851063829787234,10059089,10319218
55186,64041,0.9103448275862069,9831974,10319489
61538,64045,0.8769230769230769,10191770,10319653
64037,64048,0.8983516483516484,10319387,10319734
55186,64053,0.8779661016949153,9831974,10320004
64077,64082,0.8608864445163378,10321270,10321395
55020,64096,0.8979591836734694,9829277,10321815
63888,64113,0.9302325581395349,10309289,10322742
63974,64151,0.9748549323017408,10303359,10324302
64158,64160,1.0,10324608,10324703
62308,64195,0.9158878504672897,10226023,10326076
61538,64227,0.8521400778210116,10191770,10327218
64086,64229,0.8636363636363636,10321467,10338653
7825,64232,0.8792569659442725,7903319,10316235
55186,64258,0.8859060402684564,9831974,10318991
64264,64279,0.9434782608695652,10329670,10330611
55186,64294,0.9368421052631579,9831974,10330912
64277,64304,0.8793103448275862,10330508,10331050
62143,64348,0.9022556390977443,10221345,10333868
64340,64349,0.8837209302325582,10333376,10334023
64350,64353,0.9301075268817204,10334207,10334266
19636,64372,0.8584615384615385,8432078,10335604
64142,64372,0.9160063391442155,10323945,10335604
62993,64377,0.9229390681003584,10270687,10335687
64375,64408,0.8901098901098901,10335671,10337010
64388,64408,0.8901098901098901,10336331,10337010
64380,64412,0.9128630705394191,10335806,10337051
19636,64419,0.9037854889589906,8432078,10337444
64368,64433,0.9,10334729,10338029
64380,64442,0.9322033898305084,10335806,10338686
55186,64447,0.9850187265917603,9831974,10338884
64380,64448,0.9493670886075949,10335806,10338916
19006,64471,0.8690476190476191,8404839,10327851
55186,64473,0.9195804195804196,9831974,10328005
62143,64481,0.8639705882352942,10221345,10328535
64461,64499,0.9056603773584906,10352746,10342844
55186,64506,0.8662207357859532,9831974,10343890
55186,64513,0.8712871287128713,9831974,10343959
55186,64516,0.9638989169675091,9831974,10343996
55275,64519,0.864406779661017,9841659,10344033
62482,64521,0.8823529411764706,10237105,10344066
62310,64525,0.8923076923076924,10226065,10344944
60420,64535,0.8598726114649682,10116801,10345410
64545,64560,0.8660988074957411,10345824,10346022
64368,64611,0.923728813559322,10334729,10346976
9412,64612,0.8653846153846154,7976385,10347030
64500,64619,0.967741935483871,10342886,10347187
61538,64634,0.8769230769230769,10191770,10348884
34778,64649,0.9441117764471058,8915467,10349923
64500,64653,0.9757085020242915,10342886,10349952
61538,64684,0.8702290076335878,10191770,10351957
62562,64740,0.8947368421052632,10241313,10343370
55202,64799,0.897887323943662,9832440,10358833
15717,64800,0.9037593984962407,8258888,10358869
55186,64802,0.9816176470588235,9831974,10358897
64815,64818,0.8613569321533924,10359324,10359348
64821,64837,0.9612676056338029,10359373,10356416
64545,64851,0.8501211491865698,10345824,10362554
64850,64854,0.9205397301349325,10362484,10362741
64850,64855,0.937125748502994,10362484,10362816
64850,64856,0.935820895522388,10362484,10362868
50226,64872,0.9180327868852459,9582428,10364019
62032,64905,0.8735177865612648,10213265,10362308
64358,64935,0.8850174216027874,10334421,10369561
55186,64967,0.9887640449438202,9831974,10371824
64676,64988,0.9666666666666667,10350923,10372920
55186,65005,0.8741721854304636,9831974,10373330
55186,65007,0.882943143812709,9831974,10373336
55186,65011,0.8627450980392157,9831974,10373371
55338,65013,0.8581081081081081,9844416,10373431
55186,65016,0.8712871287128713,9831974,10373924
55338,65021,0.8523489932885906,9844416,10374013
55275,65042,0.8974358974358975,9841659,10374993
55186,65045,0.8794326241134752,9831974,10375151
65041,65049,0.9345238095238095,10374967,10375212
65122,65125,0.92,10369117,10369236
61538,65174,0.9112903225806451,10191770,10379683
65183,65190,0.9026548672566371,10380109,10380288
65158,65209,0.9417989417989417,10379461,10380456
55186,65220,0.8979591836734694,9831974,10380829
55186,65239,0.8918918918918919,9831974,10381445
19636,65252,0.9307568438003221,8432078,10381573
55275,65254,0.8703071672354948,9841659,10381589
55186,65256,0.9154929577464789,9831974,10381608
65165,65256,0.8549382716049383,10379581,10381608
65230,65257,0.9522388059701492,10381019,10381609
55202,65258,0.8639455782312925,9832440,10381665
65250,65261,0.91324200913242,10381561,10381669
49494,65271,0.9070796460176991,9535332,10381826
19636,65277,0.9479674796747968,8432078,10381911
58453,65279,0.8849206349206349,10010885,10382008
55186,65290,0.8655737704918033,9831974,10382520
63600,65297,0.8837209302325582,10296188,10382876
56245,65299,0.8809523809523809,9893955,10382966
55186,65304,0.8741721854304636,9831974,10383209
65301,65313,0.9722222222222222,10383039,10383304
65301,65318,0.9761904761904762,10383039,10383443
65314,65319,0.8849840255591054,10383328,10383461
65301,65320,0.9683794466403162,10383039,10383469
65301,65321,0.9683794466403162,10383039,10383486
55186,65322,0.8888888888888888,9831974,10383572
65322,65327,0.8603174603174604,10383572,10383654
55186,65328,0.875,9831974,10383671
60252,65334,0.8503937007874016,10107451,10383954
65109,65335,0.9260700389105059,10378380,10383963
55186,65336,0.8655737704918033,9831974,10384001
65323,65341,0.9191176470588235,10383605,10384223
65301,65350,0.9683794466403162,10383039,10384630
55275,65383,0.8793103448275862,9841659,10386795
65375,65388,0.8815165876777251,10386195,10386864
65388,65391,0.8942307692307693,10386864,10386889
65307,65410,0.9253731343283582,10383224,10389290
65414,65415,0.8817733990147784,10396659,10396816
65159,65421,0.8819444444444444,10379477,10378640
65417,65427,0.9022222222222223,10378623,10379080
55275,65432,0.940959409594096,9841659,10380772
65427,65441,0.8646288209606987,10379080,10382166
63957,65492,0.9605128205128205,10311985,10392357
55186,65523,0.9103448275862069,9831974,10393181
55186,65537,0.8888888888888888,9831974,10394135
19636,65538,0.9076682316118936,8432078,10394152
63957,65544,0.9650385604113111,10311985,10394476
62226,65546,0.8632478632478633,10217231,10394540
10641,65547,0.855072463768116,8035440,10394566
62226,65557,0.8595744680851064,10217231,10395969
65417,65583,0.9030837004405287,10378623,10398295
63957,65587,0.9544524053224156,10311985,10398486
65417,65591,0.9459459459459459,10378623,10398647
65612,65617,0.8571428571428571,10400912,10401417
63113,65623,0.9017094017094017,10269474,10401651
63619,65651,0.9194630872483222,10296665,10402293
56292,65665,0.8528428093645485,9895878,10402874
65712,65716,0.9038461538461539,10405091,10405228
62998,65736,0.8623853211009175,10252502,10397038
65746,65747,0.8732394366197183,10397502,10397507
65746,65759,0.8526315789473684,10397502,10400256
65746,65760,0.8641114982578397,10397502,10400380
65618,65763,0.9202279202279202,10401436,10400545
65618,65764,0.8555858310626703,10401436,10400642
55186,65765,0.8655737704918033,9831974,10400654
62299,65768,0.8653846153846154,10225626,10401102
9568,65791,0.9642857142857143,7985306,10408174
9568,65796,0.8613861386138614,7985306,10408444
9568,65800,0.8656716417910447,7985306,10408633
60242,65806,0.9774193548387097,10107142,10408782
60242,65809,0.9554140127388535,10107142,10408992
65804,65811,0.9761388286334056,10408736,10409090
63811,65816,0.9555555555555556,10305538,10409154
60242,65826,0.9616,10107142,10409415
60242,65830,0.92018779342723,10107142,10409568
55186,65860,0.8943661971830986,9831974,10411300
55186,65864,0.8615916955017301,9831974,10411495
55288,65870,0.8613138686131386,9842124,10411748
31262,65901,0.9092140921409214,8795193,10412557
31262,65905,0.904054054054054,8795193,10412792
31262,65923,0.8862115127175368,8795193,10413481
65736,65969,0.9333333333333333,10397038,10416056
65815,65976,0.9487179487179487,10409153,10408031
65815,65979,0.9522058823529411,10409153,10408523
65799,65981,0.9217877094972067,10408477,10408783
44483,65984,0.9523809523809523,9301393,10417293
66019,66020,0.9596309111880046,10418528,10418551
65815,66060,0.9452554744525548,10409153,10420059
60087,66090,0.8518518518518519,10097656,10421484
65792,66090,0.8751576292559899,10408329,10421484
58785,66106,0.8805704099821747,10029916,10422441
66147,66160,0.8740740740740741,10426267,10426823
66165,66166,0.953125,10427068,10427094
66165,66167,0.92,10427068,10427143
66165,66169,0.9528301886792453,10427068,10427158
19006,66206,0.8588235294117647,8404839,10428417
55186,66219,0.88,9831974,10429853
66223,66224,0.8896982310093653,10430011,10430015
66148,66225,0.875,10426324,10430020
66064,66226,0.8592964824120602,10420135,10430057
61538,66240,0.8740458015267175,10191770,10423394
61538,66243,0.8641509433962264,10191770,10423457
61538,66246,0.8576779026217228,10191770,10423479
66162,66266,0.908256880733945,10426889,10430846
58265,66275,0.9391575663026521,10000976,10431863
66279,66284,0.9234338747099768,10432267,10432314
66281,66288,0.8888888888888888,10432271,10432412
66279,66290,0.9255813953488372,10432267,10432474
66282,66292,0.8657718120805369,10432281,10432540
66281,66295,0.9025270758122743,10432271,10432705
66281,66297,0.9094202898550725,10432271,10432727
66281,66300,0.9163636363636364,10432271,10432746
66282,66307,0.8620689655172413,10432281,10432935
66304,66308,1.0,10432897,10432944
66039,66313,0.8721804511278195,10419284,10433094
66039,66314,0.906801007556675,10419284,10433099
66267,66316,0.896551724137931,10431523,10433114
48659,66321,0.9067357512953368,9503990,10433191
17650,66333,0.9754901960784313,8342811,10433615
66330,66346,0.9506172839506173,10433444,10434416
61538,66351,0.8571428571428571,10191770,10434557
61538,66365,0.8674242424242424,10191770,10440218
66368,66372,0.8823529411764706,10431206,10431329
61538,66373,0.8669201520912547,10191770,10431440
61538,66374,0.8576779026217228,10191770,10431442
48660,66377,0.9468085106382979,9504009,10431492
66368,66382,0.8823529411764706,10431206,10431545
61538,66386,0.8740458015267175,10191770,10431749
56239,66402,0.8535211267605634,9893799,10437509
59368,66417,0.8624078624078624,10052618,10438193
62759,66440,0.9157894736842105,10254101,10438768
55663,66492,0.8640226628895185,9861103,10440308
32291,66494,0.851528384279476,8825345,10440464
55186,66511,0.8770764119601329,9831974,10440801
66491,66512,0.8711340206185567,10440296,10440857
59360,66526,0.9896907216494846,10051858,10435287
66530,66533,0.8914728682170543,10435511,10435787
66553,66568,0.8734177215189873,10445896,10447139
63888,66577,0.851063829787234,10309289,10447650
43843,66581,0.9333333333333333,9275465,10447740
66585,66600,0.9137931034482759,10447893,10448242
58635,66661,0.8709122203098106,10014445,10450323
63657,66665,0.879154078549849,10299305,10450386
64433,66679,0.8688524590163934,10338029,10450640
66680,66690,0.8743455497382199,10450650,10450916
66663,66691,0.9698275862068966,10450345,10451053
66663,66703,0.9376299376299376,10450345,10451515
52387,66737,0.8762057877813505,9698455,10453504
66552,66750,0.8915857605177994,10445369,10444595
64560,66758,0.8614900314795383,10346022,10445173
66552,66770,0.967128027681661,10445369,10446170
65225,66815,0.9310344827586207,10380885,10457451
65225,66829,0.9418604651162791,10380885,10458275
55202,66842,0.9139784946236559,9832440,10458854
66839,66843,0.8641456582633054,10458707,10458960
66876,66891,0.8773841961852861,10460743,10461467
66876,66905,0.9095890410958904,10460743,10462140
66935,66943,0.9300699300699301,10463529,10464009
66948,66953,0.9107142857142857,10464260,10464428
66974,66975,0.9259259259259259,10466107,10466109
9838,66976,0.8636363636363636,7995345,10466110
66974,66977,0.9212962962962963,10466107,10466160
66974,66978,0.9282407407407407,10466107,10466162
66974,66979,0.9282407407407407,10466107,10466173
66974,66980,0.9285714285714286,10466107,10466174
9946,66982,0.9397590361445783,7999818,10466605
64471,66982,0.8588235294117647,10327851,10466605
55186,67000,0.9520295202952029,9831974,10455695
66994,67006,0.9458689458689459,10455545,10455817
67026,67029,0.9779411764705882,10468326,10468444
67026,67079,0.981549815498155,10468326,10473579
67121,67124,0.9243243243243243,10475619,10475656
55186,67231,0.888135593220339,9831974,10479944
67214,67246,0.9270833333333334,10479291,10480432
67248,67255,0.9270186335403726,10480634,10481499
67253,67257,0.9274193548387096,10481294,10481752
67275,67280,0.9227272727272727,10471013,10471300
67026,67291,0.9851851851851852,10468326,10471879
59914,67311,0.872093023255814,10090187,10484842
67360,67391,0.8559322033898306,10488317,10490640
9568,67426,0.9395465994962217,7985306,10492006
9568,67434,0.9358024691358025,7985306,10492202
65327,67435,0.8821656050955414,10383654,10492297
67442,67451,0.9532163742690059,10492500,10492938
64812,67487,0.8923076923076924,10359188,10484367
58398,67494,0.875,9996952,10495052
67062,67496,0.8820224719101124,10472780,10495289
65536,67532,0.8947368421052632,10393743,10499212
15717,67572,0.8535871156661786,8258888,10501106
61538,67590,0.8798449612403101,10191770,10501970
67510,67607,0.9560439560439561,10497454,10502740
67606,67616,0.8995633187772926,10502706,10503185
61538,67657,0.8697318007662835,10191770,10505387
56147,67664,0.9347826086956522,9884383,10506091
67510,67666,0.9592391304347826,10497454,10506225
61665,67668,0.9145299145299145,10184977,10506260
67707,67708,0.9735449735449735,10510393,10510466
67707,67710,0.9546666666666667,10510393,10510519
22309,67712,0.8738317757009346,8522114,10510529
67719,67720,0.8787878787878788,10510735,10510769
53418,67723,0.8870967741935484,9752415,10510866
67718,67729,0.8775510204081632,10510724,10510964
55591,67734,0.8709677419354839,9848142,10511140
67128,67741,0.9814814814814815,10475862,10511278
67734,67763,0.8571428571428571,10511140,10512136
67762,67765,0.9148936170212766,10512115,10512226
67734,67767,0.8955223880597015,10511140,10512319
67780,67783,0.8666666666666667,10512769,10512826
66886,67790,0.8943661971830986,10461325,10513174
66886,67794,0.8552631578947368,10461325,10513376
55186,67841,0.882943143812709,9831974,10517078
55186,67844,0.88,9831974,10517118
19636,67847,0.8958652373660031,8432078,10517140
55186,67849,0.8949152542372881,9831974,10517149
56245,67855,0.9006849315068494,9893955,10517191
67842,67857,0.9488188976377953,10517095,10517218
67868,67878,0.9375,10517627,10517835
61538,67881,0.8593155893536122,10191770,10517971
67884,67905,0.9719789842381786,10518031,10529396
67913,67915,0.9334415584415584,10516749,10516785
59634,67931,0.8597785977859779,10074002,10521916
61975,67931,0.8621908127208481,10208162,10521916
55186,67945,0.8741721854304636,9831974,10522616
61131,67948,0.8689655172413793,10156234,10522681
55186,67949,0.8712871287128713,9831974,10522705
64350,67968,0.8666666666666667,10334207,10523832
13610,68001,0.8740157480314961,8159362,10525049
31784,68036,0.903448275862069,8815195,10526979
19636,68080,0.9345047923322684,8432078,10519246
67941,68085,0.86875,10522420,10519456
65475,68095,0.9375,10391448,10519855
67941,68096,0.9225806451612903,10522420,10519977
68091,68097,0.8888888888888888,10519629,10520035
68186,68187,0.9409448818897638,10535877,10535907
68186,68192,0.9372549019607843,10535877,10536084
55186,68196,0.88,9831974,10536133
67454,68197,0.9595375722543352,10493225,10536140
55186,68202,0.88,9831974,10536374
68186,68205,0.9409448818897638,10535877,10536436
59114,68214,0.8584615384615385,10059863,10536523
68213,68220,0.9482758620689655,10536511,10536685
55186,68223,0.8770764119601329,9831974,10536708
68219,68226,0.9144736842105263,10536677,10536869
55186,68233,0.8741721854304636,9831974,10537470
55186,68264,0.882943143812709,9831974,10538552
55186,68273,0.8885017421602788,9831974,10538840
55186,68276,0.8614864864864865,9831974,10538945
55186,68290,0.8733333333333333,9831974,10539798
68296,68308,0.9183673469387755,10539921,10540663
15164,68318,0.8674698795180723,8231356,10541191
55388,68327,0.9714285714285714,9845816,10541487
68332,68346,0.8636363636363636,10541711,10542038
68219,68352,0.8761904761904762,10536677,10542391
68356,68372,0.9720812182741116,10542437,10545103
55186,68376,0.8770764119601329,9831974,10579892
64545,68383,0.9035976248690185,10345824,10533298
68397,68398,0.9523809523809523,10534122,10534138
68166,68402,0.8823529411764706,10534987,10534508
55186,68431,0.9813432835820896,9831974,10547288
64263,68433,0.9213675213675213,10329667,10547395
64263,68507,0.8879598662207357,10329667,10550929
68466,68524,0.9207920792079208,10549152,10551071
55202,68533,0.9428571428571428,9832440,10551820
55186,68534,0.8859060402684564,9831974,10551858
55186,68537,0.8918918918918919,9831974,10552276
55202,68542,0.8655737704918033,9832440,10552654
68539,68543,0.8624454148471615,10552563,10552684
60242,68577,0.9287925696594427,10107142,10553663
68637,68644,0.8695652173913043,10546008,10546233
15717,68675,0.886094674556213,8258888,10559584
36877,68675,0.8567251461988304,8993844,10559584
61538,68685,0.851145038167939,10191770,10559853
68708,68714,0.8614035087719298,10561093,10561319
68708,68718,0.8614035087719298,10561093,10561419
68717,68723,0.9645390070921985,10561378,10561682
19636,68731,0.8828125,8432078,10561873
61665,68756,0.8907563025210085,10184977,10562831
61665,68759,0.8907563025210085,10184977,10562870
68360,68786,0.85,10542671,10563991
68792,68804,0.8666666666666667,10564246,10564701
19636,68834,0.8663663663663663,8432078,10566151
68683,68878,0.9,10559816,10570858
33744,68890,0.8501070663811563,8876667,10569088
37370,68891,0.8642533936651584,9011609,10569491
68732,68900,0.8584905660377359,10561874,10571406
68732,68903,0.9696969696969697,10561874,10571762
68953,68958,0.9069767441860465,10576170,10576685
4974,68969,0.8927613941018767,7756796,10577317
68985,68988,0.8654434250764526,10578389,10578436
68360,68989,0.9102564102564102,10542671,10578452
68360,68990,0.9044585987261147,10542671,10578485
68996,69030,0.8574561403508771,10578641,10579834
68962,69053,0.9368421052631579,10576733,10581130
64850,69054,0.8808823529411764,10362484,10581168
68962,69057,0.8711864406779661,10576733,10581327
69050,69058,0.892925430210325,10580758,10581330
68962,69060,0.9743589743589743,10576733,10581403
68962,69062,0.8691275167785235,10576733,10581464
68962,69068,0.9743589743589743,10576733,10581610
68962,69069,0.9601449275362319,10576733,10581709
68962,69070,1.0,10576733,10581730
69057,69071,0.8675496688741722,10581327,10581820
68998,69077,0.8653061224489796,10578646,10582648
68963,69086,0.9371428571428572,10576774,10583518
69049,69091,0.8618654073199528,10580621,10583851
55186,69098,0.9737827715355806,9831974,10584236
69140,69143,0.8881789137380192,10574088,10574120
68922,69151,0.9117647058823529,10574654,10574439
69150,69153,0.9090909090909091,10574365,10574467
68675,69166,0.8880918220946915,10559584,10586683
53247,69203,0.8685258964143426,9744784,10588722
69209,69212,0.8695652173913043,10588985,10589260
68907,69213,0.8552278820375335,10572201,10589315
62143,69218,0.851063829787234,10221345,10589397
69227,69229,0.8967136150234741,10590100,10590162
62143,69274,0.8779527559055118,10221345,10593236
68732,69275,0.8825301204819277,10561874,10593243
69262,69295,0.9752066115702479,10591361,10594300
55186,69320,0.8859060402684564,9831974,10595088
55186,69336,0.8859060402684564,9831974,10595222
63657,69372,0.8588588588588588,10299305,10595878
69376,69378,0.8888888888888888,10592067,10592166
58265,69381,0.9410852713178295,10000976,10592696
69387,69391,0.875,10592826,10592950
69387,69394,0.8823529411764706,10592826,10593088
69285,69468,0.99375,10593771,10603014
68360,69504,0.9044585987261147,10542671,10604259
69426,69513,0.9122807017543859,10600115,10604687
69140,69580,0.8881789137380192,10574088,10607425
69406,69599,0.9474085365853658,10596844,10608363
68996,69611,0.9625292740046838,10578641,10598095
15717,69654,0.8847305389221557,8258888,10611979
69669,69682,0.9812206572769953,10612761,10613400
55202,69687,0.927797833935018,9832440,10613684
69669,69701,0.990521327014218,10612761,10613921
69680,69702,0.9674418604651163,10613295,10613980
55186,69708,0.974169741697417,9831974,10614504
69706,69709,0.8518518518518519,10614429,10614611
69614,69716,0.8616352201257862,10598204,10614726
61538,69726,0.904,10191770,10615300
61538,69748,0.9076305220883534,10191770,10616387
55202,69806,0.8673469387755102,9832440,10620592
61433,69838,0.8626086956521739,10171861,10610314
56245,69849,0.8720538720538721,9893955,10610784
69629,69851,0.9565217391304348,10609015,10610800
64676,69853,0.9666666666666667,10350923,10610838
69843,69860,0.8666666666666667,10610464,10620495
55186,69866,0.8949152542372881,9831974,10621044
69877,69881,0.9575757575757575,10622353,10622634
69877,69885,0.899135446685879,10622353,10622682
62032,69994,0.9049586776859504,10213265,10631442
69984,70009,0.9089026915113871,10631038,10632267
69984,70014,0.9024896265560166,10631038,10632326
69984,70019,0.9066390041493776,10631038,10632391
69984,70046,0.9107883817427386,10631038,10633639
69984,70048,0.9263157894736842,10631038,10633666
69985,70055,0.8623481781376519,10631039,10634661
69984,70076,0.8834355828220859,10631038,10636249
61130,70099,0.8592233009708737,10156173,10626986
60087,70135,0.8666666666666667,10097656,10637115
70137,70147,0.9177057356608479,10637160,10637365
70170,70209,0.9010494752623688,10637967,10639443
70197,70257,0.9356223175965666,10638998,10641299
58453,70283,0.9291666666666667,10010885,10643686
70137,70324,0.9225,10637160,10647799
51297,70345,0.918918918918919,9638491,10649303
70170,70352,0.9055472263868066,10637967,10649501
68213,70365,0.9156118143459916,10536511,10646028
68213,70366,0.9216101694915254,10536511,10646059
68213,70367,0.9421841541755889,10536511,10646090
68213,70369,0.9194915254237288,10536511,10646222
70209,70393,0.9216867469879518,10639443,10653459
70394,70399,0.8788927335640139,10653493,10653654
56239,70424,0.8735955056179775,9893799,10655442
70431,70434,0.9328358208955224,10655729,10655847
70467,70470,0.8673469387755102,10657415,10657915
62034,70494,0.9236111111111112,10213394,10660127
70486,70495,0.9069400630914827,10659150,10660138
70486,70497,0.9580645161290322,10659150,10660239
67802,70506,0.9117647058823529,10508736,10660633
61943,70522,0.9301675977653632,10206737,10652198
55013,70534,0.8617992177314211,9828752,10662081
10205,70535,0.9247412982126059,8016210,10662082
63399,70572,0.91875,10280929,10664367
68213,70582,0.9482758620689655,10536511,10664903
68213,70583,0.9399141630901288,10536511,10664907
61498,70592,0.8844621513944223,10176642,10666651
61498,70596,0.8740157480314961,10176642,10666976
55202,70616,0.8817204301075269,9832440,10666394
55186,70617,0.9662921348314607,9831974,10666417
55186,70618,0.8953068592057761,9831974,10666484
55202,70623,0.8767123287671232,9832440,10669047
55186,70626,0.8514851485148515,9831974,10669187
55202,70627,0.8624161073825504,9832440,10669253
65174,70629,0.8508064516129032,10379683,10669300
70629,70631,0.9872881355932204,10669300,10669326
11070,70660,0.8727272727272727,8055608,10670063
11070,70661,0.8727272727272727,8055608,10670064
55186,70668,0.9230769230769231,9831974,10670177
70660,70692,0.9082278481012658,10670063,10671154
70660,70693,0.8588957055214724,10670063,10671156
70386,70702,0.9328358208955224,10648861,10671375
70386,70707,0.8871359223300971,10648861,10671882
70386,70709,0.9449311639549437,10648861,10693687
65045,70716,0.8674242424242424,10375151,10667920
27452,70718,0.8529411764705882,8677288,10667968
55186,70743,0.9148936170212766,9831974,10668720
2286,70744,0.8884180790960452,7609703,10668741
70747,70751,0.9611451942740287,10668816,10668853
10205,70755,0.9426386233269598,8016210,10669076
21612,70759,0.8958333333333334,8509918,10672958
63657,70769,0.8666666666666667,10299305,10673741
10205,70794,0.9435946462715105,8016210,10675438
66051,70852,0.8811292719167905,10419697,10682789
19636,70883,0.9470304975922953,8432078,10684216
70920,70931,0.9401197604790419,10685407,10686055
70920,70945,0.9675456389452333,10685407,10686377
70947,70949,0.875,10686568,10686619
19636,70966,0.8877086494688923,8432078,10672849
70967,71003,1.0,10673562,10678317
70967,71006,1.0,10673562,10678543
19636,71010,0.8877086494688923,8432078,10679959
55186,71027,0.8614864864864865,9831974,10680905
11012,71032,0.9283276450511946,8051241,10681133
71036,71046,0.9280575539568345,10687293,10687524
55186,71048,0.882943143812709,9831974,10687563
55186,71089,0.8859060402684564,9831974,10689156
71076,71105,0.9460916442048517,10688578,10689990
62226,71113,0.8568548387096774,10217231,10690676
63444,71114,0.8503649635036497,10282488,10690991
64905,71120,0.8571428571428571,10362308,10691448
71071,71123,0.8859649122807017,10688512,10691674
64142,71131,0.8786039453717754,10323945,10691910
55186,71138,0.8949152542372881,9831974,10692235
55186,71147,0.882943143812709,9831974,10692842
55186,71151,0.8859060402684564,9831974,10692908
55186,71154,0.9263157894736842,9831974,10693001
62299,71168,0.8641509433962264,10225626,10693356
62226,71178,0.8568548387096774,10217231,10693830
71088,71188,0.9323308270676691,10689109,10694219
71141,71189,0.873015873015873,10692462,10694347
71127,71208,0.935064935064935,10691754,10695459
71062,71211,0.8799171842650103,10688285,10695561
71071,71211,0.9,10688512,10695561
69669,71213,0.9534883720930233,10612761,10695639
71043,71218,0.9956709956709957,10687489,10695794
55186,71231,0.9485294117647058,9831974,10697924
71264,71265,0.8561151079136691,10698276,10698322
71311,71317,0.9493243243243243,10705773,10707331
62032,71320,0.8666666666666667,10213265,10707867
61538,71329,0.8513011152416357,10191770,10709141
71322,71343,0.9465875370919882,10708089,10714177
71311,71347,0.9003322259136213,10705773,10714348
71322,71376,0.978978978978979,10708089,10715845
62369,71380,0.8631415241057543,10232884,10715965
71318,71386,0.8686868686868687,10707409,10716564
55186,71390,0.9632352941176471,9831974,10716685
62369,71396,0.8512269938650306,10232884,10716866
55186,71408,0.8979591836734694,9831974,10717822
60956,71410,0.8921568627450981,10146270,10717903
71359,71421,0.879746835443038,10714805,10718275
62369,71425,0.8631415241057543,10232884,10718447
71318,71430,0.8888888888888888,10707409,10718560
71428,71432,0.9900199600798403,10718541,10718618
71413,71436,0.8648648648648649,10718079,10718817
71394,71441,0.9754098360655737,10716809,10719218
71425,71441,0.8523076923076923,10718447,10719218
71380,71442,0.9421221864951769,10715965,10719316
71413,71476,0.8533333333333334,10718079,10719926
71486,71502,0.8507462686567164,10721043,10721691
71436,71503,0.8533333333333334,10718817,10721783
55275,71517,0.8680555555555556,9841659,10701318
9365,71522,0.8850574712643678,7974599,10701584
62032,71534,0.8594377510040161,10213265,10702376
71595,71624,0.9177820267686424,10706653,10708220
61538,71632,0.904,10191770,10708295
63657,71646,0.9831081081081081,10299305,10708670
68900,71646,0.8504672897196262,10571406,10708670
71610,71649,0.9625850340136054,10707099,10708732
65121,71689,0.8854625550660793,10369094,10712402
67606,71689,0.9237668161434978,10502706,10712402
55186,71717,0.8745762711864407,9831974,10713900
55186,71718,0.8835616438356164,9831974,10713912
55186,71721,0.8513513513513513,9831974,10714035
31262,71722,0.8779840848806366,8795193,10714101
68732,71730,0.9664429530201343,10561874,10715554
29222,71732,0.9792682926829268,8738628,10716923
62566,71756,0.8667601683029453,10241824,10724772
71537,71765,0.9433962264150944,10702648,10725271
55186,71797,0.9166666666666666,9831974,10724114
55186,71806,0.8979591836734694,9831974,10724410
71537,71807,0.9483568075117371,10702648,10724519
71849,71850,0.9262672811059908,10731426,10731482
71833,71868,0.8933333333333333,10730345,10733168
71810,71879,0.9507389162561576,10726940,10734173
61538,71881,0.876984126984127,10191770,10734350
19636,71904,0.948051948051948,8432078,10735708
19636,71909,0.9656301145662848,8432078,10735889
14597,71911,0.9616858237547893,8209268,10735944
55202,71927,0.8610169491525423,9832440,10736737
71903,71930,0.9252669039145908,10735660,10736901
71815,71934,0.8518518518518519,10728876,10736952
71953,71958,1.0,10737826,10737913
7946,71963,0.8913043478260869,7907517,10738248
55186,71972,0.9550561797752809,9831974,10726479
61576,71995,0.8641509433962264,10192683,10729001
61538,71998,0.8609022556390977,10191770,10729477
67616,72008,0.8603603603603603,10503185,10741467
61538,72009,0.859375,10191770,10741476
72012,72015,0.8967136150234741,10741587,10741724
72012,72018,0.8543689320388349,10741587,10741993
71999,72044,0.9004739336492891,10739789,10743355
72021,72054,0.8814655172413793,10742171,10743691
72052,72054,0.8550420168067226,10743540,10743691
54267,72068,0.9010416666666666,9782256,10744471
70386,72078,0.9328358208955224,10648861,10745416
70386,72079,0.9244114002478315,10648861,10745421
70386,72089,0.9473684210526315,10648861,10740413
70386,72093,0.9485570890840652,10648861,10740480
72111,72116,0.974025974025974,10748126,10748244
72114,72118,0.9076923076923077,10748192,10748273
72137,72141,0.9560185185185185,10749049,10749190
9568,72144,0.9326683291770573,7985306,10749303
55186,72153,0.9010238907849829,9831974,10749963
55186,72156,0.9295774647887324,9831974,10750021
70386,72176,0.9559748427672956,10648861,10750703
63875,72186,0.9166666666666666,10309172,10746610
63875,72187,0.8596491228070176,10309172,10746634
72186,72189,0.9074074074074074,10746610,10746699
55186,72196,0.8949152542372881,9831974,10747097
72193,72198,0.8735632183908046,10746838,10747426
63471,72212,0.8707482993197279,10285285,10754750
55186,72214,0.8741721854304636,9831974,10754803
55186,72218,0.8741721854304636,9831974,10754914
55338,72223,0.8610169491525423,9844416,10755104
55186,72237,0.9072164948453608,9831974,10755570
63471,72238,0.8727272727272727,10285285,10755673
72001,72244,0.9842767295597484,10740672,10756014
60176,72253,0.9606525911708254,10101391,10756625
55186,72258,0.9072164948453608,9831974,10757072
72232,72260,0.8783783783783784,10755467,10757128
55186,72264,0.9134948096885813,9831974,10757224
55186,72265,0.9428571428571428,9831974,10757254
61538,72266,0.8627450980392157,10191770,10757316
58732,72273,0.8778135048231511,10028361,10757529
72001,72273,0.921875,10740672,10757529
72271,72313,0.9613899613899614,10757472,10759779
72013,72332,0.8995433789954338,10741661,10761292
72351,72354,0.8867924528301887,10752385,10752643
72349,72356,0.8888888888888888,10752258,10752776
55186,72361,0.9050847457627119,9831974,10753440
66623,72361,0.8620689655172413,10448961,10753440
55186,72365,0.9050847457627119,9831974,10753535
72362,72367,0.8940397350993378,10753481,10753564
55202,72370,0.8732876712328768,9832440,10753697
64315,72405,0.9310344827586207,10331209,10767998
61538,72415,0.8513011152416357,10191770,10768204
71599,72428,0.8895027624309392,10706957,10768670
64315,72455,0.8846153846153846,10331209,10770134
72427,72456,0.88,10768494,10770276
72478,72495,0.9337748344370861,10771507,10772158
72446,72504,0.9420289855072463,10769475,10772286
72013,72529,0.8995433789954338,10741661,10773906
72532,72535,0.8969465648854962,10774020,10774071
72583,72586,0.911504424778761,10764496,10764883
69877,72597,0.855191256830601,10622353,10765268
63469,72605,0.8502415458937198,10285257,10765518
72589,72605,0.946236559139785,10764942,10765518
72613,72618,0.9145299145299145,10766007,10766109
72589,72620,0.9727520435967303,10764942,10766143
62032,72622,0.8666666666666667,10213265,10766154
65174,72625,0.86328125,10379683,10766161
61538,72627,0.8513011152416357,10191770,10766164
61538,72629,0.8576779026217228,10191770,10766258
61538,72633,0.8641509433962264,10191770,10766270
62032,72636,0.86328125,10213265,10766492
55186,72653,0.9154929577464789,9831974,10780379
72662,72671,0.9245283018867925,10780894,10781219
72664,72677,0.8591549295774648,10780914,10781346
72664,72705,0.8591549295774648,10780914,10782800
60103,72716,0.8536585365853658,10098483,10783822
48640,72718,0.9521276595744681,9498832,10783923
72720,72729,0.8605341246290801,10783938,10784895
48564,72745,0.8578680203045685,9491113,10785710
61576,72758,0.8730769230769231,10192683,10786333
72720,72772,0.8630952380952381,10783938,10787200
72768,72775,0.9029126213592233,10787034,10787341
68607,72785,0.9295774647887324,10556360,10788002
55186,72787,0.9071428571428571,9831974,10788035
72795,72798,0.9626168224299065,10788689,10788892
72795,72801,0.8839285714285714,10788689,10788962
72795,72802,1.0,10788689,10788989
72795,72826,1.0,10788689,10789850
72769,72827,0.8904109589041096,10787073,10790011
72769,72829,0.868421052631579,10787073,10790214
48660,72836,0.9010416666666666,9504009,10790973
48660,72839,0.8527918781725888,9504009,10791199
48659,72842,0.9518716577540107,9503990,10791498
65546,72855,0.8568376068376068,10394540,10778854
72848,72867,0.8636363636363636,10778645,10779076
72849,72868,0.9570552147239264,10778713,10779079
55186,72889,0.8513513513513513,9831974,10779785
55186,72893,0.9399293286219081,9831974,10779817
72891,72895,0.918918918918919,10779788,10779827
72879,72901,0.8530465949820788,10779590,10780021
72887,72905,0.9459459459459459,10779752,10780075
55186,72907,0.8831615120274914,9831974,10780113
72894,72924,0.8659217877094972,10779820,10781611
72898,72939,0.8536585365853658,10779959,10793675
70484,72990,0.9,10659013,10796102
72969,73001,0.9376026272577996,10794993,10796765
65746,73013,0.8705035971223022,10397502,10797999
73019,73020,0.8925619834710744,10798415,10798732
62806,73034,0.8737864077669902,10256178,10799089
63314,73034,0.9303482587064676,10286188,10799089
62806,73038,0.8571428571428571,10256178,10799146
73037,73050,0.972972972972973,10799144,10799426
73037,73081,0.9306930693069307,10799144,10802020
63314,73086,0.8803827751196173,10286188,10802379
63314,73087,0.8846153846153846,10286188,10802759
73010,73099,0.9084967320261438,10797876,10805900
73130,73131,0.9709302325581395,10804720,10804778
14,73215,0.9722222222222222,7481720,10810430
55186,73268,0.9041095890410958,9831974,10814202
73270,73271,0.9328859060402684,10814223,10814228
68360,73275,0.9044585987261147,10542671,10814268
68360,73276,0.9044585987261147,10542671,10814272
55275,73285,0.8823529411764706,9841659,10815577
55186,73287,0.8979591836734694,9831974,10815643
72876,73331,0.9425087108013938,10779497,10806868
73332,73350,0.9540229885057471,10806887,10807693
70386,73366,0.9364089775561097,10648861,10809053
30975,73376,0.9032258064516129,8791377,10820020
60218,73376,0.8549618320610687,10105812,10820020
61131,73376,0.8888888888888888,10156234,10820020
73373,73379,0.8734177215189873,10819972,10820059
55186,73391,0.9468085106382979,9831974,10820742
62032,73417,0.9106382978723404,10213265,10824630
55275,73420,0.8823529411764706,9841659,10824793
55186,73421,0.9361702127659575,9831974,10824795
55275,73424,0.8732876712328768,9841659,10824913
73427,73431,0.8859060402684564,10825182,10825385
70386,73434,0.9596469104665826,10648861,10825642
70386,73435,0.9596469104665826,10648861,10825652
55338,73444,0.8692579505300353,9844416,10826046
55186,73448,0.8716216216216216,9831974,10837918
73461,73464,0.9687010954616588,10826443,10826532
73461,73466,0.9294478527607362,10826443,10826632
73461,73472,0.9748822605965463,10826443,10826766
71978,73474,0.8875968992248062,10727091,10826847
71978,73475,0.9317269076305221,10727091,10826918
73224,73482,0.8907103825136612,10811028,10827274
69893,73485,0.95260663507109,10622792,10827967
73469,73488,0.9112903225806451,10826708,10828113
73224,73490,0.8804347826086957,10811028,10828237
73501,73507,0.988929889298893,10828641,10829057
73461,73525,0.9764521193092621,10826443,10829978
71978,73526,0.928,10727091,10831464
72111,73534,0.9547244094488189,10748126,10832915
72111,73536,0.9566074950690335,10748126,10832924
72876,73553,0.8845500848896435,10779497,10829175
55186,73566,0.9072164948453608,9831974,10830904
72876,73567,0.9486725663716814,10779497,10831084
72876,73570,0.9139414802065404,10779497,10831521
72876,73572,0.9486725663716814,10779497,10831538
72876,73575,0.9238754325259516,10779497,10831716
73461,73584,0.9686520376175548,10826443,10833794
64227,73586,0.9036144578313253,10327218,10834013
73631,73663,0.8705357142857143,10871021,10871992
73033,73681,0.9659574468085106,10799079,10872498
73641,73688,0.9471698113207547,10871208,10872682
73696,73698,0.9565217391304348,10872795,10873051
73713,73714,0.9111969111969112,10874282,10874365
73674,73717,0.8838709677419355,10872338,10874497
73713,73720,0.9590163934426229,10874282,10875740
73641,73721,0.917910447761194,10871208,10875836
73714,73722,0.8633093525179856,10874365,10875846
73713,73723,0.8943396226415095,10874282,10875871
73641,73724,0.9360902255639098,10871208,10875892
73713,73726,0.8736059479553904,10874282,10875907
43836,73743,0.922509225092251,9274810,10836724
60956,73760,0.8947368421052632,10146270,10837800
73760,73768,0.85,10837800,10838181
55186,73808,0.8794326241134752,9831974,10844514
73835,73838,0.9540229885057471,10854310,10854360
73837,73841,0.9459459459459459,10854344,10854478
70830,73857,0.9056603773584906,10681840,10856688
10894,73860,0.8695652173913043,8044990,10856819
73836,73867,0.8583569405099151,10854323,10858871
56015,73877,0.8856209150326797,9880133,10859334
62299,73878,0.8730769230769231,10225626,10859376
73642,73883,0.873015873015873,10871222,10859664
61538,73886,0.8700787401574803,10191770,10860447
70386,73894,0.9244114002478315,10648861,10867201
73862,73896,0.9347826086956522,10856892,10869553
62032,73907,0.8537549407114624,10213265,10870691
73922,73923,0.9072847682119205,10877093,10877116
73935,73938,0.8763440860215054,10877925,10878151
73935,73941,0.9382022471910112,10877925,10878217
70692,73943,0.8512658227848101,10671154,10878398
73922,73943,0.9166666666666666,10877093,10878398
63469,73967,0.8942528735632184,10285257,10842154
73962,73970,0.9642857142857143,10836486,10846363
61538,73995,0.850187265917603,10191770,10852497
55202,74007,0.8859060402684564,9832440,10853671
71892,74024,0.9485981308411215,10734919,10855415
55202,74066,0.8979591836734694,9832440,10859919
73981,74072,0.8947368421052632,10847656,10861305
74049,74072,0.9401197604790419,10858066,10861305
73991,74076,0.896551724137931,10852123,10861340
55202,74085,0.9041095890410958,9832440,10862440
73989,74096,0.8672680412371134,10849930,10866468
74006,74102,0.9333333333333333,10853531,10868723
74097,74129,0.8514548238897397,10866634,10870170
74097,74130,0.9375,10866634,10870178
39370,74151,0.925531914893617,9090131,10874613
55186,74169,0.8936170212765957,9831974,10875361
63468,74181,0.8633257403189066,10285243,10876448
63468,74195,0.8707482993197279,10285243,10876933
55202,74196,0.8949152542372881,9832440,10877053
63468,74203,0.8555304740406321,10285243,10878155
55186,74216,0.9705882352941176,9831974,10848816
74209,74218,0.9541284403669725,10847499,10851148
60956,74276,0.9949238578680203,10146270,10879500
74292,74299,0.9065420560747663,10884076,10884494
71580,74301,0.9807692307692307,10705603,10884570
74330,74332,0.8732876712328768,10885924,10886248
74332,74345,0.8528428093645485,10886248,10886969
74357,74375,0.9473684210526315,10887767,10889082
67606,74381,0.8813559322033898,10502706,10889503
74364,74384,0.875,10888322,10889540
60956,74391,0.8826291079812206,10146270,10890329
67616,74403,0.8625,10503185,10891768
74388,74406,0.9411764705882353,10890279,10891867
60956,74411,0.9455445544554455,10146270,10892045
71689,74414,0.8803418803418803,10712402,10892241
74388,74415,0.9497716894977168,10890279,10892315
39370,74428,0.9666666666666667,9090131,10880235
55202,74431,0.9520295202952029,9832440,10880736
74439,74440,0.8612612612612612,10882109,10882235
68113,74448,0.9368421052631579,10520685,10882825
49494,74456,0.9054054054054054,9535332,10883623
55186,74457,0.960431654676259,9831974,10883670
74474,74476,0.9,10884896,10885039
6567,74520,0.9163265306122449,7844576,10895493
62299,74547,0.8538461538461538,10225626,10898034
74518,74550,0.8757062146892656,10895460,10898202
71096,74637,0.918918918918919,10689494,10902804
74531,74659,0.8825757575757576,10896413,10893860
74531,74662,0.8931297709923665,10896413,10893886
74527,74674,0.8732057416267942,10896239,10894249
62451,74689,0.8888888888888888,10233139,10904016
72446,74700,0.9502487562189055,10769475,10904782
63807,74702,0.8619246861924686,10305439,10905626
72446,74723,0.9405940594059405,10769475,10910608
64151,74734,0.8556338028169014,10324302,10911371
74701,74760,0.8571428571428571,10905511,10914668
74767,74768,0.9023569023569024,10905771,10905789
74764,74775,0.8623595505617978,10905633,10906080
74764,74777,0.9672619047619048,10905633,10906123
74767,74783,0.8673139158576052,10905771,10906206
74782,74789,0.9439252336448598,10906204,10906398
70830,74795,0.9052132701421801,10681840,10906461
73453,74795,0.8513513513513513,10823991,10906461
73857,74801,0.8504672897196262,10856688,10906590
74843,74848,0.9404761904761905,10908924,10909620
74782,74849,0.9439252336448598,10906204,10912980
74815,74857,0.8782608695652174,10907308,10914608
70830,74861,0.8842592592592593,10681840,10915405
74767,74870,0.9084745762711864,10905771,10904872
74767,74887,0.9409722222222222,10905771,10914815
74767,74890,0.9084745762711864,10905771,10914829
74873,74964,0.9763779527559056,10905135,10921526
74934,75009,0.9611307420494699,10919534,10924263
60956,75054,0.8915094339622641,10146270,10926937
74873,75087,0.9712041884816754,10905135,10930846
55186,75151,0.9925373134328358,9831974,10921912
55186,75159,0.922509225092251,9831974,10923156
75112,75173,0.8755364806866953,10916496,10926226
52863,75222,0.8869047619047619,9722399,10933736
75258,75260,0.954248366013072,10934572,10934682
52863,75281,0.872093023255814,9722399,10935876
63475,75282,0.853125,10285309,10935925
63657,75283,0.9134615384615384,10299305,10936002
6567,75315,0.9163265306122449,7844576,10939542
58100,75359,0.8618421052631579,9988298,10943575
75253,75359,0.8629283489096573,10934505,10943575
69893,75368,0.9035087719298246,10622792,10939837
75390,75392,0.8617021276595744,10942298,10942557
75390,75393,0.8709677419354839,10942298,10942665
75390,75395,0.9010989010989011,10942298,10942682
56015,75527,0.9056603773584906,9880133,10951901
69877,75527,0.8964497041420119,10622353,10951901
57981,75529,0.8579234972677595,9972703,10952101
74059,75529,0.9318181818181818,10858580,10952101
73989,75541,0.8602941176470589,10849930,10953447
75564,75567,0.9148936170212766,10959446,10959537
70386,75605,0.9352428393524284,10648861,10946641
75612,75613,0.8724489795918368,10956707,10958500
5143,75636,0.9952681388012619,7767396,10960971
74683,75673,0.8958333333333334,10895429,10965499
75425,75675,0.9608695652173913,10944871,10965562
74534,75682,0.9287671232876712,10896527,10966543
75672,75683,0.9198717948717948,10965475,10966551
70839,75734,0.8638132295719845,10682236,10969109
71978,75734,0.9282868525896414,10727091,10969109
75743,75744,0.8677685950413223,10970635,10970656
52863,75787,0.9137931034482759,9722399,10976749
52863,75788,0.9096045197740112,9722399,10976768
52863,75791,0.9190751445086706,9722399,10976907
52863,75797,0.9147727272727273,9722399,10977215
75851,75859,0.935064935064935,10980244,10980612
75868,75870,0.8782608695652174,10981300,10981531
75868,75877,0.9537037037037037,10981300,10982716
75869,75879,0.8809523809523809,10981330,10982908
75894,75895,0.9272727272727272,10984212,10984218
75895,75896,0.8656387665198237,10984218,10984486
75888,75897,0.9605633802816902,10983782,10984501
75893,75899,0.9907407407407407,10984062,10985249
75894,75909,0.9765258215962441,10984212,10986775
55186,75915,0.9814126394052045,9831974,10987248
59441,75917,0.9454545454545454,10057688,10987353
55186,75919,0.9777777777777777,9831974,10987390
55202,75922,0.9071428571428571,9832440,10987462
63424,75922,0.8566666666666667,10281941,10987462
75896,75932,0.9811320754716981,10984486,10987664
75960,75975,0.8695652173913043,10988297,10988574
75901,75977,0.921875,10985333,10988616
75894,75989,0.9697674418604652,10984212,10985759
75986,75996,0.883495145631068,10985516,10986162
52401,76005,0.96,9698984,10986919
65045,76029,0.8634686346863468,10375151,10989777
63840,76033,0.9324324324324325,10307222,10989992
76035,76060,0.9264705882352942,10990060,10992310
76035,76100,0.9219512195121952,10990060,10994048
76047,76147,0.868421052631579,10990625,10999072
76050,76147,0.868421052631579,10990809,10999072
76120,76149,0.8539325842696629,10995246,10999096
76160,76167,0.8651685393258427,11000033,11000857
73058,76191,0.8926441351888668,10800252,11002906
70386,76196,0.9316770186335404,10648861,10988710
70386,76199,0.9352428393524284,10648861,10988759
76201,76208,0.8591549295774648,10988935,10989237
76202,76212,0.8798586572438163,10988991,10989541
44483,76230,0.8505747126436781,9301393,10997082
44483,76236,0.8837209302325582,9301393,10997154
70386,76245,0.929368029739777,10648861,11002253
49596,76295,0.8565217391304348,9552415,11007010
73171,76300,0.8818181818181818,10808129,11007155
76275,76336,0.9318181818181818,11005855,11009257
7822,76339,0.865979381443299,7903081,11009983
76275,76370,0.9318181818181818,11005855,11011930
76278,76374,0.8913857677902621,11005911,11012367
76354,76381,0.8513513513513513,11011527,11013523
55186,76384,0.974169741697417,9831974,11013714
73171,76405,0.8818181818181818,10808129,11014743
2286,76417,0.9955022488755623,7609703,11015012
76296,76422,0.9567307692307693,11007038,11015263
49494,76428,0.8739130434782608,9535332,11016058
76382,76432,0.9400749063670412,11013539,11016191
73171,76442,0.8818181818181818,10808129,11016464
76438,76450,0.9349112426035503,11016367,11016601
76296,76461,0.9350237717908082,11007038,11017976
70386,76464,0.9209876543209876,10648861,11086226
76275,76470,0.9318181818181818,11005855,11004433
76275,76477,0.9213483146067416,11005855,11004737
76275,76478,0.9425287356321839,11005855,11004743
76275,76480,0.9318181818181818,11005855,11004780
76487,76490,0.8545454545454545,11010605,11010818
76275,76493,0.9213483146067416,11005855,11011373
76275,76494,0.9111111111111111,11005855,11011425
76477,76495,0.851063829787234,11004737,11011434
7825,76503,0.9009287925696594,7903319,11017745
76516,76532,0.8543689320388349,11019208,11021112
76490,76536,0.8518518518518519,11010818,11021181
76516,76537,0.8708133971291866,11019208,11021203
76516,76542,0.8975609756097561,11019208,11021448
75430,76543,0.9069069069069069,10945356,11021486
76490,76547,0.9803921568627451,11010818,11021639
76501,76551,0.8620689655172413,11017533,11021771
76516,76552,0.9033816425120773,11019208,11021792
76532,76557,0.9633507853403142,11021112,11021903
63890,76565,0.8850574712643678,10309294,11022887
76517,76593,0.8787878787878788,11019237,11027703
76510,76600,0.963718820861678,11018821,11028177
76510,76606,0.9681818181818181,11018821,11028278
76613,76627,0.897196261682243,11028576,11029175
76507,76633,0.9338235294117647,11018432,11029685
76519,76635,0.8941605839416058,11019464,11029697
76673,76684,0.8907849829351536,11031799,11032727
76532,76708,0.9576719576719577,11021112,11033962
76555,76710,0.9259259259259259,11021883,11033971
76558,76714,0.8909090909090909,11022042,11034030
75430,76716,0.8928571428571429,10945356,11034056
76740,76750,0.945,11026760,11027514
76740,76757,0.9948717948717949,11026760,11027843
76744,76764,0.9591078066914498,11027339,11032257
76744,76766,0.9628252788104089,11027339,11032279
55186,76829,0.974169741697417,9831974,11037449
76818,76847,0.9418604651162791,11035820,11038586
76775,76849,0.94,11034146,11038665
74705,76882,0.898989898989899,10909524,11040984
76898,76910,0.8779342723004695,11043032,11043985
76759,76924,0.9176954732510288,11027906,11045476
5255,76941,0.8563218390804598,7776862,11047750
76965,76973,0.8934169278996865,11048285,11048455
76818,76974,1.0,11035820,11048494
1670,76998,0.8944099378881988,7575402,11049110
55202,77080,0.9039145907473309,9832440,11053940
77107,77108,0.9060773480662984,11055797,11055798
77116,77121,0.9322709163346613,11056392,11056711
77133,77140,0.8726591760299626,11057290,11057614
77133,77155,0.8754716981132076,11057290,11058290
2286,77161,0.8834269662921348,7609703,11058553
55202,77165,0.9039145907473309,9832440,11058693
77145,77168,0.8990825688073395,11057764,11058784
77133,77180,0.8566037735849057,11057290,11059664
55202,77223,0.9071428571428571,9832440,11063673
77049,77225,0.948051948051948,11050431,11063899
77155,77229,0.8923076923076924,11058290,11068916
77254,77255,0.8618421052631579,11052743,11052762
77249,77260,0.9140893470790378,11052550,11052993
77249,77261,0.896551724137931,11052550,11053003
77263,77264,0.8611111111111112,11053087,11053143
77249,77266,0.9078498293515358,11052550,11053158
77249,77267,0.965034965034965,11052550,11053171
77280,77282,0.9513888888888888,11054540,11054610
77280,77285,0.9256756756756757,11054540,11054844
67128,77303,0.9769585253456221,10475862,11066699
77299,77304,0.89419795221843,11066496,11066743
77307,77308,0.8606060606060606,11066999,11067026
67128,77309,0.9724770642201835,10475862,11067031
77316,77317,0.925531914893617,11067547,11067549
77290,77320,0.9122807017543859,11064053,11067612
27098,77330,0.8823529411764706,8673754,11067982
27098,77341,0.8823529411764706,8673754,11068457
45156,77368,0.8702702702702703,9338860,11070487
75893,77379,0.853448275862069,10984062,11070799
77290,77379,0.9285714285714286,11064053,11070799
77393,77397,0.8630952380952381,11065193,11065306
77394,77397,0.8761329305135952,11065278,11065306
77394,77401,0.8693009118541033,11065278,11065587
52863,77404,0.8700564971751412,9722399,11065843
77402,77407,0.9298245614035088,11065780,11065925
55186,77414,0.8900709219858156,9831974,11071324
70812,77421,0.8688046647230321,10676793,11071418
55275,77428,0.8885017421602788,9841659,11071636
69893,77446,0.8744186046511628,10622792,11072884
77448,77451,0.9443298969072165,11072916,11072973
77469,77472,0.9317269076305221,11074870,11074927
19636,77515,0.9448051948051948,8432078,11074019
72876,77562,0.9590747330960854,10779497,11081151
2286,77643,0.8972895863052782,7609703,11086748
64315,77654,0.8584905660377359,10331209,11087313
77646,77657,0.9428571428571428,11087031,11087888
63399,77666,0.8909090909090909,10280929,11088287
77665,77692,0.9290540540540541,11088270,11089832
72128,77703,0.9688473520249221,10748734,11089949
75527,77703,0.8702064896755162,10951901,11089949
63399,77726,0.8909090909090909,10280929,11090447
77710,77740,0.9523809523809523,11090027,11090728
67802,77766,0.96875,10508736,11106294
77769,77784,0.9382239382239382,11077878,11079311
72876,77789,0.9387040280210157,10779497,11079821
77786,77791,0.8674033149171271,11079320,11079834
77783,77796,0.8563829787234043,11079297,11080673
77791,77797,0.8944444444444445,11079834,11080695
77775,77802,0.8626373626373627,11078541,11081366
77801,77807,0.8723404255319149,11081110,11084466
77777,77808,0.9142857142857143,11078566,11084491
77800,77810,0.9332023575638507,11081106,11084640
4877,77842,0.8663101604278075,7749006,11095444
55202,77858,0.8741721854304636,9832440,11096288
77857,77867,0.8658536585365854,11096254,11097123
77867,77869,0.940677966101695,11097123,11097161
77867,77871,0.9004149377593361,11097123,11097315
77867,77881,0.9004149377593361,11097123,11097849
77863,77890,0.8904494382022472,11096968,11098792
77866,77896,0.8884462151394422,11097105,11098929
77857,77911,0.9214876033057852,11096254,11100999
77857,77919,0.9409282700421941,11096254,11102140
4877,77923,0.8663101604278075,7749006,11102284
77857,77930,0.9409282700421941,11096254,11102549
57981,77942,0.8804347826086957,9972703,11103894
74835,77966,0.856,10908187,11106257
77822,77971,0.8803827751196173,11093210,11107025
77827,77980,0.9065108514190318,11093446,11107696
77835,78003,0.8653846153846154,11095134,11094889
70747,78016,0.8674463937621832,10668816,11095857
9238,78017,0.8591916558018253,7968226,11096000
59488,78017,0.8530927835051546,10067544,11096000
70747,78020,0.8807157057654076,10668816,11096145
77857,78021,0.9330543933054394,11096254,11096148
77835,78025,0.9364406779661016,11095134,11097378
77857,78031,0.9449152542372882,11096254,11101272
70747,78039,0.896,10668816,11105524
9238,78041,0.862565445026178,7968226,11105528
78028,78042,0.8564102564102564,11099330,11105837
9238,78044,0.8623853211009175,7968226,11105849
77857,78045,0.9409282700421941,11096254,11105851
9238,78046,0.862565445026178,7968226,11105864
78040,78049,0.9120879120879121,11105525,11105881
77857,78051,0.8966942148760331,11096254,11106288
60956,78055,0.8826291079812206,10146270,11106321
78003,78058,0.9613899613899614,11094889,11106458
78088,78095,0.8867924528301887,11110074,11110261
70386,78136,0.933997509339975,10648861,11114463
78132,78144,0.9549114331723028,11114290,11114782
76271,78161,0.8994565217391305,11005389,11116189
78166,78168,0.8532110091743119,11116421,11116493
70386,78185,0.9208899876390606,10648861,11116905
70386,78186,0.9208899876390606,10648861,11116924
70386,78187,0.9208899876390606,10648861,11116974
70386,78188,0.9208899876390606,10648861,11117039
78130,78221,0.9705882352941176,11114049,11121437
78140,78228,0.9694656488549618,11114630,11121659
55013,78253,0.8860927152317881,9828752,11108939
77822,78343,0.8948655256723717,11093210,11127176
63875,78387,0.8521739130434782,10309172,11129735
78388,78397,0.9824561403508771,11129743,11130290
78413,78425,0.851063829787234,11130613,11131696
78401,78430,0.912,11130376,11131851
77769,78456,0.9305019305019305,11077878,11133043
47707,78467,0.8707482993197279,9451688,11134323
78470,78485,0.9052369077306733,11134645,11136504
78418,78516,0.8856088560885609,11130981,11137867
75401,78525,0.963963963963964,10943110,11138067
78513,78528,0.9642857142857143,11137745,11138145
75401,78539,0.9166666666666666,10943110,11138851
41750,78547,0.8729281767955801,9181148,11123543
41750,78551,0.88268156424581,9181148,11123773
78573,78595,0.8910369068541301,11127928,11128759
17841,78614,0.8682795698924731,8351691,11139601
77857,78618,0.8514056224899599,11096254,11139685
73520,78633,0.8699186991869918,10829253,11140569
69527,78639,0.9056603773584906,10604824,11141457
78626,78648,0.9148936170212766,11140460,11142531
55186,78651,0.9632352941176471,9831974,11142599
69527,78653,0.9056603773584906,10604824,11142683
78626,78655,0.8828451882845189,11140460,11142861
78547,78673,0.8831521739130435,11123543,11145192
78578,78735,0.9667359667359667,11127984,11150316
78789,78793,0.9284425736620565,11144388,11144404
77300,78802,0.9215017064846417,11066547,11148487
57981,78821,0.8829787234042553,9972703,11153809
67606,78822,0.8781512605042017,10502706,11153814
78831,78833,0.9521586931155193,11154370,11154437
78835,78838,0.9040404040404041,11154443,11154544
78831,78840,0.9654768870684611,11154370,11154574
78823,78859,0.8913857677902621,11153880,11156488
78859,78870,0.895910780669145,11156488,11156617
61967,78885,0.8513513513513513,10207794,11156887
61967,78886,0.8594594594594595,10207794,11156939
61967,78891,0.8648648648648649,10207794,11157397
61967,78892,0.8719346049046321,10207794,11157455
61967,78893,0.8672086720867209,10207794,11157557
63491,78894,0.8736263736263736,10278806,11157578
78814,78899,0.8717948717948718,11153456,11158220
78789,78910,0.8716892289582107,11144388,11158991
78831,78910,0.852991452991453,11154370,11158991
78823,78930,0.921875,11153880,11155561
78823,78932,0.9601593625498008,11153880,11155638
78928,78938,0.9137931034482759,11153953,11156038
78819,78952,0.9046321525885559,11153805,11161027
78819,78968,0.9201834862385321,11153805,11162155
78871,78984,1.0,11156630,11163411
1670,79000,0.9,7575402,11159904
77835,79061,0.8687258687258688,11095134,11169249
78003,79087,0.9541984732824428,11094889,11173511
79073,79118,0.8983050847457628,11172031,11177130
79113,79147,0.9365079365079365,11176369,11179834
79111,79153,0.9123505976095617,11176246,11180053
79172,79200,1.0,11172889,11175739
77884,79201,0.9660107334525939,11097953,11175888
60971,79207,0.8515151515151516,10147013,11180093
24771,79269,0.9220985691573926,8596984,11184286
79279,79286,0.9836065573770492,11185557,11185765
76889,79294,0.8963855421686747,11042288,11185908
79260,79332,0.8715596330275229,11184100,11188756
79266,79332,0.8672566371681416,11184237,11188756
71689,79392,0.8660714285714286,10712402,11194119
74282,79392,0.8565400843881856,10879782,11194119
79349,79392,0.85,11190173,11194119
67426,79397,0.8669724770642202,10492006,11194279
76889,79416,0.945679012345679,11042288,11194703
30666,79422,0.8640483383685801,8783191,11194747
79001,79443,0.8888888888888888,11159926,11181044
79004,79443,0.8823529411764706,11160219,11181044
78819,79472,0.9163602941176471,11153805,11191859
78819,79482,0.9174311926605505,11153805,11193615
77769,79494,0.9305019305019305,11077878,11195667
67802,79554,0.8656716417910447,10508736,11200167
61538,79558,0.8507462686567164,10191770,11200628
79541,79576,0.8701298701298701,11198399,11202592
79557,79599,0.9298245614035088,11200544,11203316
70386,79618,0.9473684210526315,10648861,11203642
60253,79639,0.867761452031115,10107464,11205270
79557,79656,0.9411764705882353,11200544,11206009
79672,79675,0.9111111111111111,11206775,11206872
79528,79691,0.8695652173913043,11198156,11208526
79641,79710,0.984251968503937,11205282,11209055
79004,79737,0.8507462686567164,11160219,11201137
79739,79743,0.9078947368421053,11201288,11201696
70386,79760,0.9364089775561097,10648861,11210232
70386,79765,0.9340796019900498,10648861,11210435
55013,79792,0.8827404479578392,9828752,11211274
55013,79807,0.8745098039215686,9828752,11211955
55013,79814,0.8933333333333333,9828752,11212181
5099,79821,0.9775280898876404,7764092,11212643
55013,79829,0.8722294654498044,9828752,11213422
77822,79858,0.8534278959810875,11093210,11215587
79004,79860,1.0,11160219,11215792
56147,79880,0.8958333333333334,9884383,11217635
79001,79897,0.8611111111111112,11159926,11219477
79901,79903,0.8970588235294118,11219880,11219968
79916,79928,0.8777120315581854,11221566,11221737
79946,79947,0.9139072847682119,11222076,11222099
79768,79959,0.9047619047619048,11210531,11222404
79543,79966,0.8522727272727273,11198882,11222618
79768,79966,0.8580750407830342,11210531,11222618
79543,79978,0.8573717948717948,11198882,11222720
56635,80011,0.86084142394822,9950018,11218293
79737,80012,0.8529411764705882,11201137,11218372
79004,80013,0.8507462686567164,11160219,11218400
79737,80015,0.8676470588235294,11201137,11218513
79743,80015,0.875,11201696,11218513
79003,80032,0.8507462686567164,11160013,11220667
79737,80032,0.8529411764705882,11201137,11220667
79004,80051,0.8507462686567164,11160219,11221310
79557,80064,0.9415204678362573,11200544,11224729
61448,80085,0.896551724137931,10172628,11227561
80086,80089,0.8880597014925373,11228066,11228092
77059,80097,0.8595988538681948,11051526,11228743
77125,80097,0.8959537572254336,11056887,11228743
55186,80098,0.9411764705882353,9831974,11228785
19636,80099,0.9152,8432078,11229398
55186,80105,0.8770764119601329,9831974,11229976
80141,80145,0.8544600938967136,11232215,11232555
79557,80159,0.8863636363636364,11200544,11233437
80211,80216,0.8901098901098901,11227204,11227607
55186,80222,0.8710801393728222,9831974,11229214
67802,80244,0.8529411764705882,10508736,11238265
80265,80278,0.854421768707483,11243134,11243610
80265,80279,0.8519021739130435,11243134,11243614
80251,80284,0.9367088607594937,11240474,11244048
74721,80289,0.8709677419354839,10910582,11244186
80269,80299,0.9277184160905091,11243229,11244367
80251,80300,0.9753086419753086,11240474,11244376
80289,80300,0.8651685393258427,11244186,11244376
78414,80351,0.939873417721519,11130635,11240730
80350,80354,0.9615384615384616,11240634,11240828
80333,80361,0.8676470588235294,11239726,11241236
9568,80375,0.9546599496221663,7985306,11246356
68279,80377,0.9032258064516129,10539008,11246380
80407,80413,0.9492753623188406,11247954,11248063
80340,80414,0.8811188811188811,11239991,11248091
80421,80425,0.8594377510040161,11248642,11248778
73093,80448,0.8531353135313532,10803410,11245328
51141,80456,0.8585365853658536,9629984,11249071
80470,80491,0.9239373601789709,11251625,11254522
80483,80497,0.8708133971291866,11253576,11255244
80483,80500,0.8627450980392157,11253576,11255397
80499,80500,0.9393939393939394,11255392,11255397
80483,80504,0.8905472636815921,11253576,11255623
80483,80509,0.8666666666666667,11253576,11255774
80470,80518,0.9133333333333333,11251625,11256073
78414,80530,0.9350237717908082,11130635,11257522
80482,80531,0.8958333333333334,11252903,11257757
19636,80572,0.8779342723004695,8432078,11270118
14613,80582,0.8821656050955414,8209714,11270909
80479,80612,0.9086294416243654,11252499,11274391
75430,80698,0.9066265060240963,10945356,11265702
76572,80700,0.8831908831908832,11023327,11265752
80733,80739,0.8666666666666667,11267021,11267211
80669,80775,0.8743961352657005,11256142,11268529
80669,80785,0.8545454545454545,11256142,11269056
18652,80787,0.8994082840236687,8394222,11269225
80669,80789,0.8691588785046729,11256142,11269488
80825,80829,0.8983050847457628,11260216,11260325
80821,80830,0.9570815450643777,11258583,11260396
78819,80876,0.8507067137809188,11153805,11263413
69393,80893,0.8847926267281107,10593005,11265187
80829,80905,0.8596491228070176,11260325,11260016
80917,80918,0.9274193548387096,11277267,11277286
49072,80950,0.8527131782945736,9527201,11280627
80945,80959,0.9698870765370138,11280454,11281088
80959,80960,0.8641114982578397,11281088,11281157
80911,80974,0.9357798165137615,11260177,11282607
80911,80981,0.9400921658986175,11260177,11283053
76374,80986,0.8587360594795539,11012367,11283190
80945,81030,0.9192166462668299,11280454,11287889
80945,81051,0.9455445544554455,11280454,11289015
70812,81079,0.8668639053254438,10676793,11283977
81083,81084,0.8676470588235294,11284129,11284136
62420,81146,0.8713178294573644,10257428,11294139
19636,81157,0.8890577507598785,8432078,11294564
81146,81173,0.9047619047619048,11294139,11295224
81182,81186,0.8604651162790697,11295773,11295832
71088,81207,0.8623188405797102,10689109,11296603
81191,81210,0.9236430542778289,11295910,11296666
81177,81239,0.9090909090909091,11295335,11298299
19636,81244,0.8823529411764706,8432078,11298433
81269,81270,0.8540540540540541,11299896,11299898
81268,81291,0.8866666666666667,11299895,11301476
81342,81343,0.875,11293365,11293371
81342,81345,0.8924731182795699,11293365,11293378
81342,81348,0.9130434782608695,11293365,11293442
81342,81352,0.9628252788104089,11293365,11293471
81342,81353,0.9197080291970803,11293365,11293479
81342,81357,0.9628252788104089,11293365,11293628
81342,81372,0.9130434782608695,11293365,11293981
80229,81383,0.8544891640866873,11229552,11304903
81392,81401,0.9358024691358025,11305305,11305508
45156,81403,0.8801089918256131,9338860,11305574
16581,81407,0.8782383419689119,8297446,11305674
60446,81407,0.8623376623376623,10118522,11305674
65546,81438,0.8632478632478633,10394540,11307047
81342,81442,0.9163636363636364,11293365,11307189
19636,81445,0.8904109589041096,8432078,11307238
3476,81470,0.8726287262872628,7667104,11309878
81499,81500,0.9416058394160584,11309949,11310045
72876,81519,0.9349736379613357,10779497,11310735
62806,81535,0.8939393939393939,10256178,11315261
65049,81535,0.8633879781420765,10375212,11315261
73034,81537,0.8724489795918368,10799089,11315304
73034,81545,0.8871794871794871,10799089,11315539
81535,81554,0.868421052631579,11315261,11315810
14,81556,0.8967391304347826,7481720,11315918
80344,81571,0.8518518518518519,11240352,11316437
81556,81575,0.8913043478260869,11315918,11316569
81588,81589,1.0,11317092,11317097
81588,81590,0.9328358208955224,11317092,11317109
81591,81592,0.9291044776119403,11317130,11317134
81497,81593,0.9064748201438849,11309465,11317135
81588,81593,0.9044117647058824,11317092,11317135
16581,81596,0.8545918367346939,8297446,11317190
19636,81616,0.9236883942766295,8432078,11318149
81497,81623,0.8707482993197279,11309465,11318518
81628,81629,0.8507462686567164,11312133,11312315
71689,81634,0.8873239436619719,10712402,11313975
81650,81656,0.9032258064516129,11314849,11314921
19636,81688,0.8680124223602484,8432078,11322670
81699,81705,0.9027237354085603,11322957,11323104
81712,81733,0.9274447949526814,11323482,11324554
81728,81746,0.9807692307692307,11324368,11324660
81742,81748,0.875,11324629,11324717
81727,81754,0.92,11324322,11324893
81749,81763,0.95,11324718,11325613
81762,81766,0.8508771929824561,11325610,11325654
81749,81779,0.95,11324718,11325875
20064,81802,0.8511904761904762,8460254,11326956
81801,81812,0.8571428571428571,11326930,11327764
76271,81831,0.9093406593406593,11005389,11329237
81812,81833,0.8709677419354839,11327764,11329495
81880,81881,0.8758620689655172,11321371,11321376
81914,81945,0.919047619047619,11332307,11333210
55186,81950,0.8732876712328768,9831974,11333380
81952,81956,0.8536585365853658,11333409,11334359
58316,81978,0.8700564971751412,10003170,11336309
81987,81989,0.9329140461215933,11336815,11336855
81987,81990,0.9100204498977505,11336815,11336866
81987,81999,0.9024390243902439,11336815,11337219
81987,82008,0.9869565217391304,11336815,11337352
81987,82009,0.9315352697095436,11336815,11337376
81993,82020,0.9694261523988711,11337048,11337642
82029,82030,0.9698492462311558,11337801,11337810
81988,82069,0.8916876574307305,11336851,11415946
81579,82098,0.9625,11316738,11342263
82095,82101,0.9293544457978076,11342194,11342312
82096,82103,0.8858695652173914,11342204,11342342
82088,82110,0.9036363636363637,11339185,11342553
82089,82115,0.9646464646464646,11339466,11342683
82096,82119,0.8670212765957447,11342204,11342737
82165,82170,0.9107142857142857,11344299,11344390
82182,82185,0.8552036199095022,11344874,11344935
82188,82191,0.914179104477612,11345227,11345250
82263,82268,0.8584905660377359,11348477,11348621
82266,82270,0.9420289855072463,11348580,11348717
65300,82276,0.8583333333333333,10382986,11349131
82266,82288,0.9454545454545454,11348580,11349365
82263,82290,0.8649289099526066,11348477,11349444
57981,82292,0.8895027624309392,9972703,11349498
7825,82293,0.8925373134328358,7903319,11349696
82275,82298,0.9112627986348123,11348944,11349861
82240,82300,0.8918918918918919,11346334,11349896
81579,82301,0.9507389162561576,11316738,11349904
57981,82340,0.9147727272727273,9972703,11352149
82339,82351,0.8735632183908046,11352118,11352850
82348,82359,0.9791666666666666,11352764,11353068
82285,82365,0.8544303797468354,11349334,11353393
78509,82367,0.8530465949820788,11137675,11353509
82348,82371,0.9487179487179487,11352764,11353619
82379,82389,0.8976744186046511,11354238,11355334
82425,82426,0.8776371308016878,11357330,11357336
55186,82443,0.8979591836734694,9831974,11359187
57979,82451,0.8586387434554974,9972664,11359444
57981,82451,0.9318181818181818,9972703,11359444
78158,82451,0.8540540540540541,11116165,11359444
82467,82469,0.9571734475374732,11360095,11360180
82248,82492,0.9130434782608695,11347460,11347538
82238,82501,0.8949320148331273,11342112,11349193
82534,82541,0.8780487804878049,11366499,11366772
82571,82587,0.8577235772357723,11367932,11369639
82571,82591,0.9380530973451328,11367932,11369995
82348,82609,0.9591836734693877,11352764,11371071
82571,82619,0.8600823045267489,11367932,11371260
29222,82626,0.9605263157894737,8738628,11371799
82348,82630,0.9494949494949495,11352764,11371989
81209,82632,0.9621052631578947,11296618,11372436
62032,82637,0.871900826446281,10213265,11372594
19636,82657,0.9357945425361156,8432078,11375540
76911,82659,0.8794871794871795,11044024,11375813
82683,82688,0.9102564102564102,11363072,11363514
82683,82689,0.8714733542319749,11363072,11363535
75009,82699,0.8697068403908795,10924263,11364369
82683,82699,0.9668874172185431,11363072,11364369
82625,82703,0.9186046511627907,11371770,11364839
82703,82710,0.8694029850746269,11364839,11365449
82703,82716,0.9230769230769231,11364839,11365705
82732,82741,0.9178743961352657,11380620,11380861
55186,82744,0.967032967032967,9831974,11380884
82760,82762,0.8932584269662921,11381599,11381605
82793,82796,0.9090909090909091,11382171,11382237
55186,82808,0.8859060402684564,9831974,11382923
55186,82821,0.8918918918918919,9831974,11383394
82824,82825,0.9004524886877828,11383473,11383494
82834,82839,0.8947368421052632,11383956,11384009
55013,82882,0.876984126984127,9828752,11380168
82887,82889,0.9343065693430657,11385107,11385158
82890,82894,0.8732394366197183,11385163,11385216
82894,82897,0.8611111111111112,11385216,11385350
35312,82914,0.8648648648648649,8933352,11386255
57981,82915,0.8956043956043956,9972703,11386341
75529,82920,0.85,10952101,11386728
82917,82926,0.954337899543379,11386587,11387182
82956,82962,0.9183673469387755,11390716,11390880
69994,82966,0.921875,10631442,11390941
55186,82978,0.967032967032967,9831974,11391264
82899,82997,0.9099099099099099,11385415,11391789
61538,83001,0.9007936507936508,10191770,11392294
83011,83012,0.8759018759018758,11388593,11388697
83020,83023,0.967741935483871,11389670,11389759
81491,83025,0.875,11312124,11389818
55186,83099,0.96,9831974,11399451
82348,83108,0.9641025641025641,11352764,11400064
83103,83119,0.9136690647482014,11399868,11400331
83103,83138,0.8805970149253731,11399868,11401037
55186,83154,0.9565217391304348,9831974,11402044
82348,83161,0.915,11352764,11402160
55338,83163,0.8523489932885906,9844416,11402279
55186,83168,0.9887640449438202,9831974,11402475
55186,83169,0.96,9831974,11402552
83171,83174,0.8904109589041096,11402634,11402943
72855,83222,0.8872340425531915,10778854,11406999
60948,83239,0.8771929824561403,10145886,11408770
63657,83239,0.88,10299305,11408770
62420,83242,0.8656488549618321,10257428,11409134
19636,83244,0.9007751937984496,8432078,11409258
83041,83245,0.8571428571428571,11396847,11409327
83252,83253,0.9,11394095,11394208
83280,83285,0.959349593495935,11396076,11396165
82983,83289,0.8688946015424165,11391316,11396567
55186,83397,0.8873720136518771,9831974,11413863
82877,83399,0.9886363636363636,11379825,11413944
52726,83422,0.8688524590163934,9716589,11415061
72855,83451,0.8907922912205567,10778854,11419277
21574,83452,0.8590476190476191,8508205,11419422
56417,83452,0.931237721021611,9902293,11419422
75735,83509,0.8837209302325582,10969117,11420875
83529,83531,0.8653846153846154,11422729,11422772
83575,83588,0.9193548387096774,11426719,11427159
83585,83595,0.946524064171123,11427138,11427493
83596,83600,0.8963414634146342,11427512,11427614
75256,83604,0.918622848200313,10934548,11427842
83601,83607,0.8798076923076923,11427700,11427917
62566,83611,0.864010989010989,10241824,11428050
15338,83613,0.8949044585987261,8240496,11428103
83601,83615,0.8983050847457628,11427700,11428156
83636,83648,0.9230769230769231,11429463,11430106
83632,83652,0.9281045751633987,11429286,11430130
83627,83655,0.9556451612903226,11429030,11430225
75256,83673,0.9584664536741214,10934548,11430697
83575,83675,0.8955696202531646,11426719,11430741
83575,83676,0.8945686900958466,11426719,11430763
75256,83680,0.982200647249191,10934548,11431358
75256,83686,0.9600638977635783,10934548,11431502
75256,83692,0.9616,10934548,11431631
81155,83695,0.8823529411764706,11294533,11431667
75256,83715,0.9506369426751592,10934548,11433386
83511,83717,0.9338168631006346,11420979,11433406
83707,83743,0.9085365853658537,11432470,11435400
83630,83745,0.85,11429209,11435960
83654,83757,0.8823529411764706,11430210,11440236
83598,83786,0.9913419913419913,11427549,11442619
83837,83841,0.9787610619469026,11440112,11440422
83780,83861,0.9393939393939394,11442423,11441814
5255,83875,0.9156626506024096,7776862,11445500
83871,83887,0.9528301886792453,11445138,11447287
55202,83899,0.948905109489051,9832440,11448181
83871,83910,0.9528301886792453,11445138,11448583
70534,83933,0.8513157894736842,10662081,11449805
83937,83940,0.9881235154394299,11450033,11450066
83937,83948,0.9742388758782201,11450033,11450369
70386,83965,0.9608585858585859,10648861,11451488
83925,83967,0.9602649006622517,11449661,11451806
70534,83968,0.8678996036988111,10662081,11451831
78253,83975,0.8511821974965229,11108939,11452166
70534,83978,0.8586387434554974,10662081,11452208
82532,83983,0.8717948717948718,11366343,11452691
70534,83997,0.8690476190476191,10662081,11453350
83909,84007,0.8817567567567568,11448574,11453959
84007,84010,0.8581081081081081,11453959,11453991
70386,84021,0.9114391143911439,10648861,11454072
83909,84024,0.8754208754208754,11448574,11454418
84028,84029,0.9515389652914211,11454573,11454605
83909,84040,0.8557377049180328,11448574,11454930
83909,84047,0.8725490196078431,11448574,11455380
83908,84059,0.9473684210526315,11448551,11455648
84043,84068,0.8507462686567164,11455059,11456319
84028,84069,0.9457313037723362,11454573,11456335
55338,84101,0.8637873754152824,9844416,11458304
55186,84104,0.8855218855218855,9831974,11458609
55186,84133,0.9377289377289377,9831974,11447398
55186,84134,0.9775280898876404,9831974,11447431
55186,84138,0.9061371841155235,9831974,11448084
45156,84160,0.9157303370786517,9338860,11449933
73867,84160,0.8571428571428571,10858871,11449933
2286,84188,0.9069767441860465,7609703,11464051
83195,84203,0.9865470852017937,11404104,11464474
80229,84224,0.8637770897832817,11229552,11464901
31262,84250,0.8554533508541393,8795193,11466444
31262,84273,0.8517060367454068,8795193,11466772
84253,84274,0.9364161849710982,11466557,11466799
55186,84276,0.956989247311828,9831974,11466829
78683,84276,0.8540372670807453,11146200,11466829
84277,84285,0.9385964912280702,11466833,11468268
84268,84288,0.8620689655172413,11466719,11468377
84286,84291,0.8894472361809045,11468312,11468471
84260,84292,0.8576158940397351,11466637,11468505
31262,84295,0.8885906040268456,8795193,11468666
84260,84297,0.8637873754152824,11466637,11468788
84260,84304,0.8639455782312925,11466637,11469673
84168,84318,0.96,11459996,11470344
84309,84323,0.9135338345864662,11469775,11471816
84260,84326,0.8666666666666667,11466637,11471955
82710,84328,0.8773234200743495,11365449,11472031
84297,84329,0.8646864686468647,11468788,11472066
84319,84371,0.9252336448598131,11470383,11474504
84028,84377,0.9207277452891488,11454573,11475115
70386,84382,0.9114391143911439,10648861,11697501
84402,84428,0.9005847953216374,11462045,11463429
84440,84442,0.8771929824561403,11465433,11465843
84454,84460,0.883551673944687,11475667,11475908
84482,84483,0.920863309352518,11476830,11476835
84482,84487,0.8531468531468531,11476830,11476895
82481,84490,0.8643533123028391,11346865,11477163
82481,84497,0.8589341692789969,11346865,11477411
82481,84499,0.9313725490196079,11346865,11477472
80333,84534,0.8872180451127819,11239726,11479004
84519,84535,0.88,11478440,11479157
84483,84538,0.9064748201438849,11476835,11479357
82481,84541,0.873015873015873,11346865,11479520
84490,84542,0.8863636363636364,11477163,11479539
84483,84550,0.863013698630137,11476835,11479719
84483,84552,0.8936170212765957,11476835,11479734
84519,84561,0.868421052631579,11478440,11480033
67707,84562,0.918848167539267,10510393,11480107
84562,84576,0.85,11480107,11481254
67707,84583,0.8992248062015504,10510393,11482214
84502,84585,0.9512195121951219,11477672,11482963
84502,84586,0.8884615384615384,11477672,11483045
84590,84593,0.9512195121951219,11483248,11483493
55186,84599,0.9705882352941176,9831974,11483737
82795,84601,0.9830508474576272,11382236,11483757
55186,84606,0.9527272727272728,9831974,11483906
55186,84615,0.9175257731958762,9831974,11484176
84632,84646,0.8738738738738738,11487880,11488310
55186,84649,0.940959409594096,9831974,11488370
55186,84664,0.940959409594096,9831974,11488940
55186,84667,0.8708609271523179,9831974,11489025
59077,84673,0.8896103896103896,10056378,11489155
84663,84678,0.8922852983988355,11488897,11489351
55338,84687,0.8655737704918033,9844416,11489632
55202,84689,0.931899641577061,9832440,11489656
84720,84721,0.944078947368421,11490431,11490462
84630,84729,0.8934426229508197,11486235,11491075
84628,84738,0.9322033898305084,11486008,11491196
81460,84754,0.9581151832460733,11308276,11492086
72876,84784,0.926829268292683,10779497,11487912
77449,84808,0.8571428571428571,11072926,11498720
84844,84897,0.9563758389261745,11499645,11501998
84832,84899,0.8627450980392157,11499411,11502042
63399,84915,0.8802395209580839,10280929,11503020
55186,84925,0.8524590163934426,9831974,11503398
59077,84929,0.8575851393188855,10056378,11503660
84805,84936,0.9338842975206612,11498551,11503892
84910,84955,0.9938650306748467,11502677,11504646
84912,84956,0.8811881188118812,11502876,11504759
84844,84964,0.9195402298850575,11499645,11505142
84844,84965,0.9336650082918739,11499645,11505144
84982,84984,0.8930817610062893,11506042,11506092
84844,85032,0.8710191082802548,11499645,11509128
84921,85038,0.9357798165137615,11503146,11526087
82703,85041,0.8679245283018868,11364839,11494451
85046,85047,0.8796296296296297,11494705,11494710
85043,85054,0.9107142857142857,11494464,11495144
85042,85056,0.9622641509433962,11494452,11495301
84853,85062,0.8630872483221477,11500373,11495997
82647,85063,0.850187265917603,11374100,11496024
84309,85063,0.9018867924528302,11469775,11496024
55186,85064,0.9812734082397003,9831974,11496166
55186,85070,0.9701492537313433,9831974,11496626
85042,85101,0.8860103626943006,11494452,11510981
82710,85104,0.8872180451127819,11365449,11511131
85043,85105,0.9693251533742331,11494464,11511132
17439,85114,0.8636363636363636,8339677,11512433
85129,85162,0.9122807017543859,11513374,11516686
65785,85166,0.9166666666666666,10407705,11520410
85113,85171,0.927734375,11512060,11520855
19636,85173,0.8687782805429864,8432078,11521132
85119,85199,0.868421052631579,11512584,11523063
85141,85215,0.9097222222222222,11513583,11523671
85217,85258,0.9212121212121213,11523712,11525736
85129,85265,0.9244444444444444,11513374,11525857
85129,85281,0.8755364806866953,11513374,11526487
19636,85287,0.8916030534351145,8432078,11526651
70839,85288,0.8671875,10682236,11526660
85129,85309,0.9166666666666666,11513374,11527030
85266,85311,0.9481132075471698,11525879,11527061
85308,85311,0.8660714285714286,11527027,11527061
84478,85327,0.9337349397590361,11476738,11527577
85308,85340,0.9170506912442397,11527027,11528172
85345,85353,0.9342105263157895,11528336,11528662
55186,85365,0.9350180505415162,9831974,11529002
85370,85377,0.86084142394822,11529520,11530110
85176,85388,0.953551912568306,11521511,11512050
85181,85389,0.9591836734693877,11522070,11512277
85176,85393,0.9042553191489362,11521511,11512617
67712,85418,0.9014084507042254,10510529,11518049
82481,85419,0.9318181818181818,11346865,11518516
82481,85421,0.8738170347003155,11346865,11518803
82481,85422,0.86875,11346865,11518845
82481,85425,0.8714733542319749,11346865,11519397
85176,85430,0.9324324324324325,11521511,11519961
50233,85439,0.9032258064516129,9582612,11520878
85176,85446,0.8549222797927462,11521511,11521560
85441,85450,0.9705882352941176,11521354,11521668
11785,85536,0.9,8085375,11546113
84895,85546,0.8958333333333334,11501921,11546518
85467,85549,0.9404761904761905,11538023,11546813
85472,85563,0.8848167539267016,11538674,11547963
85481,85570,0.9572953736654805,11540580,11548074
85481,85571,0.9572953736654805,11540580,11548197
82195,85572,0.8792908336476801,11345516,11548266
85472,85597,0.9608938547486033,11538674,11550195
85598,85601,0.9493670886075949,11550431,11550506
85472,85607,0.8848167539267016,11538674,11550914
85613,85619,0.906060606060606,11551108,11551214
85598,85634,0.9310344827586207,11550431,11551940
73058,85665,0.8699029126213592,10800252,11554178
55186,85668,0.9777777777777777,9831974,11554389
67426,85708,0.8669724770642202,10492006,11530933
85709,85711,0.952755905511811,11531034,11531168
85713,85717,0.9761904761904762,11531500,11531799
85713,85719,0.9083969465648855,11531500,11532085
82047,85720,0.9077306733167082,11338349,11532148
85729,85744,0.8688524590163934,11533863,11535483
85729,85748,0.8760330578512396,11533863,11535822
85770,85774,0.9883040935672515,11541223,11541822
85754,85787,0.9303482587064676,11536314,11542691
85754,85794,0.9303482587064676,11536314,11542920
85790,85798,0.9647058823529412,11542799,11543078
84358,85831,0.9094488188976378,11473947,11564285
85830,85871,0.9616519174041298,11564259,11574696
85832,85883,0.8571428571428571,11564361,11575360
85892,85896,0.9216867469879518,11576083,11576525
85892,85918,0.95625,11576083,11577871
85892,85921,0.9683544303797469,11576083,11578250
55013,85977,0.8798955613577023,9828752,11581208
55013,85994,0.8807339449541285,9828752,11582148
85687,86074,0.976271186440678,11556673,11561404
31262,86080,0.8560105680317041,8795193,11561954
62032,86081,0.85546875,10213265,11561977
86123,86130,0.8636363636363636,11567411,11569236
86131,86138,0.8888888888888888,11569255,11569520
71892,86160,0.9345794392523364,10734919,11571567
66294,86169,0.8974358974358975,10432653,11572758
86109,86170,0.8723404255319149,11564410,11572792
66294,86172,0.8974358974358975,10432653,11572878
86138,86181,0.8536585365853658,11569520,11594863
85176,86188,0.8944591029023746,11521511,11651860
86218,86231,0.8764044943820225,11655948,11657545
86217,86247,0.8564814814814815,11655807,11659267
82363,86268,0.9390787518573551,11353370,11661089
86131,86320,0.9230769230769231,11569255,11667568
86319,86333,0.9,11667558,11669035
85687,86339,0.972972972972973,11556673,11669644
25798,86353,0.8541666666666666,8631736,11673167
26633,86361,0.945054945054945,8656740,11674453
86402,86410,0.9386892177589852,11631935,11633189
55186,86430,0.9072164948453608,9831974,11634906
55186,86437,0.9010238907849829,9831974,11635329
86383,86439,0.9278688524590164,11592414,11635525
55186,86441,0.8576158940397351,9831974,11635649
86392,86459,0.9365079365079365,11594583,11637515
86481,86486,0.9124423963133641,11641551,11642646
86380,86523,0.9489795918367347,11590772,11647901
86380,86530,0.9489795918367347,11590772,11648304
86522,86535,0.8571428571428571,11647682,11648732
86550,86551,0.9053627760252366,11650426,11650501
85176,86568,0.9197860962566845,11521511,11652419
86525,86574,0.8565737051792829,11648010,11653613
86586,86678,0.9070796460176991,11595120,11625700
86123,86683,0.9248826291079812,11567411,11626002
82743,86694,0.9502487562189055,11380881,11626523
86706,86716,0.9226804123711341,11628255,11628685
86711,86720,0.9065420560747663,11628508,11629021
75868,86724,0.9363636363636364,10981300,11629272
86722,86726,0.855072463768116,11629056,11629523
75868,86728,0.9768518518518519,10981300,11629721
86711,86733,0.9065420560747663,11628508,11630401
86737,86741,0.9616613418530351,11630698,11631066
86719,86754,0.891566265060241,11628863,11646094
85560,86878,0.9809160305343512,11547550,11612653
86897,86911,0.8947368421052632,11614269,11615108
61538,86942,0.904,10191770,11618037
86937,86949,0.8814432989690721,11617775,11618535
86482,86971,0.9457364341085271,11641963,11620635
86761,86980,0.9402985074626866,11586229,11678049
86764,86998,0.8954248366013072,11586513,11681518
86767,87000,0.8631578947368421,11586784,11681667
86980,87008,0.8695652173913043,11678049,11682108
86340,87038,0.909967845659164,11669848,11595270
86719,87048,0.9012345679012346,11628863,11596047
85687,87052,0.9696969696969697,11556673,11596303
60242,87080,0.9488817891373802,10107142,11599248
86928,87085,0.9053254437869822,11616939,11599812
85687,87090,0.9829351535836177,11556673,11600029
86340,87128,0.9829351535836177,11669848,11603153
87136,87148,1.0,11603655,11604570
87182,87187,0.8783269961977186,11607077,11607282
86853,87200,0.9299363057324841,11597939,11608226
18600,87209,0.8709677419354839,8391904,11608874
85978,87214,0.9423076923076923,11581480,11609383
86067,87214,0.8947368421052632,11560507,11609383
86363,87214,0.8947368421052632,11675448,11609383
47256,87223,0.9357798165137615,9434468,11610957
86862,87224,0.8742038216560509,11611422,11610960
83030,87231,0.8888888888888888,11393790,11679262
83859,87253,0.8954869358669834,11441723,11721953
87235,87256,0.9956521739130435,11694882,11722146
86862,87276,0.9098497495826378,11611422,11724758
87051,87279,0.8634361233480177,11596297,11724808
87051,87283,0.9764150943396226,11596297,11725962
87065,87288,0.8775510204081632,11598036,11726276
87303,87304,0.9354838709677419,11747323,11747324
87235,87306,0.940677966101695,11694882,11747458
85685,87314,0.967741935483871,11556259,11749864
55668,87348,0.972972972972973,9861375,11767375
87051,87354,0.9107142857142857,11596297,11767907
87393,87396,0.984375,11683216,11683438
87445,87446,0.9664429530201343,11692409,11692410
45156,87452,0.8958904109589041,9338860,11693909
87454,87460,0.9560439560439561,11693990,11694272
39375,87487,0.945054945054945,9090396,11695365
87489,87490,0.8813559322033898,11695667,11695668
87500,87518,0.9588477366255144,11696952,11699777
87518,87522,0.8814229249011858,11699777,11699989
87518,87529,0.8779527559055118,11699777,11700238
87500,87533,0.9156626506024096,11696952,11700497
87535,87541,0.9373368146214099,11700672,11700835
87500,87542,0.8814229249011858,11696952,11700845
87522,87552,0.9508196721311475,11699989,11701169
87500,87559,0.8814229249011858,11696952,11701409
87484,87564,0.9052631578947369,11695312,11701592
87469,87579,0.9241379310344827,11694744,11701969
87587,87611,0.9487179487179487,11702734,11712765
87495,87625,0.8830409356725146,11696779,11717436
87448,87628,0.9516129032258065,11692721,11717958
83859,87636,0.9196217494089834,11441723,11721650
84100,87672,0.968503937007874,11458181,11728624
87484,87690,0.9157894736842105,11695312,11743605
87660,87693,0.896774193548387,11728040,11743611
87696,87699,0.8653846153846154,11743822,11743882
87485,87716,0.8627450980392157,11695321,11752621
86390,87720,0.8767908309455588,11594278,11753289
85284,87728,0.8857142857142857,11526579,11754047
87726,87728,0.8505747126436781,11753687,11754047
87682,87736,0.9186991869918699,11737586,11766112
87392,87761,0.8714733542319749,11682963,11995360
76042,87777,0.8624641833810889,10990311,11686414
86706,87786,0.871859296482412,11628255,11686805
87814,87815,0.8555133079847909,11688046,11688682
87824,87844,0.9039301310043668,11689207,11689967
87871,87876,0.8867924528301887,11692817,11693225
87812,87882,0.9107142857142857,11687962,11693393
87803,87972,0.9186991869918699,11687544,11699657
85868,87978,0.8695652173913043,11574344,11703533
87836,87982,0.8568129330254042,11689584,11704887
87993,87995,0.8947368421052632,11712946,11712990
84512,88013,0.8691860465116279,11478103,11715885
86928,88013,0.9386503067484663,11616939,11715885
86928,88024,0.8944281524926686,11616939,11716224
86928,88032,0.8997050147492626,11616939,11716376
62032,88035,0.8795180722891566,10213265,11716556
88097,88105,0.9429530201342282,11720113,11720443
88097,88114,0.8798701298701299,11720113,11721042
69151,88124,0.927536231884058,10574439,11729038
87587,88129,0.9487179487179487,11702734,11729270
87641,88129,0.8780487804878049,11726905,11729270
55186,88163,0.9238754325259516,9831974,11756576
87785,88187,0.8913043478260869,11686767,11771542
86625,88229,0.9541666666666667,11622329,11708619
88247,88256,0.9617834394904459,11709300,11709653
87587,88263,1.0,11702734,11710905
88276,88279,0.8601398601398601,11711261,11711330
88265,88291,0.9119496855345912,11711022,11711920
88006,88296,0.96875,11715672,11713366
85679,88297,0.92,11555873,11713379
88294,88303,0.9024793388429752,11713315,11713701
88294,88310,0.9810017271157168,11713315,11714043
88352,88353,0.9760348583877996,11744249,11744269
88352,88356,0.9511677282377919,11744249,11744289
88352,88357,0.9572649572649573,11744249,11744302
77926,88363,0.8846153846153846,11102397,11746025
1036,88397,0.8709677419354839,7538920,11749405
1043,88397,0.8883720930232558,7539297,11749405
37802,88397,0.875,9022716,11749405
88381,88400,0.9252336448598131,11748300,11749562
88443,88461,0.9733656174334141,11755370,11756530
88339,88462,0.9877750611246944,11733679,11756562
88452,88468,0.864516129032258,11755905,11757090
88465,88473,0.9601990049751243,11756823,11757828
88342,88489,0.8820960698689956,11735710,11758857
88452,88493,0.9355932203389831,11755905,11759036
88352,88522,0.899581589958159,11744249,11761625
88378,88531,0.90625,11748056,11762356
88516,88537,0.8723404255319149,11761144,11762736
88551,88561,0.9416058394160584,11763418,11763867
55186,88602,0.9850187265917603,9831974,11772017
88393,88634,0.9642857142857143,11749161,11733810
87814,88687,0.9034749034749034,11688046,11739973
88663,88692,0.9411764705882353,11738005,11740265
88664,88692,0.8825757575757576,11738124,11740265
88663,88714,0.9125475285171103,11738005,11740827
88656,88732,0.9551724137931035,11737136,11741131
87814,88745,0.8646616541353384,11688046,11741399
88747,88751,0.8813559322033898,11741698,11741968
72592,88753,0.911504424778761,10765091,11742090
88692,88756,0.8858267716535433,11740265,11742272
72111,88771,0.9354838709677419,10748126,11742696
74227,88774,0.8783216783216783,10855092,11742818
72111,88776,0.9581673306772909,10748126,11742849
72111,88783,0.94831013916501,10748126,11743031
88703,88788,0.8745762711864407,11740601,11743167
72111,88793,0.899135446685879,10748126,11743274
88393,88798,0.9716494845360825,11749161,11743397
78802,88802,0.8542372881355932,11148487,11743444
88792,88802,0.891156462585034,11743257,11743444
78802,88805,0.856655290102389,11148487,11743506
78802,88806,0.8503401360544217,11148487,11743544
78802,88808,0.8739205526770294,11148487,11743554
88363,88818,0.9215686274509803,11746025,11745415
88393,88824,0.9514066496163683,11749161,11745531
88484,88830,0.8776978417266187,11758775,11745640
88792,88835,0.8514190317195326,11743257,11746303
43783,88923,0.936046511627907,9269849,11774809
80850,88923,0.8662790697674418,11261835,11774809
88922,88935,0.927461139896373,11774783,11776167
88938,88942,0.9423631123919308,11776245,11776317
55186,88943,0.9361702127659575,9831974,11776404
55186,88944,0.9072164948453608,9831974,11776409
65252,88945,0.8514115898959881,10381573,11776420
88930,88945,0.9276218611521418,11776072,11776420
43783,88951,0.9415204678362573,9269849,11776539
43783,88953,0.930635838150289,9269849,11776549
89028,89031,0.9239130434782609,11778930,11779082
89041,89049,0.8666666666666667,11779682,11779930
63875,89052,0.8839285714285714,10309172,11780012
20252,89054,0.898635477582846,8460314,11780162
89052,89055,0.8803418803418803,11780012,11780166
86706,89075,0.8905852417302799,11628255,11781384
89075,89076,0.8762626262626263,11781384,11781432
86706,89077,0.8690176322418136,11628255,11781475
88927,89108,0.935064935064935,11775946,11773330
89122,89125,0.9025641025641026,11774178,11774263
89133,89143,0.8648648648648649,11774434,11774974
89137,89145,0.9666666666666667,11774686,11775097
88938,89159,0.9481268011527377,11776245,11775701
55186,89201,0.9428571428571428,9831974,11785347
7822,89229,0.8571428571428571,7903081,11787480
89185,89232,0.9193548387096774,11784227,11787701
89185,89236,0.8661417322834646,11784227,11788107
61131,89243,0.9076923076923077,10156234,11788505
81298,89273,0.8896551724137931,11302276,11792269
82481,89273,0.8576051779935275,11346865,11792269
85122,89273,0.8571428571428571,11512788,11792269
68360,89308,0.8860759493670886,10542671,11797654
89307,89309,0.9807692307692307,11797571,11797662
89307,89321,0.9693486590038314,11797571,11798302
89310,89329,0.9852941176470589,11797772,11798654
56147,89432,0.9772727272727273,9884383,11793144
89307,89451,0.9769230769230769,11797571,11794345
89307,89452,0.9769230769230769,11797571,11794362
89307,89463,0.9731800766283525,11797571,11795181
89434,89463,0.8561151079136691,11793595,11795181
89462,89466,0.8810641627543035,11795120,11795361
78208,89515,0.8821138211382114,11120194,11803787
55663,89562,0.8923512747875354,9861103,11806865
55663,89568,0.9025787965616046,9861103,11807057
55663,89577,0.9104046242774566,9861103,11807474
55663,89578,0.8732394366197183,9861103,11807499
55186,89613,0.9166666666666666,9831974,11809403
87398,89654,0.8554216867469879,11683602,11811579
89427,89660,0.8991596638655462,11792886,11811686
88604,89688,0.9101449275362319,11772046,11813697
74583,89698,0.8549618320610687,10899727,11814664
89699,89704,0.8892128279883382,11814893,11815761
89659,89710,0.8571428571428571,11811643,11816040
89718,89746,0.8888888888888888,11816235,11817037
89722,89767,0.8859060402684564,11816336,11821503
89513,89793,0.9,11803525,11841253
88669,89797,0.9392265193370166,11738395,11808229
88669,89800,0.9608938547486033,11738395,11808420
84805,89812,0.9523141654978962,11498551,11817869
89834,89835,0.9826689774696707,11819901,11819924
89834,89840,0.9268707482993197,11819901,11820270
89859,89868,0.95,11821768,11822318
19636,89875,0.8533541341653667,8432078,11823647
89898,89947,0.948936170212766,11824650,11827070
89945,89952,0.8623853211009175,11827019,11827364
53418,89980,0.8503937007874016,9752415,11828264
89786,89980,0.8870967741935484,11823225,11828264
19636,89981,0.8598726114649682,8432078,11828274
89911,90007,0.8859060402684564,11825470,11829836
89786,90052,0.9180327868852459,11823225,11830751
90042,90079,0.8776371308016878,11830679,11832267
89912,90095,0.8602150537634409,11825480,11832998
89912,90099,0.8961038961038961,11825480,11833551
78414,90110,0.9246467817896389,11130635,11833781
90119,90160,0.8947368421052632,11834716,11840979
90166,90205,0.8928571428571429,11842184,11841656
85471,90218,0.8661087866108786,11538452,11842405
90213,90221,0.9380530973451328,11842129,11842550
19636,90247,0.8533541341653667,8432078,11846343
55186,90266,0.9361702127659575,9831974,11848124
19636,90312,0.8560250391236307,8432078,11849780
90177,90320,0.8888888888888888,11837588,11850039
90235,90355,0.8734756097560976,11843724,11851262
80893,90377,0.8756218905472637,11265187,11852414
19636,90381,0.891271056661562,8432078,11852445
90243,90382,0.9437869822485208,11845542,11852475
19636,90384,0.8871951219512195,8432078,11852539
19636,90385,0.9114906832298136,8432078,11852542
19636,90418,0.8661654135338346,8432078,11854460
90403,90420,0.9473684210526315,11853306,11854512
19636,90432,0.8899082568807339,8432078,11855283
90467,90482,0.9324324324324325,11857374,11861010
90467,90486,0.9003322259136213,11857374,11861326
90576,90586,0.927007299270073,11869176,11869561
90579,90593,0.9705882352941176,11869313,11869820
90579,90596,0.9705882352941176,11869313,11869998
90579,90602,0.8533333333333334,11869313,11870442
49072,90603,0.9292149292149292,9527201,11870458
90613,90616,0.9447674418604651,11870905,11870920
14,90628,0.8918918918918919,7481720,11871403
55186,90661,0.8524590163934426,9831974,11873747
67712,90681,0.8577912254160364,10510529,11874901
90667,90702,0.9915966386554622,11874201,11875607
89456,90721,0.9259259259259259,11794555,11876856
90712,90744,0.8791773778920309,11876285,11878061
90656,90790,0.8692307692307693,11873206,11879877
85978,90803,0.9230769230769231,11581480,11881814
88593,90826,0.9035087719298246,11770943,11868119
90826,90834,0.911504424778761,11868119,11868359
6567,90849,0.9107505070993914,7844576,11884180
90848,90850,0.8567567567567568,11882881,11884531
6567,90856,0.8653465346534653,7844576,11885265
6567,90857,0.9276859504132231,7844576,11885266
6567,90858,0.891566265060241,7844576,11885273
6567,90861,0.891566265060241,7844576,11885354
6567,90868,0.893574297188755,7844576,11885456
90863,90875,0.9521178637200737,11885418,11885571
90877,90879,0.8796992481203008,11885643,11885690
90884,90890,0.8515625,11885950,11886271
6567,90941,0.9107505070993914,7844576,11888852
90925,90955,0.9193548387096774,11888266,11889443
6567,90968,0.9100204498977505,7844576,11889930
90975,90984,0.8653846153846154,11890373,11890729
90986,90988,0.9859154929577465,11890816,11890866
88949,91005,0.8891509433962265,11776531,11883563
61812,91031,0.9090909090909091,10198402,11884690
91035,91036,0.9343629343629344,11884839,11884884
91064,91066,0.9428571428571428,11894833,11894874
56417,91075,0.8831417624521073,9902293,11895079
90877,91099,0.8666666666666667,11885643,11895572
91106,91114,0.9510357815442562,11895910,11896089
4601,91133,0.8514285714285714,7735607,11896709
4601,91136,0.8514285714285714,7735607,11896835
9568,91160,0.8981042654028436,7985306,11898294
91156,91162,0.8540145985401459,11898123,11898336
91156,91163,0.9096045197740112,11898123,11898350
2286,91167,0.9248895434462445,7609703,11898415
9568,91172,0.9221411192214112,7985306,11898534
9568,91174,0.8634259259259259,7985306,11898558
91015,91179,0.9772079772079773,11883980,11898713
91169,91180,0.9357277882797732,11898458,11898726
80078,91181,0.8526645768025078,11226520,11898774
81383,91181,0.8589341692789969,11304903,11898774
80229,91184,0.8652037617554859,11229552,11898792
91188,91189,0.8918918918918919,11898997,11899029
91188,91191,0.9357798165137615,11898997,11899326
84805,91204,0.9069767441860465,11498551,11892955
91200,91209,0.9036827195467422,11892607,11893216
85978,91211,0.9607843137254902,11581480,11893275
72855,91213,0.8713080168776371,10778854,11893307
81438,91214,0.8523908523908524,11307047,11893348
85978,91215,0.9607843137254902,11581480,11893362
91048,91231,0.9130434782608695,11894573,11894007
91048,91233,0.9362745098039216,11894573,11894046
88547,91246,0.913312693498452,11763296,11899743
90877,91251,0.8796992481203008,11885643,11899913
91260,91262,0.8842975206611571,11901998,11905689
91309,91332,0.9665551839464883,11908931,11910303
90877,91336,0.8666666666666667,11885643,11910390
91260,91358,0.8688524590163934,11901998,11911515
70839,91419,0.8638132295719845,10682236,11913460
91242,91452,0.8666666666666667,11899404,11916318
91242,91454,0.8620689655172413,11899404,11916433
91242,91457,0.9302325581395349,11899404,11916571
90877,91458,0.8796992481203008,11885643,11916579
91474,91476,0.984354628422425,11900602,11901027
91494,91495,0.8765432098765432,11904440,11904455
91141,91497,0.9178947368421052,11897122,11904475
55186,91506,0.9072164948453608,9831974,11904993
91377,91511,0.8956228956228957,11912182,11905306
91265,91521,0.9544554455445544,11907089,11906155
91291,91538,0.8613138686131386,11908207,11906907
91551,91574,1.0,11922747,11924031
91416,91664,0.8602150537634409,11913271,11927851
91625,91666,0.9497716894977168,11925911,11928068
91181,91667,0.8601823708206687,11898774,11928073
91673,91675,0.8768472906403941,11928720,11928782
91678,91688,0.9283088235294118,11929109,11929502
14613,91708,0.875993640699523,8209714,11930317
81383,91709,0.8734177215189873,11304903,11930366
17181,91716,0.8512269938650306,8326792,11930569
91416,91718,0.8648648648648649,11913271,11930606
91717,91722,0.8698060941828255,11930592,11930940
91717,91728,0.8587257617728532,11930592,11931271
91481,91729,0.9530201342281879,11903495,11931272
91662,91734,0.9348837209302325,11927656,11931430
91717,91741,0.8974358974358975,11930592,11931738
91184,91743,0.8501529051987767,11898792,11931786
17182,91746,0.8560371517027864,8326879,11931943
91717,91747,0.8527777777777777,11930592,11931981
14613,91750,0.8582554517133957,8209714,11932240
91715,91753,0.8786407766990292,11930551,11932302
91752,91753,0.8719211822660099,11932286,11932302
91752,91761,0.9040404040404041,11932286,11932755
14613,91763,0.8623417721518988,8209714,11933004
14613,91767,0.8773885350318471,8209714,11933132
17184,91768,0.9048387096774193,8326970,11933157
91754,91775,0.9444444444444444,11932361,11933504
91662,91787,0.9348837209302325,11927656,11934190
91662,91789,0.9481132075471698,11927656,11934456
91782,91791,0.8868274582560297,11934009,11934616
91774,91824,0.9302325581395349,11933353,11937752
91831,91834,0.8539325842696629,11917974,11918009
91833,91834,0.9127906976744186,11918006,11918009
91831,91837,0.9411764705882353,11917974,11918067
91848,91849,0.8930817610062893,11919768,11919790
91848,91850,0.9545454545454546,11919768,11919836
91852,91856,1.0,11919861,11919969
91852,91857,1.0,11919861,11919986
91852,91858,0.9451327433628318,11919861,11919991
91848,91864,0.9358974358974359,11919768,11920197
91848,91870,0.9358974358974359,11919768,11920468
91852,91871,1.0,11919861,11920471
91848,91872,0.9182389937106918,11919768,11920495
88721,91891,0.9854014598540146,11740903,11921802
88905,91894,0.9702702702702702,11730446,11921999
88905,91901,0.967654986522911,11730446,11922285
91897,91905,0.8987583572110793,11922105,11922369
91897,91908,0.945,11922105,11922709
89834,91911,0.9776247848537005,11819901,11922779
91897,91913,0.924901185770751,11922105,11923016
91897,91918,0.8797348484848485,11922105,11923165
91831,92000,0.8579545454545454,11917974,11946656
91987,92000,0.8771929824561403,11946267,11946656
92009,92018,0.8950617283950617,11947334,11947780
91831,92043,0.8595505617977528,11917974,11948998
92005,92057,0.9057142857142857,11946979,11949811
92031,92065,0.9166666666666666,11948715,11950228
90100,92076,0.893719806763285,11833570,11950676
91926,92087,0.9277777777777778,11940688,11951198
92083,92088,0.9155844155844156,11951135,11951250
92032,92103,0.9230769230769231,11948722,11951852
92061,92104,0.9622641509433962,11950032,11951899
91831,92120,0.8793103448275862,11917974,11953448
92067,92123,0.9273927392739274,11950332,11953775
92067,92124,0.9435215946843853,11950332,11954029
92134,92137,0.8825,11954267,11954324
92161,92162,0.908675799086758,11956283,11956308
34205,92180,0.8717948717948718,8891405,11939094
92178,92190,0.927007299270073,11938778,11940322
92185,92191,0.8507462686567164,11939935,11940366
92178,92197,0.9473684210526315,11938778,11940701
92178,92198,0.851258581235698,11938778,11940740
80483,92206,0.9583333333333334,11253576,11941221
88531,92208,0.921875,11762356,11941695
92178,92237,0.9315403422982885,11938778,11958772
90212,92240,0.8637992831541219,11842128,11960158
19636,92245,0.8778979907264297,8432078,11961471
92178,92255,0.9225181598062954,11938778,11964548
87214,92270,0.864406779661017,11609383,11966100
87214,92282,0.85,11609383,11966726
92285,92286,0.875,11966786,11966919
92178,92297,0.9318734793187348,11938778,11967104
92178,92312,0.9683698296836983,11938778,11967850
92178,92314,0.9228915662650602,11938778,11967886
19636,92319,0.8663594470046083,8432078,11968118
92178,92352,0.9731051344743277,11938778,11970296
92178,92355,0.9333333333333333,11938778,11970405
92178,92356,0.9686746987951808,11938778,11970410
92178,92369,0.927710843373494,11938778,11970970
92229,92374,0.9814814814814815,11943168,11971015
92366,92394,0.9255813953488372,11970841,11971690
92400,92408,0.8913043478260869,11971967,11972197
92399,92424,0.9010526315789473,11971956,11973191
92229,92425,0.9814814814814815,11943168,11973231
92412,92436,0.9259259259259259,11972589,11974185
92229,92438,0.954337899543379,11943168,11974208
19636,92443,0.8925233644859814,8432078,11974324
19636,92482,0.8909657320872274,8432078,11977215
92522,92525,0.8584905660377359,11964027,11964270
62370,92550,0.8507462686567164,10232885,11980957
92178,92553,0.8809523809523809,11938778,11981059
90905,92563,0.9047619047619048,11886993,11981913
92584,92602,0.8713450292397661,11985902,11987155
86353,92642,0.8736842105263158,11673167,11989527
9238,92646,0.9110807113543091,7968226,11989928
9238,92668,0.9058663028649386,7968226,11990692
9238,92679,0.875,7968226,11991583
9238,92685,0.9085948158253752,7968226,11991865
92681,92687,0.9014925373134328,11991727,11992196
92576,92699,0.926829268292683,11985192,11993312
92681,92712,0.9335347432024169,11991727,11994188
9238,92717,0.9061224489795918,7968226,11994358
92576,92721,0.9779411764705882,11985192,11994537
80483,92798,0.8923076923076924,11253576,11996101
92741,92847,0.8668146503884573,11982926,11998411
60176,92972,0.9350282485875706,10101391,12006254
60176,92976,0.9367924528301886,10101391,12006623
93002,93008,0.8556338028169014,12007380,12007604
89940,93013,0.9021739130434783,11826716,12007754
93012,93019,0.9555555555555556,12007749,12007994
93039,93040,0.8688524590163934,12008841,12008899
85471,93058,0.8717391304347826,11538452,12010336
85471,93062,0.9006622516556292,11538452,12010506
93059,93063,0.9596774193548387,12010347,12010521
21574,93080,0.8781925343811395,8508205,12004066
93086,93088,0.9441860465116279,12004198,12004233
89865,93130,0.9178082191780822,11822214,12015283
93152,93161,0.9873737373737373,12016024,12016264
93170,93176,0.8505214368482039,12016528,12016653
1036,93187,0.8545454545454545,7538920,12017426
93174,93195,0.85,12016595,12017675
6567,93275,0.8775510204081632,7844576,12022366
93236,93296,0.9488372093023256,12019678,12023574
92700,93322,0.8979591836734694,11993355,12012043
93320,93322,0.9361702127659575,12011891,12012043
88125,93331,0.8518518518518519,11729094,12012739
92700,93331,0.9019607843137255,11993355,12012739
88125,93338,0.8679245283018868,11729094,12013169
93123,93350,0.9354838709677419,12014873,12014413
84695,93367,0.9545454545454546,11489848,12026911
93404,93406,0.9061032863849765,12037192,12037257
93447,93461,0.9090909090909091,12040241,12040796
93387,93469,0.8846153846153846,12035725,12041101
93467,93472,0.934640522875817,12041023,12041162
82944,93479,0.9307359307359307,11390350,12041818
82944,93484,0.9347826086956522,11390350,12041961
82944,93490,0.8898305084745762,11390350,12042316
14231,93503,0.9142857142857143,8196104,12042804
52860,93503,0.8571428571428571,9722340,12042804
1575,93527,0.9333333333333333,7566123,12044962
62451,93541,0.93929173693086,10233139,12056577
84695,93546,0.8621399176954733,11489848,12057833
91285,93549,0.8709677419354839,11908066,12063125
93387,93580,0.8846153846153846,12035725,12076376
93635,93643,0.8699551569506726,12033020,12033544
91285,93647,0.9135135135135135,11908066,12033940
24771,93655,0.8707692307692307,8596984,12034785
75976,93656,0.9113924050632911,10988593,12034831
86898,93664,0.9985141158989599,11614270,12035363
80377,93723,0.9318181818181818,11246380,12061511
93706,93761,0.9248826291079812,12058101,12065558
93813,93827,0.9607843137254902,12073039,12073905
93908,93921,0.91796875,12052245,12052975
93933,93936,0.8867924528301887,12053927,12053968
6567,93981,0.9098360655737705,7844576,12056638
94018,94022,0.8611111111111112,12059970,12060051
94018,94026,0.8611111111111112,12059970,12060178
93855,94079,0.8571428571428571,12048477,12045727
93856,94079,0.8614718614718615,12048488,12045727
89661,94082,0.8739495798319328,11811690,12046317
93855,94137,0.8558951965065502,12048477,12080277
94149,94154,0.8620689655172413,12080867,12081239
94237,94245,0.9766355140186916,12086758,12087340
93855,94250,0.851528384279476,12048477,12088014
94079,94251,0.853448275862069,12045727,12088042
94079,94252,0.8739130434782608,12045727,12088175
93855,94271,0.8596491228070176,12048477,12164347
94272,94279,0.931095406360424,12076772,12077176
94272,94280,0.9176882661996497,12076772,12077184
94272,94281,0.9343971631205674,12076772,12077265
94272,94286,0.942652329749104,12076772,12077444
94272,94293,0.9428571428571428,12076772,12077641
94284,94299,0.8712121212121212,12077391,12077825
94290,94299,0.9448818897637795,12077588,12077825
94288,94300,0.8571428571428571,12077554,12077842
94288,94304,0.8861209964412812,12077554,12077922
94284,94310,0.937007874015748,12077391,12078059
94334,94335,0.9237536656891495,12090853,12090855
94334,94337,0.9002932551319648,12090853,12090905
94272,94391,0.9428571428571428,12076772,12094111
94272,94400,0.946236559139785,12076772,12094760
94272,94401,0.9395017793594306,12076772,12094791
94272,94402,0.9361702127659575,12076772,12094799
94403,94404,0.9240121580547113,12094879,12094890
94393,94405,0.9710144927536232,12094373,12094891
94393,94407,0.9622302158273381,12094373,12094909
94331,94426,0.9285714285714286,12090616,12090380
94438,94443,0.9464285714285714,12096939,12096983
94438,94445,0.954954954954955,12096939,12097098
94438,94448,0.8879310344827587,12096939,12097124
93097,94449,0.8739130434782608,12004671,12097130
94438,94453,0.9506726457399103,12096939,12097258
93996,94523,0.8811881188118812,12057919,12095471
94528,94529,0.9649805447470817,12095602,12095661
83132,94554,0.8548387096774194,11400902,12103654
70386,94555,0.9316770186335404,10648861,12103741
94551,94580,0.9137931034482759,12103423,12105065
91720,94629,0.9468085106382979,11930671,12107685
94632,94634,0.9152542372881356,12107918,12108043
94079,94649,0.8521739130434782,12045727,12108750
94648,94650,0.8899082568807339,12108625,12108754
93855,94659,0.8646288209606987,12048477,12109252
94649,94663,0.9541284403669725,12108750,12109409
94661,94666,0.9595141700404858,12109389,12109447
94649,94668,0.8810572687224669,12108750,12109788
94673,94676,0.8930041152263375,12110008,12110526
94673,94701,0.8658536585365854,12110008,12113352
70386,94716,0.9461827284105131,10648861,12101381
94571,94720,0.9008264462809917,12104771,12101514
94571,94723,0.8852459016393442,12104771,12101821
92739,94724,0.8862068965517241,11982808,12101909
94571,94725,0.8925619834710744,12104771,12102018
67426,94743,0.8601895734597157,10492006,12113451
9568,94758,0.9023809523809524,7985306,12114017
94708,94764,0.856020942408377,12100848,12114172
94763,94764,0.9747899159663865,12114169,12114172
94763,94765,0.9340659340659341,12114169,12114179
94708,94767,0.8612565445026178,12100848,12114267
94763,94768,0.9419889502762431,12114169,12114271
94763,94770,0.9719887955182073,12114169,12114281
83889,94890,0.852112676056338,11447329,12119890
32330,94914,0.8666666666666667,8826191,12123324
35298,94914,0.918918918918919,8931935,12123324
94902,94916,0.863849765258216,12121665,12123425
94902,94927,0.8558139534883721,12121665,12124402
94938,94955,0.9066339066339066,12127627,12128153
94968,94969,0.8947368421052632,12125171,12125183
55186,94999,0.9072164948453608,9831974,12126388
85978,95035,0.9230769230769231,11581480,12130996
95067,95070,0.8502415458937198,12132031,12132098
95053,95072,0.9186991869918699,12131731,12132277
95067,95073,0.8792270531400966,12132031,12132281
95067,95079,0.8878048780487805,12132031,12132562
93447,95110,0.916030534351145,12040241,12133671
95126,95135,0.8591549295774648,12134234,12134626
95134,95142,0.8721804511278195,12134617,12135100
95152,95156,0.9668367346938775,12135497,12135653
95197,95205,0.9021739130434783,12138457,12139047
95218,95225,0.9186991869918699,12140249,12140849
92803,95227,0.9063545150501672,11996152,12140944
95226,95227,0.8701298701298701,12140925,12140944
95246,95247,0.8627450980392157,12142846,12142882
95191,95253,0.9035714285714286,12138138,12128450
95251,95253,0.8606271777003485,12128255,12128450
72676,95268,0.9591836734693877,10781339,12129547
91852,95269,0.9070567986230637,11919861,12129575
91852,95270,0.9837251356238698,11919861,12129576
91852,95272,0.9609929078014184,11919861,12129594
91852,95274,0.941696113074205,11919861,12129681
92882,95294,0.9099099099099099,11999926,12130162
95042,95308,0.9164265129682997,12131485,12130698
95329,95341,0.9907834101382489,12145872,12146650
91852,95349,0.9573712255772646,11919861,12147239
91852,95351,0.950530035335689,11919861,12147311
91852,95362,0.9837251356238698,11919861,12147801
74227,95367,0.8765603328710125,10855092,12148237
84048,95370,0.918460534898891,11455395,12148344
95384,95388,0.8970588235294118,12149085,12149226
95400,95433,0.9808795411089866,12149695,12151100
95426,95439,0.8913043478260869,12151006,12151172
95438,95486,0.872,12151143,12154335
84805,95491,0.9253112033195021,11498551,12154544
95191,95512,0.8701754385964913,12138138,12156799
95520,95529,0.9067796610169492,12157515,12158269
85217,95567,0.9303030303030303,11523712,12145966
95330,95572,0.9421965317919075,12145936,12146330
95707,95732,0.9188034188034188,12168394,12169337
74259,95747,0.9072978303747534,10867577,12170428
85057,95785,0.8777777777777778,11495464,12160904
95776,95799,0.9299363057324841,12160559,12161325
95776,95804,0.8695652173913043,12160559,12161521
95799,95807,0.8875,12161325,12161609
95804,95811,0.8518518518518519,12161521,12161732
63549,95830,0.875,10293977,12162559
95923,95924,0.9627329192546584,12179154,12179159
95923,95930,0.9936908517350158,12179154,12179303
95947,95948,0.9432624113475178,12175393,12175726
55186,95952,0.9888888888888889,9831974,12177074
55186,95953,0.985239852398524,9831974,12177091
84309,95957,0.8721804511278195,11469775,12177334
84323,95959,0.8830188679245283,11471816,12177407
95966,95967,1.0,12180394,12180665
95966,95971,0.9694189602446484,12180394,12182423
95966,95982,1.0,12180394,12182644
90667,95999,0.95,11874201,12183018
45156,96068,0.8910081743869209,9338860,12185435
82647,96077,0.8841698841698842,11374100,12185958
96080,96094,1.0,12180027,12181711
96104,96106,0.9565217391304348,12182066,12182115
96085,96108,0.8512820512820513,12180577,12182242
96085,96109,0.8802083333333334,12180577,12182251
67454,96160,0.9651162790697675,10493225,12188044
67454,96163,0.9595375722543352,10493225,12188159
74227,96174,0.8751733703190014,10855092,12189196
67454,96177,0.9651162790697675,10493225,12189220
94724,96180,0.8576158940397351,12101909,12189240
67454,96186,0.9595375722543352,10493225,12189619
67454,96197,0.9595375722543352,10493225,12190212
67454,96204,0.9485714285714286,10493225,12190433
96198,96225,0.9486166007905138,12190219,12191827
72111,96231,0.9428007889546351,10748126,12192456
96196,96241,0.8768472906403941,12190210,12192933
96162,96269,0.8974358974358975,12188078,12197133
96287,96297,0.9851485148514851,12200846,12201111
96317,96319,0.9041095890410958,12198352,12198436
88347,96333,0.8737864077669902,11742740,12199348
96361,96365,0.9193548387096774,12204663,12204805
60253,96381,0.8511210762331839,10107464,12205536
94573,96423,0.8652694610778443,12104888,12208252
70839,96445,0.916,10682236,12209526
96447,96451,0.9598765432098766,12209655,12210206
2286,96462,0.8652777777777778,7609703,12210464
2286,96469,0.8701117318435754,7609703,12211447
55186,96514,0.902027027027027,9831974,12214484
85062,96523,0.8780487804878049,11495997,12216681
96557,96562,0.9831932773109243,12202288,12202409
96565,96567,0.8524590163934426,12202541,12202611
95983,96573,0.8888888888888888,12182654,12202787
95785,96616,0.8901098901098901,12160904,12222536
96301,96618,0.904,12201282,12222677
96618,96620,0.8505154639175257,12222677,12222695
96621,96635,0.913894324853229,12222701,12223135
96617,96636,0.9139784946236559,12222588,12223164
96622,96640,0.9212598425196851,12222724,12223259
73396,96645,0.9253731343283582,10821245,12223447
96736,96764,0.9538461538461539,12228177,12230548
96733,96791,0.9555555555555556,12228041,12232126
96809,96814,0.918918918918919,12233985,12234375
32330,96824,0.918918918918919,8826191,12235770
96301,96874,0.8923884514435696,12201282,12220907
96945,96949,0.9444444444444444,12253348,12253487
7735,97005,0.8542914171656687,7895860,12260130
96938,97005,0.9205020920502092,12251934,12260130
96994,97007,0.9382716049382716,12258435,12260198
20252,97019,0.8969072164948454,8460314,12261006
97023,97035,0.9053497942386831,12262266,12263381
7735,97037,0.8729838709677419,7895860,12263391
97023,97043,0.957983193277311,12262266,12264997
96908,97046,0.8776470588235294,12237767,12266121
96908,97047,0.8644859813084113,12237767,12266192
96914,97060,0.9568965517241379,12241998,12267330
97023,97062,0.9176954732510288,12262266,12267465
97087,97088,0.8611111111111112,12269934,12270005
67451,97107,0.850828729281768,10492938,12241018
67454,97107,0.9651162790697675,10493225,12241018
87280,97136,0.9041533546325878,11724916,12242164
95085,97147,0.8737373737373737,12132690,12242849
97153,97170,0.8780487804878049,12243001,12243537
94014,97173,0.8689458689458689,12059798,12243772
97161,97177,0.9041095890410958,12243285,12243920
97185,97186,0.9145299145299145,12244990,12245043
97181,97188,0.9358974358974359,12244305,12245069
97188,97191,0.8723404255319149,12245069,12245472
97219,97220,0.9329446064139941,12247660,12247667
97215,97227,0.8810198300283286,12247394,12248066
84805,97234,0.9277777777777778,11498551,12248401
84805,97250,0.8884353741496599,11498551,12249315
84853,97250,0.8802721088435375,11500373,12249315
97098,97276,0.9221556886227545,12239986,12250785
67802,97306,0.8656716417910447,10508736,12254555
69188,97306,0.8636363636363636,10588113,12254555
97233,97322,0.9393939393939394,12248384,12256704
97207,97355,0.8737864077669902,12246763,12268559
97209,97355,0.9102091020910209,12246891,12268559
97234,97355,0.8602287166454892,12248401,12268559
97373,97377,0.9361702127659575,12238662,12238841
62451,97447,0.9201331114808652,10233139,12272114
85217,97507,0.9014925373134328,11523712,12276669
52733,97580,0.9186991869918699,9717677,12281864
97586,97594,0.9752475247524752,12282106,12282240
97586,97610,0.9900497512437811,12282106,12282636
53981,97638,0.8611111111111112,9777707,12283598
78465,97638,0.9310344827586207,11134182,12283598
97665,97669,0.8984615384615384,12284808,12284923
97680,97682,0.9441176470588235,12285652,12285721
55186,97709,0.974169741697417,9831974,12280540
97755,97756,0.8940677966101694,12288729,12288748
97731,97770,0.9876543209876543,12287279,12290205
97848,97851,0.9,12300332,12300452
95085,97864,0.8636363636363636,12132690,12301489
97865,97868,0.8545454545454545,12301767,12302038
97871,97872,0.9139072847682119,12302236,12302313
97882,97886,0.9055793991416309,12302853,12303343
97888,97889,0.9495798319327731,12303576,12303589
97976,97987,0.888,12308112,12308762
19636,98049,0.9470304975922953,8432078,12313569
98050,98088,0.9436619718309859,12313588,12315102
95396,98111,0.9022556390977443,12149547,12317041
98117,98140,0.8759124087591241,12317498,12318700
95384,98148,0.8686131386861314,12149085,12319158
98127,98148,0.8540145985401459,12317874,12319158
97437,98161,0.875,12271409,12320717
95682,98215,0.8614457831325302,12166681,12307836
97977,98215,0.8742138364779874,12308169,12307836
98252,98253,0.9689922480620154,12324438,12324463
98248,98300,0.8807947019867549,12324077,12326615
97976,98305,0.926829268292683,12308112,12326887
97999,98305,0.8809523809523809,12309706,12326887
16635,98306,1.0,8302866,12326910
98274,98319,0.9310344827586207,12325261,12327586
80550,98329,0.9002695417789758,11258664,12327857
98378,98379,0.8901098901098901,12329892,12330107
85685,98392,0.9302325581395349,11556259,12330840
98380,98398,0.8978102189781022,12330317,12331519
98413,98419,0.916267942583732,12332659,12333247
98458,98473,0.8797814207650273,12341222,12341716
98471,98474,0.95,12341640,12341759
98500,98511,0.9090909090909091,12337681,12338039
44974,98513,0.9672131147540983,9314449,12338097
98511,98516,0.8513513513513513,12338039,12338419
98585,98586,0.8882521489971347,12345782,12345864
98585,98602,0.9058823529411765,12345782,12346744
2286,98662,0.8725490196078431,7609703,12350684
98653,98670,0.8765957446808511,12350157,12351017
98670,98675,0.9555555555555556,12351017,12351409
98673,98685,0.9663865546218487,12351279,12351780
98673,98687,0.9008264462809917,12351279,12351851
98727,98728,0.9328859060402684,12353015,12353020
98758,98807,0.8771929824561403,12354545,12357690
97744,98842,0.851063829787234,12287950,12342271
13400,98851,0.898379970544919,8155607,12342698
98873,98879,0.8734177215189873,12344559,12344966
98874,98883,0.9401709401709402,12344576,12345146
60521,98902,0.855072463768116,10123598,12346198
98585,98902,0.948170731707317,12345782,12346198
55186,98914,0.9565217391304348,9831974,12362375
98940,98947,0.9490084985835694,12364187,12364764
98940,98948,0.8986301369863013,12364187,12364818
65042,98949,0.9315589353612167,10374993,12364856
55186,98960,0.951310861423221,9831974,12365980
97061,98973,0.90625,12267422,12366986
98969,98981,0.9329962073324906,12366694,12367352
98987,98992,0.8895184135977338,12367490,12367620
59504,98993,0.8545454545454545,10068304,12367628
59504,98994,0.8584474885844748,10068304,12367649
55186,99078,0.8929765886287625,9831974,12373946
98909,99130,0.8611111111111112,12361738,12361643
99132,99134,0.8785942492012779,12361653,12361675
99174,99212,0.9285714285714286,12378883,12380023
99208,99213,0.8837209302325582,12379912,12380064
55186,99238,0.8501742160278746,9831974,12381324
52401,99256,0.8846153846153846,9698984,12382470
99290,99295,0.880184331797235,12377464,12377710
99294,99298,0.9435483870967742,12377680,12377762
99311,99323,0.9493670886075949,12385349,12386576
99311,99325,0.9493670886075949,12385349,12386663
99312,99330,0.9457831325301205,12385360,12387138
99316,99384,0.9270833333333334,12385542,12389699
2286,99390,0.8522571819425444,7609703,12389887
2286,99391,0.8713286713286713,7609703,12389980
99273,99393,0.8839662447257384,12383518,12390069
67712,99414,0.8744257274119449,10510529,12391061
3903,99416,0.915625,7693407,12391080
9303,99416,0.8888888888888888,7970270,12391080
55663,99416,0.9154078549848943,9861103,12391080
79174,99416,0.9079365079365079,11173184,12391080
92009,99416,0.8654434250764526,11947334,12391080
67712,99449,0.8597285067873304,10510529,12386093
67712,99456,0.8938461538461538,10510529,12386297
99311,99457,0.8727272727272727,12385349,12386381
90681,99460,0.8664688427299704,11874901,12386430
67712,99461,0.8567073170731707,10510529,12386431
73271,99469,0.8674698795180723,10814228,12392046
73271,99483,0.9056603773584906,10814228,12393815
82625,99488,0.916030534351145,11371770,12393950
82647,99516,0.8576779026217228,11374100,12395624
96111,99529,0.9403266331658291,12182289,12396332
82647,99533,0.8576779026217228,11374100,12397215
99442,99536,0.9540816326530612,12385500,12397766
82625,99544,0.953307392996109,11371770,12398681
82703,99547,0.9195402298850575,11364839,12399127
82625,99552,0.953307392996109,11371770,12399389
67712,99557,0.858678955453149,10510529,12399733
99578,99593,0.9551569506726457,12405362,12405979
99578,99599,0.9012875536480687,12405362,12406155
99613,99618,0.9636363636363636,12406997,12407307
99324,99628,0.8579881656804734,12386594,12407670
99311,99630,0.8647058823529412,12385349,12407728
62420,99664,0.8679245283018868,10257428,12409529
19636,99669,0.8922345483359746,8432078,12409673
99693,99698,0.8881987577639752,12411351,12411446
67712,99708,0.8725341426403642,10510529,12468661
70709,99713,0.8527131782945736,10693687,12936104
92882,99733,0.9905660377358491,11999926,12402778
99738,99741,0.9835390946502057,12402843,12402981
99738,99750,0.9362549800796812,12402843,12403200
56677,99806,0.8538961038961039,9915301,12415016
78819,99808,0.8673835125448028,11153805,12415392
99818,99842,0.8949771689497716,12415956,12416645
99860,99862,0.9696969696969697,12417341,12417538
99751,99868,0.912,12403206,12417776
99859,99871,0.9424778761061947,12417274,12418116
99881,99883,0.9176882661996497,12418484,12418648
99881,99887,0.9501779359430605,12418484,12419007
99884,99887,0.8636363636363636,12418837,12419007
99714,99903,0.8715953307392996,12400318,12419947
97899,99915,0.8974358974358975,12295097,12420903
99924,99935,1.0,12421316,12421853
99924,99936,0.8614718614718615,12421316,12421858
99924,99940,0.8787878787878788,12421316,12422102
99831,99943,0.95260663507109,12416278,12422270
97899,99947,0.8860759493670886,12295097,12422331
99934,99949,0.8636363636363636,12421784,12422503
56239,99951,0.8664850136239782,9893799,12422614
99924,99962,0.9151785714285714,12421316,12422870
99936,99965,0.875,12421858,12422882
3903,99992,0.9127725856697819,7693407,12424159
99980,100002,0.9565217391304348,12423854,12424252
99958,100008,0.9593908629441624,12422799,12424414
99881,100028,0.9712230215827338,12418484,12425225
100060,100062,0.8838709677419355,12427225,12427287
99751,100077,0.9719887955182073,12403206,12428700
99716,100086,0.9556962025316456,12400549,12429203
100030,100088,0.8622222222222222,12425249,12429290
82348,100091,0.9494949494949495,11352764,12429503
99716,100094,0.9,12400549,12429824
99926,100097,0.9708939708939709,12421375,12429938
100114,100115,0.8535714285714285,12411975,12412135
78819,100123,0.896457765667575,11153805,12413513
99804,100127,0.8911917098445595,12414245,12413783
100121,100129,0.890625,12413257,12414181
78819,100133,0.9043715846994536,11153805,12414776
78819,100134,0.9396471680594243,11153805,12414782
99421,100137,0.9051724137931034,12391216,12415067
58613,100139,0.8539682539682539,10023848,12415142
99806,100142,0.9638157894736842,12415016,12415449
78819,100144,0.9076782449725777,11153805,12415551
79174,100150,0.9477124183006536,11173184,12432135
42735,100197,0.8638743455497382,9223932,12439086
42735,100198,0.856396866840731,9223932,12439151
100231,100245,0.9532710280373832,12440912,12441943
100252,100261,0.9372693726937269,12442286,12442803
100252,100265,0.9659090909090909,12442286,12442996
96381,100295,0.947565543071161,12205536,12444625
100166,100324,0.9367088607594937,12435208,12445698
100166,100325,0.9702127659574468,12435208,12445711
100279,100344,0.987012987012987,12443680,12446423
60242,100352,0.882962962962963,10107142,12447067
100306,100364,0.9296875,12444869,12447866
96381,100365,0.9651272384542884,12205536,12447990
100309,100367,0.8586956521739131,12444877,12448221
100279,100371,0.987012987012987,12443680,12448841
45156,100392,0.8679245283018868,9338860,12451113
100306,100393,0.9238578680203046,12444869,12451118
2292,100406,0.850480109739369,7609838,12491386
100410,100411,0.8850574712643678,12433823,12433866
97899,100433,0.8974358974358975,12295097,12437010
100428,100435,0.9491017964071856,12436648,12437125
100432,100440,0.8545454545454545,12436948,12437567
5143,100443,0.926605504587156,7767396,12437631
76278,100451,0.8992537313432836,11005911,12438221
84839,100489,0.8709677419354839,11499532,12455554
100501,100506,0.9814814814814815,12456356,12456886
100531,100534,0.8959276018099548,12459657,12459860
100557,100558,0.8739495798319328,12467617,12467635
100561,100562,0.8625,12468962,12468964
100535,100646,0.8783783783783784,12459896,12475274
97899,100653,0.8974358974358975,12295097,12463766
100661,100665,0.9459459459459459,12464320,12464371
100731,100735,0.92,12481197,12481370
55186,100752,0.9081632653061225,9831974,12482237
100753,100755,0.875,12482249,12482353
55186,100758,0.9128919860627178,9831974,12482432
55186,100760,0.9128919860627178,9831974,12482503
99723,100794,0.9053627760252366,12400923,12484621
95966,100820,0.8809523809523809,12180394,12486481
100798,100824,0.8653846153846154,12484790,12486622
100824,100840,0.8808373590982287,12486622,12487848
100824,100843,0.9125412541254125,12486622,12487951
100851,100853,0.9827586206896551,12488736,12488821
55275,100898,0.8528428093645485,9841659,12476237
100942,100943,0.930635838150289,12493407,12493417
100951,100953,0.9964664310954063,12494444,12494631
55186,100970,0.902027027027027,9831974,12497696
55186,100972,0.8633093525179856,9831974,12497705
55186,100975,0.898989898989899,9831974,12497771
55186,100983,0.8566433566433567,9831974,12498013
100997,101003,0.9166666666666666,12498349,12498517
100997,101005,0.9194444444444444,12498349,12498644
99645,101008,0.875,12408545,12498902
99645,101009,0.9014084507042254,12408545,12498945
100991,101012,0.9534883720930233,12498232,12499055
100997,101012,0.8598901098901099,12498349,12499055
100972,101017,0.8973384030418251,12497705,12499395
55186,101029,0.9202898550724637,9831974,12499796
100967,101031,0.9330357142857143,12496814,12499854
55186,101034,0.9169675090252708,9831974,12499945
93347,101035,0.8676470588235294,12014181,12499963
100951,101043,0.9964664310954063,12494444,12500260
100967,101058,0.9570135746606335,12496814,12501021
14597,101065,0.865979381443299,8209268,12501178
100967,101067,0.9503386004514672,12496814,12501217
99273,101097,0.8742268041237113,12383518,12503239
101105,101106,0.8893058161350844,12503573,12503576
100798,101109,0.8685064935064936,12484790,12503733
101081,101113,0.9236641221374046,12496647,12504180
101122,101123,0.8722741433021807,12504530,12504553
58736,101161,0.85,10028385,12507167
101169,101178,0.913312693498452,12507645,12507929
101169,101180,0.8902439024390244,12507645,12507942
101169,101184,0.9190031152647975,12507645,12507987
101189,101192,0.9166666666666666,12508260,12508530
101200,101203,0.9584569732937686,12502413,12502550
19636,101214,0.9496753246753247,8432078,12508857
19636,101217,0.9656301145662848,8432078,12508919
55186,101223,0.9236363636363636,9831974,12509170
101264,101270,0.9751937984496124,12510829,12511119
101274,101290,0.9395604395604396,12511456,12512215
101296,101313,0.8682634730538922,12512329,12513091
2292,101325,0.8501362397820164,7609838,12513291
101294,101385,0.926829268292683,12512295,12517426
101428,101449,0.9121813031161473,12525428,12526146
77643,101464,0.855944055944056,11086748,12526415
101428,101488,0.9505813953488372,12525428,12527578
55186,101561,0.9050847457627119,9831974,12530554
5656,101596,0.8612099644128114,7795860,12533440
16035,101596,0.852112676056338,8273746,12533440
101607,101613,0.865909090909091,12534628,12534916
101613,101616,0.9223529411764706,12534916,12535005
58239,101622,0.8571428571428571,10000051,12535277
101620,101627,0.8925233644859814,12535138,12535618
101616,101628,0.8506787330316742,12535005,12535638
101626,101628,0.8558558558558559,12535536,12535638
101607,101639,0.8620689655172413,12534628,12536068
101635,101660,0.8526315789473684,12536004,12536673
101596,101677,0.8540925266903915,12533440,12537501
101635,101677,0.8617021276595744,12536004,12537501
101635,101682,0.8526315789473684,12536004,12537588
101701,101707,0.8913043478260869,12538850,12539459
55186,101726,0.9333333333333333,9831974,12540338
67802,101751,0.8805970149253731,10508736,12541841
101727,101792,0.8873239436619719,12540388,12545178
101797,101827,0.9657701711491442,12545693,12529874
101797,101834,0.9441747572815534,12545693,12530026
101829,101845,0.9645390070921985,12529971,12530973
101857,101858,0.8929889298892989,12531679,12531714
101857,101867,0.9584905660377359,12531679,12532065
101797,101884,0.9657701711491442,12545693,12549397
101797,101897,0.9166666666666666,12545693,12551528
101930,101939,0.9574468085106383,12557326,12557454
101954,101964,0.9386503067484663,12558784,12559398
101954,101969,0.8809523809523809,12558784,12559521
101974,101977,0.8674698795180723,12559778,12559918
101894,101978,0.9025341130604289,12550985,12559955
55186,101987,0.946236559139785,9831974,12561344
101990,101993,0.988562091503268,12561457,12561548
101970,102035,0.9602888086642599,12559537,12564589
102018,102041,0.8580246913580247,12563858,12564879
55186,102050,0.9705882352941176,9831974,12565394
101990,102066,0.9869494290375204,12561457,12565952
101990,102076,0.952,12561457,12566833
102013,102078,0.8734939759036144,12563400,12566911
102013,102080,0.8727272727272727,12563400,12566926
65121,102084,0.8693693693693694,10369094,12567024
101990,102086,0.970873786407767,12561457,12567080
102029,102091,0.9184890656063618,12564189,12567474
101990,102098,0.9693053311793215,12561457,12567794
101990,102100,0.988562091503268,12561457,12567845
101936,102109,0.9130434782608695,12557408,12568299
101990,102110,0.9901960784313726,12561457,12568404
101936,102116,0.9192546583850931,12557408,12568726
101936,102118,0.8562874251497006,12557408,12568809
102018,102127,0.9,12563858,12569320
102078,102127,0.8950617283950617,12566911,12569320
102018,102137,0.8834355828220859,12563858,12552214
41326,102138,0.9534883720930233,9163810,12552215
102078,102144,0.8895705521472392,12566911,12553164
101908,102155,0.9042145593869731,12555654,12553755
102158,102160,0.8679245283018868,12553877,12553977
102194,102198,0.9248826291079812,12569780,12570041
101908,102206,0.8560606060606061,12555654,12570543
75401,102232,0.9511111111111111,10943110,12571552
102213,102245,0.8816568047337278,12570700,12572283
102213,102248,0.9390243902439024,12570700,12572590
102018,102308,0.8545454545454545,12563858,12577418
102307,102309,0.9453551912568307,12577088,12577458
101797,102315,0.8855140186915887,12545693,12578732
102018,102318,0.8703703703703703,12563858,12579993
98557,102322,0.9728813559322034,12340231,12580249
102078,102327,0.8787878787878788,12566911,12580625
101323,102333,0.8974358974358975,12513281,12580806
102018,102335,0.8773006134969326,12563858,12580903
102013,102337,0.8630952380952381,12563400,12581089
102078,102341,0.8787878787878788,12566911,12581298
102365,102366,0.9902439024390244,12586154,12586220
102077,102391,0.8666666666666667,12566841,12586879
102259,102393,0.9122137404580153,12573469,12586991
102214,102408,0.8980322003577818,12570711,12587542
102259,102408,0.851985559566787,12573469,12587542
102332,102411,0.9065420560747663,12580782,12587706
41326,102426,0.9534883720930233,9163810,12588390
62451,102427,0.9052287581699346,10233139,12588551
101908,102434,0.8513011152416357,12555654,12588616
102527,102533,0.8885017421602788,12590963,12591328
102527,102534,0.8885017421602788,12590963,12591340
100883,102536,0.8833333333333333,12491647,12591486
102531,102550,0.8783783783783784,12591158,12592455
55186,102552,0.974169741697417,9831974,12592556
102531,102558,0.9041095890410958,12591158,12592824
55186,102563,0.974169741697417,9831974,12593113
99273,102570,0.8594377510040161,12383518,12593755
99273,102596,0.8663967611336032,12383518,12594496
102561,102602,0.9407407407407408,12592977,12594757
102137,102621,0.8554216867469879,12552214,12595913
102318,102652,0.8545454545454545,12579993,12598074
102078,102656,0.8502994011976048,12566911,12598177
102657,102658,0.8643410852713178,12598187,12598188
101893,102660,0.8606060606060606,12550886,12598633
102645,102660,0.8888888888888888,12597485,12598633
102647,102678,0.9715189873417721,12597933,12600627
102018,102694,0.9,12563858,12601752
19636,102726,0.9369951534733441,8432078,12607482
102127,102750,0.8614457831325302,12569320,12602343
102137,102751,0.8511904761904762,12552214,12602407
96301,102754,0.9466292134831461,12201282,12602502
102080,102756,0.8597560975609756,12566926,12602645
102373,102756,0.8719512195121951,12586325,12602645
102746,102758,0.8648648648648649,12600812,12603788
102758,102759,0.9428571428571428,12603788,12603865
55186,102782,0.89,9831974,12607726
102798,102803,0.8709677419354839,12608076,12608118
102822,102834,0.8996138996138996,12610157,12610489
39198,102841,0.8737864077669902,9085404,12610685
39198,102842,0.8774509803921569,9085404,12610725
55186,102866,0.9097222222222222,9831974,12611629
40131,102869,0.971830985915493,9122954,12611957
19636,102879,0.8672,8432078,12612916
100048,102879,0.8589743589743589,12426259,12612916
102872,102896,0.860655737704918,12612174,12613724
102928,102929,0.8533333333333334,12640240,12640301
102674,102940,0.9494584837545126,12600252,12614569
102949,102955,0.9408866995073891,12614841,12614998
96381,102959,0.9743101807802094,12205536,12615102
102950,102960,0.9442231075697212,12614896,12615456
75976,102961,0.8987341772151899,10988593,12616483
102976,102986,0.927710843373494,12626399,12634320
55202,102989,0.9042553191489362,9832440,12636672
96381,103014,0.9790675547098002,12205536,12653526
102942,103020,0.954337899543379,12614687,12660330
103037,103038,0.8717948717948718,12665641,12665657
103000,103060,0.9014598540145985,12641149,12680819
50197,103081,0.9135802469135802,9578644,12618647
50197,103082,0.891566265060241,9578644,12618703
81176,103082,0.8556701030927835,11295330,12618703
103080,103098,0.9945945945945946,12618501,12619934
101797,103106,0.9657701711491442,12545693,12620309
50197,103109,0.925,9578644,12620404
103112,103118,0.9264705882352942,12621059,12621363
103112,103123,0.9773584905660377,12621059,12621520
102950,103131,0.9074074074074074,12614896,12621940
84450,103137,0.8928571428571429,11475481,12623509
103112,103145,0.9748743718592965,12621059,12623934
78210,103150,0.8886075949367088,11120414,12624197
101727,103166,0.9710144927536232,12540388,12625422
103109,103171,0.8705882352941177,12620404,12625644
103167,103174,0.9021739130434783,12625456,12625793
55186,103217,0.967032967032967,9831974,12639669
76278,103250,0.9310344827586207,11005911,12646590
73937,103259,0.8781163434903048,10878048,12648393
77368,103259,0.8646408839779005,11070487,12648393
103099,103260,0.9416666666666667,12619955,12648471
103192,103266,0.9416666666666667,12630958,12650351
103274,103276,0.963963963963964,12650487,12650555
103073,103279,0.9767441860465116,12616729,12653072
103186,103285,0.9137931034482759,12629353,12653510
100501,103287,0.9111111111111111,12456356,12653556
103142,103288,0.9625468164794008,12623840,12653570
55186,103312,0.8645833333333334,9831974,12658920
103333,103336,0.9177001127395716,12668995,12680822
101045,103363,0.8503401360544217,12500288,12619618
55186,103372,0.9777777777777777,9831974,12620852
102138,103410,0.8863636363636364,12552215,12634445
78414,103411,0.8943338437978561,11130635,12634590
63890,103424,0.8850574712643678,10309294,12636325
103448,103452,0.8936170212765957,12640778,12640874
103446,103468,0.9019073569482289,12640755,12641945
103446,103470,0.9019073569482289,12640755,12641977
15720,103506,0.8509406657018813,8259127,12646984
103446,103508,0.8885869565217391,12640755,12646998
103446,103513,0.9068493150684932,12640755,12647372
15717,103519,0.8837555886736215,8258888,12647537
68508,103519,0.8606060606060606,10550930,12647537
103509,103521,0.9776536312849162,12647099,12647565
103446,103533,0.8991825613079019,12640755,12647921
103382,103534,0.9261213720316622,12626564,12648065
103517,103543,0.9305555555555556,12647507,12649267
39198,103546,0.8516129032258064,9085404,12649427
103538,103549,0.9397590361445783,12649025,12649641
103389,103563,0.9462102689486552,12628182,12650923
55186,103573,0.8547854785478548,9831974,12651305
102138,103589,0.8651685393258427,12552215,12651889
103425,103594,0.8571428571428571,12636397,12652076
39198,103611,0.9042904290429042,9085404,12653715
102841,103612,0.880690737833595,12610685,12653747
91113,103617,0.9793103448275862,11896082,12654160
103382,103637,0.9069767441860465,12626564,12655631
103639,103658,0.8809293320425944,12656358,12658320
103639,103659,0.916256157635468,12656358,12658333
103685,103692,0.901595744680851,12632577,12633143
103687,103694,0.9289340101522843,12632647,12633301
55186,103702,0.9072164948453608,9831974,12637126
103639,103707,0.9211045364891519,12656358,12637219
103639,103714,0.8815028901734104,12656358,12637681
103744,103757,0.8571428571428571,12662839,12665407
103727,103761,0.9598765432098766,12660229,12666091
13400,103763,0.8549931600547196,8155607,12666279
103758,103763,0.9538461538461539,12665809,12666279
103733,103771,0.916256157635468,12660963,12666674
103765,103773,0.9434447300771208,12666344,12667134
103779,103782,0.943089430894309,12667459,12667757
98557,103805,0.8952380952380953,12340231,12668543
103732,103820,0.881578947368421,12660873,12670129
103821,103863,0.9060773480662984,12670191,12676114
103848,103873,0.8567164179104477,12675422,12676546
80950,103917,0.9574175824175825,11280627,12678550
19636,103924,0.9435483870967742,8432078,12679061
103909,103928,0.9612903225806452,12678036,12679314
103821,103946,0.9273743016759777,12670191,12680695
103736,103950,0.900497512437811,12661190,12680986
103736,103952,0.8916256157635468,12661190,12681027
103818,103954,0.9672131147540983,12669934,12681529
103745,103961,0.9065217391304348,12663495,12681838
103973,103974,0.9758771929824561,12671067,12671339
103973,103975,0.9824175824175824,12671067,12671437
101972,104004,0.9459459459459459,12559719,12674183
100501,104041,0.8654545454545455,12456356,12683726
53418,104069,0.8951612903225806,9752415,12685377
6567,104071,0.8534136546184738,7844576,12685583
104052,104077,0.9234972677595629,12684491,12686250
69044,104078,0.8888888888888888,10580424,12686527
104108,104132,0.968421052631579,12688360,12689866
80089,104150,0.8532818532818532,11228092,12690959
104135,104159,0.8867924528301887,12689980,12691497
104135,104170,0.91,12689980,12693637
104033,104187,0.8503937007874016,12683166,12697491
104054,104187,0.9703389830508474,12684560,12697491
102137,104209,0.8554913294797688,12552214,12699749
104189,104212,0.8669724770642202,12697932,12699975
104189,104216,0.8642533936651584,12697932,12700274
100360,104232,0.8636363636363636,12447638,12701187
69044,104258,0.9004524886877828,10580424,12694596
104189,104260,0.8949771689497716,12697932,12695629
95507,104261,0.9556135770234987,12156008,12695650
56239,104269,0.8583569405099151,9893799,12695905
104078,104281,0.9457013574660633,12686527,12697603
74860,104381,0.9616055846422339,10915397,12709175
43843,104405,0.9408284023668639,9275465,12711881
104078,104411,0.8782608695652174,12686527,12713390
104212,104431,0.883177570093458,12699975,12718001
104439,104446,0.8518518518518519,12718328,12718476
104451,104452,0.8596491228070176,12718955,12718967
102861,104463,0.8596491228070176,12611320,12723363
104486,104487,0.863013698630137,12716966,12717015
104212,104491,0.8709677419354839,12699975,12717269
104189,104501,0.8597285067873304,12697932,12718438
82460,104522,0.9243697478991597,11359708,12720917
82460,104540,0.9613733905579399,11359708,12722047
80383,104552,0.8996062992125984,11246521,12722886
96317,104582,0.868421052631579,12198352,12723623
104524,104589,0.9342105263157895,12720950,12723985
52863,104639,0.9298245614035088,9722399,12726475
55186,104642,0.8682432432432432,9831974,12729910
104675,104676,0.8877551020408163,12731472,12731476
104670,104677,0.865546218487395,12731333,12731540
104672,104677,0.8983050847457628,12731382,12731540
71538,104708,0.924812030075188,10702730,12732763
104702,104715,0.8971428571428571,12732225,12733020
104702,104754,0.9939759036144579,12732225,12738864
104033,104779,0.9083665338645418,12683166,12729678
87371,104799,0.8866396761133604,11679080,12736087
101797,104821,0.9441747572815534,12545693,12737778
99119,104868,0.8514492753623188,12361248,12741389
104800,104870,0.9375,12736122,12741437
102214,104898,0.8931860036832413,12570711,12744034
56015,104901,0.8761609907120743,9880133,12744117
87453,104901,0.8521739130434782,11693957,12744117
81659,104918,0.8787878787878788,11315002,12745427
55186,104933,0.9112627986348123,9831974,12746363
92882,104938,0.8962264150943396,11999926,12746697
104949,104953,0.8715953307392996,12747083,12747268
96301,104954,0.9196675900277008,12201282,12747327
87371,104960,0.859375,11679080,12747459
104930,104964,0.9336099585062241,12746228,12747558
104977,104979,0.9057591623036649,12749358,12749548
104685,104980,0.9074074074074074,12731846,12749586
103410,105035,0.8651685393258427,12634445,12739586
96006,105048,0.8940677966101694,12183202,12742746
105058,105070,0.8899082568807339,12747859,12751896
102976,105076,0.9393939393939394,12626399,12752266
105033,105080,0.9319727891156463,12739530,12752561
101028,105086,0.8787878787878788,12499728,12754051
100306,105112,0.8927680798004988,12444869,12757361
105128,105144,0.8731117824773413,12757988,12758914
104526,105195,0.851063829787234,12721127,12761882
96317,105266,0.9178082191780822,12198352,12766736
102862,105267,0.8727272727272727,12611440,12766779
9568,105279,0.9132653061224489,7985306,12767310
9568,105282,0.8547619047619047,7985306,12767472
105114,105337,0.9141914191419142,12757423,12776224
104085,105340,0.8571428571428571,12686831,12776796
105110,105347,0.9379432624113475,12757238,12779342
105110,105350,0.9049295774647887,12757238,12779409
105378,105389,0.9251870324189526,12754582,12755529
99645,105537,0.8694444444444445,12408545,12780544
105468,105541,0.925,12773690,12780739
105551,105552,0.9386503067484663,12781451,12781457
105391,105567,0.8716577540106952,12755628,12782634
105458,105570,0.9247787610619469,12773246,12782967
55186,105582,0.8614232209737828,9831974,12783539
104212,105592,0.8837209302325582,12699975,12784266
104216,105595,0.8552036199095022,12700274,12784442
104189,105602,0.852017937219731,12697932,12784814
104212,105612,0.9095238095238095,12699975,12785103
104212,105616,0.8796296296296297,12699975,12785202
104212,105627,0.8790697674418605,12699975,12785548
104260,105636,0.8558139534883721,12695629,12785797
59634,105652,0.8522727272727273,10074002,12786117
104212,105738,0.8826291079812206,12699975,12777414
69887,105740,0.9512195121951219,10622704,12777500
104189,105752,0.863013698630137,12697932,12777827
104212,105753,0.897196261682243,12699975,12783812
105058,105760,0.8640483383685801,12747859,12791833
105058,105766,0.9279279279279279,12747859,12792468
105070,105770,0.9483870967741935,12751896,12792686
84832,105814,0.8627450980392157,11499411,12796892
59504,105820,0.8701923076923077,10068304,12797516
82460,105854,0.9656652360515021,11359708,12800396
86535,105873,0.8755020080321285,11648732,12801464
105778,105915,0.8571428571428571,12793216,12804066
100620,105972,0.8871391076115486,12473723,12809204
59504,105983,0.8701923076923077,10068304,12810000
84832,105997,0.8712871287128713,11499411,12810721
105779,106005,0.900990099009901,12793454,12811953
105993,106007,0.9383259911894273,12810538,12812149
106017,106024,0.9133858267716536,12798007,12798976
104212,106050,0.9056603773584906,12699975,12814197
106056,106057,0.9078947368421053,12814862,12814939
106099,106103,0.9285714285714286,12817506,12817574
104189,106123,0.8899082568807339,12697932,12819206
84899,106134,0.9108910891089109,11502042,12820330
104212,106142,0.8837209302325582,12699975,12820634
104212,106203,0.8744186046511628,12699975,12824039
106099,106206,0.9454545454545454,12817506,12824248
106099,106233,0.9444444444444444,12817506,12825567
102072,106250,0.946067415730337,12566593,12826185
104212,106260,0.9241706161137441,12699975,12826318
106040,106267,0.9354838709677419,12813290,12826527
106118,106268,0.864406779661017,12819093,12826528
104431,106297,0.880184331797235,12718001,12829398
104212,106315,0.8632075471698113,12699975,12830946
104212,106321,0.8790697674418605,12699975,12831518
106324,106327,0.8837209302325582,12831615,12831701
104216,106329,0.8590909090909091,12700274,12831815
104212,106335,0.8878504672897196,12699975,12832212
55186,106353,0.8949152542372881,9831974,12822584
106402,106405,0.9683257918552036,12834092,12834156
106403,106410,0.8560885608856088,12834097,12834234
106396,106413,0.94,12833965,12834288
106396,106414,0.9974226804123711,12833965,12834291
106396,106416,0.959493670886076,12833965,12834294
106428,106431,0.8993839835728953,12836279,12836896
85746,106495,0.8533333333333334,11535590,12839955
106425,106501,0.915057915057915,12836004,12840165
106396,106505,0.9185185185185185,12833965,12840588
106396,106506,0.8807785888077859,12833965,12840761
106406,106507,0.875609756097561,12834175,12840842
106466,106511,0.9605263157894737,12839460,12841308
106514,106516,0.8577586206896551,12833802,12834783
106433,106533,0.9704142011834319,12836952,12837772
106516,106537,0.9144144144144144,12834783,12837891
106433,106538,0.8603351955307262,12836952,12837924
106538,106541,0.9588235294117647,12837924,12838637
106556,106565,0.8653846153846154,12843488,12843793
106544,106567,0.8547008547008547,12842667,12843963
106570,106595,0.9032258064516129,12844305,12847220
104867,106601,0.9224806201550387,12741330,12847486
106546,106613,0.96,12842685,12848189
42201,106645,0.9354838709677419,9191762,12846484
101897,106654,0.8747099767981439,12551528,12848152
106714,106717,0.9035087719298246,12854422,12854564
106714,106720,0.8956521739130435,12854422,12854679
100798,106778,0.8851132686084142,12484790,12859036
104412,106839,0.8625954198473282,12713552,12863982
84832,106840,0.8627450980392157,11499411,12864037
106430,106870,0.8970099667774086,12836894,12865957
106771,106879,0.8863636363636364,12858475,12866672
83452,106904,0.8665377176015474,11419422,12867903
106934,106936,0.8955223880597015,12851366,12851439
104212,106943,0.8952380952380953,12699975,12853750
104189,106956,0.852017937219731,12697932,12855966
104212,106965,0.8779342723004695,12699975,12856285
106672,106974,0.8539325842696629,12851683,12856851
106942,106981,0.9216417910447762,12853749,12863429
104212,106994,0.8644859813084113,12699975,12869019
104212,106995,0.8564593301435407,12699975,12869028
104189,107011,0.8744186046511628,12697932,12870632
104189,107012,0.8761467889908257,12697932,12870678
104189,107016,0.8715596330275229,12697932,12870828
104189,107021,0.867579908675799,12697932,12870991
103417,107031,0.8935064935064935,12635825,12872126
103417,107050,0.8865979381443299,12635825,12873754
103425,107071,0.9135802469135802,12636397,12874618
103189,107107,0.9386792452830188,12629529,12876831
105122,107111,0.8651162790697674,12757728,12877335
104189,107117,0.8584474885844748,12697932,12877472
104189,107133,0.8617511520737328,12697932,12877741
104189,107137,0.8558558558558559,12697932,12877799
107116,107139,0.8618421052631579,12877457,12877851
107116,107152,0.8737541528239202,12877457,12878859
106959,107179,0.8597285067873304,12856067,12881602
107191,107198,0.9134199134199135,12882542,12883023
104189,107223,0.8709677419354839,12697932,12885008
103417,107237,0.8880208333333334,12635825,12886667
107102,107253,0.86,12876352,12888120
62451,107257,0.9479166666666666,10233139,12888392
107032,107288,0.8838630806845966,12872297,12871326
107344,107348,0.9508771929824561,12881370,12881643
63888,107433,0.8764044943820225,10309289,12894212
55186,107456,0.8859060402684564,9831974,12895657
60176,107468,0.9512893982808023,10101391,12896165
60176,107581,0.8922934076137419,10101391,12904387
107485,107583,0.9978127734033246,12897294,12904486
107586,107594,0.9607843137254902,12904609,12905026
107490,107601,0.978494623655914,12897569,12905303
55275,107607,0.8823529411764706,9841659,12905751
95085,107609,0.923469387755102,12132690,12905811
106433,107627,0.9615384615384616,12836952,12906244
106538,107629,0.8888888888888888,12837924,12906274
60176,107633,0.9420152091254753,10101391,12906470
55186,107650,0.9303135888501742,9831974,12907469
107648,107656,0.9328703703703703,12907289,12907652
106236,107686,0.8804780876494024,12825618,12910041
95085,107717,0.9576719576719577,12132690,12908842
107713,107725,0.8825757575757576,12908668,12909164
19636,107795,0.8786039453717754,8432078,12913964
107774,107799,0.9788135593220338,12913057,12914066
107818,107821,0.9097744360902256,12914948,12914983
107707,107844,0.9250720461095101,12899338,12916641
107843,107845,0.9512195121951219,12916510,12916757
107834,107873,0.9308755760368663,12915567,12919353
107846,107923,0.9618055555555556,12916776,12922698
107755,107944,0.9145299145299145,12911747,12926544
107909,107952,0.8673965936739659,12920988,12926753
63088,107983,0.8951612903225806,10267981,12928288
62369,108021,0.8527508090614887,10232884,12921605
108019,108021,0.9055944055944056,12921541,12921605
19636,108022,0.8939393939393939,8432078,12921637
104189,108024,0.8623853211009175,12697932,12921674
106315,108025,0.8544600938967136,12830946,12921691
106324,108026,0.8564814814814815,12831615,12921698
107114,108026,0.9320388349514563,12877439,12921698
104189,108037,0.8552036199095022,12697932,12921868
104189,108038,0.8597285067873304,12697932,12921954
104216,108041,0.8571428571428571,12700274,12922054
19636,108045,0.8938461538461538,8432078,12922078
104189,108052,0.85,12697932,12929669
19636,108058,0.9262166405023547,8432078,12929939
19636,108059,0.9069767441860465,8432078,12930053
19636,108061,0.9055727554179567,8432078,12930168
101540,108068,0.8782201405152225,12524105,12930958
104212,108072,0.9043062200956937,12699975,12931238
104189,108077,0.8603603603603603,12697932,12931750
105612,108079,0.8584474885844748,12785103,12931762
104189,108080,0.852017937219731,12697932,12931765
106433,108161,0.8781869688385269,12836952,12937884
106433,108213,0.9704142011834319,12836952,12940625
108105,108256,0.9037037037037037,12933865,12944687
108269,108277,0.8951965065502183,12944988,12945163
93525,108312,0.8823529411764706,12044116,12949014
108370,108377,0.9011627906976745,12951296,12951480
108404,108407,0.8787878787878788,12952879,12953068
108445,108446,0.861878453038674,12954839,12954841
63811,108472,0.8599695585996956,10305538,12956552
108404,108474,0.8969072164948454,12952879,12956624
92882,108516,0.8504672897196262,11999926,12960227
108518,108522,0.9097222222222222,12960283,12960437
73106,108524,0.8625954198473282,10806474,12960544
75401,108542,0.8838174273858921,10943110,12962066
75401,108544,0.8838174273858921,10943110,12962216
108529,108557,0.8720379146919431,12960861,12963312
62451,108563,0.9341216216216216,10233139,12964224
84351,108565,0.8563758389261745,11473426,12964650
108521,108580,0.8947368421052632,12960430,12965396
101797,108592,0.9234449760765551,12545693,12962644
78633,108621,0.8544061302681992,11140569,12967581
108618,108621,0.9717741935483871,12967217,12967581
84832,108622,0.8627450980392157,11499411,12967609
46062,108623,0.8888888888888888,9364639,12967725
108618,108624,0.8641509433962264,12967217,12967762
17439,108625,0.8859060402684564,8339677,12967809
55186,108627,0.898989898989899,9831974,12967838
108618,108629,0.9525691699604744,12967217,12967892
55186,108633,0.9072164948453608,9831974,12968118
78633,108636,0.8625954198473282,11140569,12968186
46062,108639,0.8888888888888888,9364639,12968232
108628,108642,0.9364303178484108,12967877,12968364
78633,108645,0.851145038167939,11140569,12968415
108628,108646,0.949874686716792,12967877,12968532
99645,108674,0.8674033149171271,12408545,12970647
79899,108745,0.8803418803418803,11219870,12977254
108802,108808,0.890625,12981073,12981704
108807,108809,0.8611111111111112,12981530,12981832
101504,108835,0.8704819277108434,12522778,12984685
108840,108908,0.8944723618090452,12985133,12988169
108618,108924,0.9450980392156862,12967217,12989163
108928,108940,0.8596491228070176,12967592,12968152
19636,109042,0.901386748844376,8432078,12991203
108209,109085,0.9545454545454546,12940276,12993840
109075,109090,0.8888888888888888,12993453,12993932
105217,109093,0.954337899543379,12763250,12993966
104212,109100,0.9095238095238095,12699975,12994212
64580,109101,0.8731117824773413,10346355,12994262
105752,109102,0.9134615384615384,12777827,12994295
19636,109112,0.9092331768388107,8432078,12994663
104212,109117,0.8715596330275229,12699975,12994761
109137,109142,0.8739495798319328,12995597,12995648
104431,109146,0.8577777777777778,12718001,12995786
19636,109172,0.886676875957121,8432078,13001173
109105,109178,0.9958333333333333,12994467,13001638
55186,109227,0.9166666666666666,9831974,13005501
108965,109271,0.9025534132360604,12970240,13008367
93062,109320,0.8539823008849557,12010506,12996392
107586,109404,0.95703125,12904609,13011822
107586,109411,0.9607843137254902,12904609,13012302
95085,109433,0.9329896907216495,12132690,13013941
19636,109442,0.8595166163141994,8432078,13014977
19636,109444,0.9211356466876972,8432078,13015192
107805,109452,0.8701754385964913,12914238,13015806
104108,109461,0.9857142857142858,12688360,13016909
109468,109494,0.9008264462809917,13017321,13019915
109105,109558,0.8818897637795275,12994467,13024744
41326,109576,0.8888888888888888,9163810,13025232
109512,109587,0.8904109589041096,13020859,13025675
109410,109594,0.8949771689497716,13012288,13026254
109410,109599,0.8858447488584474,13012288,13026597
109616,109624,0.9719626168224299,13027361,13027700
109472,109634,0.8648648648648649,13018263,13028294
7133,109681,0.8812785388127854,7865837,13017814
58049,109695,0.8640350877192983,9986637,13023147
107594,109708,0.8518518518518519,12905026,13029780
109404,109715,0.8872180451127819,13011822,13030026
109683,109718,0.9151670951156813,13017919,13030426
109735,109737,0.9371428571428572,13032081,13032306
104189,109814,0.863013698630137,12697932,13037680
109754,109818,0.9142857142857143,13034032,13037791
109832,109833,0.983957219251337,13038816,13038833
105428,109847,0.9622641509433962,12768921,13039396
109843,109852,0.8913043478260869,13039310,13039976
109832,109872,0.85,13038816,13043320
109723,109900,0.9583333333333334,13030816,13044997
109724,109903,0.9418604651162791,13030817,13045070
109941,109952,0.8730650154798761,13046944,13047723
109974,110002,0.9186991869918699,13050215,13051164
109799,110009,0.9079754601226994,13036369,13051351
109741,110025,0.8652037617554859,13033161,13051826
109865,110040,0.863013698630137,13040300,13131458
107264,110170,0.8662420382165605,12889201,13054543
109498,110209,0.9083333333333333,13020147,13057242
39508,110219,0.8865979381443299,9093118,13058273
43311,110219,0.8947368421052632,9247965,13058273
110291,110302,0.9051724137931034,13063087,13063442
110202,110331,0.9419354838709677,13056670,13073330
33654,110368,0.8571428571428571,8873844,13068605
82944,110404,0.9264069264069265,11390350,13071925
110449,110455,0.9292604501607717,13076487,13076840
110445,110493,0.9333333333333333,13076286,13084347
110487,110497,0.9791666666666666,13084002,13084534
110449,110527,0.9206349206349206,13076487,13086549
110582,110585,0.9,13081338,13081561
78753,110624,0.9245585874799358,11151637,13088190
110620,110637,0.9224806201550387,13088024,13088535
110601,110638,0.8981324278438031,13087320,13088618
110601,110663,0.8981324278438031,13087320,13091119
110777,110780,0.8780487804878049,13098470,13098618
62226,110784,0.864476386036961,10217231,13098910
62226,110789,0.8641975308641975,10217231,13099081
104173,110862,0.9486823855755895,12693999,13089038
110877,110879,0.8950276243093923,13089606,13089644
110877,110887,0.8692098092643051,13089606,13089813
110676,110897,0.8790560471976401,13091854,13092266
107386,110923,0.8943436499466382,12891745,13104152
91852,111007,0.9837251356238698,11919861,13112732
91852,111017,0.8633333333333333,11919861,13113153
111024,111032,0.9444444444444444,13113458,13113941
91852,111040,0.8538587848932676,11919861,13114323
91852,111048,0.9609236234458259,11919861,13114827
91852,111073,0.9143835616438356,11919861,13116548
91852,111107,0.9370629370629371,11919861,13118568
91852,111115,0.950530035335689,11919861,13118839
91852,111126,0.9837251356238698,11919861,13119357
91852,111127,0.974910394265233,11919861,13119361
91852,111140,0.8821548821548821,11919861,13120193
110949,111152,0.8629737609329446,13106038,13123655
91852,111155,0.8509933774834437,11919861,13123818
111160,111161,0.8774193548387097,13124449,13124484
110331,111212,0.8726114649681529,13073330,13127760
111104,111243,0.8620689655172413,13118387,13104543
111104,111288,0.8928571428571429,13118387,13110509
82625,111301,0.9108527131782945,11371770,13111172
110202,111310,0.89375,13056670,13111448
111263,111312,0.8699551569506726,13107707,13111560
106099,111313,0.9259259259259259,12817506,13111571
110202,111317,0.8518518518518519,13056670,13116307
82703,111318,0.921875,11364839,13116402
111302,111320,0.8974358974358975,13111207,13116568
111354,111355,0.853448275862069,13121654,13121655
111354,111356,0.9285714285714286,13121654,13121672
111358,111359,0.9388888888888889,13122457,13122465
111361,111362,0.8609271523178808,13122601,13122608
111302,111363,0.8542713567839196,13111207,13123091
111302,111366,0.864321608040201,13111207,13123355
82625,111368,0.9073359073359073,11371770,13123724
111302,111369,0.9162303664921466,13111207,13123748
82625,111378,0.8816793893129771,11371770,13124117
60956,111415,0.905,10146270,13133312
71370,111415,0.8564356435643564,10715434,13133312
111160,111437,0.8717948717948718,13124449,13135121
110716,111439,0.875,13094853,13135211
111288,111474,0.8771929824561403,13110509,13137486
111476,111477,0.928125,13137651,13137652
84268,111489,0.9061433447098977,11466719,13138608
111487,111490,0.9059139784946236,13138548,13138621
7735,111492,0.8828282828282829,7895860,13138738
7735,111495,0.8846153846153846,7895860,13138834
111499,111503,0.9090909090909091,13139150,13139389
99273,111517,0.9089026915113871,12383518,13139947
104018,111517,0.8546168958742633,12682514,13139947
111511,111521,0.936127744510978,13139730,13140192
111535,111567,0.9665271966527197,13140928,13143320
111160,111573,0.8774193548387097,13124449,13143471
111160,111585,0.9144736842105263,13124449,13143740
111479,111602,0.89937106918239,13137719,13146764
111479,111604,0.850609756097561,13137719,13147005
111480,111604,0.8623853211009175,13137759,13147005
111479,111605,0.8615384615384616,13137719,13147007
75401,111631,0.9004149377593361,10943110,13130496
30580,111673,0.8671875,8780757,13144741
91167,111673,0.8653250773993808,11898415,13144741
111668,111674,0.9504132231404959,13144266,13144756
2900,111763,0.9403973509933775,7634618,13154668
84832,111779,0.8529411764705882,11499411,13155775
111160,111792,0.9019607843137255,13124449,13156343
111288,111797,0.8771929824561403,13110509,13156719
98200,111846,0.9498861047835991,12306184,13160022
111323,111852,0.91875,13116720,13160485
111358,111858,0.8594594594594595,13122457,13160791
111729,111858,0.9101123595505618,13152233,13160791
111358,111862,0.8688524590163934,13122457,13161438
111724,111887,0.9074550128534704,13151964,13162927
43843,111928,0.8928571428571429,9275465,13148199
111243,111954,0.9818181818181818,13104543,13158770
111104,111955,0.8771929824561403,13118387,13158792
111104,111962,0.8928571428571429,13118387,13158987
93024,112001,0.9632352941176471,12008203,13172616
111997,112007,0.9069767441860465,13171509,13173085
111288,112021,0.8596491228070176,13110509,13173756
112015,112035,0.9606299212598425,13173425,13174406
112045,112069,0.85,13175187,13176493
112010,112070,0.9479166666666666,13173180,13176498
110131,112078,0.8571428571428571,13049395,13176883
111317,112078,0.8910256410256411,13116307,13176883
112040,112083,0.9424083769633508,13174746,13177106
111790,112085,0.8928571428571429,13156227,13177166
112105,112123,0.8522727272727273,13178124,13178939
111104,112125,0.8620689655172413,13118387,13179301
112044,112129,0.9377289377289377,13175130,13179400
112059,112149,0.9123711340206185,13176038,13180254
51366,112151,0.8913043478260869,9645511,13180308
112147,112153,0.8503480278422274,13180229,13180366
112073,112165,0.8656126482213439,13176551,13180737
112061,112198,0.940677966101695,13176126,13182394
112040,112201,0.8686868686868687,13174746,13182468
112059,112201,0.9123711340206185,13176038,13182468
111323,112207,1.0,13116720,13182989
112015,112216,0.8884758364312267,13173425,13183815
111790,112230,0.864406779661017,13156227,13184450
111288,112240,0.8771929824561403,13110509,13184834
112073,112242,0.9109311740890689,13176551,13185192
19636,112246,0.8744257274119449,8432078,13185647
99344,112249,0.8534031413612565,12388084,13186597
112118,112286,0.8757467144563919,13178820,13189958
112309,112320,0.8627450980392157,13180291,13182835
101110,112356,0.863481228668942,12503799,13190637
55186,112370,0.9851301115241635,9831974,13192280
9573,112410,0.8680555555555556,7979022,13194341
112352,112424,0.964,13190406,13195265
112422,112426,0.9118773946360154,13195209,13195319
112389,112430,0.9568345323741008,13193418,13195504
112489,112490,0.8693333333333333,13199119,13199121
112508,112535,0.8909090909090909,13200675,13201635
112508,112575,0.8596491228070176,13200675,13203772
112508,112584,0.8596491228070176,13200675,13204133
112514,112590,0.9090909090909091,13200896,13204763
112509,112594,0.96875,13200695,13204872
112606,112624,0.9846938775510204,13205396,13205921
112514,112626,0.9678899082568807,13200896,13205955
112553,112658,0.9387755102040817,13202527,13206182
111544,112671,0.8775510204081632,13142076,13206729
111954,112710,0.85,13158770,13208423
112667,112714,0.9193548387096774,13206614,13208720
103595,112748,0.9047619047619048,12652089,13211000
112707,112752,0.9305135951661632,13208259,13211210
111987,112755,0.9772727272727273,13169919,13211350
9238,112759,0.8626666666666667,7968226,13211527
112667,112762,0.9047619047619048,13206614,13212006
112707,112776,0.8709677419354839,13208259,13212608
9238,112778,0.8967391304347826,7968226,13212772
112697,112786,1.0,13207908,13213226
112707,112852,0.8596491228070176,13208259,13216656
102227,112854,0.9123505976095617,12571445,13216874
112667,112867,0.9193548387096774,13206614,13217592
112707,112870,0.8731563421828908,13208259,13217757
112660,112881,0.9117647058823529,13206200,13218326
111544,112884,0.9347826086956522,13142076,13218577
111987,112884,0.851063829787234,13169919,13218577
112711,112885,0.9351351351351351,13208471,13218597
112752,112899,0.9044776119402985,13211210,13219865
112707,112916,0.8604651162790697,13208259,13221105
112683,112948,0.8571428571428571,13207275,13222869
100881,112953,0.9103448275862069,12491590,13223268
55186,112959,0.9589552238805971,9831974,13223726
112987,113013,0.8888888888888888,13211208,13223098
113035,113036,0.8873873873873874,13227273,13227275
111535,113118,0.9253112033195021,13140928,13231133
113063,113125,0.8737864077669902,13228588,13231596
112196,113147,0.8596491228070176,13182358,13232912
112196,113150,0.875,13182358,13232972
112480,113154,0.8596491228070176,13196623,13233131
109250,113159,0.8959660297239915,13007645,13233282
113154,113168,0.875,13233131,13233477
113154,113212,0.8596491228070176,13233131,13236220
113216,113220,0.9616438356164384,13236363,13236814
109250,113222,0.9040511727078892,13007645,13236880
29998,113229,0.9393939393939394,8761842,13237166
112196,113231,0.875,13182358,13237205
113154,113232,0.875,13233131,13237224
113215,113260,0.9310344827586207,13236295,13240204
113085,113315,1.0,13229636,13244250
113159,113317,0.8778947368421053,13233282,13244415
113076,113320,0.9047619047619048,13229061,13244481
113173,113326,0.9262672811059908,13233590,13244952
112508,113344,0.9056603773584906,13200675,13249274
113309,113345,0.95,13243566,13249314
113299,113347,0.9113924050632911,13242716,13249331
113299,113350,0.9230769230769231,13242716,13249406
113299,113354,0.9102564102564102,13242716,13249524
113302,113362,0.9452054794520548,13243163,13249708
113354,113362,0.8717948717948718,13249524,13249708
113354,113363,0.8518518518518519,13249524,13249731
113364,113373,1.0,13239323,13242920
113304,113374,0.9344262295081968,13243291,13243248
113304,113375,0.9666666666666667,13243291,13243303
113376,113380,0.9549668874172186,13243352,13243616
113377,113380,0.8612862547288777,13243384,13243616
103840,113402,0.9880668257756563,12675034,13248482
113372,113414,0.9195804195804196,13242866,13248763
113364,113456,0.8547008547008547,13239323,13250935
98557,113500,0.8952380952380953,12340231,13253849
113349,113506,0.8809523809523809,13249389,13253972
113173,113525,0.905829596412556,13233590,13255352
111104,113536,0.8620689655172413,13118387,13255788
113173,113544,0.88,13233590,13256156
113478,113553,0.9163636363636364,13252642,13256809
113553,113554,0.8617021276595744,13256809,13256832
113548,113557,0.9473684210526315,13256558,13256859
113364,113563,1.0,13239323,13257292
113364,113564,1.0,13239323,13257297
112535,113566,0.8727272727272727,13201635,13257665
113027,113571,0.9433962264150944,13225118,13258127
113349,113604,0.888,13249389,13259840
63314,113616,0.8767123287671232,10286188,13260129
111243,113623,0.9298245614035088,13104543,13261276
111104,113629,0.8620689655172413,13118387,13262222
113364,113637,1.0,13239323,13264452
113364,113640,1.0,13239323,13265010
113349,113641,0.8951612903225806,13249389,13265065
113364,113656,0.9424778761061947,13239323,13266351
113493,113657,1.0,13253106,13266409
113529,113663,0.9370629370629371,13255596,13266892
113443,113670,0.8951612903225806,13250582,13267803
113569,113678,0.9439775910364145,13258028,13267998
113569,113680,0.9410112359550562,13258028,13268023
113569,113687,0.9715099715099715,13258028,13268257
113628,113704,0.9807692307692307,13261488,13270227
113173,113709,0.8828828828828829,13233590,13270326
113571,113718,0.8545454545454545,13258127,13270533
113715,113718,0.9454545454545454,13270482,13270533
62226,113761,0.9488888888888889,10217231,13258903
113774,113776,0.9352750809061489,13260532,13260644
100421,113777,0.927536231884058,12436053,13260646
113766,113780,0.8933823529411765,13260288,13260842
113778,113780,0.8664259927797834,13260689,13260842
113794,113800,0.8620689655172413,13271513,13272040
62226,113801,0.9530201342281879,10217231,13272421
95085,113805,0.8743718592964824,12132690,13272814
113027,113825,0.8771929824561403,13225118,13275819
95085,113840,0.8888888888888888,12132690,13276773
113861,113862,0.9512195121951219,13277525,13277535
109320,113869,0.9068181818181819,12996392,13278477
113880,113881,0.9036697247706422,13278790,13278802
95085,113893,0.8743718592964824,12132690,13280004
93062,113895,0.8580931263858093,12010506,13280172
110170,113900,0.8598726114649682,13054543,13280921
113897,113901,0.9224489795918367,13280654,13280987
103369,113903,0.8924050632911392,12620691,13281100
107264,113903,0.8598726114649682,12889201,13281100
113897,113905,0.96,13280654,13281236
55186,113913,0.9293286219081273,9831974,13282362
113805,113925,0.8564356435643564,13272814,13282877
113875,113942,0.8857142857142857,13278650,13284101
113880,113944,0.8571428571428571,13278790,13284218
113027,113994,0.9444444444444444,13225118,13288552
113972,114014,0.9428571428571428,13285826,13289989
103322,114034,0.8527131782945736,12659809,13292262
113388,114066,0.879746835443038,13245924,13285121
53077,114068,0.8549222797927462,9737062,13285190
110161,114069,1.0,13053568,13285223
114067,114070,0.9487179487179487,13285159,13285250
95085,114075,0.9476439790575916,12132690,13285968
110123,114076,0.8757763975155279,13049156,13285986
113028,114076,0.9225806451612903,13225162,13285986
110279,114077,0.9363057324840764,13062403,13286043
111528,114077,0.8819875776397516,13140569,13286043
73106,114090,0.8582089552238806,10806474,13290526
112196,114139,0.875,13182358,13296492
114117,114162,0.9907407407407407,13295022,13297160
113729,114207,0.8960674157303371,13271067,13300061
114156,114250,0.9444444444444444,13297042,13302782
114220,114270,0.9603174603174603,13300817,13304907
114058,114313,0.8608058608058609,13274213,13308000
114157,114331,0.9478260869565217,13297044,13309300
114108,114371,0.9733333333333334,13294323,13311783
64315,114407,0.8840579710144928,10331209,13298657
64315,114429,0.9408866995073891,10331209,13303374
114422,114432,0.9541984732824428,13303140,13303421
114441,114447,0.918918918918919,13313659,13314162
4995,114463,0.8918205804749341,7757688,13315175
111104,114467,0.8620689655172413,13118387,13315333
106099,114475,0.8928571428571429,12817506,13315686
113897,114484,1.0,13280654,13316186
110202,114498,0.9426751592356688,13056670,13317604
111667,114528,0.8695652173913043,13144243,13320150
110131,114529,0.8518518518518519,13049395,13320160
114546,114550,0.9629629629629629,13321696,13321813
114533,114552,0.9318181818181818,13320898,13323174
114569,114573,0.9130434782608695,13322910,13323203
113505,114585,0.8867924528301887,13253970,13323640
114589,114597,0.967032967032967,13323954,13324098
114623,114633,0.9163763066202091,13326145,13327352
114634,114635,1.0,13327429,13327452
19636,114643,0.865814696485623,8432078,13327838
114633,114660,0.8719723183391004,13327352,13329076
114634,114694,0.9090909090909091,13327429,13327540
114634,114698,0.9650655021834061,13327429,13327716
88905,114704,0.9289473684210526,11730446,13330370
88905,114713,0.9186351706036745,11730446,13330750
111104,114720,0.8771929824561403,13118387,13332123
111104,114722,0.8771929824561403,13118387,13332250
114767,114768,0.9174484052532833,13334569,13334662
114729,114788,0.908256880733945,13332778,13336285
114767,114809,0.9174484052532833,13334569,13337059
114767,114826,0.8641304347826086,13334569,13338298
113154,114839,0.8596491228070176,13233131,13338581
113154,114875,0.875,13233131,13340872
19636,114880,0.8795731707317073,8432078,13341039
114701,114891,0.9135135135135135,13329985,13341515
114767,114904,0.8659420289855072,13334569,13342620
114936,114949,0.8794520547945206,13347801,13348707
114846,114951,0.9455252918287937,13339247,13348755
114767,114971,0.8754578754578755,13334569,13349735
114767,114972,0.8731884057971014,13334569,13349795
114984,114985,0.8551236749116607,13350290,13350329
114767,114988,0.8839779005524862,13334569,13350444
114985,114991,0.8642857142857143,13350329,13350519
114936,115007,0.9019607843137255,13347801,13351693
110331,115015,0.8789808917197452,13073330,13352065
114767,115029,0.9174484052532833,13334569,13334323
115030,115040,0.946360153256705,13334379,13337111
95085,115091,0.883248730964467,12132690,13353342
115095,115112,0.935,13353533,13353862
110202,115141,0.8987341772151899,13056670,13354492
111323,115141,0.8518518518518519,13116720,13354492
111774,115141,0.8509316770186336,13155279,13354492
110161,115142,0.89937106918239,13053568,13354520
115144,115148,0.8870431893687708,13354718,13355161
115150,115153,0.9323671497584541,13355186,13355345
19636,115182,0.8866459627329193,8432078,13357204
113493,115198,1.0,13253106,13360147
115071,115214,0.9030612244897959,13345280,13361987
110123,115217,0.90625,13049156,13362032
110202,115246,0.9006211180124224,13056670,13364993
115253,115261,0.8670886075949367,13365787,13366186
113529,115268,0.9236111111111112,13255596,13366732
115137,115269,0.8518518518518519,13354403,13366753
115276,115288,0.9365079365079365,13367812,13368076
115141,115300,0.9171974522292994,13354492,13369282
114076,115303,0.8666666666666667,13285986,13369643
115243,115311,1.0,13364825,13369907
108370,115327,0.8524590163934426,12951296,13371565
114767,115330,0.8784530386740331,13334569,13371779
115320,115334,0.8701298701298701,13370887,13371951
19636,115338,0.8909657320872274,8432078,13372173
70534,115353,0.85473411154345,10662081,13372923
114767,115387,0.8597449908925319,13334569,13375320
19636,115390,0.9140625,8432078,13375415
64263,115409,0.9426086956521739,10329667,13355671
111104,115428,0.8928571428571429,13118387,13363569
113212,115440,0.8793103448275862,13236220,13364374
112480,115464,0.875,13196623,13376768
113503,115464,0.8545454545454545,13253918,13376768
13719,115537,0.851421188630491,8167595,13380693
112480,115579,0.8596491228070176,13196623,13384412
115527,115585,0.8860759493670886,13380030,13385546
113154,115597,0.8596491228070176,13233131,13386214
106099,115609,0.8928571428571429,12817506,13386524
115606,115615,0.873015873015873,13386444,13386687
111104,115632,0.8771929824561403,13118387,13387330
115526,115640,0.9214876033057852,13379966,13388711
115584,115641,1.0,13384851,13388869
115635,115647,0.888030888030888,13387412,13389993
112667,115654,0.8615384615384616,13206614,13390570
113996,115687,1.0,13288590,13393516
115742,115745,0.8715596330275229,13395901,13396229
111852,115757,0.8802395209580839,13160485,13396700
115613,115762,0.9201520912547528,13386680,13396933
115462,115838,0.8534031413612565,13376664,13398998
115812,115869,0.8604651162790697,13385217,13401221
115885,115889,1.0,13401764,13402464
114434,115932,0.9075907590759076,13305113,13406660
115922,115981,0.8780487804878049,13406447,13408679
55013,115982,0.8682170542635659,9828752,13408725
115885,115984,1.0,13401764,13408788
115881,115986,0.8596491228070176,13401709,13408988
115982,115987,0.875,13408725,13409034
115462,116028,0.8578947368421053,13376664,13412750
113493,116036,1.0,13253106,13413050
115842,116051,0.9016393442622951,13399919,13413688
115462,116055,0.8534031413612565,13376664,13413799
113213,116060,0.8844621513944223,13236268,13413988
115988,116067,0.8620689655172413,13409260,13414221
115881,116069,0.8596491228070176,13401709,13414254
115861,116071,0.8707482993197279,13400618,13414385
116072,116144,0.9130434782608695,13414401,13418592
100501,116151,0.9,12456356,13419028
116072,116154,0.8777602523659306,13414401,13419363
116140,116154,0.8580294802172227,13418429,13419363
116160,116173,0.8888888888888888,13419752,13403545
115808,116195,0.875,13385023,13418615
115808,116201,0.8909090909090909,13385023,13418893
102942,116206,0.8583333333333333,12614687,13419273
115808,116207,0.8596491228070176,13385023,13419328
116194,116209,0.8685344827586207,13408493,13419354
116195,116210,0.8596491228070176,13418615,13419456
95085,116211,0.9476439790575916,12132690,13419595
115448,116214,0.9333333333333333,13374457,13419763
116198,116216,0.9746192893401016,13418810,13419844
114773,116314,0.9032258064516129,13335047,13425057
116228,116322,0.875,13421087,13425597
110202,116332,1.0,13056670,13427383
101686,116334,0.8689458689458689,12537788,13427392
113486,116341,0.9393939393939394,13252837,13428261
110167,116343,0.8827160493827161,13054198,13428486
111854,116383,0.8502994011976048,13160545,13430438
115505,116383,0.9935483870967742,13378276,13430438
110355,116388,0.9741935483870968,13066372,13431405
114483,116389,0.9182389937106918,13316085,13431692
113624,116393,0.945273631840796,13261358,13432405
106099,116397,0.8928571428571429,12817506,13433134
116364,116450,0.9661016949152542,13429833,13437895
116287,116454,0.926829268292683,13423984,13438066
116243,116480,0.9325842696629213,13421573,13439250
113493,116498,1.0,13253106,13440353
111323,116499,0.9363057324840764,13116720,13440446
112078,116501,0.8896103896103896,13176883,13440598
106233,116527,0.8620689655172413,12825567,13437750
106099,116560,0.8947368421052632,12817506,13442161
113041,116565,0.9090909090909091,13227511,13442431
116552,116578,0.89171974522293,13441835,13443055
111104,116584,0.8928571428571429,13118387,13443323
62806,116599,0.8706467661691543,10256178,13443896
19636,116602,0.884310618066561,8432078,13444032
19636,116604,0.8763866877971473,8432078,13444036
19636,116605,0.8857142857142857,8432078,13444053
116587,116607,0.9254385964912281,13443388,13444150
19636,116608,0.8763866877971473,8432078,13444163
116552,116615,0.9058441558441559,13441835,13444401
116552,116617,0.912621359223301,13441835,13444671
116624,116629,0.8747126436781609,13445297,13445973
110202,116636,0.9363057324840764,13056670,13446536
110202,116647,0.9551282051282052,13056670,13447231
116562,116664,0.8777777777777778,13442211,13448225
116630,116666,0.9606299212598425,13445976,13448894
113489,116696,0.9779005524861878,13253077,13449660
19636,116705,0.8673780487804879,8432078,13450179
113486,116714,0.9011627906976745,13252837,13450796
113493,116717,0.9540816326530612,13253106,13451142
113624,116718,0.945273631840796,13261358,13451178
113624,116753,0.8980582524271845,13261358,13453320
113996,116759,0.8813559322033898,13288590,13453685
113529,116766,0.9300699300699301,13255596,13453917
113489,116767,0.9723756906077348,13253077,13453931
116842,116846,0.9775280898876404,13453283,13453311
111104,116871,0.8771929824561403,13118387,13457152
111104,116875,0.8928571428571429,13118387,13457632
116880,116883,0.950354609929078,13458165,13458289
111104,116899,0.8928571428571429,13118387,13459391
112508,116921,0.8518518518518519,13200675,13460968
116910,116927,0.8914728682170543,13460109,13461528
111243,116933,0.8793103448275862,13104543,13461936
114472,116933,0.8813559322033898,13315645,13461936
103594,116938,0.8597560975609756,12652076,13462101
113903,116938,0.8607594936708861,13281100,13462101
113154,117030,0.875,13233131,13467598
117051,117096,0.9173789173789174,13468490,13469909
114026,117097,0.8863636363636364,13291529,13469929
89577,117109,0.8543417366946778,11807474,13470053
117056,117119,0.8633540372670807,13468689,13470291
117109,117127,0.8599439775910365,13470053,13470411
116972,117138,0.9867549668874173,13464263,13471888
116960,117145,0.8571428571428571,13463400,13472919
86980,117146,0.8571428571428571,11678049,13473027
55013,117163,0.9023746701846965,9828752,13473759
117020,117163,0.8855263157894737,13467195,13473759
117067,117191,0.9375,13469008,13457159
116955,117225,0.8664688427299704,13463306,13462959
113301,117227,0.8888888888888888,13243067,13463034
114061,117245,0.8726114649681529,13284463,13470654
116612,117245,0.8518518518518519,13444320,13470654
116993,117304,0.8620689655172413,13466213,13479727
116176,117306,0.8762278978388998,13403763,13479963
115365,117310,0.8650519031141869,13374074,13480436
117286,117312,0.893048128342246,13477401,13480554
117305,117334,0.8571428571428571,13479890,13481675
117283,117353,0.8747044917257684,13477252,13483919
117317,117375,0.8736059479553904,13480753,13485470
116333,117376,0.8734177215189873,13427386,13485560
117324,117386,0.9396551724137931,13481165,13485826
113198,117396,0.85,13235262,13486375
115728,117396,0.8622222222222222,13394986,13486375
117384,117430,0.8867924528301887,13485758,13487777
117384,117448,0.9230769230769231,13485758,13488432
117384,117451,0.8867924528301887,13485758,13488499
111310,117468,0.9044585987261147,13111448,13489750
111341,117468,0.85625,13120430,13489750
115216,117468,0.85,13361998,13489750
117313,117471,0.895397489539749,13480562,13490109
117384,117494,0.9038461538461539,13485758,13492814
103137,117495,0.8823529411764706,12623509,13492816
117384,117496,0.9038461538461539,13485758,13492949
117384,117499,0.9230769230769231,13485758,13493015
117384,117501,0.8867924528301887,13485758,13493049
117384,117512,0.8703703703703703,13485758,13493518
117384,117514,0.9056603773584906,13485758,13493618
117324,117519,0.9396551724137931,13481165,13493694
115480,117552,0.8775510204081632,13377246,13497855
115652,117556,0.9325842696629213,13390516,13497879
58453,117581,0.9421487603305785,10010885,13499158
103369,117584,0.8875,12620691,13499182
117527,117593,0.8571428571428571,13494025,13564935
114066,117609,0.8703703703703703,13285121,13478931
116333,117628,0.9354838709677419,13427386,13482223
117631,117637,0.8909090909090909,13494715,13495080
117685,117698,0.8684684684684685,13500285,13500687
117286,117705,0.893048128342246,13477401,13501049
111288,117727,0.8620689655172413,13110509,13502445
56239,117741,0.8628571428571429,9893799,13502790
117286,117767,0.893048128342246,13477401,13504330
117384,117785,0.9411764705882353,13485758,13505454
117799,117802,0.8765432098765432,13506043,13506188
117797,117807,0.907608695652174,13505983,13506402
117797,117810,0.8526315789473684,13505983,13506466
117797,117814,0.907608695652174,13505983,13506641
103425,117823,0.90625,12636397,13506869
117812,117838,0.9122807017543859,13506499,13507144
117881,117883,1.0,13509449,13510027
117764,117884,0.8704318936877077,13503966,13510408
55663,117885,0.8767908309455588,9861103,13510440
117881,117909,1.0,13509449,13513390
108628,117940,0.9393939393939394,12967877,13516606
111104,117960,0.8620689655172413,13118387,13518261
117963,117965,0.8909090909090909,13518514,13518605
117963,117970,0.8909090909090909,13518514,13518967
112652,117974,0.8636363636363636,13205530,13519223
117859,117978,0.8771929824561403,13508256,13519727
117989,118015,0.9557522123893806,13520587,13515402
108370,118043,0.8850574712643678,12951296,13519450
118039,118049,0.9389312977099237,13519373,13519692
111243,118082,0.85,13104543,13522555
112652,118082,0.9344262295081968,13205530,13522555
115365,118109,0.855072463768116,13374074,13524811
117192,118113,0.8947368421052632,13457225,13525087
111194,118146,1.0,13126536,13527153
118155,118158,0.9178082191780822,13527741,13528167
115302,118160,0.9230769230769231,13369471,13528367
93024,118208,0.9418181818181818,12008203,13532709
118097,118215,0.8596491228070176,13523492,13532903
118148,118222,0.86,13527293,13533291
118264,118266,0.8596491228070176,13535962,13536035
118137,118282,1.0,13526081,13536447
110027,118283,0.8949579831932774,13051871,13536482
118267,118287,0.9773462783171522,13536056,13536575
118097,118325,0.8596491228070176,13523492,13537656
118323,118344,0.8941441441441441,13537651,13538915
110279,118384,0.9363057324840764,13062403,13524020
118393,118395,0.9298245614035088,13529540,13529544
115141,118407,0.8518518518518519,13354492,13530083
118420,118421,0.9508196721311475,13540656,13540660
118420,118422,0.9411764705882353,13540656,13540691
118420,118423,0.9567010309278351,13540656,13540873
118420,118425,0.9198396793587175,13540656,13540924
118420,118433,0.9429735234215886,13540656,13541368
118420,118437,0.884990253411306,13540656,13541634
106099,118450,0.9245283018867925,12817506,13544623
107960,118471,0.8611111111111112,12927228,13546175
111137,118496,0.8596491228070176,13119764,13548362
93024,118521,0.9560439560439561,12008203,13549702
113925,118594,0.8888888888888888,13282877,13553213
101504,118635,0.8699690402476781,12522778,13559361
118635,118639,0.9273927392739274,13559361,13559545
113344,118650,0.8518518518518519,13249274,13559957
118471,118655,0.9705882352941176,13546175,13560087
106099,118687,0.8771929824561403,12817506,13562266
9568,118725,0.9570707070707071,7985306,13548871
118082,118739,0.8548387096774194,13522555,13554348
118720,118740,0.8596491228070176,13547026,13557685
113391,118780,0.9235668789808917,13246580,13566075
73443,118796,0.96,10826030,13567291
118795,118800,0.919047619047619,13567226,13567352
118738,118808,0.9158878504672897,13554141,13567959
118778,118817,0.8735632183908046,13566040,13569372
118778,118822,0.9390243902439024,13566040,13570477
115466,118825,0.9024390243902439,13376824,13570785
118834,118835,0.907859078590786,13571465,13571494
110202,118836,0.9490445859872612,13056670,13571816
118838,118843,0.9810964083175804,13572205,13572336
118786,118852,0.9342723004694836,13566721,13572522
118762,118854,0.8914285714285715,13565297,13572692
118817,118854,0.8920454545454546,13569372,13572692
118762,118857,0.8820224719101124,13565297,13572832
111104,118884,0.8771929824561403,13118387,13569041
111288,118887,0.8771929824561403,13110509,13574449
111954,118898,0.85,13158770,13575130
115058,118898,0.9122807017543859,13344123,13575130
111243,118901,0.864406779661017,13104543,13575231
106099,118911,0.9285714285714286,12817506,13575444
118915,118919,0.9233870967741935,13575546,13575584
112196,118929,0.8909090909090909,13182358,13575904
117304,118943,0.9818181818181818,13479727,13576356
115058,118951,0.9454545454545454,13344123,13576902
106099,118952,0.9285714285714286,12817506,13577022
113503,118961,0.8571428571428571,13253918,13577742
113996,118961,0.8620689655172413,13288590,13577742
116993,118961,0.8771929824561403,13466213,13577742
111962,118962,0.8545454545454545,13158987,13577785
113503,118970,0.8727272727272727,13253918,13578148
116993,118972,0.8620689655172413,13466213,13578239
55013,118985,0.8833551769331586,9828752,13578552
113996,118989,0.9818181818181818,13288590,13578943
43739,119052,0.9567010309278351,9270985,13581857
111104,119102,0.8620689655172413,13118387,13586158
119078,119111,0.8782608695652174,13583500,13586602
111104,119148,0.8620689655172413,13118387,13589044
119145,119155,0.9285714285714286,13588920,13589603
119145,119160,0.896551724137931,13588920,13589897
119145,119161,0.896551724137931,13588920,13589900
119145,119162,0.896551724137931,13588920,13589949
119145,119163,0.8813559322033898,13588920,13589978
115302,119175,0.9056603773584906,13369471,13590449
119153,119184,0.85,13589251,13590621
119209,119211,0.8717948717948718,13591373,13591452
119139,119248,0.8552631578947368,13588485,13592893
119234,119249,0.9112081513828238,13592268,13592946
119145,119285,0.896551724137931,13588920,13599514
114026,119301,0.9418604651162791,13291529,13600388
110202,119360,0.9490445859872612,13056670,13595401
118401,119362,0.9748427672955975,13529887,13595526
112018,119389,0.8771929824561403,13173573,13604314
98973,119474,0.8711864406779661,12366986,13615588
119475,119478,0.9154929577464789,13615609,13615775
119483,119490,0.9137931034482759,13616036,13616271
80765,119505,0.912568306010929,11267914,13617920
119491,119509,0.8952879581151832,13616302,13618082
119483,119513,0.9137931034482759,13616036,13618453
119403,119521,0.873015873015873,13605926,13618921
98973,119525,0.8741496598639455,12366986,13619221
119510,119527,0.9126984126984127,13618204,13619346
119491,119530,0.8952879581151832,13616302,13619497
119443,119547,0.8805970149253731,13613824,13620432
119403,119556,0.8870967741935484,13605926,13621087
111104,119572,0.8771929824561403,13118387,13622010
119374,119597,0.9400544959128065,13603371,13623134
57951,119602,0.8955223880597015,9981428,13623418
119403,119607,0.8870967741935484,13605926,13623546
119612,119618,0.8923076923076924,13623650,13623846
119604,119620,0.9638989169675091,13623469,13623897
119430,119639,0.8548895899053628,13608868,13625370
110202,119642,0.8827160493827161,13056670,13625796
119406,119655,0.9686520376175548,13605996,13627874
9568,119692,0.8862559241706162,7985306,13607599
119702,119758,0.92,13607962,13612805
119694,119772,0.9142857142857143,13607693,13620772
9568,119788,0.8624708624708625,7985306,13629693
2286,119796,0.896011396011396,7609703,13631175
119685,119813,0.9270833333333334,13604830,13632481
2286,119817,0.896011396011396,7609703,13633107
2286,119821,0.9024390243902439,7609703,13633266
117619,119864,0.875,13481415,13637347
119875,119876,0.956989247311828,13638880,13638952
119875,119882,0.9326241134751773,13638880,13639432
119875,119887,0.8923611111111112,13638880,13639738
119739,119965,0.9145077720207254,13611663,13644586
119739,119967,0.9421052631578948,13611663,13644620
110352,119968,1.0,13066183,13644626
69566,120001,0.8752783964365256,10606423,13650496
120012,120020,0.8636363636363636,13630383,13630558
65791,120025,0.8642857142857143,10408174,13630654
120026,120029,0.872093023255814,13630726,13630858
120031,120036,0.8742857142857143,13630884,13631042
120031,120037,0.8603351955307262,13630884,13631067
120051,120052,0.8653846153846154,13645886,13645930
120051,120058,1.0,13645886,13646289
120053,120067,0.8571428571428571,13646030,13647012
118962,120068,0.88,13577785,13647086
120053,120068,0.875,13646030,13647086
120062,120068,0.8775510204081632,13646699,13647086
120053,120069,0.8571428571428571,13646030,13647253
110131,120098,0.8765432098765432,13049395,13652839
114066,120098,0.9119496855345912,13285121,13652839
119899,120111,0.8638655462184874,13640469,13654595
119899,120112,0.8621848739495799,13640469,13654596
117619,120119,0.9395973154362416,13481415,13654953
110131,120123,1.0,13049395,13655071
118283,120182,0.9484978540772532,13536482,13657326
120197,120207,0.8933333333333333,13658842,13658994
120204,120208,0.8725925925925926,13658962,13659027
116578,120217,0.8706624605678234,13443055,13659298
120258,120264,0.9121621621621622,13661136,13661252
119240,120269,0.9133333333333333,13592609,13661340
115398,120274,0.8571428571428571,13375758,13661474
116938,120274,0.8616352201257862,13462101,13661474
120258,120279,0.9060402684563759,13661136,13661613
114773,120281,0.8503937007874016,13335047,13661642
116491,120281,0.8951612903225806,13439816,13661642
120053,120285,0.8571428571428571,13646030,13661863
120067,120286,0.8571428571428571,13647012,13661888
119899,120300,0.889267461669506,13640469,13662995
40525,120304,0.8958333333333334,9137409,13663299
118401,120306,0.9375,13529887,13663485
113024,120307,0.9161290322580645,13224978,13663533
110202,120309,0.89375,13056670,13663603
119972,120311,0.9423076923076923,13644645,13663679
110167,120313,0.9426751592356688,13054198,13664056
111323,120315,1.0,13116720,13664246
106099,120319,0.8771929824561403,12817506,13664335
118961,120355,0.8620689655172413,13577742,13671589
118450,120402,0.8545454545454545,13544623,13671614
113154,120415,0.875,13233131,13671847
120455,120517,0.9415204678362573,13676250,13680300
120491,120528,0.8841201716738197,13679236,13680661
120499,120530,0.8578680203045685,13679540,13680706
55186,120558,0.9705882352941176,9831974,13681949
112744,120571,0.9744094488188977,13210833,13683911
120603,120606,0.9712230215827338,13687639,13687671
120458,120628,0.9084967320261438,13676368,13689426
120217,120633,0.8996763754045307,13659298,13689857
120270,120639,0.9056261343012704,13661362,13690110
120270,120642,0.8942652329749103,13661362,13690518
120270,120652,0.8879003558718861,13661362,13691417
116615,120663,0.875,13444401,13692358
120270,120668,0.8863232682060391,13661362,13692683
120491,120675,0.8841201716738197,13679236,13693214
55186,120681,0.974169741697417,9831974,13693748
120458,120682,0.9084967320261438,13676368,13693754
55186,120684,0.9384057971014492,9831974,13693760
120698,120710,0.8782051282051282,13682524,13682893
101990,120726,0.9516129032258065,12561457,13690816
118323,120727,0.967816091954023,13537651,13691371
55186,120765,0.8770764119601329,9831974,13695570
120811,120816,0.8723404255319149,13697776,13697887
120820,120823,0.9074074074074074,13697953,13698044
120828,120836,0.9602888086642599,13698191,13699075
113041,120839,0.9811320754716981,13227511,13699291
55013,120856,0.8792650918635171,9828752,13699991
116371,120856,0.8674388674388674,13429957,13699991
120786,120862,0.9166666666666666,13696607,13700207
120877,120880,0.9186440677966101,13700956,13701107
120888,120893,0.8503401360544217,13696860,13697044
120900,120903,0.9258241758241759,13701399,13701666
120890,120908,0.8938775510204081,13696906,13702106
106099,120919,0.8771929824561403,12817506,13702883
62249,120938,0.9751243781094527,10224178,13703710
118789,120965,0.9444444444444444,13566902,13705272
118962,120965,0.8703703703703703,13577785,13705272
111104,120973,0.9090909090909091,13118387,13705729
113034,120973,0.8596491228070176,13226652,13705729
113503,120973,0.8545454545454545,13253918,13705729
118917,120974,0.9759036144578314,13575572,13705738
120910,120978,0.8571428571428571,13702585,13705797
120975,120978,0.8666666666666667,13705748,13705797
120954,120979,1.0,13704814,13705987
89562,120982,0.8501362397820164,11806865,13706087
70839,120990,0.8671875,10682236,13706710
120995,120996,0.9466019417475728,13706839,13706864
70839,120997,0.8571428571428571,10682236,13706879
65045,121004,0.8586206896551725,10375151,13707094
121005,121010,0.9578313253012049,13707154,13707329
118789,121033,0.8928571428571429,13566902,13708788
117431,121036,0.8928571428571429,13487785,13708912
111288,121062,0.8620689655172413,13110509,13709418
121061,121065,0.9038461538461539,13709380,13709469
121061,121067,0.9591836734693877,13709380,13709611
121066,121069,0.8924731182795699,13709544,13709698
55186,121084,0.9283154121863799,9831974,13711215
121078,121085,0.9060869565217391,13710288,13711268
113729,121105,0.8820224719101124,13271067,13713047
120527,121121,0.942652329749104,13680615,13714926
121078,121124,0.9045138888888888,13710288,13715300
121139,121148,0.9230769230769231,13718775,13720226
115302,121156,0.8888888888888888,13369471,13721232
121113,121169,0.9215017064846417,13714030,13722275
111288,121173,0.9454545454545454,13110509,13722402
115302,121184,0.9056603773584906,13369471,13723596
121086,121193,0.9622641509433962,13711269,13724606
106099,121227,0.9090909090909091,12817506,13713504
121259,121271,0.875,13717379,13717819
112652,121298,0.9032258064516129,13205530,13730402
111243,121300,0.85,13104543,13730625
111243,121304,0.9107142857142857,13104543,13731005
121367,121374,0.8538812785388128,13735525,13735966
116058,121447,0.9099099099099099,13413882,13738918
114528,121469,0.8987341772151899,13320150,13739692
121403,121505,0.9306930693069307,13737651,13760830
121439,121523,0.8518518518518519,13738747,13761957
43575,121525,0.9696969696969697,9262151,13762010
121445,121554,0.896,13738906,13763887
121569,121571,0.9202898550724637,13764767,13764800
121620,121636,0.9568627450980393,13728746,13729442
114644,121653,0.8813559322033898,13327862,13740023
121709,121719,0.8727272727272727,13746238,13746623
101130,121729,0.9194139194139194,12505135,13747234
121742,121780,0.9761904761904762,13747972,13749591
121758,121785,0.9151376146788991,13748755,13749858
121758,121786,0.9243119266055045,13748755,13749892
111313,121796,0.8727272727272727,13111571,13750227
121777,121834,0.9365079365079365,13749508,13751812
59634,121980,0.861003861003861,10074002,13759186
121862,122031,0.8884892086330936,13752841,13771805
121889,122031,0.8848920863309353,13753817,13771805
113150,122079,0.8620689655172413,13232972,13744051
121709,122080,0.8918918918918919,13746238,13744100
113212,122081,0.864406779661017,13236220,13744138
115436,122081,0.9166666666666666,13364009,13744138
122079,122081,0.85,13744051,13744138
119972,122083,0.9171974522292994,13644645,13744186
112535,122085,0.8679245283018868,13201635,13744214
122133,122139,0.8761061946902655,13778883,13779227
122133,122140,0.8761061946902655,13778883,13779344
122133,122151,0.8608695652173913,13778883,13779904
78633,122154,0.9282868525896414,11140569,13779980
120012,122160,0.977491961414791,13630383,13780332
117490,122161,0.9425287356321839,13492667,13780397
117515,122162,0.888268156424581,13493621,13780476
117490,122170,0.8833333333333333,13492667,13781024
115652,122238,0.8797814207650273,13390516,13785268
96565,122298,0.9302325581395349,12202541,13787391
55186,122302,0.9067164179104478,9831974,13787570
115302,122332,0.8888888888888888,13369471,13788647
122321,122359,0.9551569506726457,13788423,13789998
111243,122369,0.9818181818181818,13104543,13790420
122363,122438,1.0,13790241,13793641
122305,122451,0.95,13787687,13794468
111304,122455,0.9444444444444444,13111258,13794849
119389,122465,0.9285714285714286,13604314,13795503
113344,122467,0.8679245283018868,13249274,13795573
122497,122510,0.8961038961038961,13774806,13775636
114529,122527,0.922077922077922,13320160,13776819
110202,122533,0.8679245283018868,13056670,13777025
113025,122539,0.8757763975155279,13225058,13777145
53672,122553,0.9165154264972777,9777830,13777609
122530,122556,0.8930041152263375,13776967,13777763
122531,122557,0.9145299145299145,13776971,13777797
122497,122559,0.8598726114649682,13774806,13778009
122133,122563,0.8608695652173913,13778883,13778348
115689,122571,0.9433962264150944,13393570,13798618
122465,122584,0.864406779661017,13795503,13799353
120217,122593,0.9153094462540716,13659298,13801378
122031,122609,0.8888888888888888,13771805,13802672
122131,122613,0.9285714285714286,13778697,13803222
122131,122620,0.9454545454545454,13778697,13804120
75401,122655,0.889344262295082,10943110,13806132
122640,122674,0.9217877094972067,13805273,13807588
122533,122687,0.9333333333333333,13777025,13808291
118737,122689,0.8580246913580247,13553707,13808419
115217,122698,0.88125,13362032,13809019
120305,122698,0.85,13663471,13809019
110272,122709,0.8831168831168831,13062017,13809487
6567,122724,0.8831683168316832,7844576,13810567
120834,122738,0.9803921568627451,13698876,13811186
122739,122741,0.8805970149253731,13811189,13811312
112480,122750,0.875,13196623,13811762
112652,122752,0.8870967741935484,13205530,13811829
113210,122752,0.85,13236083,13811829
121016,122752,0.8524590163934426,13707678,13811829
122613,122767,0.8666666666666667,13803222,13812765
113041,122774,0.8928571428571429,13227511,13813090
99723,122776,0.8549848942598187,12400923,13813232
121796,122779,0.9107142857142857,13750227,13813298
112018,122786,0.8771929824561403,13173573,13813519
122732,122789,0.8506224066390041,13810857,13813613
7735,122796,0.8519924098671727,7895860,13813837
122587,122820,0.9117647058823529,13799402,13816699
121889,122824,0.8657243816254417,13753817,13816787
121862,122836,0.8892857142857142,13752841,13816987
113154,122859,0.875,13233131,13798264
112196,122860,0.8571428571428571,13182358,13798273
118644,122865,0.9090909090909091,13559790,13798587
118323,122883,0.9701149425287356,13537651,13814598
118323,122884,0.9768518518518519,13537651,13814663
122645,122893,0.8888888888888888,13805533,13817859
55275,122900,0.8745098039215686,9841659,13818078
115141,122905,0.8580246913580247,13354492,13818310
122906,122909,0.8736842105263158,13818346,13818359
110331,122910,0.9019607843137255,13073330,13818389
122497,122910,0.8525641025641025,13774806,13818389
110202,122914,0.9161290322580645,13056670,13818512
122906,122916,0.9071428571428571,13818346,13818525
122915,122919,0.8958333333333334,13818518,13818573
122917,122921,0.90625,13818528,13818681
122906,122924,0.9039145907473309,13818346,13818764
122917,122925,0.9508196721311475,13818528,13818788
122917,122933,0.9206349206349206,13818528,13818906
122925,122941,0.8524590163934426,13818788,13819333
112480,122951,0.8596491228070176,13196623,13819744
111790,122956,0.8620689655172413,13156227,13819966
112189,122957,0.8620689655172413,13181859,13820049
118323,122958,0.9768518518518519,13537651,13820079
113154,122966,0.875,13233131,13820449
113154,122972,0.875,13233131,13820634
113503,122974,0.8888888888888888,13253918,13820789
111955,122986,0.8571428571428571,13158792,13821186
111104,123025,0.8620689655172413,13118387,13826465
113154,123046,0.8596491228070176,13233131,13828517
122906,123049,0.9071428571428571,13818346,13828529
112480,123054,0.8596491228070176,13196623,13820879
123103,123104,0.8832116788321168,13826605,13826618
113154,123109,0.9090909090909091,13233131,13826784
113344,123112,0.8727272727272727,13249274,13827370
40919,123114,0.9032258064516129,9141347,13828810
123140,123144,0.896551724137931,13830347,13830772
123133,123147,0.8907103825136612,13830227,13830975
123140,123148,0.9296187683284457,13830347,13830977
123130,123152,0.8947368421052632,13830208,13831101
123143,123155,0.8571428571428571,13830771,13831166
123154,123164,0.863013698630137,13831158,13831390
123214,123215,0.9361702127659575,13834075,13834101
123214,123237,0.889273356401384,13834075,13833179
123214,123238,0.9225352112676056,13834075,13833220
43849,123271,0.8816568047337278,9275696,13839524
123268,123275,0.8596491228070176,13839316,13840612
103840,123318,0.955607476635514,12675034,13844781
112196,123358,0.875,13182358,13846555
122133,123379,0.8608695652173913,13778883,13847209
119245,123404,0.868020304568528,13592816,13848058
123388,123406,0.9171974522292994,13847623,13848147
55186,123408,0.9664179104477612,9831974,13848186
55186,123412,0.9379562043795621,9831974,13848281
61538,123428,0.8666666666666667,10191770,13848675
8333,123461,0.8620689655172413,7925353,13849834
123249,123471,0.9477756286266924,13836697,13850395
123535,123546,0.8924302788844621,13855176,13855781
111667,123559,0.8765432098765432,13144243,13835256
110202,123598,0.9038461538461539,13056670,13855239
123555,123611,0.85,13856231,13856104
123606,123613,0.8549222797927462,13855925,13856141
2286,123614,0.8860759493670886,7609703,13856170
106660,123619,0.8909090909090909,12850053,13857222
123526,123644,0.925,13853946,13860862
123699,123700,0.9259259259259259,13863744,13863753
112480,123751,0.8596491228070176,13196623,13866436
111137,123832,0.8928571428571429,13119764,13871039
122910,123834,0.8506493506493507,13818389,13871221
122613,123852,0.864406779661017,13803222,13872861
123728,123873,0.9355828220858896,13865110,13875211
123698,123874,0.8678414096916299,13863717,13875301
123744,123937,0.8793969849246231,13865820,13879732
103840,123958,0.9834905660377359,12675034,13874278
124009,124016,0.8962264150943396,13883015,13883247
124009,124027,0.9326923076923077,13883015,13883967
124009,124032,0.892018779342723,13883015,13884502
124009,124042,0.9146919431279621,13883015,13885182
124043,124058,0.8596491228070176,13885231,13885863
67931,124059,0.8832684824902723,10521916,13885937
2286,124078,0.896011396011396,7609703,13886464
124047,124079,0.9072847682119205,13885425,13886492
124017,124122,0.8962264150943396,13883251,13888489
33690,124164,0.982363315696649,8874709,13890277
124224,124228,0.8910891089108911,13893036,13893317
124248,124251,0.9653465346534653,13894108,13894425
113729,124271,0.8845070422535212,13271067,13895555
124248,124289,0.9605911330049262,13894108,13896529
113215,124292,0.9642857142857143,13236295,13896925
114644,124351,0.864406779661017,13327862,13901175
99416,124352,0.9113149847094801,12391080,13901229
115436,124380,0.8666666666666667,13364009,13880598
119413,124468,0.8771929824561403,13606759,13912878
124450,124471,0.8719512195121951,13911810,13913026
124511,124516,0.9818181818181818,13915271,13915519
124511,124522,0.9107142857142857,13915271,13915624
124511,124556,0.9285714285714286,13915271,13916960
124487,124561,0.856020942408377,13914142,13917133
106233,124592,0.8571428571428571,12825567,13918213
115992,124618,0.9310344827586207,13409640,13919296
118898,124618,0.8833333333333333,13575130,13919296
124511,124621,1.0,13915271,13919417
118394,124658,0.8987341772151899,13529542,13921704
124700,124705,0.9232245681381958,13925674,13926348
112480,124709,0.8596491228070176,13196623,13926590
60671,124730,0.9772727272727273,10131580,13927856
110202,124744,0.9673202614379085,13056670,13908516
61538,124758,0.8666666666666667,10191770,13910324
70534,124770,0.8846153846153846,10662081,13911160
124794,124797,0.8913043478260869,13932294,13932512
124803,124812,0.98046875,13933156,13933948
55186,124835,0.951310861423221,9831974,13935392
124803,124838,0.9060150375939849,13933156,13935638
124821,124843,0.9336099585062241,13934402,13935809
124907,124923,0.8727272727272727,13938711,13939722
116254,124933,0.8785942492012779,13421903,13940300
19636,124935,0.9383116883116883,8432078,13940304
124907,124942,0.8888888888888888,13938711,13940817
116254,124961,0.9405940594059405,13421903,13941439
124618,124982,0.8524590163934426,13919296,13942860
125005,125015,0.9764705882352941,13943949,13944346
124993,125016,0.863013698630137,13943279,13944399
125014,125019,0.8947368421052632,13944289,13944442
122689,125027,0.8860759493670886,13808419,13945024
103840,125037,0.9833333333333333,12675034,13945908
125025,125047,0.918918918918919,13944820,13946449
122910,125096,0.8823529411764706,13818389,13948234
125125,125134,0.8857142857142857,13950063,13950491
111667,125146,0.8789808917197452,13144243,13951591
113025,125146,0.875,13225058,13951591
110279,125149,0.8535031847133758,13062403,13951782
111194,125149,0.9013157894736842,13126536,13951782
111317,125173,0.864516129032258,13116307,13953142
125149,125173,0.8675496688741722,13951782,13953142
125101,125177,0.8531073446327684,13949241,13953634
118394,125187,0.972972972972973,13529542,13954112
119864,125188,0.8904109589041096,13637347,13954162
122707,125190,0.852760736196319,13809395,13954255
110161,125192,0.8670886075949367,13053568,13954292
125175,125225,0.8647058823529412,13953594,13957109
111194,125230,0.9664429530201343,13126536,13955234
125236,125240,0.9157894736842105,13956811,13957338
111790,125242,0.9107142857142857,13156227,13957431
124380,125242,0.8596491228070176,13880598,13957431
125236,125243,0.8556701030927835,13956811,13957501
125261,125271,0.9381443298969072,13959097,13959436
125292,125307,0.9044585987261147,13960255,13960691
125292,125308,0.9434782608695652,13960255,13960709
125179,125313,0.8596491228070176,13953700,13960798
125314,125315,0.9942528735632183,13960817,13960852
125299,125318,0.9371069182389937,13960487,13960998
125280,125319,0.8571428571428571,13959827,13961084
125292,125328,0.9372294372294372,13960255,13961604
116993,125334,0.8620689655172413,13466213,13961858
113503,125339,0.8571428571428571,13253918,13962072
125288,125359,0.8936170212765957,13960165,13963449
125179,125366,0.9156626506024096,13953700,13964812
125246,125374,0.8809523809523809,13958126,13959334
125503,125509,0.8506493506493507,13977619,13977876
125515,125524,0.8613445378151261,13978158,13978658
125522,125526,0.9561752988047809,13978539,13978830
125572,125576,0.9447513812154696,13981052,13981423
125572,125578,0.9318801089918256,13981052,13981474
125572,125582,0.9585635359116023,13981052,13981799
125572,125584,0.9346049046321526,13981052,13981877
125588,125600,0.9629629629629629,13982022,13982451
125642,125647,0.9559471365638766,13970846,13970888
125650,125652,0.9,13970960,13971041
125440,125664,0.8524590163934426,13972414,13971404
125658,125686,0.9467680608365019,13971291,13972525
125650,125692,0.9183673469387755,13970960,13972997
120003,125714,0.9803921568627451,13650707,13986201
125729,125740,0.9083665338645418,13988718,13989439
40919,125751,0.9032258064516129,9141347,13991891
123117,125766,1.0,13829694,13993379
86959,125802,0.8794326241134752,11619365,13994757
125786,125824,0.8513513513513513,13994266,13996006
125813,125825,0.875,13995513,13996054
125786,125832,0.896551724137931,13994266,13996159
119393,125841,0.9818181818181818,13605019,13996427
125804,125858,0.889763779527559,13994857,13997506
125804,125859,0.9047619047619048,13994857,13997573
125820,125859,0.8527131782945736,13995929,13997573
107415,125876,0.8940397350993378,12892935,13998992
114472,125895,0.8666666666666667,13315645,14000341
125893,125904,0.9065934065934066,14000290,14001368
125697,125937,0.9714285714285714,13984740,14004014
125697,125947,0.9754098360655737,13984740,14004334
117468,125953,0.8516129032258064,13489750,14004869
120012,125991,0.977491961414791,13630383,14007888
91717,126044,0.8668555240793201,11930592,14005988
94152,126044,0.8714285714285714,12081089,14005988
114472,126060,0.8813559322033898,13315645,14012294
117494,126118,0.8545454545454545,13492814,14018668
116738,126128,0.9009287925696594,13451972,14019011
126073,126134,0.9063829787234042,14013966,14019352
106099,126135,0.8620689655172413,12817506,14019373
126115,126143,0.953168044077135,14018634,14019656
126073,126148,0.9478260869565217,14013966,14019717
111104,126170,0.8620689655172413,13118387,14020427
62032,126189,0.9012345679012346,10213265,14021210
126199,126209,0.9375,14021603,14021900
114472,126216,0.8666666666666667,13315645,14022193
118457,126224,0.8928571428571429,13545398,14022431
124237,126246,0.898876404494382,13893612,14024088
114061,126280,0.8947368421052632,13284463,14025455
125953,126280,0.8609271523178808,14004869,14025455
115495,126288,0.9664429530201343,13377976,14025784
126264,126295,0.8911917098445595,14024794,14026003
100501,126297,0.8763636363636363,12456356,14026071
117619,126306,0.8662420382165605,13481415,14026605
115141,126307,0.8607594936708861,13354492,14026753
114433,126321,0.906832298136646,13305047,14027299
115505,126321,0.8502994011976048,13378276,14027299
6567,126324,0.8670634920634921,7844576,14027386
115141,126328,0.8679245283018868,13354492,14027520
120003,126338,0.9171974522292994,13650707,14028059
122922,126338,0.9025974025974026,13818698,14028059
122383,126339,0.8829113924050633,13790874,14028274
122922,126350,0.8607594936708861,13818698,14028876
126349,126355,0.85,14028626,14029019
126351,126356,0.9105691056910569,14028903,14029021
126355,126357,0.8560311284046692,14029019,14029042
126356,126357,0.8509803921568627,14029021,14029042
126351,126358,0.891566265060241,14028903,14029067
126360,126368,0.8666666666666667,14029125,14029363
126349,126371,0.9047619047619048,14028626,14029557
126360,126371,0.900398406374502,14029125,14029557
126355,126372,0.8893280632411067,14029019,14029587
106233,126410,0.8620689655172413,12825567,14017200
110202,126505,0.8853503184713376,13056670,14036281
116738,126557,0.8858024691358025,13451972,14038172
110202,126586,0.9038461538461539,13056670,14039134
116738,126587,0.9150943396226415,13451972,14039139
111323,126621,0.9673202614379085,13116720,14040747
114066,126622,0.9673202614379085,13285121,14040776
126625,126628,0.9223946784922394,14040856,14041003
126625,126631,0.9567198177676538,14040856,14041081
126701,126702,0.8704819277108434,14049406,14049434
113503,126708,0.8727272727272727,13253918,14049767
126701,126710,0.9680511182108626,14049406,14049816
116993,126723,0.8620689655172413,13466213,14050408
52221,126732,0.8809523809523809,9689042,14051625
117304,126739,0.8793103448275862,13479727,14052048
126374,126748,0.8620689655172413,14029750,14031273
126748,126750,0.8793103448275862,14031273,14031281
126767,126768,0.8823529411764706,14033542,14033546
111790,126772,0.9107142857142857,13156227,14045425
113154,126784,0.875,13233131,14046193
43843,126794,0.8928571428571429,9275465,14046672
123930,126794,0.8705882352941177,13878482,14046672
114520,126823,0.8776223776223776,13319841,14056989
114520,126842,0.8908450704225352,13319841,14059564
126853,126903,0.9037037037037037,14061886,14064149
126907,126919,0.9538904899135446,14064306,14064821
122646,126948,0.8767123287671232,13805588,14065644
126944,126964,0.9728915662650602,14065496,14066472
126987,127014,0.9806949806949807,14067393,14068728
115495,127039,0.9664429530201343,13377976,14070531
127055,127063,0.8823529411764706,14071959,14072689
127066,127071,0.8830409356725146,14072938,14073372
110202,127119,0.8588957055214724,13056670,14054336
19636,127128,0.9127725856697819,8432078,14059893
126826,127140,0.9227053140096618,14057255,14060682
19636,127143,0.9141965678627145,8432078,14060759
110352,127229,0.9671052631578947,13066183,14082229
114477,127229,0.8641975308641975,13315781,14082229
127223,127230,0.9884393063583815,14082070,14082246
124141,127253,0.9423076923076923,13889493,14083056
122533,127259,0.8616352201257862,13777025,14084610
127260,127266,0.9395348837209302,14077026,14077289
62226,127272,0.9530201342281879,10217231,14077935
119406,127315,0.9113149847094801,13605996,14087923
84805,127340,0.9294605809128631,11498551,14088978
127319,127349,0.8549382716049383,14088104,14089669
127349,127353,0.9739413680781759,14089669,14089948
127355,127356,0.9719887955182073,14090268,14090349
127302,127360,0.9753086419753086,14087434,14090490
114255,127413,0.8666666666666667,13303472,14093668
120804,127438,0.8739255014326648,13697443,14094714
114520,127474,0.8517241379310345,13319841,14097103
127387,127483,0.8915401301518439,14091252,14097747
127392,127485,0.902834008097166,14091978,14097850
127521,127526,0.9151162790697674,14099864,14100255
127371,127540,0.9291666666666667,14085339,14101082
127529,127552,0.9539295392953929,14100632,14101688
127538,127553,0.9482758620689655,14101067,14101697
127566,127572,0.9090909090909091,14102580,14102934
127575,127577,0.8596491228070176,14103147,14103249
127566,127578,0.9276315789473685,14102580,14103345
127497,127584,0.8628048780487805,14098594,14103472
127433,127616,0.9485981308411215,14094664,14106918
127566,127640,0.9150326797385621,14102580,14108737
127497,127658,0.88,14098594,14109739
127566,127659,0.9150326797385621,14102580,14109821
127566,127666,0.8544303797468354,14102580,14110061
127648,127666,0.8974358974358975,14109321,14110061
127566,127668,0.8598726114649682,14102580,14110265
100881,127673,0.9166666666666666,12491590,14110353
127566,127676,0.8653846153846154,14102580,14110589
127482,127679,0.8598726114649682,14097454,14110641
127648,127679,0.8553459119496856,14109321,14110641
127479,127683,0.8760330578512396,14097321,14111022
127651,127684,0.9016393442622951,14109569,14111069
100881,127685,0.9246575342465754,12491590,14111178
127451,127725,0.9787234042553191,14095049,14104167
19636,127730,0.9212598425196851,8432078,14104326
127764,127771,0.9221411192214112,14115223,14115705
126823,127780,0.9181494661921709,14056989,14116579
127764,127781,0.8980582524271845,14115223,14116636
127760,127790,0.887570912841671,14114174,14117385
114520,127804,0.8776223776223776,13319841,14118147
127858,127876,0.8615384615384616,14123918,14124831
86522,127903,0.8571428571428571,11647682,14126186
2286,127924,0.8910891089108911,7609703,14127509
125847,127925,0.8528138528138528,13996828,14127537
127566,127946,0.9210526315789473,14102580,14129225
127974,127976,0.8918918918918919,14131926,14132259
127976,127977,0.9285714285714286,14132259,14132286
127974,127982,0.8918918918918919,14131926,14132613
127566,127983,0.8544303797468354,14102580,14132634
127974,127992,0.9305555555555556,14131926,14133004
127974,127994,0.868421052631579,14131926,14133064
127566,127996,0.8662420382165605,14102580,14133074
127566,128001,0.9150326797385621,14102580,14133225
128006,128012,0.946236559139785,14133625,14133957
127566,128031,0.8598726114649682,14102580,14135124
111345,128038,0.879746835443038,13120523,14135774
115463,128038,0.8703703703703703,13376675,14135774
114433,128043,0.8545454545454545,13305047,14136093
106433,128046,0.924198250728863,12836952,14136349
127760,128069,0.9325605900948367,14114174,14137237
111104,128082,0.8620689655172413,13118387,14138342
110123,128095,0.8679245283018868,13049156,14114692
114498,128095,0.8509316770186336,13317604,14114692
114499,128095,0.8509316770186336,13317606,14114692
128098,128100,0.8860759493670886,14118760,14119575
128098,128104,0.9106382978723404,14118760,14120465
128100,128117,0.9137931034482759,14119575,14122962
106233,128140,0.8571428571428571,12825567,14123958
106099,128144,0.9272727272727272,12817506,14124061
128149,128152,0.8806584362139918,14141364,14141548
128149,128153,0.9012345679012346,14141364,14141642
128151,128155,0.9012345679012346,14141457,14141710
128149,128157,0.9533898305084746,14141364,14141959
128149,128158,0.9333333333333333,14141364,14141990
128149,128161,0.9493670886075949,14141364,14142203
128149,128164,0.8739837398373984,14141364,14142560
127861,128190,0.875,14124143,14145958
128178,128213,0.9615384615384616,14145048,14146834
128223,128224,0.8989169675090253,14147246,14147258
128223,128226,0.8941605839416058,14147246,14147339
128230,128244,0.8791208791208791,14147459,14148624
128218,128248,0.8601036269430051,14147062,14148736
128155,128305,0.8780487804878049,14141710,14151918
128330,128335,0.9253731343283582,14152781,14152907
128347,128367,0.8546255506607929,14153444,14153773
128356,128367,0.8546255506607929,14153594,14153773
128368,128371,0.96,14153787,14153872
123117,128372,0.85,13829694,14153894
128149,128376,0.8744939271255061,14141364,14154294
55186,128377,0.9487179487179487,9831974,14154300
115398,128381,0.9103448275862069,13375758,14154479
128347,128391,0.8622222222222222,14153444,14154776
115398,128416,0.9166666666666666,13375758,14155669
107264,128420,0.8627450980392157,12889201,14155765
116228,128420,0.8516129032258064,13421087,14155765
110170,128435,0.8653846153846154,13054543,14156278
128356,128445,0.8546255506607929,14153594,14156885
128424,128445,0.944954128440367,14155892,14156885
116998,128449,0.9375,13466445,14157047
111104,128460,0.8620689655172413,13118387,14157595
128468,128472,0.9064516129032258,14157919,14158216
128468,128490,0.9061488673139159,14157919,14159126
121690,128491,0.9212598425196851,13744622,14159200
118401,128494,0.9079754601226994,13529887,14159912
128317,128498,0.9354838709677419,14152261,14160277
115302,128499,0.96,13369471,14160301
126633,128501,0.9403973509933775,14041279,14160659
127436,128502,0.9408284023668639,14094702,14160719
110215,128509,0.8588957055214724,13058016,14161032
113025,128509,0.8950617283950617,13225058,14161032
114483,128511,0.88125,13316085,14161235
111323,128513,0.9673202614379085,13116720,14161292
128507,128514,0.8523489932885906,14160970,14161299
128525,128530,0.8741258741258742,14162362,14162517
117619,128540,0.9066666666666666,13481415,14138997
111317,128564,0.8580645161290322,13116307,14141382
128557,128570,0.9627039627039627,14140446,14142781
128205,128587,0.9338842975206612,14146474,14144100
128178,128590,0.9283276450511946,14145048,14144266
128557,128593,0.9447004608294931,14140446,14144468
128178,128598,0.934931506849315,14145048,14145197
128190,128608,0.8939393939393939,14145958,14145888
128228,128704,0.9074074074074074,14147401,14172693
128228,128724,0.9074074074074074,14147401,14173513
128228,128736,0.9074074074074074,14147401,14174008
128727,128738,0.9478672985781991,14173554,14174136
111673,128761,0.884493670886076,13144741,14175369
128149,128764,0.9493670886075949,14141364,14175524
119389,128794,0.8947368421052632,13604314,14177159
128767,128809,0.900990099009901,14175811,14177668
66274,128839,0.8502879078694817,10431821,14179180
66274,128876,0.91015625,10431821,14180550
112085,128880,0.8571428571428571,13177166,14181084
112189,128880,0.9272727272727272,13181859,14181084
126534,128885,0.9798657718120806,14037442,14181502
122910,128886,0.8506493506493507,13818389,14181631
122613,128890,0.8666666666666667,13803222,14181659
111323,128896,0.9102564102564102,13116720,14181845
110167,128900,0.967741935483871,13054198,14182318
127325,128901,0.868421052631579,14088198,14182419
113025,128912,0.88125,13225058,14182714
123834,128912,0.864516129032258,13871221,14182714
128938,128944,0.8881987577639752,14164048,14164461
128943,128944,0.9354838709677419,14164432,14164461
128941,128945,0.8765432098765432,14164388,14164465
128942,128946,0.9448818897637795,14164414,14164487
33474,128955,0.8596026490066225,8868976,14165697
128645,128961,0.8716577540106952,14169303,14165842
128948,128992,0.8682352941176471,14165200,14167153
128980,129001,0.9013333333333333,14166537,14170022
129016,129018,0.8611111111111112,14188062,14188209
115302,129036,0.9230769230769231,13369471,14189851
129018,129039,0.8626373626373627,14188209,14190044
115302,129050,0.9230769230769231,13369471,14191095
106099,129056,0.8928571428571429,12817506,14191277
115302,129057,0.9056603773584906,13369471,14191306
115302,129068,0.9038461538461539,13369471,14191826
115302,129074,0.9230769230769231,13369471,14192312
115302,129080,0.9230769230769231,13369471,14192596
126936,129141,0.8736842105263158,14065330,14195808
129139,129151,0.875,14195733,14196147
112196,129155,0.9074074074074074,13182358,14196364
129142,129202,0.8755020080321285,14195829,14198827
129187,129219,0.9712643678160919,14198041,14199430
126633,129234,0.8774193548387097,14041279,14200196
129235,129241,0.9133858267716536,14200268,14200716
127436,129248,0.9464285714285714,14094702,14201309
129250,129254,0.9099099099099099,14201380,14201631
127436,129259,1.0,14094702,14201936
122698,129268,0.9019607843137255,13809019,14202414
116364,129273,0.8688524590163934,13429833,14202785
129270,129273,0.9083333333333333,14202573,14202785
129270,129275,0.9008264462809917,14202573,14203126
129270,129276,0.8934426229508197,14202573,14203182
129270,129278,0.9008264462809917,14202573,14203332
129280,129282,0.8934426229508197,14203420,14203573
128944,129283,0.8757763975155279,14164461,14203591
129274,129283,0.9363057324840764,14202870,14203591
129280,129288,0.9166666666666666,14203420,14203843
106099,129294,0.9272727272727272,12817506,14205044
128228,129295,0.8654708520179372,14147401,14205080
129316,129321,0.9100719424460432,14186988,14187396
129316,129331,0.9386281588447654,14186988,14188049
129314,129332,0.9487179487179487,14186944,14188446
9238,129335,0.8849797023004059,7968226,14188864
129349,129357,0.9264705882352942,14223046,14223680
113150,129375,0.8571428571428571,13232972,14225260
129373,129383,0.8633540372670807,14224929,14225904
129374,129388,0.8876404494382022,14224957,14226323
110123,129440,0.8614457831325302,13049156,14230116
118405,129443,0.89375,13530052,14230446
126633,129444,0.8910256410256411,14041279,14230538
129447,129451,0.9410609037328095,14230602,14230796
117619,129452,0.9066666666666666,13481415,14230895
122689,129453,0.852760736196319,13808419,14231204
110161,129459,0.8670886075949367,13053568,14231413
129460,129463,0.9408866995073891,14231463,14231744
129449,129465,0.9350180505415162,14230651,14231894
129503,129504,0.9243243243243243,14217472,14217480
129487,129508,0.9514285714285714,14216941,14217650
35312,129583,0.875,8933352,14222711
129527,129592,0.875,14218400,14223178
77942,129595,0.8602150537634409,11103894,14223382
129619,129625,0.9019607843137255,14208916,14210675
129619,129628,0.9117647058823529,14208916,14210949
129619,129634,0.8653846153846154,14208916,14211657
57951,129645,0.8805031446540881,9981428,14213641
129643,129646,0.8869565217391304,14213264,14213792
129669,129672,0.8787128712871287,14215982,14216399
4995,129676,0.8585858585858586,7757688,14216569
129669,129676,0.9215189873417722,14215982,14216569
4995,129681,0.8651399491094147,7757688,14217231
127601,129682,0.9033078880407125,14104955,14217381
129676,129682,0.8512195121951219,14216569,14217381
128588,129716,0.8529411764705882,14144154,14236141
114472,129728,0.8813559322033898,13315645,14237227
129701,129738,0.8681672025723473,14234141,14238085
129693,129744,0.9473684210526315,14234055,14238241
116978,129771,0.8939393939393939,13465093,14240444
129769,129778,0.8533333333333334,14240327,14240938
128978,129820,0.8571428571428571,14166483,14243040
129826,129828,0.9202898550724637,14243176,14243430
120973,129843,0.8571428571428571,13705729,14244238
129703,129872,0.9,14234209,14245719
129812,129872,0.8571428571428571,14242463,14245719
113729,129892,0.8770949720670391,13271067,14246289
112018,129899,0.8928571428571429,13173573,14232806
117376,129900,0.8589743589743589,13485560,14232809
110215,129902,0.8924050632911392,13058016,14232879
114076,129909,0.8789808917197452,13285986,14233141
115217,129913,0.8633540372670807,13362032,14233256
129918,129919,0.8587699316628702,14237303,14237311
110352,129921,1.0,13066183,14237341
111667,129923,0.8765432098765432,13144243,14237350
115505,129930,0.9202453987730062,13378276,14237476
55186,129935,0.8698630136986302,9831974,14246589
55186,129936,0.8552188552188552,9831974,14246889
129969,129988,0.860655737704918,14251338,14252566
129969,129991,0.8629032258064516,14251338,14252681
129969,129992,0.9012345679012346,14251338,14252689
111323,130000,0.89375,13116720,14252878
129969,130006,0.8916666666666667,14251338,14253288
130012,130013,0.9392523364485982,14253539,14253540
129969,130018,0.8838174273858921,14251338,14253868
126633,130055,1.0,14041279,14257569
115495,130056,0.9078947368421053,13377976,14257642
115505,130091,0.9615384615384616,13378276,14261361
111667,130098,0.9230769230769231,13144243,14261699
111304,130101,0.8596491228070176,13111258,14261833
130093,130122,0.8997050147492626,14261466,14262734
129128,130162,0.9032258064516129,14195308,14265374
130093,130164,0.9393939393939394,14261466,14265486
130093,130166,0.927710843373494,14261466,14265680
111104,130183,0.8771929824561403,13118387,14266633
111729,130189,0.8563218390804598,13152233,14266804
130012,130216,0.9436619718309859,14253539,14268174
129128,130220,0.9342723004694836,14195308,14268293
111104,130227,0.8620689655172413,13118387,14268492
129709,130235,0.8733031674208145,14235031,14269032
130012,130235,0.8693693693693694,14253539,14269032
128608,130240,0.8695652173913043,14145888,14269399
130064,130249,0.8865979381443299,14258164,14270436
130073,130250,0.9685863874345549,14258665,14270521
129910,130251,0.9391891891891891,14233142,14270578
50189,130253,0.9849624060150376,9577622,14271702
33744,130285,0.9334862385321101,8876667,14260340
130271,130287,0.9204545454545454,14259806,14260357
115302,130340,0.9387755102040817,13369471,14276320
130383,130384,0.8909090909090909,14280807,14280941
119393,130388,0.85,13605019,14281295
122081,130388,0.8524590163934426,13744138,14281295
119393,130410,0.9090909090909091,13605019,14282512
60956,130439,0.8564593301435407,10146270,14285295
130424,130475,0.9411764705882353,14283940,14286996
130474,130490,0.9504950495049505,14286933,14287678
130325,130501,0.8612012987012987,14274483,14288529
122133,130532,0.8761061946902655,13778883,14291328
65483,130656,0.8807947019867549,10392034,14280269
130639,130662,0.8974358974358975,14279204,14280813
130670,130672,0.9253731343283582,14297596,14298219
115217,130674,0.88125,13362032,14298681
126621,130678,0.85625,14040747,14299430
115505,130688,0.9615384615384616,13378276,14300421
130012,130731,0.8868778280542986,14253539,14304085
130741,130742,0.9253731343283582,14307277,14307668
130744,130746,0.9190751445086706,14307700,14307962
130738,130756,0.8983050847457628,14306924,14308499
52401,130797,0.92,9698984,14311763
130773,130805,0.95,14310160,14312252
129709,130844,0.8565022421524664,14235031,14314793
129709,130848,0.8558558558558559,14235031,14314873
130730,130857,0.8938775510204081,14303936,14315207
130867,130869,0.9166666666666666,14315695,14315718
130731,130874,0.874439461883408,14304085,14315806
129128,130898,0.9433962264150944,14195308,14317400
123699,130926,0.9433962264150944,13863744,14319267
130945,130950,0.8958333333333334,14305651,14305971
130945,130959,0.8520408163265306,14305651,14306604
130947,130959,0.93048128342246,14305743,14306604
130945,130974,0.9148936170212766,14305651,14307272
130945,130975,0.946524064171123,14305651,14307354
60671,130998,0.9555555555555556,10131580,14323309
131018,131020,0.8663793103448276,14325244,14325295
122133,131083,0.868421052631579,13778883,14331263
131060,131107,0.9122807017543859,14330411,14333101
127861,131114,0.9666666666666667,14124143,14333471
130995,131126,1.0,14322618,14334322
112480,131169,0.875,13196623,14335954
61448,131179,0.9027777777777778,10172628,14336493
131175,131184,0.9655172413793104,14336298,14336769
121205,131204,0.8620689655172413,13725567,14337542
131033,131258,0.872,14326176,14339836
113493,131266,0.9489795918367347,13253106,14340362
113529,131270,1.0,13255596,14340587
113624,131276,0.900990099009901,13261358,14340829
113489,131288,0.9297297297297298,13253077,14341684
113529,131292,1.0,13255596,14342112
55186,131299,0.8552188552188552,9831974,14343208
113486,131311,0.9393939393939394,13252837,14344081
113486,131318,0.9393939393939394,13252837,14322541
1670,131341,0.9,7575402,14329517
113529,131355,0.9300699300699301,13255596,14344625
113624,131356,0.900990099009901,13261358,14344683
113486,131357,0.9393939393939394,13252837,14345009
127529,131394,0.9916666666666667,14100632,14347001
118323,131409,0.967741935483871,13537651,14347944
113624,131421,0.945273631840796,13261358,14348949
113624,131429,0.945273631840796,13261358,14349039
113493,131433,1.0,13253106,14349256
113493,131434,1.0,13253106,14349315
113529,131436,1.0,13255596,14349381
113529,131440,0.9712230215827338,13255596,14349522
131435,131441,0.8900343642611683,14349341,14349552
131427,131443,0.9408284023668639,14349022,14349676
115302,131451,0.9230769230769231,13369471,14350766
131447,131456,0.8589743589743589,14350583,14351881
113493,131458,1.0,13253106,14352334
127190,131464,0.9579439252336449,14079979,14352549
113489,131469,0.9297297297297298,13253077,14353256
113624,131473,0.945273631840796,13261358,14344502
131179,131474,0.8639455782312925,14336493,14344766
113529,131475,1.0,13255596,14345113
113493,131476,1.0,13253106,14345123
131455,131485,0.8502202643171806,14351621,14351502
131454,131487,0.9220183486238532,14351547,14351560
130312,131489,0.9230769230769231,14269624,14351582
113529,131495,0.9370629370629371,13255596,14352151
113489,131503,0.9297297297297298,13253077,14355214
113624,131505,0.945273631840796,13261358,14355783
131535,131541,0.9562737642585551,14358745,14359000
131539,131544,0.9372197309417041,14358961,14359093
131524,131546,0.9181818181818182,14358349,14359167
131524,131554,0.926605504587156,14358349,14359596
131539,131560,0.9372197309417041,14358961,14359917
129876,131576,0.9210526315789473,14245774,14360531
113486,131585,0.9393939393939394,13252837,14360909
113493,131588,1.0,13253106,14361152
113489,131589,0.9297297297297298,13253077,14361191
131539,131592,0.9372197309417041,14358961,14361347
131498,131603,0.9075144508670521,14352951,14361863
131498,131605,0.875,14352951,14361896
131607,131612,0.9622641509433962,14361928,14362040
113529,131614,1.0,13255596,14362062
131631,131636,0.9042553191489362,14357033,14357464
131647,131652,0.8585526315789473,14363761,14364091
131647,131659,0.8866666666666667,14363761,14364353
2286,131667,0.8549931600547196,7609703,14364828
131647,131676,0.8866666666666667,14363761,14365246
111288,131678,0.8620689655172413,13110509,14365286
131647,131682,0.8758169934640523,14363761,14365537
131395,131692,1.0,14347083,14366250
113503,131712,0.8727272727272727,13253918,14368616
131691,131718,0.8695652173913043,14366162,14369339
106099,131732,0.8771929824561403,12817506,14369976
130012,131745,0.8949771689497716,14253539,14370987
130012,131746,0.8909090909090909,14253539,14371041
130012,131751,0.8944954128440367,14253539,14371539
129709,131753,0.8558558558558559,14235031,14371682
85978,131769,0.9230769230769231,11581480,14372498
131784,131795,0.9814814814814815,14373411,14374241
131798,131814,0.9611650485436893,14374651,14375875
131826,131837,0.8846153846153846,14376779,14377728
131857,131860,0.9746300211416491,14379914,14380013
61380,131888,0.9166666666666666,10167929,14365925
113529,131890,1.0,13255596,14366056
113624,131894,0.945273631840796,13261358,14381636
128190,131918,0.8656716417910447,14145958,14382807
131261,132067,0.9009584664536742,14339910,14393945
132102,132106,0.8909090909090909,14396993,14397328
132116,132123,0.9432048681541582,14398232,14398470
132102,132130,0.9433962264150944,14396993,14398736
116921,132135,0.8518518518518519,13460968,14398917
106099,132152,0.9811320754716981,12817506,14402730
132146,132155,0.8802281368821293,14402127,14403007
129192,132165,0.8823529411764706,14198358,14403676
128190,132231,0.9076923076923077,14145958,14400877
123952,132251,0.9653979238754326,13873943,14402003
111104,132273,0.8620689655172413,13118387,14411826
113996,132292,0.9818181818181818,13288590,14413309
132305,132313,0.8609865470852018,14413714,14414312
78414,132323,0.9485530546623794,11130635,14414927
132311,132349,0.8787878787878788,14414247,14416706
132368,132371,0.889273356401384,14417879,14418001
132374,132437,0.9413793103448276,14418154,14421907
132437,132440,0.902027027027027,14421907,14422063
131765,132446,0.8740157480314961,14372297,14422427
131765,132453,0.9116465863453815,14372297,14422912
115141,132456,0.9025974025974026,13354492,14422958
122558,132456,0.9078947368421053,13777803,14422958
114061,132462,0.8726114649681529,13284463,14423240
132376,132465,0.903954802259887,14418338,14423313
127053,132479,0.9403973509933775,14071893,14424106
120003,132484,0.9430379746835443,13650707,14424434
117468,132485,0.8662420382165605,13489750,14424448
116563,132487,0.98,13442356,14424544
110202,132501,0.8597560975609756,13056670,14425575
106099,132526,0.8571428571428571,12817506,14427467
132555,132556,0.8588709677419355,14409322,14409328
129895,132563,0.9077380952380952,14246567,14409855
128608,132584,0.8529411764705882,14145888,14410757
131122,132592,0.8507462686567164,14334163,14410983
113493,132628,1.0,13253106,14434819
116160,132632,0.8513513513513513,13419752,14435317
113624,132633,0.893719806763285,13261358,14435662
113529,132634,1.0,13255596,14435693
113529,132637,1.0,13255596,14436167
113529,132638,1.0,13255596,14436237
113529,132639,0.9236111111111112,13255596,14436343
116173,132644,0.9020979020979021,13403545,14437127
113493,132648,1.0,13253106,14437656
113529,132649,0.9236111111111112,13255596,14437671
128366,132684,0.9629629629629629,14153767,14440140
132658,132702,0.8803418803418803,14438986,14440551
132709,132732,0.9116022099447514,14441863,14443520
125570,132740,0.8669064748201439,13980862,14444038
132778,132782,0.8653846153846154,14448515,14448686
132720,132785,0.8793774319066148,14442566,14448825
122914,132787,0.8544303797468354,13818512,14449040
126633,132800,0.9736842105263158,14041279,14449742
111317,132804,0.8589743589743589,13116307,14450283
113024,132805,0.8903225806451613,13224978,14450411
126347,132807,0.8903225806451613,14028551,14450938
128886,132807,0.9133333333333333,14181631,14450938
132705,132810,0.9328859060402684,14441476,14451032
114529,132812,0.922077922077922,13320160,14451190
113493,132820,0.9441624365482234,13253106,14451517
113624,132824,0.9068627450980392,13261358,14451713
113624,132826,0.945273631840796,13261358,14451772
113493,132835,1.0,13253106,14452685
132840,132842,0.8768115942028986,14453134,14453313
132845,132849,0.8806818181818182,14453425,14453532
113624,132852,0.893719806763285,13261358,14454304
132860,132872,0.8655913978494624,14455115,14455619
110331,132885,0.8598726114649682,13073330,14438275
125953,132904,0.8609271523178808,14004869,14447037
132906,132907,0.875968992248062,14447100,14447110
110202,132913,0.89171974522293,13056670,14447267
132765,132914,0.9259259259259259,14446725,14447344
128588,132929,0.8787878787878788,14144154,14448071
132728,132936,0.9122085048010974,14443175,14457167
117245,132938,0.8766233766233766,13470654,14458063
115141,132939,0.869281045751634,13354492,14458154
128577,132942,0.8571428571428571,14143392,14458615
114529,132948,0.8831168831168831,13320160,14463579
128581,132977,0.8571428571428571,14143900,14467039
131730,132989,0.9850746268656716,14369867,14468401
111317,132990,0.8535031847133758,13116307,14468418
128583,132993,0.8571428571428571,14143966,14468642
132728,132995,0.9059945504087193,14443175,14468670
133011,133018,0.9672131147540983,14469503,14469965
130091,133068,0.8734177215189873,14261361,14472685
115505,133074,0.8757763975155279,13378276,14472771
110202,133077,0.8553459119496856,13056670,14472818
133062,133079,0.9553571428571429,14472421,14472842
132728,133106,0.9236111111111112,14443175,14479265
133107,133120,0.9379310344827586,14479371,14480709
126306,133124,0.8910256410256411,14026605,14480813
116647,133146,0.8518518518518519,13447231,14482368
126347,133149,0.9044585987261147,14028551,14482748
132907,133159,0.888,14447110,14498839
133155,133159,0.856,14498594,14498839
132728,133194,0.9097127222982216,14443175,14500277
113624,133203,0.893719806763285,13261358,14500930
132728,133205,0.9329608938547486,14443175,14501005
132728,133219,0.8926174496644296,14443175,14501389
132102,133259,0.9607843137254902,14396993,14477463
115480,133265,0.8958333333333334,13377246,14477618
116360,133265,0.8571428571428571,13429693,14477618
121690,133268,0.8984375,13744622,14477839
82451,133275,0.861271676300578,11359444,14478129
82340,133278,0.8538011695906432,11352149,14478161
116619,133288,0.9069767441860465,13444745,14478490
116619,133318,0.896551724137931,13444745,14479026
133306,133319,0.9887218045112782,14478821,14479068
133313,133324,0.8732394366197183,14478922,14479182
133319,133326,0.8551236749116607,14479068,14479203
133331,133341,0.9179487179487179,14479396,14479557
132195,133364,0.9401408450704225,14405874,14473973
57979,133378,0.8848167539267016,9972664,14474778
78465,133378,0.8579881656804734,11134182,14474778
133372,133379,0.8863636363636364,14474308,14474903
133387,133396,0.8989690721649485,14475442,14476126
133394,133396,0.8562992125984252,14476015,14476126
133387,133398,0.8989690721649485,14475442,14476192
133444,133452,0.9432989690721649,14485344,14485587
132343,133465,0.8552036199095022,14416334,14486019
114472,133480,0.8666666666666667,13315645,14488636
132435,133485,0.9437086092715232,14421742,14488780
131751,133504,0.8513513513513513,14371539,14489416
133485,133508,0.865814696485623,14488780,14489488
133476,133525,0.8606904906117504,14486444,14493657
133529,133531,0.9631901840490797,14494114,14494146
133522,133536,0.8503401360544217,14493258,14494471
133540,133547,0.8624661246612466,14494789,14495386
132149,133570,0.8529411764705882,14402477,14505441
132435,133573,0.9150326797385621,14421742,14505611
128228,133626,0.8687782805429864,14147401,14507959
133440,133626,0.8642533936651584,14485284,14507959
133618,133628,0.8852459016393442,14507809,14508040
133627,133632,0.9487179487179487,14508025,14508234
133648,133649,0.9111111111111111,14509546,14509671
132195,133653,0.9786476868327402,14405874,14509840
126347,133696,0.9090909090909091,14028551,14490112
117468,133699,0.8974358974358975,13489750,14490287
133703,133706,0.9056122448979592,14490462,14490671
69441,133709,0.9,10601304,14492437
69441,133721,0.8526315789473684,10601304,14492863
111104,133755,0.8620689655172413,13118387,14513613
132305,133760,0.8546255506607929,14413714,14514058
133485,133776,0.853035143769968,14488780,14515131
111288,133785,0.8771929824561403,13110509,14515946
111104,133792,0.8620689655172413,13118387,14516357
132435,133793,0.8842443729903537,14421742,14516404
133465,133794,0.8526785714285714,14486019,14516476
132435,133803,0.8964401294498382,14421742,14517600
132437,133822,0.8766666666666667,14421907,14519023
133508,133822,0.8877887788778878,14489488,14519023
133485,133831,0.8598726114649682,14488780,14519693
131395,133835,0.8591549295774648,14347083,14519872
133787,133839,0.8541114058355438,14516095,14520230
133855,133857,0.8607594936708861,14521244,14521298
133855,133859,0.9293924466338259,14521244,14521386
133855,133863,0.8912,14521244,14521636
133890,133913,0.9,14523502,14525190
106099,133931,0.8928571428571429,12817506,14526230
133890,133936,0.8712871287128713,14523502,14526735
133855,133949,0.8881789137380192,14521244,14527738
133703,133954,0.8575,14490462,14528054
133951,133961,0.953168044077135,14527783,14528360
133992,133994,0.956989247311828,14534448,14534602
133992,134003,0.9638989169675091,14534448,14534965
133992,134005,0.9602888086642599,14534448,14535047
131139,134007,0.9236363636363636,14334846,14535101
133992,134010,0.8983050847457628,14534448,14535176
134031,134042,0.9245283018867925,14528829,14529176
103840,134050,0.960093896713615,12675034,14529444
101797,134067,0.8873239436619719,12545693,14530141
134082,134089,0.9038461538461539,14531838,14532164
134082,134090,0.8746987951807229,14531838,14532172
134104,134112,0.9375,14538561,14539675
134127,134146,0.9181034482758621,14540692,14541679
134117,134168,0.8901098901098901,14540069,14542788
134129,134174,0.911042944785276,14540941,14542922
134113,134221,0.8547619047619047,14539694,14545307
134199,134223,0.8771929824561403,14544410,14545353
134256,134257,0.9145299145299145,14547965,14547977
134344,134345,0.890625,14554273,14554364
134076,134358,0.9036144578313253,14531571,14555586
134076,134368,0.8690476190476191,14531571,14556012
134389,134398,0.9402985074626866,14558715,14559127
115495,134449,0.9466666666666667,13377976,14535971
113344,134450,0.8518518518518519,13249274,14536086
110161,134459,0.8509316770186336,13053568,14536409
111323,134466,0.948051948051948,13116720,14537031
132374,134475,0.8737541528239202,14418154,14537593
134483,134496,0.875,14539526,14557905
134488,134496,0.875,14539545,14557905
134493,134496,0.8641975308641975,14557873,14557905
134493,134499,0.8765432098765432,14557873,14557925
61448,134503,0.8639455782312925,10172628,14558216
131483,134503,0.9295774647887324,14351406,14558216
106099,134533,0.8928571428571429,12817506,14563366
120002,134534,0.8641975308641975,13650629,14563387
122717,134541,0.9802631578947368,13810375,14564174
134537,134542,0.9330357142857143,14563695,14564217
132435,134545,0.889967637540453,14421742,14564558
132435,134550,0.8626198083067093,14421742,14564796
132374,134551,0.8737541528239202,14418154,14564819
128583,134553,0.8939393939393939,14143966,14564868
132374,134557,0.8737541528239202,14418154,14565153
132435,134563,0.8598726114649682,14421742,14565440
132687,134563,0.9245901639344263,14440172,14565440
129872,134566,0.9305555555555556,14245719,14565581
134577,134582,0.9135135135135135,14567957,14568495
116993,134622,0.8620689655172413,13466213,14571288
116759,134623,0.8813559322033898,13453685,14571359
134628,134630,0.8562091503267973,14571651,14571668
134618,134650,0.8997668997668997,14571058,14572673
134648,134657,0.8851174934725848,14572541,14573133
116759,134658,0.8524590163934426,13453685,14573182
116993,134671,0.8620689655172413,13466213,14573514
120068,134672,0.86,13647086,14573620
134648,134689,0.91005291005291,14572541,14574683
134691,134692,0.9029850746268657,14574796,14574803
129866,134693,0.8823529411764706,14245429,14574908
84832,134700,0.88,11499411,14575176
134691,134717,0.9029850746268657,14574796,14575792
67442,134724,0.9532163742690059,10492500,14575903
134691,134726,0.9026217228464419,14574796,14575988
134704,134734,0.8740601503759399,14575256,14576360
134743,134745,0.8769230769230769,14576901,14576966
111104,134765,0.8620689655172413,13118387,14577901
118644,134778,0.8771929824561403,13559790,14578615
19636,134817,0.8984615384615384,8432078,14566186
19636,134819,0.9204368174726989,8432078,14566352
19636,134833,0.8996913580246914,8432078,14566633
19636,134845,0.8944954128440367,8432078,14567040
113388,134868,0.8544303797468354,13245924,14581454
115505,134869,0.9,13378276,14581507
123056,134889,0.8793103448275862,13820938,14587776
110202,134902,0.89171974522293,13056670,14589008
131122,134919,0.953125,14334163,14590158
134933,134943,0.9278350515463918,14591077,14591685
133504,134956,0.8530805687203792,14489416,14592717
134933,134956,0.8883248730964467,14591077,14592717
119595,134990,0.9375,13622964,14595113
78414,134996,0.9290220820189274,11130635,14595474
100881,135026,0.9041095890410958,12491590,14597676
127028,135043,0.9387755102040817,14069505,14598422
102227,135046,0.8853754940711462,12571445,14598488
120973,135100,0.8620689655172413,13705729,14601499
101797,135109,0.8617511520737328,12545693,14601896
101797,135116,0.9657701711491442,12545693,14602150
134884,135124,0.9034749034749034,14586303,14602504
135127,135128,0.8952380952380953,14602548,14602566
117918,135131,0.8705882352941177,13514451,14602816
125096,135131,0.86875,13948234,14602816
134682,135133,0.9104477611940298,14574106,14602869
115874,135200,0.9056603773584906,13401451,14603634
120835,135208,0.8757763975155279,13698939,14604459
132435,135225,0.959731543624161,14421742,14611513
135238,135243,0.9594202898550724,14612034,14612197
135077,135252,0.9473684210526315,14600185,14612527
135246,135252,0.8524590163934426,14612310,14612527
135246,135254,0.9642857142857143,14612310,14612799
135246,135257,0.9821428571428571,14612310,14612914
135232,135273,0.9279279279279279,14611740,14613732
135247,135294,0.9434782608695652,14612340,14615912
135246,135316,0.8833333333333333,14612310,14616943
135316,135317,0.8852459016393442,14616943,14617058
132435,135319,0.8544303797468354,14421742,14617122
135246,135331,0.85,14612310,14617537
122717,135332,0.9487179487179487,13810375,14617581
135344,135353,0.912621359223301,14618197,14618561
135344,135360,0.9519230769230769,14618197,14618863
135247,135361,0.9246861924686193,14612340,14618967
127477,135379,0.9102990033222591,14097271,14610554
135364,135392,0.86,14619303,14619164
135385,135392,0.8916256157635468,14610950,14619164
131514,135434,0.935672514619883,14357794,14621572
129906,135437,0.8540772532188842,14232995,14621633
135417,135441,0.9287410926365796,14620694,14621714
135404,135463,0.9290780141843972,14620237,14622319
135460,135475,0.9409722222222222,14622179,14622806
127477,135501,0.900990099009901,14097271,14623891
59991,135504,0.8736349453978159,10093419,14624093
57951,135511,0.9040511727078892,9981428,14624975
122748,135511,0.88,13811621,14624975
127477,135515,0.9096989966555183,14097271,14625093
129901,135521,0.8883928571428571,14232852,14625788
133378,135535,0.8743169398907104,14474778,14619545
135536,135540,0.9239543726235742,14619547,14619572
103112,135541,0.9592592592592593,12621059,14619585
135535,135543,0.8691099476439791,14619545,14619619
135535,135547,0.8691099476439791,14619545,14619726
84323,135548,0.8633093525179856,11471816,14619729
95957,135560,0.8921933085501859,12177334,14620383
112588,135564,0.89453125,13204745,14624513
135238,135602,0.94,14612034,14632507
135617,135632,0.8666666666666667,14634801,14640857
135617,135633,0.8958333333333334,14634801,14641028
135645,135670,0.8735632183908046,14641684,14642560
135645,135681,0.9176470588235294,14641684,14642969
135617,135684,0.8835616438356164,14634801,14643161
2286,135685,0.9185185185185185,7609703,14643223
135692,135721,0.867816091954023,14643562,14644591
135647,135724,0.8787878787878788,14641758,14644703
135692,135726,0.8628571428571429,14643562,14644873
135645,135780,0.8876404494382022,14641684,14646730
135645,135787,0.8876404494382022,14641684,14647054
55663,135805,0.851123595505618,9861103,14648709
55663,135812,0.8778409090909091,9861103,14649020
55663,135816,0.8803418803418803,9861103,14649259
135238,135818,0.94,14612034,14649540
19636,135854,0.9136577708006279,8432078,14652013
42742,135890,0.8507853403141361,9224144,14627901
101797,135912,0.9049881235154394,12545693,14636931
42742,135922,0.8647214854111406,9224144,14637357
100198,135931,0.8655913978494624,12439151,14637990
133364,135938,0.8719723183391004,14473973,14638434
135897,135961,0.863481228668942,14628767,14639617
112652,135971,0.8769230769230769,13205530,14639977
135635,135982,0.9363295880149812,14641113,14640243
136012,136021,0.9310344827586207,14655996,14656708
118904,136028,0.8895348837209303,13575338,14657079
132374,136032,0.8511326860841424,14418154,14657354
100881,136067,0.9103448275862069,12491590,14663280
136077,136103,0.9161290322580645,14663698,14665021
129901,136104,0.944954128440367,14232852,14665042
136093,136110,0.8670520231213873,14664647,14665332
136106,136131,0.918918918918919,14665205,14666270
136074,136133,0.9298245614035088,14663645,14666276
136093,136140,0.9226190476190477,14664647,14666595
132435,136164,0.8544303797468354,14421742,14668181
132374,136174,0.8737541528239202,14418154,14668704
136170,136189,0.9649122807017544,14668526,14669822
136220,136227,0.8805970149253731,14671823,14672281
136084,136236,0.8739837398373984,14663987,14674325
136084,136242,0.9121338912133892,14663987,14674965
136084,136251,0.8647540983606558,14663987,14675483
49572,136263,0.8558951965065502,9552122,14676058
49631,136263,0.8869565217391304,9553446,14676058
50165,136263,0.8695652173913043,9576067,14676058
50733,136263,0.8728070175438597,9600381,14676058
136084,136291,0.8704453441295547,14663987,14672989
136084,136308,0.8801652892561983,14663987,14673750
136084,136309,0.8847736625514403,14663987,14673754
60176,136315,0.8869485294117647,10101391,14673968
55663,136352,0.9075144508670521,9861103,14679471
132374,136392,0.8737541528239202,14418154,14681198
128223,136396,0.9176029962546817,14147246,14681325
6567,136397,0.8844621513944223,7844576,14681370
3903,136404,0.8517441860465116,7693407,14681872
119408,136410,0.8611111111111112,13606165,14682035
128223,136429,0.9056603773584906,14147246,14682738
136396,136443,0.8576923076923076,14681325,14683296
128223,136447,0.8897058823529411,14147246,14683564
86522,136452,0.875,11647682,14683632
132374,136462,0.8622950819672132,14418154,14684354
136396,136465,0.8703703703703703,14681325,14684560
128223,136466,0.8603773584905661,14147246,14684597
136448,136471,0.8823529411764706,14683586,14684772
128223,136489,0.8955223880597015,14147246,14685453
136464,136499,0.8796992481203008,14684436,14685823
62226,136507,0.9314159292035398,10217231,14686225
130656,136507,0.8512931034482759,14280269,14686225
136484,136510,0.9509803921568627,14685344,14686308
114520,136522,0.9350180505415162,13319841,14686825
127783,136522,0.8551724137931035,14116685,14686825
136536,136542,0.8880597014925373,14687524,14687822
111955,136620,0.8571428571428571,13158792,14693839
136622,136628,0.9230769230769231,14694054,14694549
136641,136651,0.9678456591639871,14695234,14695665
95957,136687,0.8592057761732852,12177334,14703138
136327,136689,0.9110169491525424,14676558,14703205
135645,136693,0.9761904761904762,14641684,14676637
136124,136731,0.9640522875816994,14665907,14702029
132435,136737,0.8626198083067093,14421742,14702478
135216,136742,0.879284649776453,14610992,14702508
136124,136747,0.9079365079365079,14665907,14702646
136749,136750,0.9,14702658,14702660
132435,136759,0.853035143769968,14421742,14702925
136749,136761,0.896797153024911,14702658,14702990
136750,136766,0.8741258741258742,14702660,14703040
136768,136771,0.9032258064516129,14703108,14703140
91204,136930,0.8683510638297872,11892955,14714816
114773,136946,0.8870967741935484,13335047,14715719
136110,136988,0.877906976744186,14665332,14718137
135647,136995,0.8588235294117647,14641758,14718374
136110,136995,0.877906976744186,14665332,14718374
136091,137004,0.8830409356725146,14664457,14718770
136110,137004,0.877906976744186,14665332,14718770
136110,137009,0.8764705882352941,14665332,14719026
135647,137012,0.8841463414634146,14641758,14719269
136110,137018,0.8628571428571429,14665332,14719525
129703,137042,0.855072463768116,14234209,14720499
136093,137063,0.8628571428571429,14664647,14721536
75159,137081,0.8561151079136691,10923156,14722408
133522,137098,0.9027777777777778,14493258,14723823
136720,137100,0.8837209302325582,14699910,14723962
55275,137145,0.8771929824561403,9841659,14704241
101797,137182,0.9326923076923077,12545693,14726073
101797,137184,0.9307875894988067,12545693,14726601
52863,137237,0.9390243902439024,9722399,14730947
91664,137237,0.8587570621468926,11927851,14730947
55186,137242,0.8519736842105263,9831974,14731101
137308,137325,0.8888888888888888,14736585,14737284
137353,137359,0.8796992481203008,14739249,14739700
102227,137377,0.8779527559055118,12571445,14741004
126297,137377,0.8735632183908046,14026071,14741004
137241,137379,0.9418604651162791,14731000,14741087
137241,137390,0.951307484220018,14731000,14741855
137241,137391,0.93125,14731000,14741870
137241,137405,0.9401785714285714,14731000,14742337
73034,137414,0.8719211822660099,10799089,14742760
106149,137414,0.8653846153846154,12820835,14742760
137241,137425,0.9540954095409541,14731000,14743052
137418,137430,0.8916666666666667,14742848,14743148
137316,137482,0.8634146341463415,14736959,14750052
137497,137516,0.868421052631579,14734602,14737085
137528,137529,0.9046511627906977,14750510,14750512
137541,137543,0.9285714285714286,14752145,14752169
137202,137570,0.8731707317073171,14727932,14753213
137590,137594,0.8506224066390041,14754214,14754510
137600,137602,0.9013157894736842,14754752,14754811
137600,137604,0.9210526315789473,14754752,14754908
114472,137635,0.85,13315645,14758857
111104,137636,0.8620689655172413,13118387,14758858
118644,137641,0.9090909090909091,13559790,14758962
118644,137642,0.8771929824561403,13559790,14758966
111104,137645,0.8620689655172413,13118387,14758973
118644,137647,0.8771929824561403,13559790,14759016
118644,137649,0.9090909090909091,13559790,14759030
118644,137651,0.8771929824561403,13559790,14759184
111304,137659,0.8928571428571429,13111258,14760866
62451,137686,0.8510301109350238,10233139,14784647
137696,137718,0.8639455782312925,14785208,14786145
137726,137750,0.889763779527559,14786468,14787946
55186,137754,0.8732876712328768,9831974,14788121
137759,137767,0.8944099378881988,14788419,14789187
129131,137826,0.9541666666666667,14195387,14766753
129131,137828,0.9180327868852459,14195387,14767046
129131,137830,0.9581589958158996,14195387,14767244
134884,137847,0.8812260536398467,14586303,14768200
137837,137852,0.8888888888888888,14767546,14768360
137860,137865,0.864406779661017,14768782,14768970
137870,137894,0.9243243243243243,14769309,14771112
138041,138042,0.8632478632478633,14781545,14781612
138036,138045,0.8947368421052632,14781061,14781877
133364,138053,0.872852233676976,14473973,14782462
136410,138055,0.9142857142857143,14682035,14782473
113529,138087,0.9236111111111112,13255596,14761312
113529,138092,0.9236111111111112,13255596,14763116
128197,138147,0.9206349206349206,14146195,14766894
129326,138158,0.8571428571428571,14187565,14768277
136436,138161,0.9318181818181818,14682976,14793952
136436,138163,0.9318181818181818,14682976,14794407
9568,138193,0.8729411764705882,7985306,14797642
136436,138239,0.851063829787234,14682976,14801297
136436,138250,0.9318181818181818,14682976,14802335
37169,138334,0.956989247311828,9003606,14809168
138336,138348,0.9288256227758007,14809300,14810098
138362,138373,0.8924731182795699,14810969,14811847
122086,138381,0.8727272727272727,13744717,14813107
138380,138382,0.9037433155080213,14812994,14813139
138380,138387,0.9088471849865952,14812994,14813789
138398,138402,0.9230769230769231,14814840,14815040
60176,138408,0.943449575871819,10101391,14815264
135377,138455,0.9159663865546218,14610503,14794210
138161,138457,0.8863636363636364,14793952,14794318
138449,138459,0.9521531100478469,14794152,14794384
138336,138462,0.8885017421602788,14809300,14794523
138161,138465,0.875,14793952,14794606
138467,138489,0.8932806324110671,14794709,14795741
138433,138490,0.952191235059761,14793639,14795785
136436,138495,0.9318181818181818,14682976,14796164
121141,138505,0.9797979797979798,13718914,14817695
5137,138542,1.0,7766268,14821753
113624,138561,0.8537735849056604,13261358,14824153
138559,138597,0.9721448467966574,14824054,14831637
9238,138598,0.8842530282637954,7968226,14831690
130240,138606,0.8695652173913043,14269399,14832753
138608,138610,0.8898550724637682,14832862,14833050
129968,138623,0.8571428571428571,14251253,14833434
137366,138643,0.8771929824561403,14740190,14835218
138637,138665,0.9504,14834192,14836089
138651,138665,0.8780864197530864,14835714,14836089
138634,138671,0.8601398601398601,14834041,14836276
138575,138750,0.8850574712643678,14827512,14838992
138728,138762,0.9046563192904656,14838487,14839577
138746,138769,0.9435897435897436,14838969,14839921
138773,138786,0.9715189873417721,14840160,14841096
138559,138790,0.9611111111111111,14824054,14841314
138559,138806,0.9721448467966574,14824054,14842512
120001,138813,0.8616071428571429,13650496,14843106
113529,138820,0.9236111111111112,13255596,14844349
101797,138830,0.9328537170263789,12545693,14845241
138662,138837,0.9093137254901961,14836018,14820862
30998,138842,0.8584615384615385,8791966,14820991
138841,138849,0.9154929577464789,14820928,14821226
138662,138854,0.9002433090024331,14836018,14821344
138884,138885,0.9353099730458221,14848440,14848446
133633,138895,0.8571428571428571,14508269,14849663
132584,138916,0.8923076923076924,14410757,14854908
138924,138927,0.8974358974358975,14855404,14855708
138924,138929,0.8734177215189873,14855404,14855964
138936,138937,0.8628571428571429,14856279,14856304
130308,139005,0.95,14261030,14859802
128250,139025,0.8571428571428571,14148865,14860584
103112,139044,0.9715698393077874,12621059,14861474
138884,139114,0.9093333333333333,14848440,14866212
139090,139115,0.8789625360230547,14864655,14866285
138884,139126,0.9095744680851063,14848440,14867246
72529,139193,0.8738738738738738,10773906,14854846
80893,139193,0.8623853211009175,11265187,14854846
129131,139204,0.8995983935742972,14195387,14868275
136093,139244,0.8571428571428571,14664647,14874786
129824,139255,0.8529411764705882,14243170,14875027
136093,139258,0.867816091954023,14664647,14875105
136091,139280,0.8514285714285714,14664457,14875923
115013,139293,0.896551724137931,13352033,14876306
137384,139297,0.935,14741471,14876450
136091,139312,0.9337349397590361,14664457,14877177
139300,139333,0.9245283018867925,14876460,14877957
139317,139355,0.8901098901098901,14877378,14879107
136091,139362,0.8823529411764706,14664457,14879326
136284,139379,0.927536231884058,14662510,14880287
138746,139414,0.9191919191919192,14838969,14882485
129131,139420,0.9142857142857143,14195387,14882842
139438,139444,0.9913793103448276,14884203,14884431
139218,139491,0.941320293398533,14873855,14889964
77529,139506,0.8691275167785235,11076285,14870688
98284,139506,0.9217081850533808,12326088,14870688
129477,139566,0.8708133971291866,14209498,14896224
55275,139583,0.8901960784313725,9841659,14896832
139563,139657,0.9313304721030042,14896068,14904657
139555,139661,0.8787878787878788,14895645,14904736
139659,139661,0.9152542372881356,14904728,14904736
139662,139667,0.9837837837837838,14898493,14899008
119231,139681,0.8983050847457628,13592171,14903994
138170,139681,0.8786127167630058,14796051,14903994
139678,139684,1.0,14903087,14904097
129131,139701,0.95,14195387,14908433
139694,139726,0.875,14908067,14909283
139727,139728,0.8707070707070707,14909290,14909333
139711,139732,0.8687782805429864,14908896,14909477
130023,139743,0.890625,14254400,14909986
139727,139748,0.8952772073921971,14909290,14910191
7825,139749,0.8685714285714285,7903319,14910332
139705,139751,0.9464285714285714,14908529,14910341
130023,139760,0.8976377952755905,14254400,14910741
122865,139775,0.8545454545454545,13798587,14911020
123750,139775,0.9074074074074074,13866290,14911020
139766,139781,0.9224806201550387,14910836,14911409
113486,139792,0.8604651162790697,13252837,14911734
113493,139803,0.8861386138613861,13253106,14912172
113624,139806,0.8888888888888888,13261358,14912328
113154,139817,0.875,13233131,14912524
139770,139819,0.8711484593837535,14910896,14912609
139782,139820,0.95,14911436,14912769
139848,139852,0.9254237288135593,14907810,14908162
100443,139894,0.8746031746031746,12437631,14919818
131122,139919,0.90625,14334163,14920687
139919,139941,0.873015873015873,14920687,14921675
139926,139959,0.8956521739130435,14921081,14922674
104843,139960,0.9292929292929293,12740053,14922687
139946,139963,0.8871794871794871,14921904,14922871
106651,139967,0.875,12848046,14923025
120599,139982,0.8743455497382199,13687285,14924067
139983,139994,0.9019607843137255,14924082,14924786
139970,139997,0.8738738738738738,14923241,14924847
139994,140000,0.9019607843137255,14924786,14924923
139980,140002,0.9107142857142857,14923935,14925318
139983,140004,0.9019607843137255,14924082,14925580
139970,140017,0.8738738738738738,14923241,14926266
140015,140018,0.9814814814814815,14926204,14926285
139980,140022,0.9107142857142857,14923935,14926552
139970,140030,0.8899082568807339,14923241,14926845
140015,140032,0.9454545454545454,14926204,14927137
115058,140038,0.9285714285714286,13344123,14927485
139970,140040,0.8738738738738738,14923241,14927688
139970,140041,0.8648648648648649,14923241,14927826
140011,140047,0.9413680781758957,14926029,14928277
136501,140070,0.8910081743869209,14685857,14930547
140059,140080,0.8639705882352942,14929637,14931163
137018,140094,0.8636363636363636,14719525,14932134
140116,140130,0.8846153846153846,14934097,14935253
140163,140168,0.8841463414634146,14914445,14914750
140204,140216,0.8992805755395683,14916824,14917061
140204,140225,0.9264705882352942,14916824,14917382
129527,140234,0.8625,14218400,14917701
139886,140254,0.9295774647887324,14919591,14919214
128190,140293,0.9076923076923077,14145958,14943143
13610,140310,0.8702290076335878,8159362,14943957
140088,140312,0.8727272727272727,14931731,14943994
128192,140313,0.9206349206349206,14146145,14944012
140354,140382,0.8734177215189873,14946332,14947681
140360,140382,0.879746835443038,14946611,14947681
140088,140496,0.8545454545454545,14931731,14953415
106654,140637,0.8639455782312925,12848152,14961219
140637,140645,0.9248826291079812,14961219,14961363
140701,140706,0.8666666666666667,14939826,14940090
140725,140732,0.85,14942954,14963027
9238,140735,0.8751660026560425,7968226,14964638
140749,140754,0.948936170212766,14966715,14966827
9568,140764,0.8875598086124402,7985306,14969019
140759,140770,0.8961038961038961,14967640,14969342
140833,140865,0.9940828402366864,14973217,14974907
49072,140919,0.9193121693121693,9527201,14977680
140749,141037,0.948936170212766,14966715,14984514
140749,141047,0.9656652360515021,14966715,14986870
140749,141049,0.9121338912133892,14966715,14986994
141060,141065,0.9598591549295775,14963169,14963701
141063,141077,0.8928571428571429,14963451,14964519
141092,141094,0.8647342995169082,14985126,14985134
21595,141095,0.9606299212598425,8509183,14985159
141092,141101,0.8653846153846154,14985126,14985221
141113,141120,0.8638743455497382,14985717,14986118
140670,141134,0.8571428571428571,14938489,14986788
141043,141134,0.890295358649789,14986632,14986788
9568,141142,0.8735083532219571,7985306,14987252
43843,141147,0.9390243902439024,9275465,14990516
97638,141162,0.8741258741258742,12283598,14991084
130240,141172,0.8823529411764706,14269399,14991240
132957,141172,0.855072463768116,14465533,14991240
141175,141179,0.9010695187165776,14991368,14991474
19636,141194,0.9229534510433387,8432078,14992115
133749,141210,0.8695652173913043,14511350,14992648
141224,141225,0.919431279620853,14993257,14993260
138170,141265,0.8941176470588236,14796051,14995455
98284,141312,0.8904109589041096,12326088,14999420
141306,141313,0.8522167487684729,14998930,14999451
98284,141325,0.8885017421602788,12326088,15000308
98284,141326,0.8561643835616438,12326088,15000434
141345,141358,0.9398230088495575,15001144,15001651
141359,141387,0.8888888888888888,15001654,15003062
113344,141401,0.8679245283018868,13249274,15003856
103417,141403,0.8911917098445595,12635825,15004005
141415,141419,0.8849557522123894,15004729,15004913
141415,141422,0.8652173913043478,15004729,15005270
141419,141428,0.8571428571428571,15004913,15005633
141428,141435,0.8956521739130435,15005633,15006284
141425,141444,0.8823529411764706,15005472,15006820
141466,141481,0.8918918918918919,15008212,15009039
141428,141482,0.8553191489361702,15005633,15009048
134168,141545,0.8901098901098901,14542788,14990569
139241,141595,0.8571428571428571,14874701,15034691
141577,141597,0.867109634551495,15033169,15034729
15700,141613,0.8954248366013072,8255696,15035491
141574,141622,0.8571428571428571,15032674,15035949
132982,141624,0.8823529411764706,14467598,15035986
141577,141629,0.9477351916376306,15033169,15036245
141577,141639,0.8561872909698997,15033169,15037061
128608,141647,0.8970588235294118,14145888,15037588
139164,141661,0.8571428571428571,14870337,15038246
141183,141680,0.9358974358974359,14991570,15039243
140785,141745,0.9619047619047619,14970324,15043956
141652,141776,0.895397489539749,15037764,15045199
141749,141808,0.8615384615384616,15044074,15046645
14613,141827,0.8755905511811024,8209714,15047864
14613,141830,0.8906752411575563,8209714,15048238
14613,141834,0.8987138263665595,8209714,15048595
14613,141840,0.8632075471698113,8209714,15048844
140785,141938,0.9758454106280193,14970324,15023545
139838,141999,0.9298245614035088,14907413,15027690
139838,142028,0.9464285714285714,14907413,15030123
63890,142031,0.8913043478260869,10309294,15030499
142044,142055,0.8775510204081632,15014632,15015994
142075,142105,0.9923664122137404,15016744,15017613
45156,142121,0.888283378746594,9338860,15018554
142159,142165,0.8746081504702194,15021045,15022385
142172,142179,0.8676470588235294,15053060,15053132
142178,142183,0.9548387096774194,15053127,15053173
142202,142203,0.8653846153846154,15051235,15051410
142203,142204,0.9595141700404858,15051410,15051427
142203,142210,0.9166666666666666,15051410,15051581
129192,142228,0.9753086419753086,14198358,15058002
123750,142273,0.8909090909090909,13866290,15065208
55186,142279,0.9166666666666666,9831974,15066318
142285,142290,0.9333333333333333,15066889,15067177
140785,142314,0.9433962264150944,14970324,15068068
142285,142322,0.9795918367346939,15066889,15068379
132940,142356,0.8591549295774648,14458167,15069838
142285,142362,0.9395973154362416,15066889,15070057
142336,142365,0.8896551724137931,15068799,15070076
63888,142435,0.9431818181818182,10309289,15073180
142441,142448,0.9388646288209607,15073537,15073986
142107,142477,0.9506172839506173,15017682,15075285
63888,142479,0.9120879120879121,10309289,15075415
142481,142483,0.861671469740634,15075456,15075535
136658,142529,0.9021739130434783,14695794,15059515
142532,142543,0.9010989010989011,15059764,15060254
142559,142565,0.8979591836734694,15064879,15065062
142643,142646,0.9161676646706587,15089434,15089706
29998,142658,0.8823529411764706,8761842,15090427
141183,142671,0.9299363057324841,14991570,15090904
140971,142682,0.8658536585365854,14979791,15091614
141183,142682,0.8757763975155279,14991570,15091614
128197,142685,0.8787878787878788,14146195,15091790
142655,142704,0.8779904306220095,15090282,15092486
141183,142716,0.9358974358974359,14991570,15092964
142741,142748,0.8649789029535865,15094611,15094898
142746,142792,0.8988941548183255,15094826,15096807
142763,142799,0.9583333333333334,15095578,15097214
101797,142928,0.8985849056603774,12545693,15102161
101797,142969,0.8741258741258742,12545693,15103635
142636,143032,0.9411764705882353,15088831,15088487
142636,143034,0.9224376731301939,15088831,15088671
142636,143037,0.952112676056338,15088831,15089029
134693,143058,0.8529411764705882,14574908,15108073
133835,143089,0.9253731343283582,14519872,15111552
55186,143094,0.9072164948453608,9831974,15112002
143120,143131,0.9130434782608695,15115366,15115773
140785,143146,0.9345794392523364,14970324,15116686
129812,143151,0.8823529411764706,14242463,15117189
143101,143172,0.8844765342960289,15114374,15117937
45752,143180,0.8928571428571429,9351418,15118083
45752,143226,0.8705882352941177,9351418,15119653
143225,143254,0.8669527896995708,15119649,15120657
142746,143266,0.9109697933227345,15094826,15121244
143317,143325,0.9230769230769231,15122918,15123438
113344,143395,0.8846153846153846,13249274,15126253
143411,143415,0.9180327868852459,15126819,15126895
143441,143444,0.9251152073732719,15128129,15128516
143433,143447,0.8888888888888888,15127643,15128741
143494,143513,0.927400468384075,15112613,15113583
143515,143516,0.941747572815534,15113601,15113605
143494,143520,0.8858447488584474,15112613,15113656
140785,143533,0.9523809523809523,14970324,15113971
112508,143537,0.8571428571428571,13200675,15114093
140785,143539,0.9569377990430622,14970324,15114127
143102,143550,0.9333333333333333,15114390,15114350
141890,143559,0.8765432098765432,15021441,15119183
93541,143575,0.8530805687203792,12056577,15133610
134644,143649,0.8571428571428571,14572377,15144094
128190,143659,0.90625,14145958,15144991
141169,143671,0.9206349206349206,14991217,15145717
143678,143685,0.9466019417475728,15146057,15146495
143712,143734,0.9625668449197861,15147612,15148728
128608,143741,0.8676470588235294,14145888,15149106
143621,143743,0.9241706161137441,15141947,15149244
143742,143752,0.9224137931034483,15149143,15149528
143749,143753,0.8983050847457628,15149465,15149569
143752,143758,0.8680851063829788,15149528,15149639
143747,143761,0.9319727891156463,15149321,15149740
143764,143768,0.95,15149920,15149975
9568,143806,0.949874686716792,7985306,15151373
143836,143838,0.9038642789820923,15153102,15153126
143578,143878,0.86,15133789,15156044
62451,143897,0.8688,10233139,15156525
43575,143924,0.8918918918918919,9262151,15137245
143962,143969,0.8795180722891566,15141579,15141854
141725,143995,0.9787234042553191,15042894,15159851
55186,144050,0.8610169491525423,9831974,15163652
144066,144071,0.8565121412803532,15164275,15164485
144066,144107,0.9415887850467289,15164275,15166615
141183,144123,0.9240506329113924,14991570,15167803
144138,144153,0.9139784946236559,15168624,15169278
129541,144204,0.8717948717948718,14218930,15172135
82451,144222,0.8595505617977528,11359444,15172911
71844,144243,0.8770053475935828,10730972,15174140
92993,144243,0.8515625,12007193,15174140
144304,144306,0.8595505617977528,15177136,15177225
144359,144362,0.8723404255319149,15178864,15179125
128178,144372,0.8918918918918919,14145048,15179837
143742,144394,0.8524590163934426,15149143,15159050
143742,144399,0.8559670781893004,15149143,15159261
143716,144401,0.8632478632478633,15147906,15159407
143773,144401,0.864406779661017,15150113,15159407
144439,144441,0.9176672384219554,15182807,15182958
141725,144458,0.9456066945606695,15042894,15185416
19636,144459,0.9168,8432078,15185727
144456,144461,0.9093851132686084,15185126,15185782
144455,144464,0.8775510204081632,15185016,15186028
19636,144475,0.9466019417475728,8432078,15186398
144473,144476,0.868421052631579,15186378,15186417
140999,144480,0.8930817610062893,14980621,15186676
19636,144497,0.9464285714285714,8432078,15187527
144468,144507,0.8838709677419355,15186140,15187742
140785,144513,0.9665071770334929,14970324,15188047
144451,144514,0.9166666666666666,15183683,15188102
139239,144520,0.9390862944162437,14874651,15188256
144504,144520,0.8921568627450981,15187624,15188256
139239,144535,0.9154228855721394,14874651,15189405
144540,144541,0.9162011173184358,15189584,15189694
144540,144543,0.8763736263736264,15189584,15189945
144451,144554,0.9166666666666666,15183683,15190907
127302,144560,0.8505747126436781,14087434,15181488
144566,144573,0.8680738786279684,15181637,15183060
144615,144640,0.9418604651162791,15194786,15195464
144642,144643,0.8947368421052632,15195501,15195527
144616,144650,0.9125874125874126,15194824,15195851
144642,144657,0.8947368421052632,15195501,15196219
116619,144689,0.9285714285714286,13444745,15197118
144666,144701,0.8641765704584041,15196479,15197798
55186,144712,0.9090909090909091,9831974,15193653
144713,144720,0.9928825622775801,15193770,15194347
144713,144722,0.8855218855218855,15193770,15194940
144746,144755,0.9130434782608695,15204640,15206014
90863,144803,0.85667215815486,11885418,15207671
139895,144826,0.8823529411764706,14919886,15208199
141183,144830,0.9419354838709677,14991570,15208357
141183,144837,0.9358974358974359,14991570,15208694
144791,144839,0.8865979381443299,15207351,15208737
144834,144843,0.8543046357615894,15208511,15208997
128190,144844,0.8805970149253731,14145958,15209075
144810,144846,0.9411764705882353,15207863,15209133
144823,144846,0.8620689655172413,15208154,15209133
144834,144846,0.8802816901408451,15208511,15209133
57951,144849,0.8858350951374208,9981428,15209230
144834,144854,0.9305555555555556,15208511,15209423
144848,144856,0.9662162162162162,15209220,15209498
57951,144866,0.8643006263048016,9981428,15209737
144895,144905,0.8978328173374613,15210852,15211167
144654,145010,0.918918918918919,15195982,15217026
145061,145062,0.8548009367681498,15219416,15219466
144768,145080,0.8583333333333333,15206600,15221197
145082,145086,0.8951612903225806,15221216,15221436
145064,145089,0.9576923076923077,15219604,15221494
144749,145090,0.8545454545454545,15205651,15221512
145081,145093,0.9240506329113924,15221207,15221688
144756,145094,0.9818840579710145,15206087,15221709
144770,145097,0.9710982658959537,15206620,15221848
145171,145179,0.864406779661017,15224202,15224426
145171,145196,0.8596491228070176,15224202,15225153
136436,145243,0.851063829787234,14682976,15227261
94752,145248,0.9310344827586207,12113893,15227499
145243,145253,0.9111111111111111,15227261,15227696
138161,145295,0.875,14793952,15229943
138914,145298,0.95,14852828,15230146
128581,145302,0.8939393939393939,14143900,15230301
140971,145312,0.8554216867469879,14979791,15230864
145303,145332,0.888235294117647,15230382,15231867
140971,145345,0.8658536585365854,14979791,15232211
145379,145401,0.8557692307692307,15234030,15234994
145434,145441,0.8529411764705882,15236665,15237347
145485,145487,0.8675496688741722,15239883,15240465
145243,145491,0.9886363636363636,15227261,15241310
145174,145514,0.8699763593380615,15224252,15249568
145516,145517,0.9656357388316151,15249641,15249647
145202,145530,0.8666666666666667,15225441,15223865
145528,145538,0.9307535641547862,15223653,15246645
145528,145559,0.9586776859504132,15223653,15248759
145129,145775,0.9974424552429667,15204962,15261248
138161,145801,0.875,14793952,15263023
55663,145829,0.8631284916201117,9861103,15264398
145879,145882,0.863013698630137,15266395,15266481
145879,145887,0.9154929577464789,15266395,15266637
145900,145918,0.8885448916408669,15267288,15267979
145933,145950,0.8545454545454545,15269564,15270846
145950,145979,0.8565022421524664,15270846,15275455
145991,146000,0.9037267080745341,15252713,15253126
145516,146021,0.9461279461279462,15249641,15253753
146006,146061,0.924812030075188,15253319,15272346
3193,146077,0.917098445595855,7653599,15277888
134644,146111,0.8985507246376812,14572377,15280110
128178,146149,0.8918918918918919,14145048,15284403
146171,146185,0.938337801608579,15285556,15286328
144922,146191,0.9073170731707317,15211976,15286459
3193,146289,0.8686868686868687,7653599,15292132
146266,146290,0.8677685950413223,15290756,15292158
74860,146292,0.9774305555555556,10915397,15292168
146258,146294,0.8686868686868687,15290445,15292200
125572,146326,0.9318801089918256,13981052,15293267
146358,146376,0.9298245614035088,15294614,15295778
146390,146393,0.9707792207792207,15296748,15297052
146448,146458,0.9411764705882353,15277410,15277793
139710,146519,0.8614457831325302,14908885,15303533
139731,146519,0.8916155419222904,14909428,15303533
146222,146526,0.9363057324840764,15288617,15304921
146575,146585,0.9012345679012346,15308208,15308673
119602,146592,0.8586278586278586,13623418,15309215
119602,146597,0.8586278586278586,13623418,15309862
146575,146603,0.8746177370030581,15308208,15310145
146601,146611,0.85,15310085,15310479
122748,146622,0.8757894736842106,13811621,15311008
146668,146685,0.9642857142857143,15312818,15313413
138395,146697,0.9707317073170731,14814683,15313955
146745,146775,0.8571428571428571,15315952,15317279
146745,146787,0.8560606060606061,15315952,15317911
146413,146801,0.8905109489051095,15276218,15318574
146459,146809,0.8571428571428571,15277814,15319009
146787,146817,0.8625954198473282,15317911,15319221
146892,146898,0.9481641468682506,15327031,15327248
82625,146909,0.9272030651340997,11371770,15327945
146882,146914,0.973826714801444,15325628,15328026
82625,146915,0.8796992481203008,11371770,15328085
82625,146920,0.9607843137254902,11371770,15328349
146882,146921,0.9133858267716536,15325628,15328369
84323,146922,0.8939393939393939,11471816,15328370
82625,146923,0.9195402298850575,11371770,15328396
84323,146924,0.8876404494382022,11471816,15328453
82647,146930,0.8712121212121212,11374100,15328619
146882,146946,0.9711451758340848,15325628,15329176
146883,146969,1.0,15325718,15330262
146971,146975,0.8934599156118144,15330322,15330524
146967,146976,0.9032258064516129,15330161,15330560
146883,146978,1.0,15325718,15330572
9568,147000,0.902676399026764,7985306,15332286
140781,147002,0.8539325842696629,14970088,15332664
137365,147016,0.9705882352941176,14740165,15333641
144616,147078,0.8719723183391004,15194824,15337038
144616,147079,0.8585858585858586,15194824,15337248
147080,147087,0.9206349206349206,15337258,15337437
147082,147087,0.9104477611940298,15337301,15337437
55663,147094,0.8728813559322034,9861103,15337620
142210,147110,0.8651685393258427,15051581,15338394
147099,147110,0.8727272727272727,15337785,15338394
146705,147133,0.8581560283687943,15314357,15339475
134770,147134,0.9436619718309859,14578095,15339526
147156,147161,0.9854545454545455,15335238,15335399
147163,147167,0.9264214046822743,15335458,15335626
147163,147168,0.8980263157894737,15335458,15336149
141183,147180,0.9358974358974359,14991570,15341477
140971,147185,0.8765432098765432,14979791,15341654
140971,147189,0.8606060606060606,14979791,15341932
147208,147232,0.8715083798882681,15342991,15344262
147218,147232,0.8524590163934426,15343442,15344262
132248,147275,0.9718875502008032,14401873,15346368
57981,147276,0.8691099476439791,9972703,15346433
147234,147287,0.929368029739777,15344319,15347102
147335,147336,0.9177489177489178,15350777,15350798
146705,147343,0.9124087591240876,15314357,15351145
147333,147344,0.8614457831325302,15350760,15351193
146705,147347,0.9124087591240876,15314357,15351265
147333,147364,0.8630952380952381,15350760,15352225
147343,147371,0.9264705882352942,15351145,15352578
147376,147384,0.9732142857142857,15352925,15353495
131730,147411,0.8571428571428571,14369867,15357082
140971,147420,0.8711656441717791,14979791,15357237
113344,147424,0.8518518518518519,13249274,15357338
133009,147427,0.8823529411764706,14469438,15357439
147414,147432,0.9090909090909091,15357139,15357577
145516,147493,0.9623287671232876,15249641,15365108
145516,147501,0.8575949367088608,15249641,15365899
117097,147536,0.8693181818181818,13469929,15372026
147579,147592,0.9747634069400631,15374188,15374717
147597,147607,0.9483282674772037,15374901,15375339
147591,147643,0.8813559322033898,15374681,15377463
147591,147666,0.8741496598639455,15374681,15378541
81634,147749,0.8640776699029126,11313975,15384787
147748,147752,0.8857142857142857,15384719,15385147
140971,147799,0.8711656441717791,14979791,15390622
57979,147817,0.8848167539267016,9972664,15387828
57979,147818,0.8848167539267016,9972664,15387840
57981,147819,0.9447513812154696,9972703,15388003
57981,147820,0.9060773480662984,9972703,15388144
147822,147823,0.902127659574468,15388310,15388346
130240,147903,0.8611111111111112,14269399,15400604
145871,147935,0.8794326241134752,15266092,15402205
140971,147972,0.8666666666666667,14979791,15403815
146705,148030,0.8581560283687943,15314357,15406450
148037,148066,0.865979381443299,15406522,15407971
145516,148106,0.9623287671232876,15249641,15409895
132957,148132,0.8529411764705882,14465533,15411188
148157,148175,0.9423076923076923,15411994,15412439
145800,148241,0.9766081871345029,15262924,15415899
45156,148246,0.8818681318681318,9338860,15418083
145841,148252,0.9657142857142857,15265124,15418470
147822,148260,0.944954128440367,15388310,15418823
148256,148261,0.8560606060606061,15418653,15418973
148272,148281,0.9142857142857143,15392777,15394213
148286,148288,0.9009661835748792,15396552,15396560
148289,148298,0.8659217877094972,15396565,15397045
101288,148323,0.9206349206349206,12512108,15397804
148336,148337,0.9560975609756097,15400426,15400514
148339,148347,0.9692307692307692,15419423,15419638
148339,148361,0.9264705882352942,15419423,15422165
148269,148378,0.9191176470588235,15392725,15426581
129131,148399,0.9541666666666667,14195387,15430177
138916,148401,0.9047619047619048,14854908,15430423
140307,148401,0.8709677419354839,14943865,15430423
134503,148418,0.8896551724137931,14558216,15431480
141183,148420,0.8658536585365854,14991570,15431547
133072,148425,0.8888888888888888,14472760,15431892
141185,148425,0.8923076923076924,14991617,15431892
148410,148430,0.9224489795918367,15431109,15432206
140971,148442,0.9308176100628931,14979791,15432790
143723,148447,0.9953051643192489,15148056,15433132
148387,148455,0.879154078549849,15429087,15433356
105428,148494,0.8909090909090909,12768921,15434651
148622,148626,0.9264069264069265,15439720,15439796
147784,148629,0.9043062200956937,15389863,15439919
52863,148632,0.9006211180124224,9722399,15440115
148622,148646,0.8860759493670886,15439720,15441105
74860,148651,0.8903225806451613,10915397,15441439
148622,148670,0.8860759493670886,15439720,15442583
148351,148703,0.8904899135446686,15419753,15444502
148269,148714,0.9120879120879121,15392725,15445830
148339,148721,0.9692307692307692,15419423,15445987
148728,148745,0.9196428571428571,15424640,15425841
148387,148773,0.9498432601880877,15429087,15429276
65791,148778,0.857487922705314,10408174,15429730
148775,148782,0.9245283018867925,15429285,15430643
148959,148976,0.9060402684563759,15455740,15456592
106844,149015,0.8665105386416861,12864181,15458932
106844,149022,0.8752941176470588,12864181,15459313
148742,149106,0.9825783972125436,15425660,15468068
149114,149125,0.9393939393939394,15469102,15469457
149128,149140,0.9006622516556292,15463429,15464314
149173,149178,0.8566308243727598,15475504,15475657
147011,149182,0.9879518072289156,15333350,15475895
145516,149210,0.9689655172413794,15249641,15476943
149221,149239,0.9238578680203046,15477454,15478857
149190,149267,0.8666666666666667,15476042,15480837
145516,149269,0.9035369774919614,15249641,15481072
149154,149276,0.8850574712643678,15470384,15481217
145516,149289,0.893687707641196,15249641,15481536
149295,149299,0.944954128440367,15481680,15481747
149322,149326,0.8631578947368421,15472836,15473233
149324,149326,0.900709219858156,15473136,15473233
81891,149327,0.8776824034334764,11321568,15473490
81891,149328,0.8656716417910447,11321568,15473648
149338,149344,0.9104477611940298,15474188,15474738
149322,149346,0.8661971830985915,15472836,15474884
149355,149370,0.9532163742690059,15482687,15508057
149289,149389,0.8576051779935275,15481536,15509098
136338,149444,0.9094076655052264,14679065,15489745
141654,149453,0.8939393939393939,15037832,15490302
137647,149480,0.85,14759016,15491901
149459,149499,0.897196261682243,15490646,15492972
149459,149506,0.8727272727272727,15490646,15493695
149459,149513,0.8888888888888888,15490646,15494103
149524,149594,0.9459459459459459,15494648,15499155
147784,149610,0.9043062200956937,15389863,15500355
149602,149615,0.9473684210526315,15499635,15500515
149613,149617,0.8977272727272727,15500453,15500594
149572,149629,0.8933333333333333,15498075,15501449
149688,149691,0.8865979381443299,15505841,15506143
149688,149705,0.8877551020408163,15505841,15506759
149688,149706,0.8523489932885906,15505841,15506778
149703,149710,0.9081632653061225,15506675,15506835
149712,149713,0.8516129032258064,15507015,15507062
149702,149723,0.9337748344370861,15506649,15507349
82625,149724,0.9486166007905138,11371770,15507440
149746,149753,0.8555555555555555,15484264,15484955
136338,149777,0.9059233449477352,14679065,15487801
136338,149780,0.9059233449477352,14679065,15487912
136338,149785,0.9024390243902439,14679065,15488111
136338,149797,0.9397163120567376,14679065,15488442
149369,149798,0.9280575539568345,15508035,15488468
149794,149805,0.8775510204081632,15488373,15488697
149802,149807,0.8587570621468926,15488527,15488818
149802,149809,0.896551724137931,15488527,15488887
149805,149818,0.8510028653295129,15488697,15489532
136338,149821,0.9059233449477352,14679065,15490021
9568,149900,0.8875598086124402,7985306,15520551
141172,149908,0.855072463768116,14991240,15521024
149920,149965,0.8707692307692307,15524145,15526673
135179,149974,0.928374655647383,14587023,15526975
149981,149993,0.9345794392523364,15527279,15527652
150046,150059,0.8714285714285714,15530011,15530591
149981,150076,0.8868778280542986,15527279,15531219
150238,150260,0.9400544959128065,15537029,15537840
148354,150300,0.9684813753581661,15419775,15538999
149965,150312,0.875,15526673,15539571
136338,150338,0.9194139194139194,14679065,15540204
136338,150341,0.9157509157509157,14679065,15540290
150089,150348,0.8703703703703703,15531465,15541127
149892,150381,0.9411764705882353,15519982,15517786
112932,150391,0.8734491315136477,13222154,15518106
149892,150412,0.9411764705882353,15519982,15522684
150049,150440,0.8542857142857143,15530161,15543259
24771,150454,0.8892261001517451,8596984,15546280
150455,150459,0.945823927765237,15546426,15546654
150460,150462,0.9578059071729957,15546655,15546668
150455,150469,0.9345372460496614,15546426,15546955
147943,150497,0.8552631578947368,15402691,15548005
95957,150504,0.9027237354085603,12177334,15548506
82625,150530,0.9076923076923077,11371770,15549731
82703,150547,0.917910447761194,11364839,15550221
150602,150615,0.9629629629629629,15552649,15553059
150445,150675,0.8860759493670886,15543490,15555641
150649,150681,0.9064748201438849,15554585,15556073
150418,150715,0.90625,15541997,15557706
150417,150728,0.9145299145299145,15541991,15558227
150767,150771,0.872,15559471,15559721
130308,150782,0.8571428571428571,14261030,15560276
150767,150794,0.9024390243902439,15559471,15560978
150767,150796,0.9262295081967213,15559471,15561059
129812,150835,0.8529411764705882,14242463,15564731
150445,150858,0.8958990536277602,15543490,15566585
150648,150859,0.970873786407767,15554509,15566645
150888,150892,0.8699186991869918,15546064,15546276
150920,150979,0.8850574712643678,15567714,15574090
136338,151021,0.8720538720538721,14679065,15575532
61541,151042,0.8947368421052632,10191924,15579896
151066,151096,0.8823529411764706,15581109,15582920
45156,151101,0.8994413407821229,9338860,15583248
146605,151103,0.9027027027027027,15310176,15583373
129131,151124,0.9142857142857143,14195387,15583884
129131,151125,0.9221311475409836,14195387,15583902
129131,151147,0.891566265060241,14195387,15584649
147784,151151,0.9509803921568627,15389863,15584955
146950,151250,0.9456066945606695,15329537,15588913
151233,151262,0.9236641221374046,15588195,15589500
151265,151287,0.9159663865546218,15589775,15591037
151233,151298,0.924812030075188,15588195,15592336
70534,151306,0.8500651890482399,10662081,15592737
78292,151306,0.8543563068920677,11111582,15592737
98288,151316,0.8848920863309353,12326250,15592931
151017,151347,0.9676375404530745,15575306,15593923
139190,151412,0.867704280155642,14854823,15569360
60176,151488,0.9242843951985226,10101391,15596889
85679,151494,0.8759124087591241,11555873,15598604
151467,151502,0.8672566371681416,15595246,15599305
60176,151503,0.9115456238361266,10101391,15599387
151467,151512,0.8909090909090909,15595246,15599862
151467,151513,0.9099099099099099,15595246,15599947
151467,151514,0.9719626168224299,15595246,15600018
146705,151591,0.9407407407407408,15314357,15604866
136338,151600,0.8767123287671232,14679065,15605793
151606,151620,0.9138166894664843,15605963,15606588
151548,151628,0.9477611940298507,15602080,15607060
151633,151637,0.8715083798882681,15608307,15608585
151633,151639,1.0,15608307,15608666
148551,151666,0.8571428571428571,15436404,15613397
151081,151676,0.9583333333333334,15582117,15614343
132940,151680,0.8695652173913043,14458167,15614950
151468,151725,0.8611111111111112,15595274,15617896
151688,151740,0.8662790697674418,15615719,15618580
151746,151757,0.9014778325123153,15607405,15608013
151765,151769,0.8505747126436781,15608182,15608817
151775,151786,0.8536585365853658,15609837,15611590
107433,151805,0.8876404494382022,12894212,15620685
63890,151833,0.875,10309294,15623215
123298,151847,0.946058091286307,13843198,15623619
133375,151853,0.8714733542319749,14474421,15623796
55663,151862,0.853185595567867,9861103,15623979
151805,151874,0.8876404494382022,15620685,15624211
55663,151893,0.8579387186629527,9861103,15624730
151942,151951,0.8541666666666666,15626548,15626822
151862,151960,0.8524590163934426,15623979,15626978
151980,151981,0.9722991689750693,15619397,15619402
152042,152071,0.96,15629158,15630422
150455,152072,0.9387755102040817,15546426,15630506
152100,152106,0.8982558139534884,15634549,15634709
152100,152107,0.9064327485380117,15634549,15634758
140042,152114,0.9888888888888889,14927866,15634921
152100,152146,0.8914956011730205,15634549,15637804
152151,152169,0.8551236749116607,15638290,15640051
152159,152173,0.8885793871866295,15639011,15640214
152175,152187,0.8648648648648649,15640509,15641738
55186,152201,0.9530685920577617,9831974,15643406
152176,152202,0.9037037037037037,15640651,15643467
152176,152208,0.9212598425196851,15640651,15643952
152195,152213,0.9152046783625731,15642555,15644947
152211,152217,0.8636363636363636,15644483,15645571
127861,152223,0.95,14124143,15646048
113344,152226,0.8846153846153846,13249274,15646589
152260,152261,0.9405940594059405,15650434,15650435
152262,152268,0.9711538461538461,15650527,15651173
152117,152270,0.9767441860465116,15632676,15651257
152133,152274,0.8900343642611683,15634285,15651392
78633,152286,0.8656716417910447,11140569,15636283
142556,152299,0.8923076923076924,15064742,15641801
152300,152310,0.8720379146919431,15652306,15653492
152359,152360,0.8970588235294118,15664016,15664029
152377,152393,0.8514851485148515,15664904,15666343
143649,152402,0.8656716417910447,15144094,15667029
116619,152442,0.9069767441860465,13444745,15669975
152431,152443,0.9202898550724637,15669223,15670075
152337,152454,0.8597785977859779,15659621,15670577
144689,152464,0.8522727272727273,15197118,15671187
55663,152485,0.8786127167630058,9861103,15672389
116619,152493,0.8735632183908046,13444745,15672894
141725,152503,0.9061224489795918,15042894,15673728
45156,152540,0.8885869565217391,9338860,15676303
45156,152541,0.9008264462809917,9338860,15676380
152559,152567,0.8566433566433567,15677378,15677881
152551,152577,0.8782051282051282,15676737,15678056
152195,152593,0.9064327485380117,15642555,15678624
149920,152624,0.8518518518518519,15524145,15680803
149965,152631,0.8532110091743119,15526673,15681102
152630,152632,0.953757225433526,15681009,15681247
63888,152666,0.8645833333333334,10309289,15661533
152361,152687,0.8979591836734694,15664046,15662709
152695,152705,0.9301587301587302,15663054,15663499
152724,152730,0.9386503067484663,15686550,15689361
152710,152747,0.9285714285714286,15685285,15690563
139742,152788,0.9215291750503019,14909945,15692920
152785,152813,0.9191176470588235,15692802,15693878
128608,152836,0.8714285714285714,14145888,15695294
136338,152891,0.9059233449477352,14679065,15698725
152903,152912,0.8585858585858586,15699335,15699787
138161,152917,0.875,14793952,15700041
152919,152936,0.9164179104477612,15700151,15701408
152943,152947,0.9743589743589743,15701619,15701814
153059,153062,0.9183673469387755,15683747,15683853
152320,153096,0.868421052631579,15656124,15686097
129174,153174,0.8571428571428571,14197344,15711893
153148,153181,0.9307958477508651,15711280,15711992
150372,153186,0.891566265060241,15517640,15712106
150372,153191,0.9380804953560371,15517640,15712155
130240,153199,0.9411764705882353,14269399,15712318
153183,153205,0.9518716577540107,15712006,15712427
153208,153215,0.8854961832061069,15712460,15712584
153320,153335,0.9039039039039038,15719598,15720366
153288,153338,0.8636363636363636,15718166,15720504
153331,153375,0.8571428571428571,15720151,15722337
153395,153421,0.914396887159533,15723118,15724039
153395,153441,0.9019607843137255,15723118,15724961
153395,153444,0.914396887159533,15723118,15725343
153401,153448,0.934640522875817,15723580,15725531
153076,153478,0.8974358974358975,15684371,15728293
153041,153479,0.8775510204081632,15683201,15728301
152660,153481,0.9323671497584541,15661276,15728326
153407,153496,0.9139072847682119,15723689,15734787
153118,153520,0.8781362007168458,15686239,15710476
153583,153596,0.953405017921147,15733528,15733716
153627,153629,0.9395604395604396,15736890,15736969
153627,153630,0.8924731182795699,15736890,15737002
123056,153669,0.8947368421052632,13820938,15740925
153665,153685,0.9068493150684932,15740760,15741771
153733,153751,0.9257142857142857,15744336,15745071
153682,153753,0.9077669902912622,15741584,15745102
153748,153759,0.8571428571428571,15744940,15745294
153733,153765,0.9340974212034384,15744336,15745555
153672,153767,0.8602620087336245,15741085,15745640
55186,153769,0.9368421052631579,9831974,15745692
136338,153774,0.9397163120567376,14679065,15745880
153785,153805,0.902834008097166,15746248,15746939
153785,153815,0.946058091286307,15746248,15747170
153792,153817,0.8909090909090909,15746469,15747205
153069,153819,0.9805825242718447,15684159,15747261
153805,153831,0.9414225941422594,15746939,15748113
148438,153890,0.8994708994708994,15432414,15750162
153748,153906,0.8781725888324873,15744940,15751057
153567,153921,0.8817204301075269,15733191,15752684
153583,153924,0.95,15733528,15752714
153118,153930,0.8687943262411347,15686239,15753075
153792,153934,0.875,15746469,15753317
153792,153935,0.8909090909090909,15746469,15753318
153589,153937,0.8529411764705882,15733647,15753467
151760,153958,0.8611111111111112,15608111,15756727
153665,153962,0.9046321525885559,15740760,15757568
153701,153983,0.89171974522293,15742620,15759100
153701,153991,0.8938428874734607,15742620,15759737
153701,153993,0.8921775898520085,15742620,15759867
127876,154006,0.8923076923076924,14124831,15760863
153701,154011,0.8940677966101694,15742620,15761447
153701,154020,0.9164882226980728,15742620,15761974
55013,154096,0.8597640891218873,9828752,15763512
82882,154099,0.8613333333333333,11380168,15763641
70534,154116,0.8736842105263158,10662081,15765729
149995,154116,0.8541666666666666,15527669,15765729
154126,154151,0.8823529411764706,15766222,15767388
150767,154162,0.9180327868852459,15559471,15767910
153982,154166,0.9836065573770492,15759045,15767976
154165,154171,0.9184782608695652,15767970,15768184
154170,154178,0.9395604395604396,15768135,15768604
154191,154205,0.8577981651376146,15769510,15770895
154229,154231,0.8631921824104235,15772075,15772126
154242,154244,0.8666666666666667,15772802,15773295
146894,154276,0.8584070796460177,15327107,15774542
150455,154304,0.8698481561822126,15546426,15776336
154273,154311,0.8861788617886179,15774433,15776496
154334,154336,0.8676748582230623,15777452,15777573
154257,154370,0.9666666666666667,15765278,15779564
154360,154371,0.8932384341637011,15778923,15779594
154375,154380,0.8545454545454545,15779674,15779750
154381,154384,0.9432624113475178,15779793,15779928
154350,154386,0.9304511278195489,15778223,15780018
154365,154392,0.9367816091954023,15779293,15781702
154334,154394,0.8882466281310212,15777452,15781792
154401,154402,0.8739130434782608,15773827,15773829
154396,154413,0.984251968503937,15773650,15774378
154469,154529,0.8914728682170543,15789508,15793071
154503,154544,0.853904282115869,15791875,15793992
55186,154557,0.9705882352941176,9831974,15794672
136436,154563,0.8817204301075269,14682976,15795136
154571,154572,0.9627329192546584,15795310,15795372
145243,154584,0.9111111111111111,15227261,15796043
57951,154591,0.88,9981428,15796719
145243,154597,0.8709677419354839,15227261,15797061
129527,154599,0.8518518518518519,14218400,15797166
136436,154600,0.851063829787234,14682976,15797237
150888,154609,0.8623481781376519,15546064,15797798
154602,154613,0.8724137931034482,15797279,15797934
136436,154620,0.8586956521739131,14682976,15798414
145243,154623,0.9545454545454546,15227261,15798527
153665,154673,0.9498607242339833,15740760,15801609
154805,154816,0.8925619834710744,15789897,15790602
154848,154856,0.9351851851851852,15810809,15811126
87769,154868,0.9080118694362018,11685651,15811545
130240,155046,0.8732394366197183,14269399,15822053
132893,155047,0.8571428571428571,14438350,15822092
155020,155066,0.8755980861244019,15820944,15822694
128608,155100,0.8840579710144928,14145888,15825939
154886,155166,0.953307392996109,15812610,15808451
155191,155198,0.9020979020979021,15815339,15815468
70852,155266,0.8517441860465116,10682789,15835546
139919,155282,0.859375,14920687,15836321
87777,155288,0.8632478632478633,11686414,15836482
155294,155296,0.9075757575757576,15836823,15836892
24001,155297,0.872093023255814,8575482,15836905
155276,155305,0.9156626506024096,15836005,15837275
155323,155326,0.9033816425120773,15839712,15839983
155264,155331,0.8571428571428571,15835162,15841558
117163,155333,0.8598726114649682,13473759,15841629
70534,155349,0.8638132295719845,10662081,15842702
70534,155360,0.8599221789883269,10662081,15843150
55013,155391,0.8909574468085106,9828752,15844711
155322,155410,0.8930232558139535,15839653,15845219
78253,155417,0.8584298584298584,11108939,15845388
155322,155421,0.8544600938967136,15839653,15845466
155486,155505,0.9053497942386831,15847100,15847981
60176,155506,0.9488151658767773,10101391,15848001
155486,155508,0.905982905982906,15847100,15848036
155486,155510,0.9098712446351931,15847100,15848068
60176,155533,0.9488151658767773,10101391,15848854
155486,155536,0.905982905982906,15847100,15848928
155631,155639,0.9625,15853082,15853810
155399,155675,0.872,15844890,15857293
155685,155688,0.9523809523809523,15840697,15840984
155696,155731,0.8962962962962963,15860621,15862107
145295,155771,0.8953488372093024,15229943,15867319
155303,155776,0.9230769230769231,15837233,15867962
155757,155778,0.946058091286307,15866014,15868155
155757,155788,0.9421487603305785,15866014,15868906
155757,155797,0.9504132231404959,15866014,15869721
155824,155835,0.9950980392156863,15871887,15873172
144808,155850,0.8571428571428571,15207792,15874191
155841,155854,0.9428571428571428,15873850,15874324
136436,155856,0.8913043478260869,14682976,15874506
136436,155858,0.8586956521739131,14682976,15874620
145295,155892,0.8953488372093024,15229943,15876152
155875,155896,0.8734177215189873,15875419,15876426
148437,155923,0.875,15432390,15878300
155930,155944,0.8910133843212237,15878594,15879320
149698,155976,0.852054794520548,15506398,15883024
155976,155992,0.9243697478991597,15883024,15884277
155999,156003,0.883495145631068,15886750,15887278
155999,156007,0.900990099009901,15886750,15887705
155735,156055,0.856353591160221,15863844,15864154
156174,156183,0.9391891891891891,15898056,15898858
156174,156188,0.9391891891891891,15898056,15899282
156160,156195,0.9487179487179487,15897161,15899926
156166,156267,0.95,15897754,15906017
152836,156390,0.8611111111111112,15695294,15914013
21612,156419,0.8681318681318682,8509918,15914689
26943,156419,0.8586956521739131,8666776,15914689
113154,156432,0.875,13233131,15914968
3903,156433,0.8825301204819277,7693407,15914986
154350,156483,0.8653136531365314,15778223,15892268
142210,156515,0.8538461538461538,15051581,15913889
156589,156590,0.9549180327868853,15920290,15920291
156584,156591,0.8584474885844748,15919335,15920299
156585,156591,0.8532110091743119,15919537,15920299
156584,156592,0.8744186046511628,15919335,15920353
142203,156600,0.8725868725868726,15051410,15921202
142210,156603,0.8730769230769231,15051581,15921402
156515,156608,0.9051383399209486,15913889,15921814
142204,156609,0.8841698841698842,15051427,15921850
150806,156649,0.9096045197740112,15563599,15927778
136641,156670,0.9376947040498442,14695234,15929224
55663,156676,0.8717948717948718,9861103,15929449
156686,156688,0.952922077922078,15929644,15929760
156715,156726,0.9066666666666666,15931482,15932063
156715,156727,0.9066666666666666,15931482,15932107
156760,156767,0.8565022421524664,15926721,15926951
156763,156767,0.919431279620853,15926798,15926951
149698,156770,0.8712328767123287,15506398,15927468
156760,156774,0.9485981308411215,15926721,15927906
155950,156793,0.8676470588235294,15879870,15940498
156892,156897,0.8725490196078431,15946652,15946829
19636,156913,0.9496753246753247,8432078,15948043
133268,156971,0.8787878787878788,14477839,15952399
156996,156999,0.9085365853658537,15957347,15957455
156996,157016,0.9085365853658537,15957347,15958787
157038,157042,1.0,15934670,15935130
150372,157050,0.9174311926605505,15517640,15959390
147686,157062,0.868421052631579,15379784,15959739
150372,157062,0.8508771929824561,15517640,15959739
157048,157078,0.8571428571428571,15959347,15960350
157105,157110,0.9111111111111111,15961162,15961375
150372,157123,0.8579881656804734,15517640,15962010
153186,157143,0.8832335329341318,15712106,15963296
157195,157197,0.9476190476190476,15966507,15966523
134128,157266,0.855072463768116,14540711,15980538
117444,157278,0.8932038834951457,13488219,15981016
157218,157283,0.890295358649789,15971615,15981333
157264,157290,0.9455782312925171,15980406,15981611
157264,157295,0.9324324324324325,15980406,15981703
142350,157302,0.875,15069573,15982189
142564,157314,0.8507462686567164,15065054,15982882
157218,157335,0.8666666666666667,15971615,15983675
157264,157348,0.9662162162162162,15980406,15984202
157330,157348,0.8670886075949367,15983485,15984202
153186,157386,0.887240356083086,15712106,15985814
157410,157447,0.9228070175438596,15987751,15990283
128978,157463,0.8955223880597015,14166483,15990863
157575,157579,0.9373219373219374,15996078,15996248
157596,157597,0.9056603773584906,15997071,15997178
157754,157784,0.9115384615384615,16003034,16004321
157779,157794,0.9122807017543859,16004059,16004868
157802,157810,0.9529411764705882,16005663,16007097
157819,157824,0.891647855530474,16008483,16009095
157577,157865,0.9659090909090909,15996239,15988641
157577,157879,0.9737827715355806,15996239,15988887
112918,157898,0.8620689655172413,13221293,15989980
157929,157936,0.8586956521739131,16014006,16016395
157958,157959,0.96,16017890,16017904
138656,157968,0.8656716417910447,14835837,16018328
128978,158012,0.8529411764705882,14166483,16021296
120594,158025,0.914396887159533,13686315,16022605
158015,158036,0.8662420382165605,16021568,16022916
152836,158050,0.863013698630137,15695294,16023764
158138,158181,0.9636363636363636,16027627,16029795
129812,158210,0.8656716417910447,14242463,16031293
158262,158268,0.9076923076923077,16032817,16033043
158257,158274,0.8992248062015504,16032773,16033257
84579,158282,0.9375,11481318,16033578
62451,158291,0.9071661237785016,10233139,16034662
62451,158294,0.9040650406504065,10233139,16034859
62451,158305,0.9040650406504065,10233139,16035501
62451,158308,0.8503937007874016,10233139,16035643
62451,158310,0.9042207792207793,10233139,16035753
62451,158318,0.8996763754045307,10233139,16036297
62451,158319,0.8978930307941653,10233139,16036447
145129,158338,0.9623115577889447,15204962,16038303
133835,158358,0.8823529411764706,14519872,16040635
157958,158364,0.96,16017890,16041064
157929,158392,0.855595667870036,16014006,16014535
158374,158408,0.9590163934426229,16013706,16016074
138257,158439,0.941747572815534,14802797,16051539
136338,158457,0.8542372881355932,14679065,16054452
127876,158500,0.8529411764705882,14124831,16056216
136338,158512,0.8698630136986302,14679065,16056784
136338,158524,0.9094076655052264,14679065,16057144
136338,158529,0.9361702127659575,14679065,16057336
126073,158573,0.8987341772151899,14013966,16059770
158632,158635,0.8935185185185185,16063225,16063539
158424,158639,0.8836206896551724,16040258,16063781
158393,158648,0.8648648648648649,16014537,16064344
3903,158669,0.8753799392097265,7693407,16085174
141215,158669,0.853035143769968,14992878,16085174
3903,158684,0.8753799392097265,7693407,16119666
3903,158686,0.8648648648648649,7693407,16120219
158694,158706,0.8909090909090909,16124619,16076401
157389,158724,0.9767441860465116,15970247,16111998
158780,158781,0.907563025210084,16115118,16115159
158779,158785,0.8917910447761194,16115113,16115316
158806,158808,0.9497716894977168,16116898,16117005
3903,158820,0.8575757575757575,7693407,16118229
3903,158828,0.9009287925696594,7693407,16118621
62299,158842,0.8582375478927203,10225626,16066930
136338,158911,0.9059233449477352,14679065,16076847
136338,158915,0.9397163120567376,14679065,16077767
128197,158936,0.8615384615384616,14146195,16078571
158904,158949,0.9130434782608695,16075619,16079117
156222,159000,0.9067796610169492,15901205,16082667
158988,159028,0.9144981412639405,16082088,16084361
159032,159035,0.9342105263157895,16084564,16084953
158999,159039,0.8571428571428571,16082659,16085434
111160,159053,0.881578947368421,13124449,16086618
138538,159072,0.8507462686567164,14821665,16102693
139895,159072,0.8507462686567164,14919886,16102693
158840,159094,0.9441340782122905,16066738,16105315
159096,159118,0.8630952380952381,16105551,16107491
159127,159129,0.9444444444444444,16109138,16109526
159126,159136,0.9387755102040817,16109132,16110115
159127,159143,0.8862275449101796,16109138,16110796
156222,159161,0.8666666666666667,15901205,16067391
157932,159165,0.8947368421052632,16014227,16067872
159171,159196,0.9615384615384616,16069111,16073802
19636,159266,0.8558139534883721,8432078,16092488
159280,159284,0.9285714285714286,16097582,16097617
159292,159297,0.9701492537313433,16098100,16098298
139895,159334,0.8571428571428571,14919886,16103592
159280,159345,0.946058091286307,16097582,16111286
157504,159370,0.86,15993450,16121314
159395,159401,0.9067796610169492,16123892,16124889
127302,159432,0.9634146341463414,14087434,16126682
159261,159432,0.8823529411764706,16077912,16126682
159422,159441,0.8671875,16126246,16127502
159501,159506,0.8649289099526066,16131111,16131294
159484,159533,0.8883720930232558,16130359,16132221
129131,159551,0.9146341463414634,14195387,16132934
129131,159571,0.8955823293172691,14195387,16133572
159526,159586,0.9038461538461539,16131912,16134223
159280,159617,0.9503105590062112,16097582,16136530
159280,159621,0.9646569646569647,16097582,16136566
159280,159622,0.9425051334702259,16097582,16136571
159618,159623,0.9534482758620689,16136532,16136585
159346,159643,0.9232142857142858,16111294,16137667
159651,159652,0.8513238289205702,16095343,16095494
157577,159746,0.9514925373134329,15996239,16138790
55186,159760,0.974169741697417,9831974,16140723
152836,159782,0.8732394366197183,15695294,16141672
153810,159850,0.9547511312217195,15747058,16149467
159856,159871,0.8943298969072165,16149700,16150441
159892,159958,0.97,16151652,16153933
62451,159959,0.9133986928104575,10233139,16154070
159401,159963,0.9152542372881356,16124889,16154568
157577,159986,0.9885931558935361,15996239,16155569
156392,159990,0.8985507246376812,15914088,16155669
157577,159998,0.8697183098591549,15996239,16156123
55186,160073,0.9166666666666666,9831974,16159988
159581,160077,0.8981481481481481,16134094,16160231
160040,160091,0.8513513513513513,16158136,16160663
151302,160094,0.8529411764705882,15592680,16160872
160141,160148,0.925531914893617,16163514,16163971
157577,160284,0.9923664122137404,15996239,16172210
143069,160290,0.9629629629629629,15109771,16172441
29998,160334,0.9393939393939394,8761842,16175777
160316,160351,0.9036144578313253,16174712,16176638
128190,160408,0.8615384615384616,14145958,16179110
69203,160419,0.8593155893536122,10588722,16179592
86535,160419,0.8587786259541985,11648732,16179592
160360,160426,0.8863109048723898,16177129,16179852
160447,160453,0.9264705882352942,16181001,16181442
129703,160467,0.9,14234209,16182013
30807,160562,0.8873826903023984,8787523,16166895
30807,160570,0.8855359001040582,8787523,16167234
155925,160596,0.8762886597938144,15878355,16191598
160601,160602,0.9230769230769231,16191781,16191793
31108,160609,0.8555327868852459,8795578,16192021
160389,160683,0.9772727272727273,16178327,16199579
160641,160694,0.8904109589041096,16197484,16199877
128608,160752,0.8529411764705882,14145888,16202916
160734,160754,0.8864864864864865,16201981,16203087
160821,160845,0.8518518518518519,16206610,16207707
9568,160846,0.9088669950738916,7985306,16207779
160868,160872,0.9649122807017544,16209052,16209247
160875,160878,0.9148936170212766,16209333,16209427
160868,160881,0.9629248197734295,16209052,16209606
160868,160887,0.9629248197734295,16209052,16210034
160868,160888,0.9518935516888434,16209052,16210224
160868,160890,0.9345887016848364,16209052,16210632
160868,160901,0.9649122807017544,16209052,16211275
160868,160903,0.9167492566897919,16209052,16211330
128879,160930,0.85,14180789,16213160
160957,160958,0.9727164887307236,16192074,16192075
160957,160964,0.943728018757327,16192074,16192272
160957,160965,0.9634433962264151,16192074,16192274
160957,160975,0.9833134684147795,16192074,16192473
160957,160980,0.9331026528258363,16192074,16192679
160957,160986,0.9431554524361949,16192074,16192715
160957,160988,0.9038901601830663,16192074,16192824
160957,160991,0.930715935334873,16192074,16192863
160957,160994,0.929316338354577,16192074,16193039
161025,161027,0.9173553719008265,16216602,16216840
161027,161029,0.9224137931034483,16216840,16216894
127302,161128,0.9518072289156626,14087434,16224450
129131,161140,0.9623430962343096,14195387,16215867
161142,161143,0.9523809523809523,16216201,16216202
161175,161176,0.8617021276595744,16226078,16226085
161190,161198,0.9601990049751243,16227595,16227869
161190,161207,0.9818181818181818,16227595,16228191
129131,161262,0.9180327868852459,14195387,16231990
129131,161263,0.9583333333333334,14195387,16231992
159432,161275,0.8602150537634409,16126682,16226502
55186,161286,0.9635036496350365,9831974,16232202
55186,161288,0.9635036496350365,9831974,16232304
57981,161309,0.8666666666666667,9972703,16236219
157577,161324,0.9701492537313433,15996239,16236433
127302,161327,0.9080459770114943,14087434,16236482
156771,161338,0.9322033898305084,15927504,16237064
161373,161380,0.9666666666666667,16239565,16239845
155925,161388,0.8958333333333334,15878355,16240079
161373,161391,0.9405940594059405,16239565,16240095
132893,161402,0.8656716417910447,14438350,16240851
161363,161408,0.9029850746268657,16238913,16241040
161388,161424,0.946524064171123,16240079,16241774
161373,161427,0.959866220735786,16239565,16241958
161441,161465,0.958904109589041,16242651,16244156
161455,161467,0.9166666666666666,16243500,16244201
161500,161514,0.9154929577464789,16246033,16247220
161509,161533,0.9417989417989417,16246810,16247969
115497,161554,0.8840579710144928,13378030,16251259
161552,161564,0.8840579710144928,16251162,16251787
161323,161571,0.959375,16236421,16252285
161600,161601,0.8962962962962963,16234723,16234726
161608,161633,0.8598484848484849,16234884,16235792
161608,161637,0.8721804511278195,16234884,16235960
19636,161655,0.9270998415213946,8432078,16236248
161621,161682,0.9683544303797469,16235485,16260392
161621,161691,0.9049079754601227,16235485,16261152
161621,161693,0.940625,16235485,16261298
161696,161697,0.9119496855345912,16261735,16261968
161734,161737,0.8819875776397516,16265325,16265393
56147,161742,0.9318181818181818,9884383,16265604
153756,161769,0.8571428571428571,15745210,16267766
138656,161776,0.8529411764705882,14835837,16268193
155950,161778,0.855072463768116,15879870,16268285
161773,161784,0.8983050847457628,16268030,16268667
161770,161785,0.85,16267828,16268851
161779,161796,0.8947368421052632,16268316,16269420
161808,161831,0.9209039548022598,16270014,16271345
161837,161846,0.9487179487179487,16271705,16272384
161672,161868,0.9558359621451105,16257597,16273576
161672,161877,0.9620253164556962,16257597,16274142
161672,161888,0.8511904761904762,16257597,16274926
161672,161898,0.8635014836795252,16257597,16276143
161672,161910,0.8757575757575757,16257597,16276957
75401,161919,0.907563025210084,10943110,16278319
75401,161944,0.9391304347826087,10943110,16280923
157084,161948,0.8857142857142857,15960602,16281309
75401,161949,0.9191489361702128,10943110,16281343
141140,161996,0.968,14987094,16259876
161750,162025,0.9030612244897959,16266141,16280069
143711,162051,0.8615384615384616,15147599,16285275
162037,162081,0.8666666666666667,16284378,16288558
162037,162104,0.8820754716981132,16284378,16289595
162037,162106,0.8857142857142857,16284378,16289631
157417,162170,0.9541666666666667,15988320,16292457
149527,162192,0.8767123287671232,15494806,16292968
70534,162196,0.8847682119205298,10662081,16293081
162037,162199,0.8666666666666667,16284378,16293167
159653,162227,0.8919925512104283,16095498,16294216
160791,162242,0.855072463768116,16205035,16294806
162253,162264,0.9093851132686084,16295216,16295609
162332,162354,0.9130434782608695,16300969,16302519
137384,162356,0.949238578680203,14741471,16302604
59991,162366,0.8699059561128527,10093419,16303788
71847,162378,0.9,10731257,16305202
157577,162389,0.9811320754716981,15996239,16306084
157577,162400,0.8636363636363636,15996239,16307021
162387,162403,0.8924418604651163,16305899,16307161
162395,162404,0.9309309309309309,16306431,16307162
157577,162425,0.9885931558935361,15996239,16309715
162037,162436,0.8862559241706162,16284378,16310359
162037,162440,0.8904761904761904,16284378,16310483
143649,162444,0.8529411764705882,15144094,16310560
156809,162506,0.8798701298701299,15941816,16312572
162511,162514,0.8520055325034578,16312827,16313410
55186,162518,0.9501779359430605,9831974,16313545
55202,162526,0.8971631205673759,9832440,16314005
148401,162533,0.8571428571428571,15430423,16314552
162520,162540,0.9365079365079365,16313884,16314669
129812,162556,0.8656716417910447,14242463,16315497
55186,162576,0.9633699633699634,9831974,16317216
162564,162584,0.8918918918918919,16315676,16319229
135598,162608,0.8571428571428571,14632385,16321208
162630,162641,0.8888888888888888,16322796,16323271
129812,162672,0.96875,14242463,16325137
162686,162692,0.8829787234042553,16326273,16326662
162704,162726,0.8852459016393442,16327137,16329097
128293,162731,0.9636363636363636,14151572,16329818
162483,162748,0.9795918367346939,16303905,16331431
162483,162761,0.851145038167939,16303905,16333030
162792,162798,0.8505747126436781,16313203,16313773
55186,162820,0.9263157894736842,9831974,16335004
162655,162823,0.8648648648648649,16324175,16336087
151760,162834,0.8611111111111112,15608111,16338790
162851,162856,0.9278846153846154,16344986,16345483
162868,162894,0.9763313609467456,16345996,16347155
162862,162899,0.925,16345746,16347415
162533,162901,0.9333333333333333,16314552,16347461
127861,162914,0.9666666666666667,14124143,16347954
159131,162916,0.9,16109597,16348127
161804,162949,0.8615384615384616,16269855,16350173
162947,162960,0.9322033898305084,16350093,16350572
162831,162964,0.8759124087591241,16337894,16350693
162831,162971,0.9961240310077519,16337894,16350941
147536,162973,0.8793103448275862,15372026,16351361
162952,162994,0.9825174825174825,16350302,16352724
162952,162998,0.8557377049180328,16350302,16353186
46526,163046,0.9563318777292577,9393047,16355736
3903,163050,0.8861538461538462,7693407,16356193
162482,163060,0.8529411764705882,16303884,16356771
163080,163082,0.9369747899159664,16357919,16358011
163080,163083,0.9330543933054394,16357919,16358076
162798,163087,0.891213389121339,16313773,16358462
163080,163093,0.948936170212766,16357919,16358824
163080,163105,0.948936170212766,16357919,16359434
163145,163150,0.9450980392156862,16372643,16372792
163145,163156,0.9186046511627907,16372643,16373012
163145,163160,0.9488188976377953,16372643,16373121
163209,163221,0.8873239436619719,16375531,16376367
163246,163248,0.9830508474576272,16371264,16371270
163246,163252,0.9666666666666667,16371264,16371362
163245,163254,0.852112676056338,16371235,16371459
57981,163255,0.8863636363636364,9972703,16371517
60102,163255,0.8734939759036144,10098395,16371517
161750,163261,0.8697916666666666,16266141,16372034
161750,163269,0.8697916666666666,16266141,16372337
149322,163293,0.8687943262411347,15472836,16384088
163302,163303,0.8556149732620321,16384911,16384924
163286,163307,0.8786127167630058,16383533,16385044
63807,163338,0.851063829787234,10305439,16386827
163319,163338,0.9553571428571429,16385756,16386827
163319,163341,0.956140350877193,16385756,16387036
149322,163351,0.9233576642335767,15472836,16387545
163299,163352,0.9315068493150684,16384666,16387558
128190,163373,0.9206349206349206,14145958,16388803
163319,163387,0.8879310344827587,16385756,16390060
162949,163410,0.9206349206349206,16350173,16391427
163382,163412,0.9146341463414634,16389580,16391647
163428,163431,0.9544072948328267,16393103,16393227
163418,163445,0.9390243902439024,16392253,16394328
163428,163452,0.881159420289855,16393103,16394656
163460,163469,0.8555555555555555,16395179,16395672
163340,163513,0.8603351955307262,16386959,16402825
128599,163536,0.9365079365079365,14145200,16404779
145243,163542,0.8850574712643678,15227261,16405044
163551,163571,0.8527918781725888,16416220,16417653
163561,163581,0.8756476683937824,16417203,16418416
163571,163581,0.8865979381443299,16417653,16418416
139895,163583,0.8529411764705882,14919886,16418484
158522,163583,0.8529411764705882,16057036,16418484
163571,163591,0.8781725888324873,16417653,16419029
163586,163606,0.9301075268817204,16418781,16419685
163561,163614,0.898936170212766,16417203,16420062
163586,163614,0.8789473684210526,16418781,16420062
157577,163625,0.9885931558935361,15996239,16420828
153630,163632,0.8763440860215054,15737002,16421077
163639,163642,0.8972809667673716,16421540,16421752
163256,163644,0.9230769230769231,16371657,16421851
163659,163663,0.8645833333333334,16423740,16423931
163256,163675,0.9373219373219374,16371657,16425362
163668,163682,0.8611111111111112,16424768,16425721
136338,163696,0.8732876712328768,14679065,16427508
159395,163731,0.9145299145299145,16123892,16431407
159395,163732,0.9230769230769231,16123892,16431408
163726,163744,0.8723404255319149,16431038,16432039
163726,163764,0.8913043478260869,16431038,16432492
163728,163778,0.8780487804878049,16431106,16433030
163758,163779,0.9833333333333333,16432347,16433071
128190,163781,0.9206349206349206,14145958,16433104
157577,163796,0.9885931558935361,15996239,16438745
145267,163805,0.9491525423728814,15228322,16439822
163817,163834,0.9497907949790795,16441656,16442972
132231,163846,0.8656716417910447,14400877,16443736
161434,163846,0.8507462686567164,16242222,16443736
132609,163862,0.859375,14412567,16444622
128250,163866,0.8529411764705882,14148865,16444881
98673,163868,0.9621848739495799,12351279,16444960
163880,163885,0.9225589225589226,16446295,16446647
163880,163894,0.9587628865979382,16446295,16447156
162922,163898,0.8784530386740331,16348423,16447789
163787,163926,0.861271676300578,16437767,16449804
163880,163959,0.8599348534201955,16446295,16452624
138161,163960,0.8602150537634409,14793952,16452876
148501,163960,0.8969072164948454,15434822,16452876
164031,164032,0.8674698795180723,16461188,16461203
164031,164033,0.8571428571428571,16461188,16461233
164037,164039,0.875,16461676,16461681
164043,164049,0.9115646258503401,16462040,16462218
145516,164093,0.8580246913580247,15249641,16466792
164066,164100,0.8566433566433567,16465256,16467387
164076,164109,0.8540145985401459,16466159,16467964
164076,164113,0.9097744360902256,16466159,16468277
145516,164122,0.9266666666666666,15249641,16469039
164118,164131,0.962457337883959,16468877,16470142
155850,164162,0.8611111111111112,15874191,16472569
136338,164197,0.8594771241830066,14679065,16474373
162525,164264,0.9776119402985075,16313990,16480958
21612,164271,0.8921568627450981,8509918,16482575
21612,164275,0.8921568627450981,8509918,16483444
164031,164278,0.8571428571428571,16461188,16483829
164198,164282,0.9,16474386,16484983
164235,164293,0.9900497512437811,16476915,16486264
75430,164294,0.9308176100628931,10945356,16486364
157577,164323,0.8697183098591549,15996239,16463905
164324,164328,0.9576107899807321,16463931,16464071
164324,164331,0.9204545454545454,16463931,16464134
163757,164344,0.9047619047619048,16432342,16487932
164360,164375,0.8802816901408451,16490491,16509733
164514,164515,0.8561151079136691,16531208,16531222
164538,164544,0.9636363636363636,16526085,16526741
164573,164585,0.9455782312925171,16536664,16538366
157577,164596,0.875886524822695,15996239,16539606
137647,164630,0.85,14759016,16542924
164743,164745,0.9454545454545454,16553827,16554252
164743,164748,0.9285714285714286,16553827,16554480
144560,164762,0.9523809523809523,15181488,16557217
164532,164768,0.9153439153439153,16525568,19206611
57981,164769,0.9162011173184358,9972703,16532236
164770,164776,0.8627450980392157,16532298,16532526
160172,164779,0.9067055393586005,16139420,16532852
164567,164781,0.9557522123893806,16535306,16533056
164567,164784,0.9557522123893806,16535306,16533100
159292,164791,0.8539325842696629,16098100,16533561
164772,164791,0.8689458689458689,16532425,16533561
96182,164799,0.8947368421052632,12189283,16534343
164774,164800,0.8724637681159421,16532473,16534560
164810,164811,0.8908045977011494,16557254,16557255
164810,164812,0.8908045977011494,16557254,16557260
164826,164831,0.9,16560799,16561107
164821,164843,0.8828125,16560440,16562370
157577,164847,0.9122807017543859,15996239,16562524
164868,164901,0.875,16563725,16566255
152229,164909,0.9491525423728814,15647036,16566778
145253,164913,0.8602150537634409,15227696,16567015
127861,164915,0.8571428571428571,14124143,16567118
164957,164970,0.928030303030303,16569763,16570509
132442,164987,0.875,14422106,16571787
165032,165053,0.9147286821705426,16573436,16574287
164584,165098,0.9015151515151515,16538236,16576621
165086,165106,0.9870967741935484,16575948,16577072
164584,165110,0.9,16538236,16577604
158573,165119,0.8512396694214877,16059770,16578174
164770,165124,0.9,16532298,16579034
157577,165158,0.9885931558935361,15996239,16586230
157577,165159,0.9558823529411765,15996239,16586232
165178,165191,0.9590163934426229,16582996,16583440
165181,165200,0.8516746411483254,16583015,16583587
165199,165200,0.9644670050761421,16583564,16583587
165178,165210,0.975,16582996,16584011
165178,165213,0.970954356846473,16582996,16584046
157577,165217,0.9259259259259259,15996239,16584077
165205,165226,0.9577464788732394,16583750,16584386
165184,165232,0.9163346613545816,16583125,16584791
165142,165234,0.8551724137931035,16585048,16585471
127413,165282,0.8653846153846154,14093668,16593726
129763,165297,0.8571428571428571,14239780,16594856
139223,165299,0.95,14873942,16594969
142582,165299,0.875,15078739,16594969
164826,165318,0.864406779661017,16560799,16596421
138161,165326,0.8602150537634409,14793952,16596960
165316,165330,0.8658536585365854,16596370,16597571
165327,165359,0.891640866873065,16597088,16599716
165316,165382,0.9006211180124224,16596370,16601594
165334,165382,0.8695652173913043,16597637,16601594
133375,165390,0.8641975308641975,14474421,16602034
133375,165409,0.865533230293663,14474421,16603159
133375,165429,0.8615384615384616,14474421,16604570
165362,165431,0.889344262295082,16599782,16604609
165362,165444,0.8821138211382114,16599782,16605665
143649,165451,0.8529411764705882,15144094,16606391
165316,165491,0.8819875776397516,16596370,18027049
164220,165495,0.9494949494949495,16475994,19079447
165501,165502,0.8589743589743589,16587019,16587021
144987,165507,0.9073359073359073,15215802,16589326
144987,165509,0.9296875,15215802,16589396
165519,165520,0.864406779661017,16590434,16590441
165247,165531,0.851528384279476,16590738,16591144
165528,165537,0.9047619047619048,16591018,16591433
157577,165565,0.9695817490494296,15996239,16618059
165624,165637,0.9034653465346535,16625465,16625919
165431,165735,0.8755186721991701,16604609,16631791
165761,165762,0.9290322580645162,16634486,16634577
165761,165765,0.935064935064935,16634486,16634987
165547,165780,0.990990990990991,16614692,16636187
165547,165783,0.990909090909091,16614692,16636496
77835,165792,0.9869565217391304,11095134,16637213
77835,165798,0.9444444444444444,11095134,16637473
165806,165810,0.8634686346863468,16638039,16638278
165732,165830,0.8928571428571429,16631493,18084842
111104,165892,0.8771929824561403,13118387,16642588
65791,165909,0.8610478359908884,10408174,16644429
128588,165939,0.8615384615384616,14144154,16652160
129014,165980,0.8529411764705882,14187789,16655917
165985,166007,0.8947368421052632,16656495,16657744
130308,166027,0.8888888888888888,14261030,16659294
146571,166027,0.8923076923076924,15307874,16659294
145516,166042,0.8660436137071651,15249641,16659777
144486,166072,0.8798283261802575,15186940,16661241
166084,166089,0.952,16662121,16662426
111104,166113,0.8771929824561403,13118387,16666106
166103,166114,0.9250871080139372,16664551,16666278
166155,166156,0.9195402298850575,16673000,16673031
166213,166220,0.9347826086956522,16679427,16679652
166215,166222,0.8963414634146342,16679481,16679715
123809,166241,0.9253731343283582,13868979,16681402
166262,166265,0.8679245283018868,16682944,16682996
106233,166299,0.8545454545454545,12825567,16678411
127687,166322,0.8914728682170543,14111612,16689051
166330,166333,0.8597402597402597,16693676,16693862
62806,166365,0.8522167487684729,10256178,16698351
139022,166392,0.8571428571428571,14860532,16700115
166406,166455,0.8529411764705882,16700901,16703037
129592,166465,0.8875,14223178,16703830
166516,166529,0.85,16707018,16707550
166516,166531,0.9177489177489178,16707018,16707611
166516,166535,0.8771186440677966,16707018,16707823
166318,166538,0.9553571428571429,16687162,16708067
166318,166539,0.9469026548672567,16687162,16708080
166318,166549,0.9553571428571429,16687162,16708995
166318,166553,0.9553571428571429,16687162,16709536
166319,166568,0.9039301310043668,16687508,16711129
166305,166571,0.8765957446808511,16678946,16711277
163453,166577,0.95,16394672,16711359
166607,166608,0.9352290679304898,16691250,16691257
166590,166614,0.8562874251497006,16686337,16691832
157577,166617,0.9256505576208178,15996239,16692466
166590,166618,0.9746835443037974,16686337,16692558
166620,166631,0.9307359307359307,16692727,16693218
166621,166632,0.9433962264150944,16692734,16693230
166620,166633,0.9148936170212766,16692727,16693237
166692,166693,0.970873786407767,16718635,16718802
166663,166699,0.9364406779661016,16716832,16719331
129592,166736,0.9375,14223178,16723231
160957,166757,0.8599779492833517,16192074,16726295
166752,166783,0.9411764705882353,16725312,16729044
166813,166840,0.8548387096774194,16732483,16734607
111243,166932,0.85,13104543,16715763
130101,166948,0.85,14261833,16730712
166970,166972,0.8779342723004695,16742262,16742429
112652,166979,0.8870967741935484,13205530,16743071
157577,166995,0.9622641509433962,15996239,16744984
166997,167006,0.9615384615384616,16745173,16745801
166997,167008,0.9339622641509434,16745173,16745889
166552,167024,0.9337979094076655,16709225,16747421
167028,167029,1.0,16747818,16747884
157577,167031,0.8697183098591549,15996239,16748069
167028,167037,1.0,16747818,16748537
63618,167050,0.9318181818181818,10296663,16749976
166961,167101,1.0,16740060,16753915
57981,167166,0.9204545454545454,9972703,16759346
164395,167186,0.8504672897196262,16514092,16761993
167110,167197,0.9135802469135802,16754503,17836968
166961,167206,0.9576923076923077,16740060,17887636
157577,167223,0.8576388888888888,15996239,16738997
167221,167224,0.9430199430199431,16738685,16739028
157577,167226,0.9479553903345725,15996239,16739053
114472,167228,0.8524590163934426,13315645,16740840
167224,167250,0.8659217877094972,16739028,16765446
165309,167298,0.9333333333333333,16596020,16774031
167273,167313,0.90625,16769416,16774855
116619,167348,0.9285714285714286,13444745,16777708
116619,167350,0.9176470588235294,13444745,16777725
167307,167352,0.8645533141210374,16774604,16777889
144475,167393,0.8523878437047757,15186398,16781628
127861,167398,0.95,14124143,16782138
167271,167457,0.8587786259541985,16769191,16791248
55186,167524,0.898989898989899,9831974,16795968
157577,167528,0.8892857142857142,15996239,16796958
55186,167543,0.902027027027027,9831974,16798936
161819,167558,0.9846153846153847,16270607,16800329
158210,167570,0.8507462686567164,16031293,16801756
167563,167575,0.978021978021978,16800902,16802098
62806,167616,0.8719211822660099,10256178,16807150
162483,167622,0.9596774193548387,16303905,16807529
149918,167623,0.8529411764705882,15524053,16807538
167486,167637,0.9099099099099099,16789598,16808441
167657,167665,0.9125,16812288,16812871
167664,167666,0.9411764705882353,16812683,16813041
91831,167671,0.8771929824561403,11917974,16813316
167478,167673,0.9240246406570842,16772379,16813498
167664,167682,0.9159420289855073,16812683,16814086
167730,167732,0.9805825242718447,16817566,16817681
167730,167733,0.9367088607594937,16817566,16817697
167730,167734,0.930379746835443,16817566,16817843
167730,167739,0.9153605015673981,16817566,16818452
167729,167740,0.8724584103512015,16817554,16818454
55186,167744,0.9384057971014492,9831974,16818900
149777,167751,0.869281045751634,15487801,16819917
167730,167751,0.8641975308641975,16817566,16819917
167763,167764,0.8865979381443299,16822246,16822390
40919,167765,0.875,9141347,16822703
167771,167776,0.889763779527559,16823551,16823923
167771,167780,0.889763779527559,16823551,16824122
157577,167788,0.9375,15996239,16824608
123240,167794,0.8525345622119815,13833338,16824835
157577,167807,0.966542750929368,15996239,16825323
57951,167847,0.8936170212765957,9981428,16828613
167870,167884,0.8904109589041096,16824051,16825760
19636,167931,0.9264,8432078,16842525
19636,167935,0.9435483870967742,8432078,16843209
19636,167940,0.9420289855072463,8432078,16843925
157577,167943,0.9811320754716981,15996239,16844222
19636,167950,0.9020537124802528,8432078,16845056
128583,167951,0.8529411764705882,14143966,16845527
157577,167962,0.8821428571428571,15996239,16846346
128222,168031,0.96875,14147162,16850222
168072,168077,0.8539325842696629,16852834,16853182
19636,168108,0.9111111111111111,8432078,17847976
149444,168129,0.8585858585858586,15489745,16837307
149444,168133,0.8585858585858586,15489745,16837635
149324,168141,0.9139784946236559,15473136,16838040
168134,168142,0.9545454545454546,16837661,16838109
157577,168153,0.9848484848484849,15996239,16860216
168177,168178,0.967741935483871,16863487,16863560
168177,168193,0.918918918918919,16863487,16864618
168179,168221,0.9252336448598131,16863713,16868317
168214,168234,0.922077922077922,16867287,16869441
19636,168267,0.9183673469387755,8432078,16872062
157577,168274,0.8606271777003485,15996239,16872530
119602,168327,0.875,13623418,16878299
168363,168364,0.8745980707395499,16857729,16857900
157577,168365,0.9701492537313433,15996239,16857974
157577,168366,0.8576388888888888,15996239,16857979
157577,168384,0.8697183098591549,15996239,16859314
168363,168389,0.9290540540540541,16857729,16883598
111954,168390,0.8545454545454545,13158770,16884014
159350,168414,0.8518518518518519,16112608,16891050
159998,168476,0.9390681003584229,16156123,16897853
111243,168487,0.8518518518518519,13104543,16898189
115013,168491,0.8571428571428571,13352033,16898328
118082,168491,0.8596491228070176,13522555,16898328
111954,168516,0.8545454545454545,13158770,16899302
168563,168566,0.8712871287128713,16902952,16903095
168563,168577,0.8888888888888888,16902952,16904000
168583,168607,0.9034090909090909,16904366,16905565
168583,168608,0.9813664596273292,16904366,16905576
168605,168613,0.8909952606635071,16905430,16905771
168619,168627,0.9322033898305084,16907542,16908717
96608,168642,0.9212328767123288,12204340,19626784
157577,168670,0.9252669039145908,15996239,16890204
157577,168671,0.9701492537313433,15996239,16890207
157577,168683,0.9157509157509157,15996239,16891427
168707,168714,0.9615384615384616,16914132,16916050
168707,168726,0.8608058608058609,16914132,16919322
150372,168743,0.8942598187311178,15517640,16920982
157062,168766,0.8847262247838616,15959739,16922948
168820,168821,0.9512195121951219,16927814,16927828
168820,168824,0.8988095238095238,16927814,16928670
163758,168825,0.8888888888888888,16432347,16928677
163758,168826,0.8784313725490196,16432347,16928695
79792,168828,0.8709677419354839,11211274,16928793
163758,168829,0.8818897637795275,16432347,16928815
168839,168846,0.9576271186440678,16930077,16931109
163758,168847,0.8853754940711462,16432347,16931164
168852,168856,0.9607843137254902,16932252,16932482
168707,168859,0.8545454545454545,16914132,16932557
168857,168869,0.9534883720930233,16932527,16932948
168872,168874,0.9822485207100592,16933009,16933164
159998,168877,0.8640776699029126,16156123,16933579
157577,168889,0.8636363636363636,15996239,16934265
168883,168892,0.9473684210526315,16933834,16934505
157577,168902,0.872791519434629,15996239,16935051
163825,168908,0.927007299270073,16442490,16935162
165675,168908,0.852112676056338,16627308,16935162
166322,168919,0.8872180451127819,16689051,16935799
168707,168921,0.8671586715867159,16914132,16935908
128250,168935,0.8529411764705882,14148865,16937104
168933,168941,0.875968992248062,16936693,16937494
105428,168961,0.9285714285714286,12768921,16938331
144096,169003,0.8543046357615894,15165935,16945808
144104,169003,0.8648648648648649,15166320,16945808
168977,169003,0.9432624113475178,16943502,16945808
163824,169014,0.9197080291970803,16442330,16946940
164169,169035,0.9197080291970803,16472939,16948690
168960,169099,0.8727272727272727,16938142,16951567
168921,169110,0.8550185873605948,16935908,16952089
168707,169128,0.9578544061302682,16914132,16953420
169167,169169,0.9696048632218845,16958088,16958324
145516,169229,0.9233333333333333,15249641,16964376
116993,169255,0.8620689655172413,13466213,16965977
113503,169269,0.8571428571428571,13253918,16966680
169208,169278,0.9359795134443022,16962357,16967143
169293,169294,0.8863636363636364,16969045,16969178
169293,169297,0.8666666666666667,16969045,16969294
169293,169299,0.9069767441860465,16969045,16969654
169227,169301,0.8655737704918033,16964321,17953006
169254,169303,0.9225352112676056,16965884,18192423
160957,169322,0.9137931034482759,16192074,16972707
160957,169323,0.9028571428571428,16192074,16972763
160957,169335,0.860178970917226,16192074,16973541
169319,169356,0.9570552147239264,16970915,16974490
169319,169365,0.9214501510574018,16970915,16974695
169319,169370,0.9570552147239264,16970915,16974818
169366,169371,1.0,16974709,16974864
169367,169372,0.9484126984126984,16974725,16974921
169366,169389,0.9436619718309859,16974709,16975633
169395,169398,0.8896797153024911,16976219,16976468
169396,169416,0.949238578680203,16976319,16977785
169428,169430,0.863013698630137,16972261,16972311
77567,169444,0.877906976744186,11081280,16973467
168960,169451,0.8727272727272727,16938142,16977934
118644,169464,0.8771929824561403,13559790,16982114
138914,169547,0.875,14852828,16989122
169537,169615,0.9565217391304348,16988366,16992416
169037,169630,0.9285714285714286,16948891,16993875
169633,169635,0.9302325581395349,16994045,16994244
169601,169644,0.8909952606635071,16991543,16994583
169537,169648,0.8893280632411067,16988366,16994740
169651,169655,0.9054054054054054,16994936,16995119
169651,169659,0.9305555555555556,16994936,16995310
169651,169667,0.9436619718309859,16994936,16996062
169651,169668,0.9305555555555556,16994936,16996154
169674,169677,0.9102564102564102,16997113,16997856
169669,169678,0.897196261682243,16996447,16998681
169674,169679,0.922077922077922,16997113,16998695
169672,169680,0.9067796610169492,16997008,16998748
168960,169683,0.9714285714285714,16938142,16998948
152069,169726,0.8745247148288974,15630324,16980604
168707,169754,0.8671586715867159,16914132,17003127
168707,169823,0.8636363636363636,16914132,17014962
169110,169831,0.8901515151515151,16952089,17015359
169900,169906,0.8918918918918919,17021760,17022600
169895,169918,0.9111111111111111,17021354,17023053
169900,169933,0.9444444444444444,17021760,17024025
169895,169936,0.9111111111111111,17021354,17024116
169895,169943,0.8978102189781022,17021354,17024466
169895,169959,0.9111111111111111,17021354,17025744
169895,169977,0.9044117647058824,17021354,17026505
169992,169995,0.9016393442622951,17028338,17028902
103617,170026,0.8625,12654160,17007337
91113,170027,0.8571428571428571,11896082,17007345
170026,170031,0.937888198757764,17007337,17007400
160988,170032,0.8614864864864865,16192824,17007402
157577,170036,0.8666666666666667,15996239,17007874
170043,170044,0.9921259842519685,17007945,17007956
157577,170061,0.9514925373134329,15996239,17008303
169730,170082,0.9222222222222223,16980887,17036521
157577,170085,0.875886524822695,15996239,17036805
157577,170089,0.9124087591240876,15996239,17037268
157577,170094,0.9848484848484849,15996239,17037462
157577,170099,0.9885931558935361,15996239,17037888
169730,170113,0.9256505576208178,16980887,17039076
157577,170119,0.9454545454545454,15996239,17039530
170115,170127,0.8594249201277955,17039199,17039976
164579,170131,0.9491525423728814,16537498,17040422
170107,170136,0.8717948717948718,17038341,17040561
129968,170176,0.9411764705882353,14251253,17043257
161722,170176,0.8571428571428571,16263786,17043257
55186,170196,0.9925093632958801,9831974,17045219
170043,170197,0.8740740740740741,17007945,17045229
170058,170197,0.9236641221374046,17008283,17045229
55186,170203,0.9962546816479401,9831974,17045566
170202,170218,0.9324324324324325,17045502,17046746
169669,170261,0.9056603773584906,16996447,17050118
170364,170369,0.9348837209302325,17065619,17065851
170364,170373,0.8909090909090909,17065619,17066368
170364,170375,0.9392523364485982,17065619,17066800
170364,170403,0.9398148148148148,17065619,17068916
170447,170463,0.9052631578947369,17073210,17073993
170463,170466,0.8711340206185567,17073993,17074229
157577,170488,0.8916083916083916,15996239,17075422
170447,170489,0.9414893617021277,17073210,17075426
24771,170501,0.9429477020602218,8596984,17076853
170351,170520,0.8536585365853658,17059026,17078951
8798,170537,0.926829268292683,7945421,17081840
170564,170565,0.9244186046511628,17059880,17059881
55186,170602,0.9468085106382979,9831974,17086657
157577,170605,0.9514925373134329,15996239,17090141
157577,170608,0.8781362007168458,15996239,17091056
157577,170610,0.9479553903345725,15996239,17091402
157577,170611,0.9514925373134329,15996239,17091475
105428,170635,0.9629629629629629,12768921,17095363
42765,170656,0.8719346049046321,9216642,17097360
168329,170680,0.864406779661017,16878774,17099642
162242,170714,0.855072463768116,16294806,17101731
129812,170725,0.8955223880597015,14242463,17102496
135598,170731,0.8888888888888888,14632385,17102882
128588,170736,0.8923076923076924,14144154,17103397
166594,170766,0.9438202247191011,16690116,17108387
157577,170801,0.9306569343065694,15996239,17090499
170843,170847,0.8646616541353384,17114139,17114544
170878,170882,0.8980169971671388,17118075,17118263
170878,170888,0.9248554913294798,17118075,17118666
170878,170893,0.9219653179190751,17118075,17119015
170841,170911,0.8795180722891566,17114044,17111478
157577,170925,0.9479553903345725,15996239,17120044
157577,170926,0.9400749063670412,15996239,17120058
157577,170927,0.9375,15996239,17120059
170929,170930,0.9008264462809917,17120134,17120135
157577,170931,0.8723404255319149,15996239,17120137
157577,170934,0.8661971830985915,15996239,17120361
159350,170963,0.8776978417266187,16112608,17122913
82340,170989,0.8666666666666667,11352149,17124120
170966,171078,0.9691358024691358,17123085,18243814
170112,171091,0.875,17038928,17121595
107433,171092,0.9545454545454546,12894212,17121953
171089,171095,0.9411764705882353,17121552,17122499
171094,171119,0.9458333333333333,17122375,17129355
167920,171126,0.8939393939393939,16840803,17132565
168707,171181,0.8666666666666667,16914132,17140040
162910,171205,0.8524590163934426,16347800,17142100
164990,171220,0.8571428571428571,16571857,17143235
169497,171239,0.9537037037037037,16985320,17144652
171248,171256,0.8860103626943006,17145044,17145798
130234,171264,0.8840579710144928,14268978,17146227
171233,171266,0.8759124087591241,17144273,17146414
127861,171271,0.8888888888888888,14124143,17146701
77529,171280,0.8779661016949153,11076285,17147232
113624,171296,0.893719806763285,13261358,17148476
74059,171301,0.8920454545454546,10858580,17148690
171248,171318,0.8888888888888888,17145044,17149748
171327,171339,0.9006622516556292,17151195,17152202
171326,171341,0.8757763975155279,17150662,17152418
171302,171347,0.9329608938547486,17148726,17153256
84268,171383,0.9834862385321101,11466719,17134164
164136,171484,0.8579234972677595,16470547,17165354
127861,171505,0.8571428571428571,14124143,17166819
171534,171543,0.8666666666666667,17168652,17169289
171490,171570,0.9484126984126984,17165980,17170497
167937,171615,0.874251497005988,16843832,17174006
170056,171628,0.9539170506912442,17008208,17174931
171644,171648,0.90625,17176436,17177055
171456,171662,0.9111111111111111,17162638,17179477
171689,171692,0.8902439024390244,17154307,17154464
171733,171741,0.8699551569506726,17184937,17185464
171756,171758,0.9769452449567724,17187116,17187218
169872,171763,0.9378238341968912,17019509,17187485
171782,171791,0.9634703196347032,17188799,17189225
171782,171805,0.9147982062780269,17188799,17190076
171764,171825,0.8560606060606061,17187502,17190925
157577,171832,0.8637992831541219,15996239,17191157
171756,171837,0.9769452449567724,17187116,17191403
171821,171840,0.8554216867469879,17190849,17191473
171782,171861,0.8722466960352423,17188799,17192300
105428,171880,0.9622641509433962,12768921,17193425
171890,171908,0.8995633187772926,17193820,17194309
171782,171911,0.9151785714285714,17188799,17194421
171910,171935,1.0,17194404,17195501
171908,171944,0.8961038961038961,17194309,17196253
149918,171946,0.9384615384615385,15524053,17196543
126208,171989,0.8536082474226804,14021855,17199274
171910,172007,0.918918918918919,17194404,17200728
171910,172008,1.0,17194404,17200734
171910,172015,0.9272727272727272,17194404,17201273
171948,172019,0.9319371727748691,17196839,17201540
171910,172021,1.0,17194404,17201663
169895,172048,0.8913043478260869,17021354,17204035
172100,172110,0.9787234042553191,17206400,17208734
172115,172130,0.8842592592592593,17208825,17210184
172120,172130,0.8990384615384616,17209411,17210184
166688,172153,0.9302325581395349,16718335,17216555
172163,172187,0.9719887955182073,17217906,17219549
75529,172238,0.8770053475935828,10952101,17222265
139895,172259,0.9090909090909091,14919886,17223421
75529,172261,0.8817204301075269,10952101,17223434
157577,172290,0.8785714285714286,15996239,17225475
164136,172342,0.8579234972677595,16470547,17228066
172333,172374,0.9135802469135802,17227658,17230089
171910,172405,0.9357798165137615,17194404,17233471
55202,172423,0.9418181818181818,9832440,17236169
172468,172489,0.9364985163204748,17213415,17214254
172492,172497,0.907103825136612,17214263,17215303
166688,172510,0.8880597014925373,16718335,17217045
55186,172512,0.956989247311828,9831974,17217139
172473,172517,0.9718954248366013,17213928,17239114
105428,172521,0.9615384615384616,12768921,17240717
67802,172587,0.9841269841269841,10508736,17249447
172594,172599,0.8545454545454545,17249904,17250712
171574,172601,0.9347133757961783,17170856,17250783
172505,172606,0.9019776440240757,17216370,17251109
172594,172610,0.8605263157894737,17249904,17251205
172609,172610,0.8900804289544236,17251183,17251205
172609,172611,0.9182561307901907,17251183,17251381
171574,172632,0.8808049535603715,17170856,17252591
171574,172638,0.8925233644859814,17170856,17252848
170878,172643,0.863013698630137,17118075,17253012
172594,172643,0.8853333333333333,17249904,17253012
170878,172647,0.863013698630137,17118075,17253253
172594,172651,0.8885941644562334,17249904,17253392
172594,172657,0.8612565445026178,17249904,17253796
171574,172658,0.8778979907264297,17170856,17253873
128978,172669,0.8676470588235294,14166483,17254351
172594,172680,0.8631578947368421,17249904,17254986
172679,172689,0.8535564853556485,17254924,17255728
172679,172715,0.8535564853556485,17254924,17256912
172594,172716,0.8567708333333334,17249904,17256947
172663,172722,0.8697478991596639,17253979,17257077
172710,172752,0.9810964083175804,17256729,17258475
129812,172757,0.8529411764705882,14242463,17258549
21362,172783,0.85,8494644,17259801
172812,172818,0.8910256410256411,17260914,17261288
172812,172833,0.912621359223301,17260914,17263773
172491,172856,0.9113924050632911,17214259,17875236
171910,172866,0.9272727272727272,17194404,18536622
172879,172880,0.8882978723404256,17242393,17242397
172552,172928,0.8660049627791563,17246998,17246953
172936,172941,0.9543010752688172,17269313,17269640
157577,172948,0.9507575757575758,15996239,17270285
172936,172957,0.9547872340425532,17269313,17270888
172990,172993,0.9470899470899471,17273792,17273841
173001,173003,0.9594594594594594,17274296,17274376
173006,173007,0.9122807017543859,17274549,17274786
173005,173010,0.893598615916955,17274516,17274888
172505,173015,0.9152981849611063,17216370,17274976
173012,173020,0.8787878787878788,17274946,17275173
173006,173021,0.9122807017543859,17274549,17275186
55460,173025,0.9495412844036697,9849803,17275498
172967,173031,0.9757975797579758,17272176,17275789
55460,173032,0.9237668161434978,9849803,17275965
76278,173033,0.8947368421052632,11005911,17275977
73520,173072,0.856,10829253,17268347
62608,173151,0.9181547619047619,10243940,17283329
70534,173162,0.8645833333333334,10662081,17283747
173129,173166,0.9561128526645768,17282212,17284065
173164,173190,0.900523560209424,17284000,17871192
173208,173211,0.9519774011299436,17278979,17279345
173216,173221,0.9492753623188406,17280078,17286779
73520,173233,0.9771689497716894,10829253,17288039
164112,173275,0.8571428571428571,16468196,17297823
139223,173276,0.95,14873942,17297905
3903,173289,0.8689024390243902,7693407,17299073
56266,173294,0.9017857142857143,9894629,17299833
96358,173294,0.861271676300578,12203969,17299833
164999,173294,0.8802395209580839,16572262,17299833
173308,173328,0.9142857142857143,17301009,17302293
157577,173332,0.9514925373134329,15996239,17302510
140307,173338,0.9491525423728814,14943865,17302889
157577,173347,0.9550561797752809,15996239,17303419
173342,173363,0.8904593639575972,17303165,17304405
70424,173380,0.8587257617728532,10655442,17305183
173337,173390,0.9212598425196851,17302873,17305486
142371,173400,0.8571428571428571,15070455,17306794
173412,173415,0.9130434782608695,17308883,17310001
171703,173430,0.9133489461358314,17156833,17311209
172812,173501,0.8547297297297297,17260914,17290245
173505,173510,0.8503787878787878,17290927,17293089
173522,173525,0.8518518518518519,17293751,17293820
173601,173607,0.9181818181818182,17323235,17323745
127861,173625,0.9666666666666667,14124143,17325417
145267,173643,0.8524590163934426,15228322,17327209
171910,173681,0.9357798165137615,17194404,17329991
171910,173688,0.9357798165137615,17194404,17330519
173682,173695,0.8604651162790697,17330124,17331027
128190,173716,0.9365079365079365,14145958,17332013
63890,173717,0.9010989010989011,10309294,17332036
173547,173739,0.8571428571428571,17315832,17333385
173608,173750,0.9340659340659341,17323962,17334528
132609,173755,0.8615384615384616,14412567,17334779
173608,173756,0.8762886597938144,17323962,17334965
173783,173786,0.8571428571428571,17338263,17338780
173686,173787,0.8916666666666667,17330394,17339197
171652,173789,0.8787878787878788,17177843,17339494
173776,173789,0.8579881656804734,17337264,17339494
173799,173803,0.8833333333333333,17340706,17341038
157577,173804,0.9304029304029304,15996239,17341039
157577,173805,0.9514925373134329,15996239,17341087
172812,173807,0.8648648648648649,17260914,17341300
173812,173817,0.9236641221374046,17341784,17342128
157577,173819,0.9107142857142857,15996239,17342182
173888,173897,0.852112676056338,17317987,17318235
158813,173900,0.9312977099236641,16117336,17318307
173870,173928,0.8603988603988604,17316951,17346107
173967,173974,0.8832923832923832,17358688,17359198
173967,173982,0.91,17358688,17359846
173986,174007,0.9211956521739131,17360586,17361882
174004,174027,0.8536585365853658,17361510,17363092
174007,174035,0.8608923884514436,17361882,17363547
157577,174050,0.9550561797752809,15996239,17364499
19636,174077,0.9180064308681672,8432078,17366290
171910,174097,0.918918918918919,17194404,17367773
171910,174105,0.9272727272727272,17194404,17368164
172293,174111,0.9333333333333333,17225569,17368804
171910,174129,0.9272727272727272,17194404,17369884
171910,174140,0.9357798165137615,17194404,17370430
171910,174148,0.918918918918919,17194404,17371176
171910,174155,0.9357798165137615,17194404,17371956
174128,174158,0.8910256410256411,17369860,17372475
171910,174161,1.0,17194404,17373402
174180,174192,0.9151785714285714,17376602,17874489
173927,174206,0.8876811594202898,17346086,18192410
171910,174207,0.9272727272727272,17194404,18192412
173975,174217,0.9128959276018099,17359277,18685525
173967,174226,0.9055900621118013,17358688,20618134
174270,174275,0.9494142705005325,17356445,17357357
174282,174286,0.9186991869918699,17379223,17380688
174282,174287,0.8745247148288974,17379223,17381077
171910,174358,0.918918918918919,17194404,17392071
139808,174421,0.8861111111111111,14912344,17402967
64263,174442,0.8685524126455907,10329667,17404831
174400,174470,0.92,17401880,17765785
64263,174473,0.9341421143847487,10329667,17786748
160342,174495,0.8656716417910447,16176159,17889149
171910,174503,0.9541284403669725,17194404,17979345
174525,174528,0.8557213930348259,17396471,17396894
174594,174598,0.8894230769230769,17415461,17415776
151658,174614,0.8955223880597015,15612806,17417187
108349,174647,0.9622641509433962,12946854,17420394
105428,174662,0.9423076923076923,12768921,17422702
163866,174667,0.8529411764705882,16444881,17423308
152402,174689,0.8507462686567164,15667029,17426303
173987,174694,0.8876712328767123,17360707,17427272
174523,174727,0.9751243781094527,17396395,17432357
174719,174774,0.9431818181818182,17429907,17799605
173987,174779,0.9083333333333333,17360707,17800054
127876,174782,0.8615384615384616,14124831,17800750
145129,174784,0.9923273657289002,15204962,17801263
174623,174791,0.8892307692307693,17418423,17801742
157577,174839,0.9479553903345725,15996239,17953500
174953,174962,0.9527896995708155,17451062,17454140
119602,174986,0.8571428571428571,13623418,17455739
175076,175085,0.8812260536398467,17452740,17457422
157577,175088,0.9205776173285198,15996239,17459392
175109,175120,0.9067599067599068,17469893,17470920
18652,175166,0.888235294117647,8394222,17477124
168661,175170,0.8992537313432836,16889748,17477722
175180,175222,0.9537037037037037,17479268,17809976
159998,175223,0.8907849829351536,16156123,17816453
175240,175241,0.9076923076923077,17835210,17835287
175251,175252,0.9371980676328503,17842435,17842839
175258,175261,0.9573643410852714,17844133,17844570
170868,175291,0.9846153846153847,17117031,17853762
170868,175295,0.9846153846153847,17117031,17854542
175225,175303,0.928,17826295,17868894
175103,175315,0.8636363636363636,17468102,17870505
175114,175345,0.8888888888888888,17470658,17884466
175344,175377,0.8841698841698842,17883469,18757423
129839,175439,0.8571428571428571,14244058,17494348
128588,175442,0.9523809523809523,14144154,17494826
149918,175442,0.8656716417910447,15524053,17494826
127360,175458,0.8604651162790697,14090490,17498202
169306,175458,0.9204545454545454,16961801,17498202
175419,175480,0.8536585365853658,17490148,17513734
175480,175486,0.8670886075949367,17513734,17514908
175419,175488,0.89937106918239,17490148,17515403
157577,175500,0.9550561797752809,15996239,17516205
173967,175523,0.8583850931677018,17358688,17841609
125075,175542,0.8956521739130435,13929105,17875022
7948,175600,0.9294117647058824,7907539,17902798
125929,175606,0.9493670886075949,14003601,17903839
129592,175606,0.875,14223178,17903839
175608,175615,0.8807339449541285,17903862,17904855
157353,175622,0.8734177215189873,15984349,17917219
175432,175647,0.9375,17492285,17924893
157577,175655,0.9090909090909091,15996239,17928460
157577,175662,0.9479553903345725,15996239,17930845
175480,175663,0.8726114649681529,17513734,17931400
173967,175679,0.9107142857142857,17358688,17935712
162588,175802,0.8792134831460674,16319560,17529542
170868,175817,0.855072463768116,17117031,17532371
175539,175915,0.8502024291497976,17873841,17917121
111104,175933,0.8620689655172413,13118387,17925595
157577,175948,0.9550561797752809,15996239,17931598
174555,175953,0.945273631840796,17403770,17933107
175451,175962,0.8523489932885906,17496087,17937162
175455,175962,0.935251798561151,17497611,17937162
175568,175962,0.8734177215189873,17892126,17937162
175870,175978,0.9437386569872959,17870895,17942726
63888,175998,0.9540229885057471,10309289,17954094
175742,176050,0.8823529411764706,17522767,18890781
176106,176113,0.8823529411764706,17559515,17560860
176109,176123,0.9204545454545454,17559698,17846422
176083,176145,0.9130434782608695,17551949,17921637
174880,176163,0.9246575342465754,17449624,17953215
176159,176173,0.9238410596026491,17952388,17965355
176159,176192,0.8713826366559485,17952388,17980560
176207,176226,0.9127906976744186,17565271,17571710
176225,176276,0.8970588235294118,17570844,17834250
176214,176328,0.8571428571428571,17569100,17931873
176298,176362,0.9115549215406562,17871011,17991758
176263,176400,0.9432739059967585,17585516,17565272
176409,176411,0.8962536023054755,17585162,17585187
176263,176416,0.9352750809061489,17585516,17585449
176263,176420,0.9448051948051948,17585516,17585608
176409,176421,0.9017341040462428,17585162,17585610
175451,176423,0.9366197183098591,17496087,17590559
149322,176431,0.8853046594982079,15472836,17592553
52401,176432,0.8846153846153846,9698984,17592609
176468,176470,0.921875,17888228,17888334
127360,176488,0.8505747126436781,14090490,17963586
175451,176489,0.9927536231884058,17496087,17963673
176407,176492,0.9148936170212766,17584792,17966686
171910,176518,0.875,17194404,18933543
171910,176519,1.0,17194404,18933566
176524,176530,0.934640522875817,17599406,17600227
176528,176533,0.9060402684563759,17599854,17600683
175753,176612,0.9180327868852459,17523835,18000128
176546,176613,0.8637770897832817,17602356,18001329
175878,176618,0.9193548387096774,17875442,18005360
175746,176629,0.8888888888888888,17522941,18039068
171910,176646,1.0,17194404,18923398
171910,176647,0.9107142857142857,17194404,18923413
176517,176649,0.8827930174563591,18931177,18937035
176648,176649,0.8975,18935690,18937035
176517,176650,0.8784119106699751,18931177,18938184
167951,176665,0.8529411764705882,16845527,17609465
171910,176723,0.9017857142857143,17194404,17631902
176722,176743,0.8864097363083164,17630829,17830464
176726,176757,0.9285714285714286,17633576,17848626
176658,176759,0.883495145631068,17599345,17869051
75529,176771,0.8536585365853658,10952101,17875247
176781,176791,0.9180327868852459,17884664,17914833
176792,176821,0.8991596638655462,17914842,17969242
171910,176835,1.0,17194404,17992577
176834,176891,0.9129213483146067,17991273,18050260
176768,176932,0.9104477611940298,17874986,18077335
176726,176935,0.9182156133828996,17633576,18078091
176113,176982,0.8823529411764706,17560860,17630360
175459,176993,0.9875,17498395,17631539
176726,177005,0.9285714285714286,17633576,17647380
83956,177012,0.8590163934426229,11450679,17651541
149918,177032,0.8571428571428571,15524053,17655293
174421,177039,0.8616438356164383,17402967,17657084
170868,177084,0.855072463768116,17117031,17882033
176070,177096,0.855072463768116,17541254,17882809
176834,177112,0.9217877094972067,17991273,17889007
177004,177123,0.9577836411609498,17646459,17920330
107433,177127,0.8709677419354839,12894212,17930975
176985,177155,0.9523809523809523,17630604,17972376
175108,177170,0.9453125,17469681,17982092
128222,177171,0.8571428571428571,14147162,17982096
48968,177204,0.8901437371663244,9512356,18038242
134547,177210,0.8787878787878788,14564591,18042368
177092,177252,0.9239130434782609,17882564,18076788
107433,177253,0.8817204301075269,12894212,18076917
63890,177262,0.8817204301075269,10309294,18080646
175312,177281,0.9391304347826087,17870152,18084593
177238,177300,0.967741935483871,18062187,18091778
177293,177321,0.8546511627906976,18088386,18107760
93598,177345,0.9459459459459459,12028489,19001626
128581,177359,0.8529411764705882,14143900,17642349
131474,177360,0.8896551724137931,14344766,17642350
127302,177367,0.927710843373494,14087434,17668966
177387,177397,0.9501779359430605,17674135,17675305
169088,177462,0.8611111111111112,16950949,17831495
170868,177469,0.9230769230769231,17117031,17835467
175959,177469,0.8688524590163934,17936046,17835467
177489,177490,0.8777777777777778,17880063,17880111
107433,177491,0.9230769230769231,12894212,17882182
159261,177497,0.8823529411764706,16077912,17883983
177370,177519,0.9874213836477987,17669090,17922804
177512,177563,0.8980582524271845,17919118,17994654
177458,177565,0.9397590361445783,17830619,17999151
177250,177615,0.9602888086642599,18075728,18075918
177250,177631,0.9672727272727273,18075728,18080874
177568,177642,0.8689655172413793,17999322,18086927
177526,177643,0.8938053097345132,17955341,18087348
55202,177664,0.9522058823529411,9832440,18117192
145263,177688,0.95,15228164,18128343
177718,177719,0.9038461538461539,19032326,19032332
172044,177722,0.9485981308411215,17203689,19038384
165679,177734,0.8571428571428571,16627582,17688353
128879,177743,0.9736842105263158,14180789,17689988
164579,177837,0.8524590163934426,16537498,17753141
177250,177848,0.9672727272727273,18075728,17753670
177856,177864,0.967741935483871,17753922,17754356
128978,177868,0.8571428571428571,14166483,17754578
177919,177923,0.9329608938547486,17758306,17758475
177922,177930,0.9532710280373832,17758461,17759006
177250,177974,0.9672727272727273,18075728,17836596
177806,178031,0.9033149171270718,17751299,17959546
177999,178042,0.8777120315581854,17894076,17982282
178042,178043,0.9508196721311475,17982282,17982284
125929,178060,0.8620689655172413,14003601,17997077
177250,178070,0.981549815498155,18075728,17999673
177250,178078,0.9672727272727273,18075728,18006317
177250,178088,0.9637681159420289,18075728,18076694
178062,178089,0.9489795918367347,17999346,18076836
177833,178106,0.9382716049382716,17753048,18113081
178048,178119,0.8690476190476191,17990126,18124331
125929,178140,0.9036144578313253,14003601,18146544
178048,178148,0.8690476190476191,17990126,18148036
177458,178163,0.9634146341463414,17830619,18154873
178229,178230,0.9675324675324676,17762501,17762542
178255,178256,0.9056603773584906,17765689,17765834
178271,178272,0.9491978609625669,17770893,17771121
178229,178285,0.9238095238095239,17762501,17996968
169895,178289,0.9111111111111111,17021354,18176610
178317,178318,0.875,17808732,17808773
178317,178319,0.875,17808732,17808785
178317,178320,0.8586387434554974,17808732,17808790
178362,178364,0.8888888888888888,17812090,17812157
178365,178366,0.9185185185185185,17812212,17812216
178377,178378,0.851963746223565,17813271,17813364
178377,178380,0.8899082568807339,17813271,17813442
127861,178489,0.9354838709677419,14124143,17829494
178528,178537,0.8959731543624161,17834605,17835692
178528,178544,0.889261744966443,17834605,17836519
134547,178545,0.8529411764705882,14564591,17836585
141645,178547,0.8571428571428571,15037369,17836710
178528,178552,0.8922558922558923,17834605,17836890
157577,178565,0.9586466165413534,15996239,17838088
46518,178596,0.8924050632911392,9392447,17840859
178726,178727,0.8861788617886179,17857577,17857580
178752,178756,0.9581589958158996,17861028,17861270
178758,178759,0.8962264150943396,17861497,17861498
178764,178765,0.9242424242424242,17861927,17861931
63888,178823,0.9120879120879121,10309289,17869610
63888,178833,0.9120879120879121,10309289,17872564
178840,178847,0.9454545454545454,17876243,17877879
174810,178869,0.9421965317919075,17870151,17879711
178951,178952,0.9019607843137255,17886909,17886910
133478,178961,0.8823529411764706,14487456,17887446
178957,178962,0.9102564102564102,17887132,17887651
22761,178963,0.8679245283018868,8538093,17887913
178957,178963,0.922077922077922,17887132,17887913
127302,178976,0.9390243902439024,14087434,17888802
178721,178976,0.8571428571428571,17856378,17888802
170868,178978,0.9230769230769231,17117031,17888923
127861,178988,0.9666666666666667,14124143,17889575
178886,178993,0.85,17881284,17889755
140307,179010,0.9491525423728814,14943865,17890601
173967,179061,0.875,17358688,17895158
144560,179062,0.9629629629629629,15181488,17895166
179058,179070,0.9212598425196851,17894997,17896113
175817,179072,0.9230769230769231,17532371,17896217
144560,179138,0.975,15181488,17901622
55186,179141,0.9669117647058824,9831974,17901829
177497,179144,0.8705882352941177,17883983,17901853
179162,179167,0.9479166666666666,17903517,17903834
179062,179182,0.8588235294117647,17895166,17904934
179193,179194,0.8571428571428571,17906191,17906196
157577,179196,0.940959409594096,15996239,17906293
157577,179197,0.9372693726937269,15996239,17906294
169895,179200,0.9044117647058824,17021354,17906636
169895,179202,0.8978102189781022,17021354,17906762
157577,179203,0.8723404255319149,15996239,17906785
169895,179205,0.9044117647058824,17021354,17907036
157577,179206,0.8692579505300353,15996239,17907060
157577,179207,0.8692579505300353,15996239,17907062
179216,179217,0.9024390243902439,17908249,17908287
162588,179303,0.9686609686609686,16319560,18025333
179355,179357,0.9743833017077799,18029285,18029317
61380,179380,0.925,10167929,18030654
179387,179388,0.8529411764705882,18031342,18031345
179408,179409,0.9047619047619048,18032784,18032785
179424,179425,0.9371069182389937,18035758,18035761
179426,179427,0.8640776699029126,18035892,18035894
179441,179443,0.8803680981595092,18039505,18039612
179441,179446,0.8753894080996885,18039505,18039747
128538,179456,0.851985559566787,14138786,18040297
128978,179490,0.8529411764705882,14166483,18042264
175455,179533,0.8741258741258742,17497611,18045652
179601,179608,0.8548812664907651,18050646,18051478
132592,179636,0.90625,14410983,18055840
138913,179636,0.873015873015873,14852796,18055840
157577,179651,0.8546712802768166,15996239,18057730
144560,179653,0.9629629629629629,15181488,18057780
157577,179654,0.8732394366197183,15996239,18057826
157577,179657,0.9330855018587361,15996239,18057856
179139,179672,0.9230769230769231,17901743,18058976
179674,179675,0.9264705882352942,18059109,18059110
177497,179680,0.8823529411764706,17883983,18059213
144560,179691,0.872093023255814,15181488,18059793
144560,179699,0.8823529411764706,15181488,18060181
179771,179772,0.9166666666666666,18067197,18067198
179779,179780,0.8513513513513513,18070818,18070820
179804,179805,0.8582677165354331,18075247,18075253
128190,179819,0.90625,14145958,18077436
152413,179822,0.9193548387096774,15667919,18077536
175108,179825,0.9264990328820116,17469681,18077969
175108,179828,0.8973384030418251,17469681,18078285
177962,179867,0.8876712328767123,17831924,18082019
73443,179884,0.8518518518518519,10826030,18083090
179913,179927,0.8868421052631579,18084745,18085292
179913,179932,0.8818897637795275,18084745,18085765
179913,179934,0.9069148936170213,18084745,18085909
179919,179936,0.9178082191780822,18085098,18086062
180006,180007,0.8918918918918919,18130904,18131003
180006,180009,0.8918918918918919,18130904,18131109
180012,180013,0.8870431893687708,18131447,18131478
180012,180015,0.8870431893687708,18131447,18131545
180021,180023,0.8703703703703703,18131974,18132036
180030,180031,0.963855421686747,18132316,18132351
180039,180040,0.9487870619946092,18132958,18132982
180041,180042,0.9562363238512035,18133031,18133146
180041,180045,0.9604395604395605,18133031,18133345
180041,180048,0.9583333333333334,18133031,18133443
180084,180085,0.8795620437956204,18139744,18139769
180084,180086,0.8933823529411765,18139744,18139800
180138,180139,0.9754601226993865,18146319,18146323
180146,180159,0.9025641025641026,18146525,18147382
180146,180169,0.8934010152284264,18146525,18148314
180172,180180,0.9140164899882215,18148873,18149364
180181,180184,0.9093406593406593,18149404,18149633
180172,180187,0.9162735849056604,18148873,18149842
180181,180191,0.88,18149404,18150292
180181,180197,0.889487870619946,18149404,18150617
180181,180200,0.8861788617886179,18149404,18150871
180181,180208,0.8814016172506739,18149404,18151193
55275,180264,0.9348659003831418,9841659,18156083
180263,180268,0.9041095890410958,18156017,18156341
180172,180277,0.8721198156682027,18148873,18157830
180263,180281,0.908256880733945,18156017,18158044
180172,180286,0.9073001158748552,18148873,18158275
170868,180296,0.8695652173913043,17117031,18159109
180307,180311,0.9235145385587863,18160556,18160645
180307,180312,0.8840937114673243,18160556,18160731
180307,180313,0.8633312995729103,18160556,18160799
180307,180314,0.9242902208201893,18160556,18160871
180334,180335,0.9145907473309609,18163491,18163635
180336,180337,0.9159663865546218,18163680,18163683
180397,180398,0.8523985239852399,18203972,18203974
180420,180421,0.8969072164948454,18205974,18205975
180420,180423,0.9365079365079365,18205974,18206028
133749,180553,0.8529411764705882,14511350,18219219
128222,180556,0.8656716417910447,14147162,18219349
128583,180561,0.8529411764705882,14143966,18219609
180135,180564,0.9840637450199203,18145907,18219942
180589,180591,0.8888888888888888,18221395,18221477
180589,180592,0.8549848942598187,18221395,18221613
180592,180595,0.8666666666666667,18221613,18221715
180612,180617,0.8936708860759494,18223203,18223306
180617,180619,0.9024390243902439,18223306,18223470
180624,180625,0.8692098092643051,18223952,18223954
180617,180635,0.9073569482288828,18223306,18224530
180619,180646,0.8918918918918919,18223470,18224775
180618,180651,0.9713876967095851,18223391,18224841
180646,180651,0.8521970705725699,18224775,18224841
180617,180658,0.9135802469135802,18223306,18225503
180618,180666,0.8768606224627875,18223391,18225835
180612,180669,0.8974683544303798,18223203,18225894
180689,180695,0.8538011695906432,18227986,18228412
169895,180742,0.8978102189781022,17021354,18233136
180764,180773,0.9418604651162791,18234581,18235425
180774,180778,0.8777777777777778,18235579,18235872
175451,180797,0.9295774647887324,17496087,18238401
175455,180798,0.8680555555555556,17497611,18238588
180835,180836,0.9584569732937686,18244653,18244655
180843,180844,0.9563636363636364,18245736,18245739
132893,180857,0.8529411764705882,14438350,18247310
171910,180913,0.9158878504672897,17194404,18250864
180918,180924,0.9319620253164557,18251606,18251770
180918,180926,0.9275590551181102,18251606,18251917
180965,180975,0.8652173913043478,18254962,18255504
127861,181016,0.9833333333333333,14124143,18258362
65041,181050,0.8626373626373627,10374967,18262241
180771,181091,0.9667590027700831,18235176,18267626
179608,181097,0.8703703703703703,18051478,18268068
180316,181101,0.8584474885844748,18161221,18268403
181101,181104,0.8571428571428571,18268403,18268540
181123,181124,0.904,18272304,18272306
169895,181146,0.9111111111111111,17021354,18274018
181159,181161,0.9094202898550725,18275110,18275199
24839,181212,0.8955223880597015,8600532,18277711
122121,181233,0.8756218905472637,13778319,18279300
181232,181233,0.883495145631068,18279252,18279300
181240,181241,0.9057971014492754,18279845,18279846
181253,181254,0.8666666666666667,18280906,18280907
144019,181290,0.9491525423728814,15161767,18283085
128599,181299,0.8615384615384616,14145200,18283426
179144,181323,0.8705882352941177,17901853,18284213
180135,181326,0.8813559322033898,18145907,18284409
180135,181327,0.8696461824953445,18145907,18284410
181363,181364,0.9624060150375939,18287420,18287548
181380,181381,0.9347826086956522,18290100,18290156
181380,181383,0.8762886597938144,18290100,18290201
181405,181406,0.9195402298850575,18294346,18294349
138914,181422,0.8571428571428571,14852828,18295395
171910,181424,0.9065420560747663,17194404,18295515
138656,181449,0.8571428571428571,14835837,18297818
159405,181449,0.8611111111111112,16125357,18297818
171251,181467,0.8571428571428571,17145562,18299000
178067,181516,0.9090909090909091,17999437,18301199
169895,181522,0.9111111111111111,17021354,18301620
169895,181525,0.9111111111111111,17021354,18301855
169895,181529,0.9111111111111111,17021354,18301949
170868,181575,0.8955223880597015,17117031,18306224
173967,181583,0.8980891719745223,17358688,18306849
181591,181601,0.9578947368421052,18308350,18309300
181611,181612,0.8763440860215054,18309906,18309907
181717,181720,0.9828571428571429,18320220,18320342
181725,181726,0.8910256410256411,18320613,18320614
67802,181764,0.8656716417910447,10508736,18323025
162588,181792,0.9504373177842566,16319560,18325931
181798,181800,0.937007874015748,18327208,18327243
181802,181804,0.9099099099099099,18327596,18327666
181802,181805,0.9099099099099099,18327596,18327743
181802,181810,0.9155555555555556,18327596,18327864
114472,181848,0.8666666666666667,13315645,18330291
111407,181862,0.9838709677419355,13131684,18330776
181861,181863,0.9261744966442953,18330768,18330842
181868,181874,0.9452332657200812,18331095,18331216
181877,181879,0.937125748502994,18331691,18331770
181877,181880,0.9047619047619048,18331691,18331830
181877,181882,0.9047619047619048,18331691,18331987
181877,181883,0.9047619047619048,18331691,18332017
147094,181900,0.8547486033519553,15337620,18332654
181902,181908,0.9703264094955489,18332679,18332789
181909,181914,0.9054054054054054,18332816,18333068
171910,181966,1.0,17194404,18340281
148425,181986,0.859375,15431892,18341864
181431,182074,0.8586956521739131,18296195,18349668
181987,182098,0.8974358974358975,18341932,18351101
106233,182119,0.8620689655172413,12825567,18352571
106233,182124,0.8620689655172413,12825567,18353323
157577,182133,0.9586466165413534,15996239,18354241
24839,182173,0.8955223880597015,8600532,18357957
178022,182180,0.937540663630449,17953865,18358575
182181,182182,0.9038461538461539,18358754,18358828
172505,182188,0.8792808219178082,17216370,18359415
172505,182192,0.9002601908065915,17216370,18359707
172505,182197,0.8948275862068965,17216370,18359904
172505,182199,0.8971477960242005,17216370,18360047
162588,182228,0.8649350649350649,16319560,18364001
175331,182295,0.9344262295081968,17879378,18371724
182336,182360,0.8714859437751004,18374406,18375586
112196,182404,0.875,13182358,18379298
175241,182430,0.8857142857142857,17835287,18381153
182437,182438,0.9263157894736842,18382190,18382193
181868,182456,0.9432048681541582,18331095,18384031
63888,182481,0.9021739130434783,10309289,18385110
63888,182484,0.9021739130434783,10309289,18385440
63888,182487,0.8924731182795699,10309289,18385684
172505,182499,0.8623619371282922,17216370,18386985
98284,182501,0.8601398601398601,12326088,18387253
55202,182513,0.9071428571428571,9832440,18387747
180552,182535,0.8922056384742952,18219099,18388778
182644,182645,0.8604651162790697,18396719,18396722
147196,182657,0.8554216867469879,15342221,18397394
182645,182657,0.8690476190476191,18396722,18397394
161279,182677,0.8541666666666666,16226673,18398286
176122,182677,0.8735632183908046,17846349,18398286
176168,182677,0.8735632183908046,17962750,18398286
182720,182722,0.9423868312757202,18399916,18400011
63888,182734,0.8556701030927835,10309289,18400874
103424,182737,0.8541666666666666,12636325,18400972
63888,182740,0.8645833333333334,10309289,18402084
182761,182771,0.9404761904761905,18403961,18404350
176070,182782,0.855072463768116,17541254,18404926
172505,182819,0.8833619210977701,17216370,18406147
170155,182823,0.8857142857142857,17041822,18406300
172505,182826,0.8715986394557823,17216370,18406389
173755,182833,0.9841269841269841,17334779,18406640
182825,182836,0.8894472361809045,18406348,18406759
182836,182844,0.883495145631068,18406759,18407106
182825,182853,0.8522167487684729,18406348,18407408
182836,182865,0.8708133971291866,18406759,18407718
152202,182884,0.9285714285714286,15643467,18408550
182882,182891,0.8647058823529412,18408465,18408726
170156,182905,0.9682539682539683,17042006,18409306
152202,182928,0.9090909090909091,15643467,18410637
152176,182931,0.8840579710144928,15640651,18410705
152202,182953,0.9027777777777778,15643467,18412072
182955,182960,0.9030612244897959,18412575,18412781
180396,182982,0.9849624060150376,18203872,18417827
182441,182982,0.8591549295774648,18382346,18417827
176982,183018,0.8588235294117647,17630360,18421137
128978,183020,0.8805970149253731,14166483,18421230
176113,183030,0.8588235294117647,17560860,18421494
175241,183102,0.8733459357277883,17835287,18427761
179825,183102,0.851024208566108,18077969,18427761
169895,183124,0.9044117647058824,17021354,18428994
169895,183126,0.9044117647058824,17021354,18429183
169895,183127,0.9111111111111111,17021354,18429299
169895,183131,0.9044117647058824,17021354,18429549
169895,183133,0.8978102189781022,17021354,18429663
166343,183134,0.8529411764705882,16695479,18429673
183161,183162,0.8709677419354839,18431363,18431369
177507,183180,0.8888888888888888,17917439,18432650
180181,183214,0.8677248677248677,18149404,18435525
179784,183234,0.8508771929824561,18071255,18436608
175451,183251,0.8581081081081081,17496087,18437999
179782,183253,0.9098360655737705,18070935,18438061
77529,183258,0.8720538720538721,11076285,18438894
183278,183279,0.8733624454148472,18441981,18442175
183291,183297,0.9471698113207547,18443256,18443569
183302,183304,0.8915094339622641,18443964,18444013
63888,183331,0.8863636363636364,10309289,18445797
63890,183331,0.875,10309294,18445797
183338,183339,0.8634146341463415,18446018,18446067
179972,183347,0.889763779527559,18090113,18446359
183366,183372,0.888,18447735,18447869
183366,183373,0.9032258064516129,18447735,18447913
162588,183374,0.8604651162790697,16319560,18447917
162588,183377,0.8567708333333334,16319560,18448140
183385,183387,0.9161676646706587,18448697,18448745
183399,183400,0.9497716894977168,18449783,18449784
171910,183432,0.9619047619047619,17194404,18452684
183484,183490,0.9970326409495549,18466969,18467379
183484,183491,0.8659217877094972,18466969,18467383
183528,183530,0.9366515837104072,18489090,18489209
183528,183531,0.9497716894977168,18489090,18489299
183528,183532,0.9409090909090909,18489090,18489338
183528,183533,0.9409090909090909,18489090,18489483
7946,183543,0.8735632183908046,7907517,18490747
64274,183543,0.9285714285714286,10330372,18490747
183558,183559,0.9532163742690059,18493756,18493758
183558,183560,0.8522727272727273,18493756,18493820
173006,183571,0.9122807017543859,17274549,18496244
183566,183578,0.9107142857142857,18496128,18496421
112189,183579,0.8947368421052632,13181859,18496476
169895,183597,0.917910447761194,17021354,18497038
132940,183621,0.8676470588235294,14458167,18498590
183625,183630,0.8645418326693227,18498663,18499276
128190,183691,0.8507462686567164,14145958,18504719
183742,183743,0.8846153846153846,18509494,18509497
178289,183803,0.851063829787234,18176610,18514436
183808,183810,0.875,18515115,18515322
183830,183831,0.9300699300699301,18519701,18519705
183832,183835,0.9371980676328503,18519833,18520030
116921,183879,0.8518518518518519,13460968,18527831
118917,183903,0.8837209302325582,13575572,18529839
183913,183914,0.9342105263157895,18531503,18531621
131390,183929,0.859375,14346918,18533760
111288,183941,0.8545454545454545,13110509,18534559
183948,183949,0.9,18535259,18535261
55202,184020,0.9071428571428571,9832440,18540854
184012,184031,0.8549107142857143,18540158,18541705
62451,184095,0.9230769230769231,10233139,18547208
63888,184106,0.8556701030927835,10309289,18548210
184143,184148,0.92,18551767,18551769
184168,184169,0.9904306220095693,18554416,18554511
184186,184187,0.9266666666666666,18556297,18556352
184191,184192,0.8838526912181303,18556651,18556653
184204,184205,0.8823529411764706,18557686,18557687
75401,184221,0.8600823045267489,10943110,18561475
128197,184293,0.8615384615384616,14146195,18570725
157577,184301,0.9659090909090909,15996239,18571473
184341,184348,0.8688524590163934,18574280,18574693
184319,184379,0.8850574712643678,18572726,18576297
184378,184390,0.868020304568528,18576221,18576776
127886,184395,0.8571428571428571,14125150,18576954
184378,184405,0.8900523560209425,18576221,18577256
184435,184436,0.9106699751861043,18580149,18580156
139238,184460,0.8923076923076924,14874625,18583813
112652,184474,0.8769230769230769,13205530,18584907
171481,184485,0.9206349206349206,17165324,18585785
175102,184509,0.9234449760765551,17467673,18587491
184508,184510,0.9511343804537522,18587468,18587660
184522,184523,0.9105691056910569,18589582,18589585
184287,184525,0.8836206896551724,18570186,18589838
184287,184526,0.8836206896551724,18570186,18589966
184538,184539,0.9135135135135135,18590492,18590546
184548,184549,0.9095744680851063,18591177,18591178
180552,184562,0.9515570934256056,18219099,18594928
182579,184593,0.8756756756756757,18393398,18597193
174667,184625,0.8656716417910447,17423308,18600874
107433,184627,0.8936170212765957,12894212,18600971
132592,184628,0.8636363636363636,14410983,18600974
151833,184634,0.8924731182795699,15623215,18601337
143659,184656,0.8769230769230769,15144991,18602880
128250,184665,0.8529411764705882,14148865,18603643
180617,184671,0.8852901484480432,18223306,18604744
128608,184693,0.8823529411764706,14145888,18606076
76565,184699,0.8817204301075269,11022887,18606608
63888,184704,0.8829787234042553,10309289,18607164
177659,184715,0.8615384615384616,18115898,18607809
128588,184721,0.8615384615384616,14144154,18608097
148434,184721,0.8615384615384616,15432294,18608097
180617,184728,0.9005449591280654,18223306,18609132
180617,184741,0.9135802469135802,18223306,18611145
127861,184747,0.9666666666666667,14124143,18611749
184782,184783,0.9315068493150684,18633200,18633201
184842,184844,0.8678414096916299,18637841,18637976
184842,184846,0.9032258064516129,18637841,18638035
184856,184860,0.8791946308724832,18638305,18638384
167518,184875,0.8727272727272727,16795271,18638777
184878,184879,0.8961038961038961,18638938,18638939
184915,184916,0.9753086419753086,18643296,18643299
184917,184918,0.9426229508196722,18643552,18643554
184931,184932,0.8698224852071006,18646140,18646192
55186,184942,0.8862068965517241,9831974,18647188
55186,184943,0.8566666666666667,9831974,18647251
180619,184971,0.8866120218579235,18223470,18651222
180617,184976,0.8852901484480432,18223306,18651320
55186,184977,0.8566666666666667,9831974,18651449
55186,184982,0.8595317725752508,9831974,18651686
56292,184983,0.8566666666666667,9895878,18651974
55186,184985,0.8538205980066446,9831974,18652510
55186,184987,0.8711864406779661,9831974,18652760
185020,185021,0.935064935064935,18655508,18655511
62451,185033,0.9131147540983606,10233139,18656362
63888,185042,0.8924731182795699,10309289,18656673
175108,185087,0.8627819548872181,17469681,18659009
175108,185094,0.8821292775665399,17469681,18659266
175241,185098,0.8747628083491461,17835287,18659485
185093,185099,0.868421052631579,18659260,18659794
185093,185109,0.868421052631579,18659260,18660414
185126,185127,0.908745247148289,18661010,18661014
127302,185137,0.9634146341463414,14087434,18661730
185129,185161,0.9088050314465409,18661053,18663014
185247,185249,0.8575268817204301,18669959,18670120
185249,185250,0.8858695652173914,18670120,18670192
185251,185253,0.865979381443299,18670262,18670344
185254,185255,0.9629629629629629,18670571,18670574
180618,185274,0.8797297297297297,18223391,18671807
180617,185276,0.8993197278911564,18223306,18671845
180617,185279,0.850132625994695,18223306,18671872
180619,185282,0.8971583220568335,18223470,18671920
180617,185284,0.9005449591280654,18223306,18671958
111243,185302,0.9818181818181818,13104543,18673233
185335,185336,0.8709677419354839,18679345,18679347
180552,185357,0.9530434782608695,18219099,18681764
185380,185383,0.9822485207100592,18684906,18685072
185380,185387,0.9476744186046512,18684906,18685416
185380,185389,0.9704142011834319,18684906,18685529
185403,185407,0.8713450292397661,18686281,18686583
55202,185468,0.8975265017667845,9832440,18691049
171823,185471,0.925,17190857,18691127
131390,185500,0.8571428571428571,14346918,18692715
185555,185558,0.8761467889908257,18696752,18696910
185578,185579,0.8846153846153846,18698763,18698769
185633,185634,0.9272727272727272,18702595,18702598
137647,185653,0.85,14759016,18704928
111243,185654,0.85,13104543,18705007
153241,185724,0.859375,15713095,18713240
157715,185724,0.9180327868852459,16001800,18713240
173890,185726,0.9224806201550387,17318036,18713503
185751,185752,0.9347826086956522,18715223,18715226
185750,185759,0.8675496688741722,18715143,18715612
185750,185760,0.8752834467120182,18715143,18715813
169101,185786,0.875,16951627,18717624
128190,185791,0.8615384615384616,14145958,18717879
185794,185795,0.8535353535353535,18718003,18718006
185794,185818,0.9012987012987013,18718003,18719154
77472,185864,0.8517110266159695,11074927,18721786
185874,185875,0.9538461538461539,18722068,18722071
185762,185921,0.9256198347107438,18716002,18726247
185922,185923,0.9624060150375939,18726268,18726670
132893,185924,0.8656716417910447,14438350,18726698
182369,185940,0.9107981220657277,18376779,18736236
185972,185973,0.9618055555555556,18738770,18738771
76565,185984,0.9425287356321839,11022887,18740375
63890,186096,0.896551724137931,10309294,18814783
178828,186096,0.9120879120879121,17871348,18814783
186099,186104,0.9487951807228916,18815056,18815188
186105,186106,0.956140350877193,18815251,18815275
186125,186127,0.9813278008298755,18816136,18816307
84989,186158,0.908256880733945,11506256,18818255
84989,186159,0.8795180722891566,11506256,18818345
186181,186184,0.8609271523178808,18823608,18823714
144486,186193,0.8934782608695652,15186940,18825121
139941,186218,0.8548387096774194,14921675,18827970
186221,186222,0.9859154929577465,18828160,18828162
133835,186223,0.8676470588235294,14519872,18828305
186239,186240,0.934020618556701,18829873,18829874
118323,186241,0.9075268817204301,13537651,18830046
184460,186268,0.8636363636363636,18583813,18831971
186271,186272,0.9211356466876972,18832073,18832075
155282,186275,0.8571428571428571,15836321,18832366
186278,186281,0.9693486590038314,18832555,18832793
55202,186293,0.8996539792387543,9832440,18833900
186275,186316,0.8852459016393442,18832366,18834866
127861,186322,0.9666666666666667,14124143,18835227
166926,186330,0.8562091503267973,16715640,18835506
128599,186337,0.8615384615384616,14145200,18835806
128581,186352,0.8656716417910447,14143900,18836681
161392,186352,0.8507462686567164,16240178,18836681
164174,186353,0.8524590163934426,16473224,18836712
140307,186354,0.8524590163934426,14943865,18836713
128222,186366,0.8656716417910447,14147162,18837752
128597,186368,0.8656716417910447,14145070,18837831
147512,186375,0.8571428571428571,15370470,18838583
186404,186405,0.925531914893617,18842109,18842173
45156,186443,0.8907103825136612,9338860,18853228
84160,186444,0.8633879781420765,11449933,18853230
186446,186451,0.8958333333333334,18853337,18854832
186463,186465,0.8863049095607235,18856887,18857108
186478,186479,0.853448275862069,18859232,18859236
129534,186496,0.8545454545454545,14218598,18860409
186489,186497,1.0,18860104,18860440
138916,186525,0.8636363636363636,14854908,18862279
164915,186540,0.8548387096774194,16567118,18863152
186314,186547,0.8695652173913043,18834797,18863464
162326,186581,0.955,16299813,18865621
145129,186582,0.9747474747474747,15204962,18865623
177096,186599,0.855072463768116,17882809,18866609
179822,186607,0.8571428571428571,18077536,18867256
186304,186619,0.9482758620689655,18834307,18867873
144019,186620,0.8548387096774194,15161767,18867875
180617,186627,0.9005449591280654,18223306,18868051
180612,186654,0.87375,18223203,18869702
180617,186658,0.8674698795180723,18223306,18869905
186653,186666,0.8928571428571429,18869628,18870428
180617,186667,0.8902439024390244,18223306,18870455
135598,186669,0.8571428571428571,14632385,18870552
132940,186688,0.855072463768116,14458167,18871519
24771,186714,0.9206349206349206,8596984,18873826
186750,186756,0.8571428571428571,18876197,18876498
186766,186769,0.9659863945578231,18877355,18877439
186653,186776,0.945859872611465,18869628,18877679
186778,186782,0.9727626459143969,18877878,18878061
186789,186791,0.9020979020979021,18878705,18878863
144987,186794,0.976,15215802,18878976
186856,186858,0.8805970149253731,18889044,18889046
186864,186865,0.8621794871794872,18889405,18889407
113154,186874,0.875,13233131,18889851
55186,186899,0.900709219858156,9831974,18891663
55186,186901,0.9777777777777777,9831974,18891828
55186,186904,0.9814126394052045,9831974,18891968
180617,186914,0.9080932784636488,18223306,18892781
180617,186916,0.8975741239892183,18223306,18892864
180617,186920,0.9005449591280654,18223306,18892954
180619,186924,0.856760374832664,18223470,18893122
180617,186932,0.8624833110814419,18223306,18893465
128190,186958,0.8507462686567164,14145958,18894967
186910,186977,0.8850574712643678,18892564,18896203
184709,186979,0.859375,18607583,18896287
186970,187056,0.9136125654450262,18895655,18900835
164935,187071,0.8523489932885906,16568326,18901694
177837,187083,0.9482758620689655,17753141,18902398
186970,187088,0.9041450777202072,18895655,18902954
186970,187093,0.9088541666666666,18895655,18903079
180366,187128,0.98,18166639,18904955
186263,187131,0.9090909090909091,18831560,18905115
187183,187184,0.9659284497444633,18909923,18909924
187194,187198,0.9133858267716536,18910619,18910749
187194,187201,0.9206349206349206,18910619,18910836
127529,187254,0.9190600522193212,14100632,18917215
127529,187256,0.9361702127659575,14100632,18917310
187270,187271,0.8762886597938144,18920413,18920414
187295,187302,0.89171974522293,18923732,18924130
181290,187314,0.8524590163934426,18283085,18924917
187319,187326,0.945054945054945,18925462,18925728
187319,187331,0.945054945054945,18925462,18925917
187421,187428,0.9147286821705426,18932969,18933127
127861,187435,0.8888888888888888,14124143,18933420
134448,187441,0.8571428571428571,14535908,18933625
143711,187443,0.8529411764705882,15147599,18933736
187474,187481,0.8584070796460177,18935943,18936392
68607,187545,0.8648648648648649,10556360,18941450
187295,187566,0.9210526315789473,18923732,18943103
187295,187569,0.9150326797385621,18923732,18943233
187295,187572,0.9150326797385621,18923732,18943282
159292,187576,0.8611898016997167,16098100,18943425
160172,187576,0.8611898016997167,16139420,18943425
187593,187595,0.972972972972973,18944480,18944554
183338,187606,0.9393939393939394,18446018,18945269
187614,187615,0.8933333333333333,18947012,18947133
187614,187618,0.9121621621621622,18947012,18947195
187624,187625,0.9616858237547893,18948015,18948016
187648,187652,0.9375,18951782,18951852
185497,187654,0.8656716417910447,18692621,18951893
179053,187670,0.8869565217391304,17894643,18953290
145841,187676,0.9712643678160919,15265124,18953768
127858,187690,0.890625,14123918,18955475
187079,187694,0.926829268292683,18902201,18955676
187079,187695,0.9221411192214112,18902201,18955678
128613,187719,0.8571428571428571,14148184,18957367
138176,187721,0.921875,14796340,18957444
127861,187722,0.8615384615384616,14124143,18957447
187704,187736,0.926605504587156,18956534,18958159
187736,187747,0.8972809667673716,18958159,18958591
158936,187776,0.890625,16078571,18960353
187788,187789,0.9090909090909091,18960974,18960983
128608,187803,0.855072463768116,14145888,18961614
187779,187813,0.9363057324840764,18960497,18962175
130240,187842,0.855072463768116,14269399,18964131
139022,187871,0.8656716417910447,14860532,18966897
184842,187897,0.8873873873873874,18637841,18970953
55186,187910,0.8888888888888888,9831974,18971896
187955,187958,0.8793103448275862,18975213,18975293
187955,187959,0.8632478632478633,18975213,18975335
55186,188036,0.974169741697417,9831974,18982525
55186,188040,0.974169741697417,9831974,18982634
55186,188043,0.8706293706293706,9831974,18982744
55186,188056,0.9705882352941176,9831974,18983166
188055,188059,0.965034965034965,18983150,18983201
55186,188063,0.974169741697417,9831974,18983359
188069,188083,0.9213973799126638,18983612,18984353
167518,188087,0.8755760368663594,16795271,18984646
167518,188094,0.8755760368663594,16795271,18984826
188121,188122,0.9807692307692307,18986709,18986772
188121,188125,0.9807692307692307,18986709,18986841
188135,188137,0.9313725490196079,18987134,18987146
188177,188178,0.927710843373494,18989472,18989473
16635,188195,1.0,8302866,18991748
2440,188197,0.9428571428571428,7623377,18991773
179400,188279,0.8518518518518519,18032400,18995228
188298,188303,0.9654088050314465,18995843,18996065
188358,188360,0.9411764705882353,19003054,19003267
62660,188393,0.95,10245295,19006684
130308,188453,0.9508196721311475,14261030,19010740
180617,188554,0.9024390243902439,18223306,19016695
180617,188577,0.903137789904502,18223306,19018855
180617,188582,0.8851174934725848,18223306,19018974
188121,188590,0.8923884514435696,18986709,19019737
188611,188614,0.8619631901840491,19021949,19022080
188619,188620,0.8604118993135011,19022968,19022971
188619,188625,0.8883720930232558,19022968,19023181
188619,188626,0.9105882352941177,19022968,19023182
166933,188639,0.9283154121863799,16715765,19024815
177214,188669,0.8522727272727273,18042752,19029028
188677,188678,0.855072463768116,19031846,19031848
188668,188719,0.9345088161209067,19028847,19037182
142172,188723,0.8884758364312267,15053060,19037449
188734,188735,0.9096045197740112,19038533,19038534
186963,188849,0.8548387096774194,18895375,19046019
161434,188858,0.90625,16242222,19046214
181468,188858,0.873015873015873,18299003,19046214
145129,188892,0.8985148514851485,15204962,19048181
188668,188896,0.9692307692307692,19028847,19048444
162443,188898,0.8923076923076924,16310523,19048774
186613,188898,0.8615384615384616,18867618,19048774
188980,188982,0.9493670886075949,19055625,19055627
189017,189021,0.9581589958158996,19057664,19057726
189011,189032,0.954954954954955,19057524,19058334
60176,189033,0.9503342884431709,10101391,19058395
189011,189035,0.9772209567198178,19057524,19058433
60176,189036,0.9260991580916744,10101391,19058478
181879,189040,0.8670520231213873,18331770,19058615
60176,189042,0.9235074626865671,10101391,19058654
60176,189043,0.9440227703984819,10101391,19058735
181877,189045,0.9050445103857567,18331691,19058893
181877,189050,0.8794117647058823,18331691,19059464
164176,189084,0.8823529411764706,16473340,19062464
189089,189090,0.9338842975206612,19062630,19062632
175817,189092,0.9014084507042254,17532371,19062768
189091,189094,0.9487179487179487,19062764,19062821
189112,189115,0.8807339449541285,19066517,19066636
189148,189149,0.9285714285714286,19069341,19069500
189148,189152,0.9404761904761905,19069341,19069618
189148,189164,0.9461077844311377,19069341,19070362
189148,189169,0.9939024390243902,19069341,19070561
189181,189190,0.9746835443037974,19071530,19072207
118450,189256,0.8703703703703703,13544623,19078160
180617,189280,0.9005449591280654,18223306,19079717
188552,189281,0.979498861047836,19016623,19079876
127876,189314,0.90625,14124831,19083934
189329,189360,0.9487179487179487,19085854,19088762
189391,189396,0.925,19092297,19092503
177250,189451,0.8601398601398601,18075728,19099710
177568,189451,0.8776223776223776,17999322,19099710
181971,189451,0.8636363636363636,18340672,19099710
164915,189508,0.8548387096774194,16567118,19104132
164599,189532,0.8524590163934426,16539899,19105416
188505,189532,0.9482758620689655,19013806,19105416
189535,189537,0.9212598425196851,19105757,19105759
143688,189539,0.8571428571428571,15146638,19106085
189582,189584,0.9903381642512077,19109305,19109520
189586,189587,0.8688524590163934,19109734,19109738
186304,189603,0.8524590163934426,18834307,19111181
189664,189665,0.966996699669967,19115834,19115842
75529,189731,0.861271676300578,10952101,19120722
77942,189733,0.8628571428571429,11103894,19120826
189762,189763,0.9541284403669725,19123510,19123514
189794,189797,0.8823529411764706,19126309,19126858
189824,189825,0.8728070175438597,19129896,19129897
189849,189850,0.9125,19131673,19131675
189856,189861,0.9580838323353293,19132563,19132841
184962,189907,0.9344262295081968,18650323,19134895
63890,189919,0.8723404255319149,10309294,19135599
145516,189924,0.9590443686006825,15249641,19135981
186274,189932,0.9180327868852459,18832365,19136571
189955,189958,0.8852459016393442,19137763,19138040
145516,189974,0.9297658862876255,15249641,19138854
189989,189993,0.961038961038961,19139578,19139790
177387,189997,0.8566775244299675,17674135,19140032
189577,189997,0.881619937694704,19108975,19140032
177387,189998,0.8538961038961039,17674135,19140033
9363,190072,0.8636363636363636,7974537,19170193
176109,190079,0.8651685393258427,17559698,19172507
190082,190083,0.96051227321238,19172825,19172826
175221,190156,0.9523809523809523,17799147,19179844
190199,190204,0.95,19182436,19182982
190246,190258,0.9347826086956522,19202382,19202859
190285,190287,0.9763313609467456,19207933,19208060
190302,190303,1.0,19209928,19209930
186366,190304,0.8507462686567164,18837752,19210047
31985,190311,0.9438943894389439,8823714,19210652
145246,190339,0.8923076923076924,15227445,19211661
185497,190343,0.8955223880597015,18692621,19211782
132231,190349,0.8805970149253731,14400877,19211895
188849,190355,0.9491525423728814,19046019,19212221
116423,190399,0.9052631578947369,13435876,19214724
190398,190404,0.9490740740740741,19214717,19214868
190398,190406,0.9447004608294931,19214717,19214981
190398,190408,0.9490740740740741,19214717,19215101
186970,190413,0.9052631578947369,18895655,19215686
175241,190428,0.8785578747628083,17835287,19216823
183102,190433,0.8842504743833017,18427761,19217032
186970,190437,0.897172236503856,18895655,19217093
127529,190456,0.9312169312169312,14100632,19219066
190475,190480,0.9448275862068966,19220504,19220689
190475,190485,0.8855218855218855,19220504,19220808
190486,190487,0.9119496855345912,19220844,19220846
186625,190499,0.8788659793814433,18867952,19221710
171946,190501,0.8529411764705882,17196543,19221801
186970,190503,0.9018087855297158,18895655,19221894
55202,190509,0.8809523809523809,9832440,19222262
190445,190510,0.8941798941798942,19217517,19222426
184124,190577,0.9230769230769231,18549487,19234276
190576,190579,0.8740740740740741,19234217,19234288
190579,190580,0.8978102189781022,19234288,19234379
183666,190632,0.8529411764705882,18502533,19241650
190656,190657,0.8783783783783784,19243981,19243984
190644,190682,0.8577235772357723,19243364,19245265
164645,190695,0.8591549295774648,16543725,19245803
190644,190708,0.9188034188034188,19243364,19246489
111243,190735,0.85,13104543,19251392
122455,190780,0.8793103448275862,13794849,19267554
190803,190807,0.9550561797752809,19271746,19272174
190836,190837,0.8704318936877077,19274499,19274500
190851,190858,0.9506726457399103,19275447,19275814
184141,190920,0.9060402684563759,18551098,19279263
162588,190943,0.875,16319560,19280422
165309,190994,0.903448275862069,16596020,19285419
190988,190998,0.9468085106382979,19285030,19285521
189604,191018,0.8990825688073395,19111214,19287077
132940,191030,0.855072463768116,14458167,19288451
191031,191032,0.8688524590163934,19288460,19288462
175108,191057,0.952755905511811,17469681,19309114
62451,191077,0.9554794520547946,10233139,19336702
191084,191085,0.937007874015748,19337044,19337104
191145,191146,0.90625,19341576,19341577
191187,191189,0.9043062200956937,19343982,19344025
191191,191192,0.8527131782945736,19344247,19344250
191221,191222,0.864406779661017,19351425,19351427
191160,191237,0.8936170212765957,19342014,19353944
191239,191240,0.9621621621621622,19354154,19354385
128190,191245,0.8507462686567164,14145958,19354868
157314,191308,0.8615384615384616,15982882,19358881
191320,191324,0.9761904761904762,19359546,19359771
191335,191336,0.85,19360630,19360631
191341,191377,0.9053254437869822,19361119,19364361
191408,191409,0.9506172839506173,19378583,19378584
191341,191436,0.9337349397590361,19361119,19382613
99273,191464,0.869653767820774,12383518,19385905
191376,191470,0.9382716049382716,19364179,19386449
99273,191473,0.8623481781376519,12383518,19386850
191474,191476,0.9728260869565217,19386887,19387055
99273,191478,0.857429718875502,12383518,19387282
85471,191488,0.8856548856548857,11538452,19388555
190346,191497,0.9649122807017544,19211846,19389476
191508,191509,0.87,19410897,19410898
99273,191547,0.8734177215189873,12383518,19416629
191561,191562,0.9385474860335196,19418280,19418286
165309,191609,0.8766233766233766,16596020,19422323
186330,191609,0.8516129032258064,18835506,19422323
190054,191675,0.9452054794520548,19160428,19448899
191684,191688,0.9386503067484663,19449848,19449980
186602,191753,0.8524590163934426,18866792,19456689
128608,191776,0.9104477611940298,14145888,19458954
191841,191842,0.890625,19512785,19512820
48968,191880,0.9003115264797508,9512356,19515471
191907,191909,0.9156626506024096,19516464,19516632
191908,191911,0.8857142857142857,19516585,19516656
191907,191919,0.9254032258064516,19516464,19516975
144987,191946,0.8712121212121212,15215802,19518092
191945,191950,0.9137931034482759,19518091,19518252
191954,191955,0.9473684210526315,19518554,19518556
153978,191963,0.875,15758869,19519319
191966,191967,0.8903508771929824,19520049,19520128
190665,192153,0.9540918163672655,19244394,19534663
180617,192184,0.850132625994695,18223306,19537351
180617,192186,0.850132625994695,18223306,19537437
192211,192229,0.9749216300940439,19538888,19539853
192211,192230,0.9384615384615385,19538888,19539855
192218,192232,0.9242424242424242,19539294,19539959
192218,192236,0.9242424242424242,19539294,19540219
189079,192291,0.8881118881118881,19062174,19546691
192058,192291,0.9242424242424242,19528030,19546691
192133,192291,0.8540145985401459,19532432,19546691
192045,192335,0.8507462686567164,19527338,19554234
192317,192373,0.8823529411764706,19553119,19556849
186354,192399,0.9649122807017544,18836713,19558258
9175,192430,0.8793103448275862,7965759,19560361
42765,192430,0.9151079136690647,9216642,19560361
191907,192434,0.9429735234215886,19516464,19560900
129058,192443,0.8571428571428571,14191485,19561687
174564,192443,0.8870967741935484,17411628,19561687
192470,192473,0.8959390862944162,19563937,19564081
173459,192484,0.8787878787878788,17314250,19564770
190695,192484,0.8970588235294118,19245803,19564770
192504,192508,0.9107692307692308,19567406,19567876
192504,192513,0.8818181818181818,19567406,19568159
192529,192538,0.926829268292683,19570613,19571339
192560,192561,0.8581560283687943,19573223,19573224
192596,192597,0.9850374064837906,19576532,19576580
192600,192601,0.9,19576905,19576907
192622,192623,0.856,19579710,19579711
160342,192669,0.8507462686567164,16176159,19587722
192045,192683,0.90625,19527338,19588399
144560,192697,0.8823529411764706,15181488,19589926
176113,192697,0.8823529411764706,17560860,19589926
176122,192697,0.872093023255814,17846349,19589926
192728,192729,0.8666666666666667,19593453,19593454
192754,192756,1.0,19612708,19612854
192754,192757,0.9507389162561576,19612708,19612856
192783,192785,0.9919354838709677,19618778,19619011
192536,192786,0.9224806201550387,19571272,19619014
192783,192791,0.9147286821705426,19618778,19619615
192536,192808,0.984,19571272,19620824
192729,192834,0.8738317757009346,19593454,19622749
162533,192839,0.9333333333333333,16314552,19623125
138916,192843,0.8615384615384616,14854908,19623835
192874,192876,0.9104477611940298,19625646,19625774
192783,192885,0.9044117647058824,19618778,19626387
192536,192890,0.9117647058823529,19571272,19626956
185093,192892,0.868421052631579,18659260,19627234
192473,192900,0.8886075949367088,19564081,19628144
192536,192908,0.976,19571272,19628644
192536,192911,0.9253731343283582,19571272,19628868
192783,192919,0.8931297709923665,19618778,19629243
135598,192920,0.9666666666666667,14632385,19629389
170155,192930,0.8611111111111112,17041822,19630629
192219,192961,0.9459459459459459,19539483,19632675
192783,192964,0.9007633587786259,19618778,19632731
192791,192992,0.9117647058823529,19619615,19634992
192828,193002,0.9224806201550387,19622482,19635540
192536,193021,0.976,19571272,19636891
193029,193031,0.9223880597014925,19637882,19637978
193029,193033,0.9664634146341463,19637882,19638079
192783,193049,0.9147286821705426,19618778,19652131
192785,193050,0.8507462686567164,19619011,19652649
192536,193055,0.9253731343283582,19571272,19653208
192536,193057,0.9253731343283582,19571272,19653307
192536,193063,0.9153846153846154,19571272,19653815
192536,193087,0.9253731343283582,19571272,19655947
193085,193090,0.9197860962566845,19655854,19656115
192785,193092,0.85,19619011,19656255
193085,193093,0.9456521739130435,19655854,19656280
162533,193103,0.9333333333333333,16314552,19656892
192536,193147,0.9185185185185185,19571272,19660199
192536,193151,0.9253731343283582,19571272,19660333
45156,193155,0.8852459016393442,9338860,19660469
146143,193175,0.8571428571428571,15282479,19662129
45156,193181,0.8756756756756757,9338860,19662387
192536,193184,0.9253731343283582,19571272,19662629
192783,193186,0.8613138686131386,19618778,19662717
163583,193190,0.8507462686567164,16418484,19662980
192536,193197,0.9051094890510949,19571272,19663501
192783,193208,0.9,19618778,19665014
192536,193213,0.9323308270676691,19571272,19665660
192783,193214,0.855072463768116,19618778,19665742
162426,193225,0.8615384615384616,16309819,19666811
192221,193227,0.9459459459459459,19539500,19667083
190920,193232,0.868421052631579,19279263,19667400
181121,193236,0.88125,18272006,19668002
193050,193241,0.9117647058823529,19652649,19668752
193230,193259,0.8708010335917312,19667142,19672416
193282,193283,0.9035294117647059,19674180,19674181
170161,193385,0.8670520231213873,17042259,19684090
177806,193385,0.8559556786703602,17751299,19684090
69441,193392,0.851063829787234,10601304,19684411
193418,193419,0.8904593639575972,19685289,19685328
193418,193422,0.8551236749116607,19685289,19685421
193435,193449,0.863481228668942,19685918,19686380
193440,193449,0.9640287769784173,19686066,19686380
193466,193467,0.9038461538461539,19688939,19688940
181941,193496,0.8588957055214724,18337316,19691465
193514,193515,0.9628252788104089,19692667,19692719
19636,193542,0.8931297709923665,8432078,19693709
193555,193556,0.859375,19694212,19694228
193571,193572,0.8876404494382022,19695596,19695598
193049,193605,0.9117647058823529,19652131,19704843
192783,193607,0.855072463768116,19618778,19705235
192536,193612,0.9037037037037037,19571272,19706474
193049,193613,0.9111111111111111,19652131,19706476
192536,193625,0.9758064516129032,19571272,19711463
192536,193628,0.9104477611940298,19571272,19712285
192536,193630,0.9253731343283582,19571272,19712683
192791,193635,0.85,19619615,19714932
132231,193637,0.8529411764705882,14400877,19716266
157302,193637,0.9076923076923077,15982189,19716266
9568,193666,0.8883610451306413,7985306,19726554
193699,193700,0.8957055214723927,19729969,19730057
193735,193737,0.8530805687203792,19735618,19735801
193213,193761,0.8551724137931035,19665660,19737079
128250,193767,0.8529411764705882,14148865,19737297
129866,193770,0.9253731343283582,14245429,19737612
192536,193778,0.9224806201550387,19571272,19737968
192664,193782,0.9066666666666666,19587179,19738206
193814,193818,0.9214285714285714,19740183,19740362
193840,193841,0.967930029154519,19741330,19741331
193856,193861,0.9565217391304348,19742022,19742180
193859,193863,0.8962264150943396,19742107,19742212
193859,193866,0.8553846153846154,19742107,19742301
105428,193873,0.9622641509433962,12768921,19742858
193865,193878,0.9479768786127167,19742266,19743182
192536,193922,0.8686131386861314,19571272,19747235
192791,193923,0.8814814814814815,19619615,19747238
189892,193949,0.9482758620689655,19134205,19749199
192536,193953,0.9069767441860465,19571272,19749257
192783,193962,0.9147286821705426,19618778,19749740
192791,193971,0.8769230769230769,19619615,19750490
192536,193972,0.952,19571272,19750502
192536,193973,0.968,19571272,19750506
192536,193974,0.952,19571272,19750509
193978,193979,0.8893805309734514,19750819,19750821
193984,193987,0.8910505836575876,19751283,19751573
193984,193992,0.9596774193548387,19751283,19751926
192783,194001,0.9069767441860465,19618778,19752902
128599,194003,0.8923076923076924,14145200,19753279
194019,194023,0.9166666666666666,19758965,19759613
194019,194025,0.8853046594982079,19758965,19760480
190401,194034,0.8638743455497382,19214818,19764384
192664,194035,0.958904109589041,19587179,19767061
192536,194072,0.9153846153846154,19571272,19775630
192536,194081,0.8561151079136691,19571272,19776427
192536,194091,0.9253731343283582,19571272,19776779
192536,194093,0.9323308270676691,19571272,19776891
128222,194109,0.8955223880597015,14147162,19778375
194110,194115,0.8557213930348259,19778535,19778819
192536,194134,0.9185185185185185,19571272,19779603
192783,194136,0.855072463768116,19618778,19779696
192536,194141,0.9393939393939394,19571272,19779906
192536,194156,0.9224806201550387,19571272,19780796
192785,194161,0.85,19619011,19781162
192783,194162,0.8992248062015504,19618778,19781274
192791,194194,0.9117647058823529,19619615,19783406
192536,194200,0.9185185185185185,19571272,19783654
192785,194225,0.8561151079136691,19619011,19785969
192783,194227,0.855072463768116,19618778,19786203
192536,194228,0.9185185185185185,19571272,19786244
192536,194231,0.9185185185185185,19571272,19786427
192536,194235,0.9393939393939394,19571272,19786703
192536,194239,0.9185185185185185,19571272,19786843
192536,194240,0.9051094890510949,19571272,19786873
192536,194241,0.9185185185185185,19571272,19786929
192791,194277,0.9185185185185185,19619615,19789338
192536,194282,0.9253731343283582,19571272,19789899
192536,194287,0.9253731343283582,19571272,19790117
192536,194289,0.9838709677419355,19571272,19790202
192783,194290,0.9140625,19618778,19790204
194294,194295,0.8837209302325582,19790628,19790863
192536,194302,0.976,19571272,19791439
192536,194306,0.8794326241134752,19571272,19791691
127687,194331,0.8578947368421053,14111612,19794295
194331,194332,0.8983957219251337,19794295,19794470
192536,194378,0.9253731343283582,19571272,19805987
194437,194438,0.9050279329608939,19876757,19876821
192536,194439,0.9185185185185185,19571272,19876899
192536,194441,0.9051094890510949,19571272,19877017
192536,194442,0.9253731343283582,19571272,19877018
192536,194443,0.9323308270676691,19571272,19877028
192536,194448,0.9117647058823529,19571272,19877234
192536,194449,0.9117647058823529,19571272,19877236
192536,194451,0.9117647058823529,19571272,19877320
192536,194452,0.9185185185185185,19571272,19877321
192536,194453,0.9185185185185185,19571272,19877323
192791,194454,0.8623188405797102,19619615,19877347
192536,194460,0.8985507246376812,19571272,19878464
192786,194467,0.9117647058823529,19619014,19878848
192536,194468,0.9185185185185185,19571272,19878849
192536,194469,0.9051094890510949,19571272,19878850
192536,194470,0.9117647058823529,19571272,19878851
193049,194478,0.9117647058823529,19652131,19879092
192536,194483,0.9117647058823529,19571272,19879319
192536,194484,0.9117647058823529,19571272,19879320
192536,194485,0.9111111111111111,19571272,19879322
192536,194493,0.9117647058823529,19571272,19879638
192536,194494,0.9323308270676691,19571272,19879640
192785,194499,0.8561151079136691,19619011,19879778
192536,194501,0.9185185185185185,19571272,19879804
192536,194503,0.9117647058823529,19571272,19879976
192536,194504,0.9117647058823529,19571272,19879979
192536,194505,0.9117647058823529,19571272,19879981
192536,194511,0.9185185185185185,19571272,19880135
194516,194517,0.9041916167664671,19880165,19880166
192536,194518,0.9117647058823529,19571272,19880321
192536,194519,0.9323308270676691,19571272,19880322
192536,194520,0.8978102189781022,19571272,19880323
192791,194522,0.8623188405797102,19619615,19880358
192536,194523,0.8840579710144928,19571272,19880359
192536,194528,0.9051094890510949,19571272,19880640
192791,194531,0.85,19619615,19880776
193050,194534,0.8985507246376812,19652649,19880866
192536,194535,0.9117647058823529,19571272,19880872
194307,194535,0.8581081081081081,19791704,19880872
193050,194536,0.9117647058823529,19652649,19880876
194540,194543,0.9152542372881356,19881165,19881233
192536,194561,0.9117647058823529,19571272,19881886
173967,194569,0.8764186633039092,17358688,19882122
194575,194576,0.8775510204081632,19882272,19882273
185093,194601,0.868421052631579,18659260,19883496
194604,194607,0.9358288770053476,19883521,19883587
111104,194610,0.8771929824561403,13118387,19883818
194641,194646,0.9746835443037974,19886153,19886333
192664,194661,0.9228187919463087,19587179,19890218
192536,194672,0.9153846153846154,19571272,19891980
193049,194681,0.8905109489051095,19652131,19892347
192536,194682,0.9117647058823529,19571272,19892349
193050,194683,0.9051094890510949,19652649,19892351
192536,194685,0.9051094890510949,19571272,19892447
192536,194686,0.9044117647058824,19571272,19892449
194675,194692,0.8865546218487395,19892056,19892584
192791,194696,0.8623188405797102,19619615,19893060
193050,194697,0.9117647058823529,19652649,19893061
192536,194698,0.9051094890510949,19571272,19893065
192536,194702,0.9117647058823529,19571272,19893251
192536,194718,0.9253731343283582,19571272,19894319
192536,194719,0.9323308270676691,19571272,19894320
192536,194720,0.9538461538461539,19571272,19894324
192536,194721,0.9185185185185185,19571272,19894329
192536,194722,0.9323308270676691,19571272,19894331
194725,194726,0.9205298013245033,19894463,19894465
192536,194739,0.85,19571272,19895218
192536,194740,0.8985507246376812,19571272,19895220
192536,194746,0.9051094890510949,19571272,19895507
193050,194747,0.9117647058823529,19652649,19895510
192536,194754,0.9153846153846154,19571272,19895757
192536,194758,0.8985507246376812,19571272,19895999
192536,194769,0.9117647058823529,19571272,19896350
128192,194771,0.9206349206349206,14146145,19896453
192536,194787,0.9051094890510949,19571272,19897030
192536,194789,0.9253731343283582,19571272,19897033
192536,194790,0.9117647058823529,19571272,19897034
192536,194794,0.9117647058823529,19571272,19897200
192536,194795,0.9253731343283582,19571272,19897201
192536,194799,0.9051094890510949,19571272,19897592
192536,194803,0.9153846153846154,19571272,19897797
192536,194832,0.9051094890510949,19571272,19899763
192536,194834,0.9323308270676691,19571272,19899860
192536,194835,0.9253731343283582,19571272,19899872
194833,194838,0.9047619047619048,19899829,19900164
192536,194842,0.9253731343283582,19571272,19900489
192536,194843,0.9185185185185185,19571272,19900492
192536,194844,0.9117647058823529,19571272,19900501
194833,194846,0.8818565400843882,19899829,19900592
192536,194849,0.9253731343283582,19571272,19900759
192536,194851,0.9185185185185185,19571272,19900762
192783,194857,0.8931297709923665,19618778,19901097
192783,194858,0.8854961832061069,19618778,19901102
192929,194858,0.924812030075188,19630615,19901102
192536,194861,0.9253731343283582,19571272,19901147
192536,194862,0.9465648854961832,19571272,19901158
192536,194868,0.9185185185185185,19571272,19901347
193076,194871,0.9516129032258065,19655084,19901395
192536,194891,0.9393939393939394,19571272,19901972
192791,194892,0.8561151079136691,19619615,19901973
192536,194894,0.9253731343283582,19571272,19902280
192536,194895,0.9117647058823529,19571272,19902299
192536,194901,0.9117647058823529,19571272,19902418
192536,194902,0.9185185185185185,19571272,19902420
192536,194903,0.9185185185185185,19571272,19902429
192536,194911,0.9465648854961832,19571272,19902648
192536,194912,0.9051094890510949,19571272,19902657
192536,194917,0.9323308270676691,19571272,19902774
192536,194934,0.9117647058823529,19571272,19903437
192536,194935,0.8920863309352518,19571272,19903500
192536,194944,0.9051094890510949,19571272,19903736
192536,194945,0.9117647058823529,19571272,19903741
192536,194946,0.9117647058823529,19571272,19903743
192536,194956,0.9051094890510949,19571272,19904302
192791,194968,0.9117647058823529,19619615,19904909
192536,194972,0.9253731343283582,19571272,19905437
192536,194973,0.9117647058823529,19571272,19905439
192536,194974,0.9393939393939394,19571272,19905441
194975,194976,0.8888888888888888,19905491,19905494
194697,194980,0.912751677852349,19893061,19905559
194956,194981,0.8627450980392157,19904302,19905561
193050,194982,0.8671328671328671,19652649,19905562
192536,194986,0.9323308270676691,19571272,19905780
192536,194989,0.9185185185185185,19571272,19906060
194909,194990,0.957983193277311,19902630,19906109
192536,194995,0.9117647058823529,19571272,19906851
193213,194996,0.8551724137931035,19665660,19906852
192536,195001,0.9253731343283582,19571272,19907588
192536,195003,0.9185185185185185,19571272,19907593
192536,195015,0.9253731343283582,19571272,19908672
192536,195031,0.9117647058823529,19571272,19909817
192536,195041,0.9465648854961832,19571272,19910622
195040,195048,0.8761904761904762,19910539,19910960
192536,195054,0.9037037037037037,19571272,19911578
191907,195071,0.9670103092783505,19516464,19912508
195110,195111,0.921146953405018,19916257,19916261
171910,195129,0.9174311926605505,17194404,19919249
195136,195137,1.0,19919626,19919629
195142,195145,0.9161676646706587,19919935,19920252
195144,195146,0.8571428571428571,19920208,19920298
195144,195148,0.868421052631579,19920208,19920354
195146,195150,0.8859060402684564,19920298,19920499
195144,195154,0.8636363636363636,19920208,19921019
195168,195171,0.9534883720930233,19923010,19923140
192536,195188,0.9117647058823529,19571272,19925865
192536,195189,0.8840579710144928,19571272,19925866
192536,195190,0.9185185185185185,19571272,19925867
192791,195191,0.85,19619615,19925868
192536,195210,0.9323308270676691,19571272,19927326
192536,195211,0.8776978417266187,19571272,19927332
192536,195221,0.9185185185185185,19571272,19928183
192536,195251,0.9253731343283582,19571272,19930069
192536,195253,0.9323308270676691,19571272,19930077
192536,195254,0.9323308270676691,19571272,19930081
192536,195255,0.9153846153846154,19571272,19930147
192536,195263,0.9253731343283582,19571272,19930756
192536,195264,0.8970588235294118,19571272,19930761
192536,195265,0.9185185185185185,19571272,19930765
192536,195266,0.9185185185185185,19571272,19930767
193094,195271,0.8524590163934426,19656297,19931053
192536,195285,0.9117647058823529,19571272,19931513
192536,195286,0.9117647058823529,19571272,19931516
192536,195287,0.9185185185185185,19571272,19931521
192536,195289,0.9153846153846154,19571272,19931675
192536,195291,0.9153846153846154,19571272,19931806
195295,195296,0.865979381443299,19931935,19931939
192536,195298,0.9051094890510949,19571272,19931966
192536,195337,0.9185185185185185,19571272,19934412
192536,195338,0.8551724137931035,19571272,19934418
192536,195339,0.9253731343283582,19571272,19934419
128197,195344,0.967741935483871,14146195,19934672
192536,195364,0.9117647058823529,19571272,19935899
192536,195365,0.9185185185185185,19571272,19935900
192536,195389,0.9185185185185185,19571272,19937416
192919,195390,0.8561151079136691,19629243,19937419
192536,195391,0.9117647058823529,19571272,19937425
192536,195393,0.9323308270676691,19571272,19937470
192536,195394,0.9323308270676691,19571272,19937472
192536,195416,0.9253731343283582,19571272,19938624
192791,195417,0.8561151079136691,19619615,19938626
192536,195458,0.9117647058823529,19571272,19941110
192536,195462,0.9117647058823529,19571272,19941441
192536,195473,0.8507462686567164,19571272,19941829
195473,195477,0.9044117647058824,19941829,19941979
193049,195478,0.8970588235294118,19652131,19941982
192786,195488,0.875,19619014,19942525
192536,195489,0.9318181818181818,19571272,19942527
192536,195490,0.8732394366197183,19571272,19942528
128192,195504,0.8615384615384616,14146145,19943422
192536,195521,0.8623188405797102,19571272,19944318
192536,195526,0.9323308270676691,19571272,19944651
195473,195528,0.9029850746268657,19941829,19944699
192536,195530,0.9253731343283582,19571272,19945101
186270,195535,0.8656716417910447,18832042,19945619
192536,195543,0.9153846153846154,19571272,19946066
195582,195592,0.96,19948468,19948700
195616,195618,0.9,19950815,19951080
195616,195619,0.9473684210526315,19950815,19951225
195654,195655,0.8666666666666667,19954898,19954900
128599,195659,0.8636363636363636,14145200,19955615
192536,195683,0.9117647058823529,19571272,19962804
192536,195684,0.9117647058823529,19571272,19962806
194485,195685,0.8533333333333334,19879322,19962821
192536,195708,0.9117647058823529,19571272,19964088
192783,195715,0.8978102189781022,19618778,19964252
192785,195735,0.85,19619011,19965475
193050,195737,0.9117647058823529,19652649,19965477
192791,195738,0.8705035971223022,19619615,19965478
192536,195746,0.8857142857142857,19571272,19965788
192536,195747,0.8857142857142857,19571272,19965789
192536,195748,0.9185185185185185,19571272,19965812
186522,195754,0.8529411764705882,18862186,19966268
128978,195758,0.8529411764705882,14166483,19966399
191692,195758,0.8529411764705882,19450510,19966399
192536,195761,0.9253731343283582,19571272,19966427
192536,195762,0.9253731343283582,19571272,19966430
192791,195767,0.8623188405797102,19619615,19966532
192791,195773,0.8686131386861314,19619615,19966642
192536,195774,0.9323308270676691,19571272,19966643
195773,195775,0.8531468531468531,19966642,19966651
192785,195776,0.85,19619011,19966656
192536,195782,0.9393939393939394,19571272,19966779
192785,195785,0.8561151079136691,19619011,19967246
192785,195786,0.85,19619011,19967248
195329,195798,0.8615384615384616,19933583,19967748
192536,195808,0.9117647058823529,19571272,19968106
193049,195815,0.9117647058823529,19652131,19968483
195831,195838,0.8541666666666666,19969063,19969401
192536,195870,0.9185185185185185,19571272,19971449
192536,195885,0.9323308270676691,19571272,19972234
192785,195886,0.85,19619011,19972235
195888,195892,0.957983193277311,19972317,19972673
195897,195901,0.9581589958158996,19972850,19973076
195897,195908,0.9829059829059829,19972850,19973444
192536,195909,0.9253731343283582,19571272,19973518
192786,195910,0.8561151079136691,19619014,19973525
105428,195914,0.8653846153846154,12768921,19973845
193050,195934,0.9051094890510949,19652649,19974812
192536,195935,0.9051094890510949,19571272,19974814
192964,195936,0.8873239436619719,19632731,19974815
192783,195940,0.9147286821705426,19618778,19974998
192783,195943,0.855072463768116,19618778,19975035
63888,195946,0.9431818181818182,10309289,19975055
192791,195950,0.85,19619615,19975383
192783,195951,0.917910447761194,19618778,19975395
192791,195955,0.8623188405797102,19619615,19975603
193050,195969,0.9117647058823529,19652649,19976189
192536,195971,0.9465648854961832,19571272,19976268
192791,195981,0.85,19619615,19977102
192783,195982,0.924812030075188,19618778,19977111
192783,195983,0.924812030075188,19618778,19977116
192536,195986,0.9117647058823529,19571272,19977240
192791,195987,0.8561151079136691,19619615,19977247
192536,195997,0.9253731343283582,19571272,19978203
195998,195999,0.8941798941798942,19978228,19978233
192791,196001,0.8623188405797102,19619615,19978289
192783,196020,0.855072463768116,19618778,19979824
192536,196036,0.9393939393939394,19571272,19981516
191703,196043,0.8879310344827587,19451195,19981945
196057,196067,0.9946524064171123,19982908,19983451
196096,196099,0.8689655172413793,19984797,19984974
196096,196106,0.8771929824561403,19984797,19985254
196096,196111,0.8982456140350877,19984797,19985426
196106,196123,0.8621908127208481,19985254,19986196
196106,196126,0.8615916955017301,19985254,19986543
196125,196126,0.8673469387755102,19986353,19986543
196152,196155,0.8925619834710744,19988403,19988657
196157,196162,0.8639455782312925,19988863,19989412
194598,196191,0.9125,19883346,19992897
192536,196215,0.8561151079136691,19571272,19998465
192536,196218,0.9253731343283582,19571272,19998787
192536,196222,0.9323308270676691,19571272,19999239
192536,196224,0.9185185185185185,19571272,19999317
187371,196254,0.8571428571428571,18929679,20000910
192536,196257,0.9323308270676691,19571272,20000985
192791,196282,0.8686131386861314,19619615,20002736
192536,196293,0.8794326241134752,19571272,20003112
192536,196294,0.8951612903225806,19571272,20003449
192536,196360,0.9253731343283582,19571272,20007706
192536,196361,0.9253731343283582,19571272,20007780
157929,196367,0.8525179856115108,16014006,20008026
189464,196367,0.8628158844765343,19100686,20008026
192536,196372,0.8611111111111112,19571272,20008553
192536,196373,0.9117647058823529,19571272,20008561
192536,196374,0.9185185185185185,19571272,20008740
192536,196382,0.9117647058823529,19571272,20009590
193050,196383,0.9051094890510949,19652649,20009591
192536,196389,0.9153846153846154,19571272,20009860
192536,196392,0.9153846153846154,19571272,20009957
192536,196395,0.9185185185185185,19571272,20010210
192536,196396,0.9117647058823529,19571272,20010214
192536,196397,0.9185185185185185,19571272,20010216
193050,196415,0.8985507246376812,19652649,20011829
196421,196422,0.8666666666666667,20012184,20012186
192536,196427,0.9117647058823529,19571272,20012793
192536,196436,0.9253731343283582,19571272,20013511
192536,196446,0.9153846153846154,19571272,20014114
192791,196455,0.8623188405797102,19619615,20014755
192536,196456,0.8732394366197183,19571272,20014758
192536,196461,0.9253731343283582,19571272,20015485
192536,196462,0.9117647058823529,19571272,20015486
192791,196463,0.85,19619615,20015490
55186,196470,0.9777777777777777,9831974,20016497
192536,196486,0.9117647058823529,19571272,20017412
192536,196487,0.9117647058823529,19571272,20017413
192536,196488,0.9117647058823529,19571272,20017414
127299,196492,0.8676470588235294,14087308,20017693
138709,196495,0.8529411764705882,14837920,20018071
142356,196498,0.863013698630137,15069838,20018213
192791,196503,0.85,19619615,20018625
192536,196504,0.9051094890510949,19571272,20018631
196546,196551,0.968421052631579,20021000,20021419
196546,196554,0.9761904761904762,20021000,20021616
160315,196627,0.855072463768116,16174693,20031814
192783,196657,0.855072463768116,19618778,20035108
193049,196658,0.9117647058823529,19652131,20035236
192791,196663,0.9117647058823529,19619615,20035651
193049,196666,0.9117647058823529,19652131,20035803
192536,196688,0.9117647058823529,19571272,20036699
175331,196691,0.9193548387096774,17879378,20036726
192536,196707,0.8686131386861314,19571272,20038100
196709,196711,0.8854024556616644,20038110,20038116
192536,196714,0.9117647058823529,19571272,20038529
193049,196715,0.9051094890510949,19652131,20038534
192919,196727,0.8623188405797102,19629243,20039367
192791,196728,0.8561151079136691,19619615,20039375
192536,196785,0.9153846153846154,19571272,20044098
192536,196794,0.9117647058823529,19571272,20044509
192919,196795,0.9124087591240876,19629243,20044510
192785,196796,0.85,19619011,20044515
193050,196800,0.8985507246376812,19652649,20044703
192536,196801,0.9323308270676691,19571272,20044706
196806,196807,0.863013698630137,20045040,20045045
192911,196812,0.8993288590604027,19628868,20045126
196814,196815,0.947136563876652,20045332,20045337
192536,196818,0.9323308270676691,19571272,20045566
192536,196819,0.9185185185185185,19571272,20045571
196817,196820,0.9116022099447514,20045467,20045598
192536,196823,0.9117647058823529,19571272,20045670
192536,196824,0.9117647058823529,19571272,20045671
192791,196833,0.852112676056338,19619615,20046138
192536,196834,0.9185185185185185,19571272,20046143
192536,196835,0.9117647058823529,19571272,20046144
192536,196839,0.9117647058823529,19571272,20046281
192536,196846,0.9253731343283582,19571272,20046440
196808,196848,0.8553191489361702,20045052,20046471
196817,196850,0.8756756756756757,20045467,20046565
196853,196854,0.891566265060241,20046676,20046680
192536,196858,0.8857142857142857,19571272,20047044
192536,196879,0.9117647058823529,19571272,20048113
196883,196884,0.9148936170212766,20048234,20048239
196891,196892,0.8564102564102564,20048777,20048779
196897,196898,0.8795180722891566,20048944,20049107
143196,196913,0.8571428571428571,15118556,20050217
192791,196918,0.85,19619615,20050598
131395,196948,0.863013698630137,14347083,20051969
192783,196956,0.8613138686131386,19618778,20052820
192536,196957,0.924812030075188,19571272,20052854
192536,196961,0.9117647058823529,19571272,20053045
192536,196962,0.9117647058823529,19571272,20053052
192536,196963,0.9117647058823529,19571272,20053055
139899,196964,0.8923076923076924,14920127,20053127
192536,196969,0.9185185185185185,19571272,20053870
192536,196970,0.9185185185185185,19571272,20053873
197010,197011,0.9253731343283582,20057547,20057823
197010,197015,0.8920863309352518,20057547,20058192
197040,197041,0.9041095890410958,20061672,20061674
197049,197050,0.9095238095238095,20062232,20062234
162588,197061,0.9425287356321839,16319560,20064785
195305,197070,0.9690721649484536,19932287,20065745
177204,197084,0.8847352024922118,18038242,20067096
177204,197086,0.8860103626943006,18038242,20067133
48968,197087,0.8551165146909828,9512356,20067204
197088,197089,0.8876404494382022,20067218,20067219
173092,197121,0.9690402476780186,17269440,20069778
50959,197132,0.918918918918919,9617175,20070758
197133,197139,0.954954954954955,20070812,20070960
197133,197140,0.9419642857142857,20070812,20071243
197180,197181,0.9431818181818182,20073458,20073476
127360,197210,0.8604651162790697,14090490,20076007
197246,197249,0.8656126482213439,20077862,20077897
197276,197277,0.9180327868852459,20079398,20079399
112652,197286,0.890625,13205530,20079680
197290,197292,0.9,20080034,20080099
138094,197340,0.9797979797979798,14763505,20082858
197346,197348,0.8633879781420765,20083273,20083334
193782,197365,0.8758169934640523,19738206,20086760
155143,197371,0.9455958549222798,15830673,20087923
192783,197384,0.924812030075188,19618778,20089715
192536,197385,0.9253731343283582,19571272,20089885
192783,197392,0.855072463768116,19618778,20090537
153756,197394,0.8955223880597015,15745210,20090638
192783,197411,0.924812030075188,19618778,20091894
192785,197416,0.8507462686567164,19619011,20091974
197434,197435,0.9079754601226994,20093093,20093094
192536,197436,0.9117647058823529,19571272,20093230
192536,197437,0.9323308270676691,19571272,20093247
192828,197462,0.8507462686567164,19622482,20094293
191797,197486,0.9186046511627907,19461414,20096439
197500,197506,0.8507462686567164,20097538,20097771
197499,197512,0.9232876712328767,20097446,20097916
192536,197523,0.9117647058823529,19571272,20098528
192536,197552,0.9253731343283582,19571272,20100946
175241,197553,0.8840304182509505,17835287,20100949
197582,197584,0.9954954954954955,20103288,20103542
193050,197596,0.9117647058823529,19652649,20103789
192536,197597,0.9393939393939394,19571272,20103795
192536,197622,0.9253731343283582,19571272,20105462
194012,197623,0.884272997032641,19756528,20105466
192785,197624,0.8507462686567164,19619011,20105508
192536,197631,0.9117647058823529,19571272,20106365
197645,197647,0.9444444444444444,20106817,20106940
192536,197658,0.9185185185185185,19571272,20107943
192536,197659,0.9117647058823529,19571272,20107944
192536,197669,0.9253731343283582,19571272,20108857
192536,197684,0.9117647058823529,19571272,20110235
193058,197740,0.8809523809523809,19653312,20114786
197742,197744,0.8602150537634409,20114922,20115000
197777,197778,0.9095477386934674,20118018,20118408
197780,197781,0.9588477366255144,20118643,20118746
192536,197844,0.9253731343283582,19571272,20127020
192536,197850,0.9465648854961832,19571272,20127341
193761,197876,0.8835616438356164,19737079,20129238
192536,197877,0.9117647058823529,19571272,20129247
192536,197879,0.8985507246376812,19571272,20129380
192791,197894,0.85,19619615,20130693
192536,197897,0.9117647058823529,19571272,20130719
192536,197906,0.9185185185185185,19571272,20131181
192536,197909,0.9393939393939394,19571272,20131274
192536,197921,0.9185185185185185,19571272,20131694
192536,197922,0.9185185185185185,19571272,20131699
192536,197936,0.9393939393939394,19571272,20132796
192536,197937,0.9393939393939394,19571272,20132798
168932,197952,0.8529411764705882,16936678,20133835
184309,197952,0.8529411764705882,18572108,20133835
196981,197952,0.8571428571428571,20054723,20133835
197367,197959,0.9150326797385621,20087130,20133949
192536,197982,0.9185185185185185,19571272,20136041
197969,198006,0.9553072625698324,20134778,20137000
192791,198014,0.8507462686567164,19619615,20137577
168932,198045,0.8955223880597015,16936678,20139049
138914,198050,0.8888888888888888,14852828,20139283
198057,198058,0.8909090909090909,20139550,20139554
192536,198063,0.9253731343283582,19571272,20139851
192536,198064,0.9253731343283582,19571272,20140157
129812,198071,0.8805970149253731,14242463,20140422
192536,198082,0.9393939393939394,19571272,20141306
192536,198083,0.9117647058823529,19571272,20141312
134644,198115,0.9850746268656716,14572377,20143861
192536,198145,0.9117647058823529,19571272,20145415
197462,198148,0.9323308270676691,20094293,20145433
196817,198208,0.885558583106267,20045467,20151795
196817,198209,0.9659090909090909,20045467,20151997
63888,198210,0.9540229885057471,10309289,20152078
196817,198211,0.9090909090909091,20045467,20152091
196817,198215,0.8729729729729729,20045467,20152170
196817,198220,0.9116022099447514,20045467,20152300
196817,198222,0.9010989010989011,20045467,20152378
196817,198227,0.8559782608695652,20045467,20152611
198224,198231,0.8742138364779874,20152527,20152771
127861,198287,0.9666666666666667,14124143,20160829
170868,198289,0.855072463768116,17117031,20161090
127302,198294,0.9397590361445783,14087434,20161705
192536,198296,0.9185185185185185,19571272,20161959
198303,198304,0.9627118644067797,20162676,20162850
198298,198309,0.941834451901566,20162308,20163048
198298,198312,0.9162995594713657,20162308,20163240
192783,198323,0.855072463768116,19618778,20163875
198327,198328,0.8725099601593626,20164423,20164426
192536,198332,0.9117647058823529,19571272,20164792
198335,198336,0.9029126213592233,20164877,20164881
193057,198339,0.8620689655172413,19653307,20165357
192828,198341,0.85,19622482,20165501
192791,198342,0.8561151079136691,19619615,20165505
192791,198344,0.8686131386861314,19619615,20165512
192536,198345,0.9538461538461539,19571272,20165514
192683,198347,0.873015873015873,19588399,20165640
192536,198350,0.9051094890510949,19571272,20165854
192536,198352,0.9185185185185185,19571272,20165974
192536,198356,0.9185185185185185,19571272,20166463
192536,198357,0.9253731343283582,19571272,20166569
192536,198358,0.9117647058823529,19571272,20166578
192536,198360,0.8561151079136691,19571272,20166581
192828,198361,0.8646616541353384,19622482,20166594
192536,198373,0.9051094890510949,19571272,20167629
193049,198378,0.9117647058823529,19652131,20168037
192828,198389,0.8623188405797102,19622482,20168213
192536,198393,0.9253731343283582,19571272,20168416
186522,198394,0.8529411764705882,18862186,20168448
192786,198395,0.8623188405797102,19619014,20168519
192536,198396,0.9253731343283582,19571272,20168520
198224,198409,0.9865771812080537,20152527,20169221
198224,198410,0.8616352201257862,20152527,20169266
192786,198412,0.8623188405797102,19619014,20169365
192536,198413,0.8623188405797102,19571272,20169367
192536,198415,0.9253731343283582,19571272,20169451
192828,198425,0.9465648854961832,19622482,20170040
192536,198432,0.9117647058823529,19571272,20170346
198439,198440,0.9294871794871795,20170825,20170901
192536,198441,0.9117647058823529,19571272,20170977
192536,198442,0.9253731343283582,19571272,20170998
173745,198443,0.8615384615384616,17334108,20171142
192536,198453,0.9117647058823529,19571272,20171707
192791,198454,0.8623188405797102,19619615,20171710
192828,198471,0.85,19622482,20172255
193050,198472,0.9117647058823529,19652649,20172257
192791,198489,0.8507462686567164,19619615,20173196
189603,198494,0.9655172413793104,19111181,20173335
192536,198527,0.9185185185185185,19571272,20175010
192536,198542,0.9185185185185185,19571272,20175961
192536,198551,0.9051094890510949,19571272,20176766
192536,198560,0.9253731343283582,19571272,20177491
149996,198562,0.8560606060606061,15527775,20177596
152069,198562,0.9672131147540983,15630324,20177596
192536,198576,0.9185185185185185,19571272,20178505
192536,198577,0.9253731343283582,19571272,20178518
192536,198580,0.9153846153846154,19571272,20178754
192536,198583,0.9185185185185185,19571272,20179049
198424,198583,0.863013698630137,20169948,20179049
192536,198584,0.8985507246376812,19571272,20179171
198591,198596,0.9587628865979382,20179876,20180121
192536,198609,0.9153846153846154,19571272,20181016
192536,198614,0.9153846153846154,19571272,20181289
192536,198616,0.9323308270676691,19571272,20181369
192536,198636,0.9453125,19571272,20183008
192536,198641,0.9185185185185185,19571272,20183161
192536,198654,0.9185185185185185,19571272,20184207
198224,198660,0.922077922077922,20152527,20184807
198229,198660,0.8670886075949367,20152646,20184807
196817,198675,0.8787061994609164,20045467,20186196
196817,198676,0.8852459016393442,20045467,20186197
123750,198686,0.875,13866290,20187268
198701,198704,0.9818181818181818,20189864,20190046
198706,198709,0.8808290155440415,20190297,20190494
198731,198739,0.9646739130434783,20193493,20193898
198737,198740,0.9641873278236914,20193746,20194005
198731,198741,0.962059620596206,20193493,20194072
198731,198742,0.9673024523160763,20193493,20194158
198731,198745,0.9646739130434783,20193493,20194218
198731,198747,0.9646739130434783,20193493,20194279
198749,198750,0.9668367346938775,20194371,20194447
111104,198758,0.8771929824561403,13118387,20195696
198773,198774,0.8703703703703703,20199149,20199150
198780,198785,0.9827586206896551,20199783,20200004
192536,198807,0.9153846153846154,19571272,20201522
192536,198809,0.9253731343283582,19571272,20201657
194598,198825,0.9175257731958762,19883346,20202668
192536,198826,0.9117647058823529,19571272,20202702
198823,198830,0.9131238447319778,20202545,20202972
198823,198843,0.9216417910447762,20202545,20203505
192536,198862,0.9051094890510949,19571272,20205380
198864,198865,0.9206349206349206,20205745,20205747
192536,198868,0.9117647058823529,19571272,20205777
171910,198872,0.926605504587156,17194404,20206634
198886,198887,0.9717514124293786,20207677,20207682
192536,198909,0.9117647058823529,19571272,20208983
192536,198912,0.9117647058823529,19571272,20209202
192783,198927,0.9318181818181818,19618778,20209871
192536,198928,0.9253731343283582,19571272,20210162
192536,198929,0.9185185185185185,19571272,20210167
192536,198931,0.9185185185185185,19571272,20210171
196817,198944,0.90633608815427,20045467,20211357
192536,198951,0.9117647058823529,19571272,20211813
166628,198958,0.8925619834710744,16693035,20212150
166628,198968,0.944206008583691,16693035,20212852
192536,198981,0.9117647058823529,19571272,20213610
159189,198992,0.9259259259259259,16073342,20213974
73443,198993,0.9259259259259259,10826030,20213980
198978,198996,0.975609756097561,20213319,20214075
192536,198997,0.9185185185185185,19571272,20214209
192536,199019,0.9117647058823529,19571272,20215553
192536,199021,0.9117647058823529,19571272,20215580
192536,199022,0.9185185185185185,19571272,20215583
192536,199031,0.9185185185185185,19571272,20216147
192536,199032,0.9117647058823529,19571272,20216152
192536,199033,0.9117647058823529,19571272,20216156
192536,199038,0.9117647058823529,19571272,20216709
19636,199050,0.8664546899841018,8432078,20217603
192536,199075,0.9185185185185185,19571272,20219686
192536,199076,0.9253731343283582,19571272,20219705
192536,199083,0.9323308270676691,19571272,20220458
192536,199085,0.9253731343283582,19571272,20220466
192536,199086,0.9253731343283582,19571272,20220470
194331,199090,0.8975741239892183,19794295,20220693
194331,199092,0.9315068493150684,19794295,20220863
194331,199096,0.9,19794295,20221071
199104,199107,0.972027972027972,20221522,20221716
55186,199157,0.9368421052631579,9831974,20227056
199173,199174,0.851063829787234,20232616,20232618
175241,199189,0.8766603415559773,17835287,20234892
175108,199190,0.8785578747628083,17469681,20235026
199257,199260,0.9519230769230769,20279292,20279327
199265,199266,0.918918918918919,20279533,20279534
198410,199351,0.8846153846153846,20169266,20285025
199365,199366,0.8734939759036144,20286123,20286141
199389,199391,0.9517241379310345,20287450,20287533
192536,199434,0.8985507246376812,19571272,20295491
192536,199470,0.9117647058823529,19571272,20298189
192536,199471,0.9117647058823529,19571272,20298190
192791,199472,0.9117647058823529,19619615,20298192
192536,199489,0.9761904761904762,19571272,20299215
193050,199492,0.8985507246376812,19652649,20299502
199606,199607,0.9214953271028037,20327441,20327444
199611,199612,0.9426229508196722,20328064,20328067
192536,199634,0.9051094890510949,19571272,20330993
192783,199648,0.855072463768116,19618778,20332062
193049,199671,0.9117647058823529,19652131,20333417
192536,199679,0.9185185185185185,19571272,20333926
192785,199681,0.8561151079136691,19619011,20334034
192536,199683,0.9253731343283582,19571272,20334042
193050,199699,0.85,19652649,20334804
192536,199706,0.9323308270676691,19571272,20335367
192783,199716,0.855072463768116,19618778,20335980
199733,199736,0.8505747126436781,20337031,20337137
192536,199745,0.9253731343283582,19571272,20337732
192785,199783,0.85,19619011,20340971
192783,199787,0.855072463768116,19618778,20341307
196817,199803,0.9073033707865169,20045467,20342081
196817,199810,0.9183098591549296,20045467,20342519
199797,199814,0.9310344827586207,20341684,20342647
196817,199819,0.8867403314917127,20045467,20342766
192536,199822,0.9117647058823529,19571272,20342838
199839,199840,0.8571428571428571,20344417,20344422
192536,199844,0.8623188405797102,19571272,20344873
199878,199880,0.9534883720930233,20355836,20355837
199889,199890,0.9303135888501742,20357012,20357014
199885,199893,0.9285714285714286,20356585,20357216
199897,199899,0.8734177215189873,20357465,20357736
127302,199904,0.8777777777777778,14087434,20358195
198673,199906,0.8571428571428571,20186183,20358351
199910,199911,0.8947368421052632,20358613,20358614
85679,199919,0.8646616541353384,11555873,20359078
199926,199930,0.9358974358974359,20359427,20359627
199836,199935,0.945631067961165,20344135,20360173
199836,199936,0.9401544401544402,20344135,20360274
199836,199941,0.953125,20344135,20360635
199944,199945,0.865979381443299,20360829,20360830
192536,200017,0.9323308270676691,19571272,20371088
193197,200023,0.8698630136986302,19663501,20371366
192536,200035,0.9117647058823529,19571272,20372688
200036,200037,0.9090909090909091,20372707,20372710
192536,200038,0.9153846153846154,19571272,20372757
192536,200042,0.9051094890510949,19571272,20372814
134558,200064,0.8923076923076924,14565225,20374464
180771,200135,0.977961432506887,18235176,20378334
180771,200142,0.9509536784741145,18235176,20378698
200149,200155,0.8979591836734694,20379332,20379735
192536,200175,0.9117647058823529,19571272,20380890
192536,200210,0.9253731343283582,19571272,20383033
193761,200211,0.8958333333333334,19737079,20383095
192536,200213,0.9393939393939394,19571272,20383112
192536,200216,0.9185185185185185,19571272,20383263
180771,200231,0.94579945799458,18235176,20384383
180771,200234,0.9833795013850416,18235176,20384608
180771,200247,0.9833795013850416,18235176,20385567
180771,200250,0.9509536784741145,18235176,20385986
200263,200264,0.969309462915601,20387155,20387160
200263,200265,0.9543147208121827,20387155,20387161
200116,200267,0.8647342995169082,20377542,20387165
200263,200267,0.9517766497461929,20387155,20387165
55186,200295,0.9295774647887324,9831974,20389750
192785,200298,0.8561151079136691,19619011,20390636
139775,200318,0.8703703703703703,14911020,20395397
200356,200357,0.9660194174757282,20399985,20399987
63890,200363,0.9213483146067416,10309294,20401075
200371,200374,0.9081632653061225,20402739,20402899
198749,200384,0.9643765903307888,20194371,20405210
193761,200412,0.9097222222222222,19737079,20408535
192791,200413,0.8985507246376812,19619615,20408538
193761,200420,0.9020979020979021,19737079,20408925
162588,200481,0.9346590909090909,16319560,20485518
197420,200487,0.875,20092218,20485745
200541,200542,0.9602888086642599,20489267,20489392
200555,200556,0.8810810810810811,20490454,20490455
197301,200558,0.8676470588235294,20080299,20490569
200670,200671,0.9253731343283582,20501021,20501024
192536,200699,0.9323308270676691,19571272,20503288
192536,200708,0.9117647058823529,19571272,20503906
198583,200709,0.8503401360544217,20179049,20503907
200638,200713,0.8639240506329114,20495465,20504249
200714,200715,0.8630705394190872,20504384,20504388
192536,200716,0.9253731343283582,19571272,20504475
192536,200717,0.9393939393939394,19571272,20504477
127886,200720,0.8888888888888888,14125150,20504896
192536,200726,0.9185185185185185,19571272,20505572
192791,200732,0.8623188405797102,19619615,20505868
128250,200749,0.8955223880597015,14148865,20506663
192791,200753,0.8642857142857143,19619615,20506858
192791,200754,0.8642857142857143,19619615,20506862
192791,200757,0.8623188405797102,19619615,20507101
192536,200765,0.9253731343283582,19571272,20507721
192791,200766,0.85,19619615,20507723
192783,200767,0.924812030075188,19618778,20507728
184736,200772,0.8955223880597015,18610817,20508457
190167,200785,0.8507462686567164,19180199,20509750
151666,200800,0.9180327868852459,15613397,20510627
200722,200806,0.8888888888888888,20505078,20510984
192785,200811,0.8561151079136691,19619011,20511082
131091,200818,0.8529411764705882,14332119,20511661
192536,200821,0.9117647058823529,19571272,20511815
180960,200829,0.9697802197802198,18254756,20512293
194331,200860,0.9155313351498637,19794295,20514762
192791,200866,0.8561151079136691,19619615,20515447
192791,200876,0.8705035971223022,19619615,20516035
192791,200886,0.9117647058823529,19619615,20516663
192791,200891,0.8920863309352518,19619615,20516773
192783,200892,0.9044117647058824,19618778,20516851
200896,200897,0.8933463796477495,20517398,20517399
192783,200899,0.9,19618778,20517442
196189,200904,0.8923076923076924,19992624,20517744
181097,200918,0.94579945799458,18268068,20520089
200928,200930,0.8552036199095022,20526046,20526631
200928,200931,0.8940092165898618,20526046,20526847
200966,200969,0.9210526315789473,20529213,20529505
152290,201030,0.8923076923076924,15636498,20537403
192791,201055,0.8623188405797102,19619615,20539158
201057,201058,0.8936170212765957,20539194,20539197
201025,201075,0.8645418326693227,20537084,20540440
201070,201075,0.8875502008032129,20539909,20540440
180663,201085,0.9172510518934082,18225731,20541084
192536,201086,0.8561151079136691,19571272,20541147
192791,201087,0.85,19619615,20541154
192791,201092,0.8507462686567164,19619615,20541587
192536,201096,0.9253731343283582,19571272,20541876
192783,201103,0.8676470588235294,19618778,20542540
192785,201129,0.85,19619011,20544141
192791,201131,0.875,19619615,20544541
194134,201132,0.8503401360544217,19779603,20544543
192785,201133,0.85,19619011,20544545
186356,201144,0.8636363636363636,18837032,20545251
193050,201157,0.9117647058823529,19652649,20545919
134558,201159,0.8636363636363636,14565225,20546020
192536,201184,0.9051094890510949,19571272,20547438
200995,201186,0.9406392694063926,20532364,20547478
201188,201191,0.9354838709677419,20547736,20547753
201192,201198,0.9539748953974896,20547803,20548031
192536,201217,0.9253731343283582,19571272,20549213
148551,201223,0.9193548387096774,15436404,20549838
200819,201235,0.9585635359116023,20511675,20550462
171823,201261,0.9736842105263158,17190857,20553232
201300,201301,0.8993506493506493,20565361,20565364
131122,201324,0.8507462686567164,14334163,20568073
192536,201387,0.9253731343283582,19571272,20578685
192536,201397,0.9185185185185185,19571272,20579309
192536,201407,0.9051094890510949,19571272,20580023
192828,201418,0.9224806201550387,19622482,20581043
192828,201424,0.9185185185185185,19622482,20581233
201427,201431,0.9807692307692307,20581510,20581776
193214,201444,0.8551724137931035,19665742,20582977
201449,201450,0.8814814814814815,20583943,20583944
201449,201451,0.924812030075188,20583943,20583946
192536,201456,0.9253731343283582,19571272,20585036
179608,201478,0.8523316062176166,18051478,20602077
55186,201490,0.9368421052631579,9831974,20603618
180771,201498,0.977961432506887,18235176,20604234
180771,201503,0.9833795013850416,18235176,20604471
201560,201567,0.9365079365079365,20608676,20608809
199619,201624,0.8942731277533039,20329089,20618913
192828,201661,0.9224806201550387,19622482,20680575
201617,201670,0.9491525423728814,20617764,20681422
192536,201673,0.9117647058823529,19571272,20681618
192536,201708,0.9393939393939394,19571272,20684860
105428,201711,0.9245283018867925,12768921,20685042
108349,201712,0.9245283018867925,12946854,20685046
108349,201713,0.8727272727272727,12946854,20685055
201714,201715,0.8666666666666667,20685443,20685446
192785,201716,0.8561151079136691,19619011,20685453
192536,201756,0.9117647058823529,19571272,20689362
192828,201763,0.8686131386861314,19622482,20690331
192791,201770,0.8623188405797102,19619615,20691159
192783,201778,0.855072463768116,19618778,20692000
192791,201793,0.9185185185185185,19619615,20693243
194110,201802,0.8557213930348259,19778535,20693783
192783,201810,0.855072463768116,19618778,20694236
175807,201813,0.8571428571428571,17530243,20694641
201661,201823,0.8623188405797102,20680575,20695389
192791,201824,0.9117647058823529,19619615,20695393
192791,201829,0.9117647058823529,19619615,20695581
192791,201844,0.9117647058823529,19619615,20696960
192785,201845,0.8561151079136691,19619011,20696967
197416,201846,0.85,20091974,20696969
192783,201849,0.9,19618778,20697343
180771,201852,0.9400544959128065,18235176,20697443
180771,201855,0.977961432506887,18235176,20697556
181097,201858,0.94579945799458,18268068,20697900
180771,201860,0.977961432506887,18235176,20698198
181097,201865,0.94579945799458,18268068,20699149
201913,201915,0.8757062146892656,20704984,20705088
191842,201923,0.875,19512820,20706179
201947,201951,0.9333333333333333,20749729,20749822
201976,201977,0.8516129032258064,20755535,20755536
201977,201978,0.954248366013072,20755536,20755565
201988,201989,0.8543046357615894,20756070,20756096
144560,201998,0.872093023255814,15181488,20756519
127299,202010,0.8676470588235294,14087308,20757118
163239,202010,0.8571428571428571,16371142,20757118
170868,202010,0.855072463768116,17117031,20757118
195691,202010,0.855072463768116,19963452,20757118
200558,202010,0.855072463768116,20490569,20757118
170868,202031,0.8676470588235294,17117031,20758056
202044,202049,0.8743718592964824,20759235,20759312
63888,202101,0.8645833333333334,10309289,20762027
162588,202107,0.9430199430199431,16319560,20762926
202117,202118,0.967948717948718,20766183,20766186
192791,202143,0.9117647058823529,19619615,20770443
192785,202164,0.855072463768116,19619011,20771468
192791,202167,0.8623188405797102,19619615,20771598
192785,202168,0.85,19619011,20771600
192791,202170,0.8561151079136691,19619615,20771610
192919,202174,0.8623188405797102,19629243,20771872
192536,202191,0.9185185185185185,19571272,20772932
202227,202228,0.9795918367346939,20777320,20777322
192785,202245,0.85,19619011,20779161
192536,202246,0.9465648854961832,19571272,20779165
192783,202252,0.9044117647058824,19618778,20779668
202286,202287,0.92,20782388,20782401
180771,202291,0.9510869565217391,18235176,20782855
180771,202295,0.977961432506887,18235176,20783134
179608,202322,0.8523316062176166,18051478,20786575
200067,202335,0.9723756906077348,20374665,20788314
202335,202339,0.8627450980392157,20788314,20788594
192536,202348,0.9117647058823529,19571272,20789057
202345,202349,0.9036144578313253,20788815,20789211
192536,202353,0.9117647058823529,19571272,20789518
192536,202354,0.9185185185185185,19571272,20789520
192536,202355,0.9051094890510949,19571272,20789522
202345,202359,0.8730769230769231,20788815,20789614
202396,202397,0.9685767097966729,20792887,20792888
55202,202415,0.8781362007168458,9832440,20794537
164043,202455,0.8705035971223022,16462040,20797423
202461,202462,0.9137931034482759,20800621,20800725
139808,202501,0.9029535864978903,14912344,20804985
171823,202508,0.9487179487179487,17190857,20805616
192791,202546,0.85,19619615,20809667
192791,202547,0.8561151079136691,19619615,20809678
192536,202548,0.9185185185185185,19571272,20809756
192791,202549,0.85,19619615,20809757
193049,202563,0.9117647058823529,19652131,20811387
193049,202564,0.9117647058823529,19652131,20811394
198890,202573,0.9747899159663865,20207922,20812885
179608,202581,0.8523316062176166,18051478,20813834
202588,202589,0.8717948717948718,20814634,20814635
192783,202598,0.8740740740740741,19618778,20815685
192536,202599,0.9185185185185185,19571272,20815692
192783,202600,0.9044117647058824,19618778,20815696
202602,202604,0.92,20815806,20815816
202611,202612,0.8921568627450981,20816602,20816603
202614,202615,0.9530685920577617,20816873,20816874
180771,202617,0.9486486486486486,18235176,20817051
180771,202650,0.9590163934426229,18235176,20822191
181097,202657,0.9590163934426229,18268068,20823044
192783,202682,0.855072463768116,19618778,20825997
202461,202725,0.9137931034482759,20800621,20838837
202740,202741,0.8660130718954249,20841582,20841674
171823,202758,0.9473684210526315,17190857,20843981
202761,202765,0.9287598944591029,20844186,20844486
202772,202776,0.8554216867469879,20845686,20846103
180771,202788,0.977961432506887,18235176,20847940
128599,202825,0.8923076923076924,14145200,20852316
192536,202871,0.9185185185185185,19571272,20856596
192536,202872,0.9253731343283582,19571272,20856792
179608,202892,0.8567708333333334,18051478,20860628
192536,202917,0.9185185185185185,19571272,20862764
202920,202921,0.9731182795698925,20862937,20862941
192536,202929,0.8985507246376812,19571272,20863671
192536,202930,0.8561151079136691,19571272,20863678
180771,202953,0.94579945799458,18235176,20865083
202954,202955,0.9001331557922769,20865256,20865257
179608,202973,0.8523316062176166,18051478,20866549
180771,202976,0.977961432506887,18235176,20867030
179608,202978,0.8523316062176166,18051478,20867128
202980,202984,0.9071207430340558,20867204,20867618
203006,203007,0.88558352402746,20873345,20873346
157526,203015,0.8507462686567164,15994217,20874218
155959,203017,0.8507462686567164,15880939,20874234
192783,203058,0.8613138686131386,19618778,20882091
203068,203069,0.8875739644970414,20882862,20882865
203102,203105,0.8738738738738738,20887416,20887615
202643,203151,0.9015151515151515,20820847,20906595
180771,203166,0.9833795013850416,18235176,20922912
203245,203246,0.9164882226980728,20960385,20960445
203245,203248,0.9432314410480349,20960385,20960511
203245,203249,0.9517543859649122,20960385,20960538
203245,203250,0.935064935064935,20960385,20960560
203265,203266,0.88,20960975,20961094
203271,203272,0.8950276243093923,20961622,20961644
203283,203289,0.855072463768116,20962199,20962354
192697,203363,0.9302325581395349,19589926,20971688
180619,203407,0.8666666666666667,18223470,20976743
187614,203427,0.8877551020408163,18947012,20978005
138913,203441,0.8870967741935484,14852796,20978871
138656,203454,0.8955223880597015,14835837,20980085
203513,203514,0.8775510204081632,20986145,20986148
181097,203520,0.9509536784741145,18268068,20987041
181097,203522,0.9510869565217391,18268068,20987172
73443,203564,0.8620689655172413,10826030,20991310
203600,203604,0.959731543624161,20994031,20994035
33633,203633,0.8924731182795699,8871716,20997148
203640,203641,0.8938356164383562,20997398,20997432
2286,203647,0.8846694796061885,7609703,20998467
203690,203691,0.8733624454148472,21010036,21010038
182955,203709,0.9946236559139785,18412575,21012123
203712,203713,0.8775510204081632,21012732,21012734
170868,203720,0.8676470588235294,17117031,21014084
180771,203726,0.977961432506887,18235176,21014809
193058,203766,0.8571428571428571,19653312,21019554
203774,203777,0.8721804511278195,21020351,21020580
111104,203781,0.8771929824561403,13118387,21021498
118644,203795,0.8771929824561403,13559790,21022912
111104,203798,0.8928571428571429,13118387,21023261
111104,203805,0.8771929824561403,13118387,21024299
190665,203807,0.9390962671905697,19244394,21024395
111104,203808,0.8771929824561403,13118387,21024509
180771,203848,0.94579945799458,18235176,21027799
180771,203853,0.9509536784741145,18235176,21027907
180771,203856,0.977961432506887,18235176,21028203
181097,203861,0.94579945799458,18268068,21028646
203774,203862,0.8923076923076924,21020351,21028647
127861,203889,0.9666666666666667,14124143,21030959
142325,203890,0.8529411764705882,15068440,21031070
196043,203904,0.8553459119496856,19981945,21032467
203914,203915,0.963963963963964,21033898,21033999
203914,203917,0.9840909090909091,21033898,21034107
203936,203937,0.8795811518324608,21035642,21035803
203950,203952,0.952755905511811,21037575,21037986
203950,203953,0.9453125,21037575,21038128
182955,203996,0.9424083769633508,18412575,21046718
197812,204014,0.9946808510638298,20124594,21048782
197812,204019,0.8725490196078431,20124594,21049215
204024,204025,0.9176954732510288,21050013,21050117
204072,204073,0.968944099378882,21054065,21054067
204085,204098,0.963302752293578,21055189,21056822
204146,204147,0.8837209302325582,21060535,21060538
204155,204156,0.8837209302325582,21061038,21061167
203950,204171,0.8721804511278195,21037575,21061996
203950,204175,0.8721804511278195,21037575,21062322
203950,204179,0.8721804511278195,21037575,21062520
183727,204190,0.9772727272727273,18507889,21064437
55186,204208,0.9814126394052045,9831974,21065872
204214,204215,0.8813559322033898,21066148,21066149
204301,204304,0.8645833333333334,21075421,21075590
204301,204307,0.8888888888888888,21075421,21075761
204315,204318,0.8936170212765957,21076456,21076661
201988,204360,0.9166666666666666,20756070,21085533
204389,204393,0.9371428571428572,21090519,21090693
204389,204395,0.8833333333333333,21090519,21090843
204402,204407,0.8942731277533039,21091404,21092215
204402,204414,0.9022222222222223,21091404,21092829
194110,204447,0.8514851485148515,19778535,21097352
194110,204450,0.8514851485148515,19778535,21097558
194115,204452,0.86,19778819,21097753
55186,204465,0.9777777777777777,9831974,21098738
204467,204471,0.9166666666666666,21099197,21099514
204467,204472,0.868421052631579,21099197,21099516
204467,204477,0.8859060402684564,21099197,21099910
204467,204479,0.9635036496350365,21099197,21100080
204467,204484,0.9635036496350365,21099197,21100466
204467,204486,0.9635036496350365,21099197,21100679
180771,204487,0.94579945799458,18235176,21100710
204467,204488,0.9635036496350365,21099197,21100821
204467,204493,0.8571428571428571,21099197,21101229
204467,204499,0.9295774647887324,21099197,21102279
204525,204526,0.9119170984455959,21105938,21105940
166628,204573,0.9356223175965666,16693035,21111838
204584,204587,0.9737609329446064,21114094,21114359
204611,204612,0.9755501222493888,21117911,21117913
204613,204616,0.9227941176470589,21118228,21118393
134547,204634,0.8923076923076924,14564591,21121775
132940,204635,0.8970588235294118,14458167,21121825
188441,204637,0.8923076923076924,19009991,21122083
204639,204640,0.9108910891089109,21123358,21123359
204664,204668,0.8857142857142857,21128312,21128652
204666,204668,0.927007299270073,21128551,21128652
181097,204708,0.9509536784741145,18268068,21133331
181097,204725,0.9699453551912568,18268068,21134774
181097,204734,0.94579945799458,18268068,21135542
179608,204735,0.8567708333333334,18051478,21135612
204757,204760,0.8649350649350649,21136921,21137456
204759,204762,0.8636363636363636,21137255,21137610
176122,204803,0.872093023255814,17846349,21143975
195283,204821,0.8923076923076924,19931436,21146419
190841,204826,0.8955223880597015,19274721,21146938
180771,204828,0.9538043478260869,18235176,21147235
181097,204830,0.9590163934426229,18268068,21147415
203267,204833,0.9159663865546218,20961262,21147614
204832,204833,0.8765432098765432,21147611,21147614
181097,204836,0.9509536784741145,18268068,21147990
194598,204852,0.978448275862069,19883346,21151536
204895,204896,0.9119318181818182,21157147,21157177
204895,204897,0.9119318181818182,21157147,21157252
204930,204932,0.8846153846153846,21161469,21161644
204953,204954,0.9887640449438202,21163177,21163263
204956,204958,0.8754098360655738,21163339,21163432
204956,204960,0.8811881188118812,21163339,21163506
84805,205014,0.8746666666666667,11498551,21167395
204479,205033,0.8591549295774648,21100080,21170123
204479,205034,0.8652482269503546,21100080,21170156
205033,205035,0.8794326241134752,21170123,21170193
204479,205036,0.852112676056338,21100080,21170203
204467,205037,0.8873239436619719,21099197,21170233
205051,205052,0.9413489736070382,21171736,21171772
205057,205058,0.8791946308724832,21171859,21171900
205109,205111,0.9604810996563574,21175706,21175733
205142,205144,0.9135802469135802,21177830,21178003
128190,205157,0.8507462686567164,14145958,21180544
181618,205167,0.9186875891583453,18310437,21184338
181620,205167,0.883008356545961,18310469,21184338
189105,205181,0.9047619047619048,19064789,21185814
205186,205189,0.8796296296296297,21186229,21186437
188860,205201,0.8923076923076924,19046288,21188125
128190,205264,0.8939393939393939,14145958,21194330
205109,205272,0.914572864321608,21175706,21194989
205285,205286,0.8688524590163934,21196002,21196007
204524,205321,0.8544395924308588,21105913,21200978
127302,205328,0.8620689655172413,14087434,21201444
128190,205336,0.8529411764705882,14145958,21202880
195616,205340,0.935064935064935,19950815,21203830
116769,205354,0.8928571428571429,13454034,21205074
205365,205366,0.8700787401574803,21206143,21206145
205370,205371,0.945619335347432,21206302,21206303
205003,205406,0.887240356083086,21166423,21209759
205433,205434,0.8610169491525423,21211796,21211799
205443,205444,0.8723404255319149,21212912,21212914
205443,205446,0.8870967741935484,21212912,21213048
176109,205463,0.8863636363636364,17559698,21215045
203015,205469,0.8507462686567164,20874218,21215238
205485,205486,0.8888888888888888,21219148,21219195
205485,205487,0.9242424242424242,21219148,21219295
205502,205503,0.9475524475524476,21221461,21221463
205528,205529,0.96415770609319,21224736,21224744
205553,205554,0.8865979381443299,21227043,21227179
107433,205579,0.8876404494382022,12894212,21229173
205582,205587,0.9871794871794872,21229642,21230031
180771,205609,0.977961432506887,18235176,21231607
180771,205611,0.9510869565217391,18235176,21231818
204360,205640,0.8920863309352518,21085533,21234982
205588,205640,0.8561151079136691,21230039,21234982
200784,205652,0.8509803921568627,20509747,21235658
205640,205658,0.8705035971223022,21234982,21236082
180771,205668,0.9590163934426229,18235176,21237262
205588,205672,0.8561151079136691,21230039,21238002
205682,205687,0.9207920792079208,21239767,21240250
205687,205692,0.9017857142857143,21240250,21240737
19636,205694,0.9232,8432078,21241002
19636,205697,0.9095238095238095,8432078,21241399
180771,205716,0.9274193548387096,18235176,21243061
180135,205724,0.9402697495183044,18145907,21244106
180135,205774,0.9366602687140115,18145907,21247739
198028,205786,0.9074074074074074,20138435,21248059
202409,205797,0.8857142857142857,20793828,21248970
205825,205826,0.9078341013824884,21251506,21251507
203634,205836,0.9343434343434344,20997197,21252465
92873,205869,0.9479495268138801,11999254,21257936
205882,205883,0.9504504504504504,21258841,21258844
19636,205884,0.8958990536277602,8432078,21258897
145129,205892,0.9454094292803971,15204962,21259590
145129,205893,0.9454094292803971,15204962,21259591
145129,205905,0.9698492462311558,15204962,21260493
206016,206018,0.8837209302325582,21270439,21270624
206004,206021,0.9444444444444444,21269448,21270915
206016,206022,0.9064327485380117,21270439,21270919
206016,206026,0.9064327485380117,21270439,21271379
206049,206054,0.8709677419354839,21274442,21274756
206085,206086,0.9166666666666666,21279046,21279054
206079,206087,0.9142091152815014,21278484,21279088
206079,206090,0.9245283018867925,21278484,21279517
180771,206099,0.977961432506887,18235176,21281157
181097,206112,0.9274193548387096,18268068,21282370
180771,206113,0.9301075268817204,18235176,21282465
79125,206156,0.8853211009174312,11177924,21287600
206154,206157,0.8765432098765432,21287494,21287669
180135,206166,0.9157303370786517,18145907,21288769
206185,206192,0.8727272727272727,21291977,21292196
206188,206192,0.9069767441860465,21292071,21292196
206192,206193,0.8552036199095022,21292196,21292229
201962,206211,0.8918918918918919,20753991,21298674
162949,206234,0.8923076923076924,16350173,21300869
192670,206236,0.8923076923076924,19587805,21300922
144560,206237,0.8823529411764706,15181488,21301207
189443,206237,0.8823529411764706,19099489,21301207
197217,206237,0.872093023255814,20076165,21301207
201255,206247,0.8582677165354331,20552330,21302739
175458,206261,0.8602150537634409,17498202,21304785
206268,206273,0.88,21305219,21305627
202827,206277,0.9342105263157895,20852416,21306070
206282,206303,0.9949494949494949,21307286,21309283
180135,206306,0.9157303370786517,18145907,21309592
204360,206451,0.8591549295774648,21085533,21387643
206451,206462,0.9191176470588235,21387643,21388157
206480,206482,0.883008356545961,21389611,21389668
206482,206483,0.899135446685879,21389668,21389736
206480,206484,0.8602739726027397,21389611,21389781
206480,206487,0.8575342465753425,21389611,21389813
206511,206515,0.8648648648648649,21396499,21397153
63888,206534,0.8645833333333334,10309289,21398958
206529,206539,0.930379746835443,21398653,21399470
206584,206586,0.9282868525896414,21404650,21405008
198539,206594,0.890625,20175771,21405702
133938,206616,0.9363636363636364,14526979,21407902
206584,206623,0.9690444145356663,21404650,21409172
206584,206624,0.9689608636977058,21404650,21409317
133938,206643,0.8828828828828829,14526979,21411470
206646,206647,0.8591549295774648,21411623,21411625
202827,206651,0.9281045751633987,20852416,21411815
206661,206662,0.8536585365853658,21413809,21413812
133938,206693,0.990909090909091,14526979,21417310
157526,206727,0.8507462686567164,15994217,21420541
206748,206749,0.9521276595744681,21422778,21422779
206753,206754,0.9088471849865952,21423104,21423105
137067,206761,0.95,14721806,21424271
206766,206767,0.9353099730458221,21424760,21424762
177088,206768,0.8795180722891566,17882219,21424879
183030,206768,0.8795180722891566,18421494,21424879
63890,206769,0.8631578947368421,10309294,21424913
206451,206807,0.8928571428571429,21387643,21431521
206451,206809,0.9124087591240876,21387643,21431575
201988,206810,0.8581081081081081,20756070,21431578
206451,206813,0.9191176470588235,21387643,21431629
204360,206814,0.8794326241134752,21085533,21431664
206451,206815,0.9191176470588235,21387643,21431685
77421,206844,0.8862275449101796,11071418,21435448
206912,206913,0.9490196078431372,21444567,21444572
206950,206951,0.9920792079207921,21448035,21448039
201255,206959,0.9585062240663901,20552330,21448674
206246,206959,0.8804780876494024,21302632,21448674
206242,206962,0.8582677165354331,21302132,21448801
193083,206963,0.957983193277311,19655622,21448895
206245,206963,0.8565737051792829,21302387,21448895
206990,206991,0.8870967741935484,21451594,21451598
186504,207037,0.875,18860767,21455758
207042,207043,0.9241071428571429,21456072,21456075
207090,207098,0.8924731182795699,21462493,21463459
207102,207115,0.9024390243902439,21463995,21465453
207102,207121,0.8896551724137931,21463995,21465888
207119,207121,0.9230769230769231,21465707,21465888
207138,207139,0.9302325581395349,21468631,21468632
207150,207151,0.8819095477386935,21470311,21470415
206920,207158,0.9319727891156463,21445025,21471329
206920,207166,0.8618421052631579,21445025,21471891
207162,207174,0.8724279835390947,21471614,21472229
207165,207174,0.923728813559322,21471836,21472229
207173,207175,0.9586206896551724,21472186,21472391
207176,207177,0.9303482587064676,21472599,21472602
207192,207193,0.8695652173913043,21476127,21476201
207192,207194,0.8713692946058091,21476127,21476262
207250,207251,0.9146341463414634,21485298,21485300
207250,207254,0.859375,21485298,21485575
205588,207265,0.85,21230039,21486990
206453,207278,0.9192708333333334,21387758,21489099
206247,207283,0.9585062240663901,21302739,21489585
207306,207307,0.9213793103448276,21490897,21490899
207317,207338,0.9230769230769231,21491736,21493619
207360,207361,0.8957169459962756,21498117,21498118
207414,207415,0.9193548387096774,21506148,21506149
207169,207462,0.9965635738831615,21472039,21510648
207474,207475,0.9195804195804196,21512220,21512325
207474,207476,0.9,21512220,21512406
207474,207478,0.9172413793103448,21512220,21512507
207489,207491,0.8704103671706264,21513629,21514089
207491,207494,0.9092872570194385,21514089,21514270
184460,207495,0.8507462686567164,18583813,21514339
127360,207537,0.8681318681318682,14090490,21524255
131390,207551,0.95,14346918,21526730
206584,207581,0.9331550802139037,21404650,21530353
206584,207582,0.887012987012987,21404650,21530354
206584,207593,0.9436241610738255,21404650,21532099
206584,207594,0.9435483870967742,21404650,21532102
207597,207601,0.86,21532781,21533004
177204,207607,0.8755144032921811,18038242,21533418
48968,207610,0.8926728586171311,9512356,21533589
197084,207612,0.9069767441860465,20067096,21533779
207693,207694,0.8518518518518519,21545422,21545423
194331,207695,0.9029649595687331,19794295,21545611
25964,207724,0.9230769230769231,8628431,21551784
207746,207747,0.933993399339934,21554826,21554831
207830,207831,0.9511111111111111,21569908,21569911
139808,207835,0.9032258064516129,14912344,21570312
207841,207842,0.9641833810888252,21571102,21571278
163866,207847,0.8529411764705882,16444881,21572071
152088,207850,0.8828125,15632083,21572139
193058,207850,0.8971774193548387,19653312,21572139
207885,207886,0.9154929577464789,21575898,21575900
207890,207891,0.9259259259259259,21576258,21576260
207902,207906,0.9487179487179487,21577197,21578009
207982,207985,0.9410609037328095,21607077,21607230
207982,207988,0.976,21607077,21607294
207996,207997,0.9134615384615384,21607845,21607847
208018,208019,0.9032258064516129,21609974,21609976
208051,208053,0.8820960698689956,21612179,21612268
208051,208054,0.8820960698689956,21612179,21612367
31262,208096,0.8863936591809776,8795193,21614660
147749,208105,0.8543689320388349,15384787,21615195
111104,208123,0.8620689655172413,13118387,21616985
197812,208140,0.9430051813471503,20124594,21621871
7983,208200,0.8735632183908046,7909614,21629213
198394,208202,0.8955223880597015,20168448,21629486
208201,208205,0.9444444444444444,21629235,21629726
7957,208274,0.8735632183908046,7907791,21634102
133938,208276,0.9459459459459459,14526979,21634398
208270,208285,0.9747292418772563,21633869,21634801
208270,208288,0.9710144927536232,21633869,21635055
208270,208292,0.9705882352941176,21633869,21635241
208298,208299,0.9260504201680673,21635834,21635839
206451,208349,0.9197080291970803,21387643,21640162
206451,208353,0.9124087591240876,21387643,21640271
132442,208371,0.8615384615384616,14422106,21642801
208377,208378,0.9123711340206185,21643462,21643464
208417,208418,0.9159663865546218,21647431,21647435
206451,208440,0.9130434782608695,21387643,21648270
208458,208460,0.875,21650819,21651044
208458,208461,0.8918918918918919,21650819,21651047
208238,208492,0.9178674351585014,21632412,21655979
208238,208493,0.9081779053084649,21632412,21655984
208238,208494,0.9290882778581766,21632412,21656163
208238,208495,0.9516837481698389,21632412,21656166
208238,208500,0.9317851959361393,21632412,21656544
208238,208501,0.9430656934306569,21632412,21656545
206451,208502,0.9124087591240876,21387643,21656706
205588,208504,0.85,21230039,21656812
206451,208505,0.9124087591240876,21387643,21656968
206451,208506,0.9264705882352942,21387643,21656991
208525,208526,0.8591549295774648,21661742,21661743
208548,208549,0.9353233830845771,21663938,21663940
208581,208582,0.9624060150375939,21668427,21668430
208585,208597,0.8640776699029126,21668689,21669668
208626,208627,0.8913043478260869,21671821,21671824
208657,208658,0.9649122807017544,21675939,21676147
208666,208668,0.96875,21677035,21677190
208713,208716,0.9137931034482759,21681118,21681627
208713,208721,0.8688524590163934,21681118,21682127
208728,208744,0.8745644599303136,21682942,21685297
208742,208746,0.8582677165354331,21685035,21685600
208767,208768,0.9354838709677419,21688235,21688238
208804,208809,0.9230769230769231,21693147,21693343
208808,208817,0.9069767441860465,21693302,21693982
208813,208817,0.8902439024390244,21693825,21693982
208813,208820,0.935064935064935,21693825,21694353
208833,208834,0.9708454810495627,21695661,21695663
175455,208839,0.8783783783783784,17497611,21696597
175455,208841,0.896551724137931,17497611,21696662
208845,208846,0.9244935543278084,21699348,21699350
208890,208891,0.9959349593495935,21706723,21707009
208901,208902,0.9226519337016574,21708281,21708366
8209,208932,0.8735632183908046,7924985,21712802
208955,208957,0.9267015706806283,21715935,21716234
208964,208967,0.9061662198391421,21716564,21716935
208964,208968,0.9090909090909091,21716564,21717072
208988,208989,0.9523809523809523,21720545,21720553
208051,209032,1.0,21612179,21725171
175241,209048,0.88,17835287,21728009
209092,209093,0.9403669724770642,21732513,21732514
209125,209128,0.9310344827586207,21737682,21737885
209202,209204,0.9259259259259259,21753147,21753527
133938,209243,0.8558558558558559,14526979,21760281
133938,209293,0.9821428571428571,14526979,21767278
204364,209308,0.9124087591240876,21085882,21770617
206451,209308,0.9191176470588235,21387643,21770617
206451,209309,0.8865248226950354,21387643,21770720
209332,209333,0.9158415841584159,21772490,21772498
55186,209364,0.9850746268656716,9831974,21778107
209375,209378,0.9459459459459459,21779212,21779594
208143,209380,0.9,21621980,21779813
63888,209505,0.8645833333333334,10309289,21835662
196898,209541,0.9414225941422594,20049107,21838446
68605,209571,0.8666666666666667,10556227,21841842
111160,209571,0.9133333333333333,13124449,21841842
63888,209591,0.9021739130434783,10309289,21846094
63888,209592,0.9021739130434783,10309289,21846169
63888,209627,0.9021739130434783,10309289,21851074
209592,209630,0.8673469387755102,21846169,21851312
63888,209635,0.9120879120879121,10309289,21851655
63888,209676,0.9120879120879121,10309289,21855039
63888,209678,0.9222222222222223,10309289,21855255
63888,209688,0.9120879120879121,10309289,21855692
194110,209696,0.8557213930348259,19778535,21856253
63888,209702,0.9222222222222223,10309289,21856692
209723,209724,0.9180327868852459,21858542,21858546
63888,209728,0.9222222222222223,10309289,21858809
63888,209729,0.9120879120879121,10309289,21858927
63888,209732,0.9325842696629213,10309289,21859077
209794,209796,0.9195804195804196,21864472,21864475
62451,209862,0.9522184300341296,10233139,21873799
21703,209969,0.8736842105263158,8510777,21891814
206963,210060,0.876,21448895,21901037
206249,210062,0.8818897637795275,21302994,21901174
175108,210094,0.8611632270168855,17469681,21905085
185779,210135,0.967551622418879,18717274,21908940
210144,210149,0.9641255605381166,21910249,21910558
210242,210243,0.9433962264150944,21935684,21935691
210264,210266,0.8689516129032258,21937867,21938293
210264,210269,0.8913934426229508,21937867,21938548
210264,210270,0.8644400785854617,21937867,21938746
210264,210273,0.8906882591093117,21937867,21938914
210264,210275,0.9139344262295082,21937867,21939053
210041,210287,0.9354838709677419,21898098,21940043
209380,210319,0.8571428571428571,21779813,21942493
203447,210332,0.918552036199095,20979541,21945073
205468,210348,0.8507462686567164,21215207,21945887
128192,210359,0.8923076923076924,14146145,21947462
210373,210374,0.962059620596206,21949918,21949921
113041,210414,0.9629629629629629,13227511,21967600
210431,210432,0.890625,21971672,21971677
210434,210444,0.987012987012987,21971835,21973819
210452,210453,0.8877551020408163,21975501,21975507
193058,210478,0.8571428571428571,19653312,21979314
193058,210480,0.853515625,19653312,21979726
193058,210493,0.859375,19653312,21980347
208143,210496,0.8586956521739131,21621980,21980410
133938,210545,0.9732142857142857,14526979,21987429
159072,210559,0.8507462686567164,16102693,21988789
210572,210573,0.8611111111111112,21991396,21991399
180135,210632,0.9190207156308852,18145907,22062705
210673,210674,0.9084967320261438,22072978,22072979
206584,210829,0.9185282522996058,21404650,22103428
206584,210832,0.9365079365079365,21404650,22103544
206584,210835,0.9402390438247012,21404650,22103701
206584,210837,0.9506666666666667,21404650,22103772
210850,210852,0.8553054662379421,22105736,22105963
210850,210853,0.869281045751634,22105736,22106146
210850,210854,0.869281045751634,22105736,22106315
193058,210877,0.8571428571428571,19653312,22113422
210878,210879,0.9206349206349206,22113466,22113468
197740,210881,0.8777120315581854,20114786,22113689
210911,210913,0.8741721854304636,22116665,22117061
175108,210918,0.9284332688588007,17469681,22117834
175240,210922,0.8716981132075472,17835210,22118050
186614,210922,0.9097888675623801,18867712,22118050
209380,211025,0.8571428571428571,21779813,22147352
21703,211048,0.9120879120879121,8510777,22150836
63888,211067,0.9222222222222223,10309289,22153133
63890,211072,0.9213483146067416,10309294,22153604
198888,211076,0.9308510638297872,20207877,22153900
192536,211085,0.9465648854961832,19571272,22154837
206384,211092,0.876010781671159,21376813,22155498
211096,211105,0.8909090909090909,22156441,22158401
190665,211179,0.9637096774193549,19244394,22166433
211218,211263,0.8852941176470588,22170565,22174103
118644,211264,0.8928571428571429,13559790,22174175
111104,211273,0.8620689655172413,13118387,22175228
118644,211292,0.8928571428571429,13559790,22178353
175108,211346,0.8785578747628083,17469681,22187001
210319,211381,0.8571428571428571,21942493,22193794
194110,211453,0.8743718592964824,19778535,22202183
194110,211455,0.8557213930348259,19778535,22202320
194115,211456,0.86,19778819,22202423
207601,211456,0.9476439790575916,21533004,22202423
194110,211457,0.8743718592964824,19778535,22202544
194110,211458,0.8557213930348259,19778535,22202691
194110,211459,0.8557213930348259,19778535,22202835
211485,211487,0.9401197604790419,22205686,22205869
211505,211509,0.8933333333333333,22206685,22207231
211505,211513,0.8603896103896104,22206685,22207631
210319,211515,0.8571428571428571,21942493,22207788
152751,211562,0.855072463768116,15690797,22212756
211642,211649,0.9802371541501976,22222634,22223190
211642,211653,0.8935361216730038,22222634,22223518
211677,211678,0.9576837416481069,22226303,22226524
209380,211705,0.8571428571428571,21779813,22229616
112652,211748,0.9047619047619048,13205530,22238215
209380,211749,0.8571428571428571,21779813,22238282
180135,211790,0.902803738317757,18145907,22243372
180135,211798,0.9155722326454033,18145907,22244474
209380,211803,0.8571428571428571,21779813,22246415
210319,211811,0.8586956521739131,21942493,22249658
209380,211832,0.8571428571428571,21779813,22268648
201988,211837,0.8581081081081081,20756070,22278396
210319,211882,0.8571428571428571,21942493,22290586
211912,211913,0.8838709677419355,22291891,22291892
123526,211938,0.8910256410256411,13853946,22292578
211939,211940,0.9236641221374046,22292597,22292608
206451,211945,0.8802816901408451,21387643,22292721
205588,211946,0.85,21230039,22292738
206451,211948,0.8992805755395683,21387643,22292755
211958,211959,0.9254901960784314,22293575,22293576
194331,211972,0.9128065395095368,19794295,22294919
211997,211998,0.8599562363238512,22298983,22298984
212001,212002,0.8863636363636364,22299305,22299397
212009,212010,0.8620689655172413,22302425,22302608
203727,212057,0.9292035398230089,21015095,22307072
212087,212089,0.8895027624309392,22309769,22309773
212115,212120,0.9923664122137404,22312375,22313008
212115,212122,0.9586466165413534,22312375,22313209
212115,212126,0.9885496183206107,22312375,22313358
63888,212136,0.875,10309289,22314170
207789,212136,0.8817204301075269,21563481,22314170
212141,212142,0.9354838709677419,22314594,22314595
212165,212166,0.8979591836734694,22316906,22316909
212208,212209,0.8679245283018868,22320831,22320832
133938,212240,0.918918918918919,14526979,22322944
176070,212261,0.8955223880597015,17541254,22325556
136243,212279,0.970917225950783,14675015,22326862
211664,212279,0.8631578947368421,22224706,22326862
212308,212310,0.8765432098765432,22330504,22330806
210834,212332,0.9430463576158941,22103636,22334073
210834,212333,0.9586114819759679,22103636,22334077
86838,212374,0.94,11595570,22342694
212400,212408,0.8571428571428571,22345501,22346591
212400,212412,0.8507462686567164,22345501,22347135
212423,212429,0.9339622641509434,22347491,22347789
194110,212430,0.8557213930348259,19778535,22347815
194115,212432,0.8514851485148515,19778819,22347946
212423,212434,0.9295774647887324,22347491,22348082
212188,212440,0.8636363636363636,22319055,22348846
212539,212540,0.8944723618090452,22360622,22360623
212542,212543,0.8879310344827587,22360770,22360773
127302,212548,0.8876404494382022,14087434,22361515
33633,212549,0.8558421851289834,8871716,22361794
56635,212549,0.8617363344051447,9950018,22361794
212440,212566,0.8565573770491803,22348846,22364659
212635,212637,0.9324618736383442,22372946,22373545
212635,212639,0.8946236559139785,22372946,22373742
194598,212640,0.9529914529914529,19883346,22373752
212635,212642,0.8920086393088553,22372946,22374063
212635,212643,0.8824786324786325,22372946,22374175
212635,212644,0.9192139737991266,22372946,22374268
211424,212647,0.9700214132762313,22198787,22374600
212652,212653,0.9656862745098039,22375997,22376178
212679,212683,0.9336283185840708,22382672,22384405
212695,212696,0.8662613981762918,22386782,22386786
212734,212735,0.9518599562363238,22390537,22390541
203700,212782,0.8711484593837535,21011176,22395388
203700,212788,0.8983050847457628,21011176,22395742
212789,212790,0.8517857142857143,22395782,22395785
212842,212843,0.9713114754098361,22401804,22401805
53284,212866,1.0,9747649,22406388
212863,212869,0.9524940617577197,22405763,22406717
212888,212891,0.9431818181818182,22409739,22409813
210319,212926,0.8681318681318682,21942493,22414934
210319,212927,0.8571428571428571,21942493,22415033
208143,212934,0.8571428571428571,21621980,22417191
208143,212946,0.8791208791208791,21621980,22418817
162588,212960,0.9226361031518625,16319560,22423854
211121,212982,0.928,22160150,22427254
212998,213011,0.9004524886877828,22429311,22430514
212998,213018,0.9357798165137615,22429311,22431956
128197,213022,0.8923076923076924,14146195,22432339
157222,213023,0.8888888888888888,15973879,22432459
213111,213112,0.9152542372881356,22444222,22444228
213157,213158,0.8782608695652174,22449278,22449281
213198,213201,0.8536585365853658,22453383,22453384
213209,213210,0.8736842105263158,22455149,22455150
212934,213224,0.8571428571428571,22417191,22456820
213236,213240,0.8704318936877077,22458294,22458782
213239,213240,0.898989898989899,22458507,22458782
211025,213257,0.8681318681318682,22147352,22464452
136452,213314,0.8571428571428571,14683632,22509813
209380,213325,0.8571428571428571,21779813,22515121
210319,213331,0.8571428571428571,21942493,22515838
213353,213358,0.8579439252336448,22519685,22520091
203289,213362,0.9375,20962354,22520426
73443,213374,0.8518518518518519,10826030,22521367
187967,213386,0.8743315508021391,18976202,22521565
213459,213461,0.8735177865612648,22533440,22533574
213475,213477,0.9491150442477876,22536892,22537115
213475,213479,0.9864559819413092,22536892,22537831
213475,213481,0.9732739420935412,22536892,22537938
213475,213486,0.9622222222222222,22536892,22538201
207192,213500,0.9110169491525424,21476127,22540040
127529,213526,0.946236559139785,14100632,22544190
213551,213564,0.9661016949152542,22548698,22549854
213551,213576,0.9016393442622951,22548698,22550506
203936,213583,0.8842105263157894,21035642,22550983
203936,213585,0.8842105263157894,21035642,22551172
213551,213589,0.9304635761589404,22548698,22551663
213617,213619,1.0,22554991,22555108
213617,213621,0.9111111111111111,22554991,22555177
213617,213622,0.8583690987124464,22554991,22555369
213631,213634,0.8805031446540881,22556402,22556582
22763,213652,0.8536585365853658,8538125,22557969
213657,213658,0.9222797927461139,22558250,22558255
213657,213660,0.8811881188118812,22558250,22558370
213657,213662,0.89,22558250,22558465
213657,213663,0.89,22558250,22558559
213509,213690,0.855072463768116,22541014,22563584
213695,213698,0.9385113268608414,22565340,22565964
213696,213699,0.9174603174603174,22565341,22565966
171517,213762,0.8529411764705882,17167464,22574861
208847,213786,0.9,21699483,22576689
168899,213806,0.8591549295774648,16934930,22578199
179699,213844,0.8977272727272727,18060181,22581990
213842,213847,0.9205479452054794,22581907,22582078
127302,213849,0.8876404494382022,14087434,22582520
132893,213883,0.8955223880597015,14438350,22587301
213887,213888,0.9475409836065574,22588287,22588292
213631,213992,0.9123376623376623,22556402,22600179
214004,214005,0.8651685393258427,22601715,22601716
210319,214011,0.8764044943820225,21942493,22602378
21703,214043,0.9090909090909091,8510777,22610811
55186,214050,0.8571428571428571,9831974,22612135
213509,214053,0.92,22541014,22612532
213691,214056,0.8740740740740741,22563659,22612746
214053,214060,0.92,22612532,22613099
144560,214075,0.8604651162790697,15181488,22614384
210319,214078,0.8571428571428571,21942493,22614993
186515,214143,0.8762886597938144,18861636,22623545
214160,214208,0.8979591836734694,22625120,22631046
214207,214210,0.9838709677419355,22630876,22631128
84853,214212,0.8533333333333334,11500373,22631315
214160,214214,0.9,22625120,22631384
214207,214216,0.8507462686567164,22630876,22631511
63888,214230,0.8829787234042553,10309289,22633248
84805,214235,0.8830645161290323,11498551,22633611
84805,214245,0.8803763440860215,11498551,22634575
84805,214249,0.9028727770177839,11498551,22634886
214207,214255,0.8955223880597015,22630876,22635236
214210,214257,0.8840579710144928,22631128,22635417
84805,214258,0.8506666666666667,11498551,22635543
84805,214261,0.856,11498551,22635802
84805,214265,0.8932432432432432,11498551,22636192
84805,214267,0.8875338753387534,11498551,22636477
214248,214270,0.8974358974358975,22634885,22636668
214271,214272,0.898989898989899,22636676,22636899
210319,214286,0.8777777777777778,21942493,22638184
213977,214357,0.9512195121951219,22598903,22646588
200720,214417,0.8923076923076924,20504896,22653836
214160,214430,0.88,22625120,22655805
214435,214436,0.9090909090909091,22656254,22656255
7983,214481,0.8735632183908046,7909614,22661392
180617,214495,0.8624833110814419,18223306,22662582
214567,214574,0.8881118881118881,22667399,22667864
214575,214576,0.8853503184713376,22667921,22667925
214567,214577,0.9219858156028369,22667399,22668100
214580,214581,0.9425287356321839,22668398,22668400
214638,214639,0.91005291005291,22673813,22673815
214638,214647,0.8900523560209425,22673813,22674357
55186,214651,0.9368421052631579,9831974,22674639
214653,214654,0.9032258064516129,22674733,22674737
55202,214656,0.9233449477351916,9832440,22674986
175241,214661,0.8695652173913043,17835287,22675307
214665,214666,0.9227799227799228,22676020,22676025
214667,214668,0.9445727482678984,22676052,22676053
214675,214682,0.8809523809523809,22677911,22678547
214698,214701,0.8861386138613861,22681583,22681733
213055,214722,0.8885714285714286,22435830,22683559
209380,214736,0.8777777777777778,21779813,22685337
214763,214764,0.941747572815534,22689607,22689608
208143,214776,0.8571428571428571,21621980,22691843
210319,214785,0.8571428571428571,21942493,22694072
210319,214786,0.8571428571428571,21942493,22694193
211515,214825,0.9767441860465116,22207788,22700315
214828,214829,0.8938053097345132,22700743,22700749
144987,214875,0.9455252918287937,15215802,22707823
122133,214882,0.868421052631579,13778883,22709446
144987,214886,0.9230769230769231,15215802,22710018
175998,214893,0.85,17954094,22710371
144987,214896,0.9169811320754717,15215802,22710998
144987,214901,0.8867924528301887,15215802,22711818
210319,214926,0.8571428571428571,21942493,22736507
53672,214936,0.8795811518324608,9777830,22746456
214967,214968,0.9156626506024096,22748360,22748421
214967,214972,0.8823529411764706,22748360,22748501
214991,214992,0.8875,22749856,22749857
214994,215007,0.8518518518518519,22750169,22750427
215013,215027,0.8870967741935484,22750624,22750819
214943,215052,0.9728506787330317,22747093,22751704
180135,215056,0.9224952741020794,18145907,22751978
215076,215079,0.9020979020979021,22753960,22754113
215090,215092,0.8948453608247423,22755887,22755908
215090,215093,0.8793456032719836,22755887,22755926
215092,215095,0.8522267206477733,22755908,22756035
155959,215124,0.8507462686567164,15880939,22765192
215112,215142,0.8641975308641975,22763405,22767917
39064,215157,0.9506172839506173,9080472,22769932
44272,215157,0.8701298701298701,9294007,22769932
205652,215179,0.9032258064516129,21235658,22771620
206243,215179,0.8582677165354331,21302283,22771620
193084,215181,0.8515625,19655735,22771668
210065,215181,0.8515625,21901334,22771668
194110,215241,0.8557213930348259,19778535,22779551
215244,215263,0.8548387096774194,22780221,22781826
215261,215263,0.8548387096774194,22781188,22781826
63888,215271,0.8924731182795699,10309289,22782476
215316,215319,0.8646408839779005,22786181,22786537
215349,215353,0.890625,22789697,22789932
215367,215372,0.8597122302158273,22791338,22791859
30666,215377,0.8504823151125402,8783191,22792255
180924,215377,0.8559870550161812,18251770,22792255
108019,215378,0.9285714285714286,12921541,22792358
62420,215379,0.8665568369028006,10257428,22792476
55663,215447,0.8515406162464986,9861103,22806263
56239,215448,0.899135446685879,9893799,22806264
215469,215475,0.948,22808849,22809426
213762,215479,0.8823529411764706,22574861,22810092
215490,215491,0.9619047619047619,22811012,22811023
215490,215492,0.8727272727272727,22811012,22811027
210340,215504,0.918552036199095,21945518,22811922
215506,215507,0.8938053097345132,22811946,22811948
203460,215510,0.8794642857142857,20980544,22812084
203447,215515,0.8678414096916299,20979541,22812436
168932,215561,0.8529411764705882,16936678,22820041
208143,215585,0.9770114942528736,21621980,22836097
215591,215594,0.9976133651551312,22837145,22837929
215591,215596,0.971764705882353,22837145,22838067
215498,215601,0.873015873015873,22811601,22840135
188669,215603,0.8604651162790697,19029028,22841746
3903,215606,0.9096573208722741,7693407,22843013
173294,215611,0.861198738170347,17299833,22843293
193058,215650,0.8712273641851107,19653312,22850473
215651,215655,0.9632352941176471,22850490,22850716
193058,215657,0.8677354709418837,19653312,22850895
215648,215658,0.8888888888888888,22850021,22850956
215686,215687,0.9113300492610837,22875437,22875439
215779,215784,0.9591836734693877,22965214,22965374
213631,215805,0.8643533123028391,22556402,22967872
215818,215819,0.872093023255814,22968721,22968778
215835,215837,0.9585798816568047,22970008,22970119
55338,215885,0.8610169491525423,9844416,22975542
112196,215930,0.9074074074074074,13182358,22978962
214985,216025,0.912,22749409,22988059
215181,216045,0.8515625,22771668,22990173
193083,216047,0.8565737051792829,19655622,22990431
216114,216115,0.9168704156479217,22998297,22998301
216176,216177,0.8831168831168831,23010670,23010676
216176,216179,0.8557692307692307,23010670,23010777
216062,216297,0.961439588688946,22992176,23031444
216062,216305,0.961439588688946,22992176,23032084
216062,216313,0.9639175257731959,22992176,23032410
216062,216327,0.9639175257731959,22992176,23033325
216325,216332,0.9385245901639344,23033010,23033797
55186,216342,0.8809523809523809,9831974,23034811
55186,216345,0.9230769230769231,9831974,23035050
175240,216390,0.8595505617977528,17835210,23037535
132940,216399,0.9104477611940298,14458167,23037846
216395,216403,0.9846153846153847,23037733,23038006
216430,216431,0.9783037475345168,23040231,23040239
177642,216444,0.9456521739130435,18086927,23042557
180618,216446,0.8804347826086957,18223391,23042709
180663,216448,0.9259259259259259,18225731,23042867
180618,216451,0.8521505376344086,18223391,23042990
215628,216459,0.8624,22845434,23043947
215628,216461,0.883495145631068,22845434,23044058
139895,216467,0.8955223880597015,14919886,23044429
198394,216470,0.8823529411764706,20168448,23044592
139022,216471,0.8955223880597015,14860532,23044613
63888,216472,0.8924731182795699,10309289,23044640
190110,216475,0.9227941176470589,19177024,23044882
216476,216477,0.8779527559055118,23044899,23044902
216459,216497,0.9,23043947,23046717
161819,216509,0.8591549295774648,16270607,23048491
199572,216522,0.8823529411764706,20323585,23050469
216526,216529,0.9714285714285714,23051175,23051336
189329,216538,0.9487179487179487,19085854,23052759
216062,216551,0.929471032745592,22992176,23054995
216062,216552,0.9540816326530612,22992176,23055089
210496,216568,0.8586956521739131,21980410,23057452
216062,216576,0.9639175257731959,22992176,23058258
216062,216580,0.9389312977099237,22992176,23058529
216585,216586,0.8712121212121212,23058935,23059056
216585,216587,0.890625,23058935,23059145
216585,216588,0.890625,23058935,23059214
216629,216634,0.8509615384615384,23070646,23070965
216633,216634,0.8826530612244898,23070873,23070965
216507,216714,0.8986486486486487,23048130,23077052
216062,216719,0.9265822784810127,22992176,23077290
216720,216723,0.9122807017543859,23077346,23077451
216062,216724,0.9664082687338501,22992176,23077456
216714,216757,0.8993288590604027,23077052,23081181
216753,216758,0.9212598425196851,23080816,23081386
216757,216790,0.8660130718954249,23081181,23084860
216507,216794,0.8956228956228957,23048130,23086336
216777,216794,0.8622950819672132,23082941,23086336
216507,216795,0.8501628664495114,23048130,23086593
216813,216815,0.9464285714285714,23088773,23089195
179608,216821,0.8567708333333334,18051478,23089528
180771,216826,0.977961432506887,18235176,23089813
180771,216833,0.94579945799458,18235176,23090434
139895,216841,0.8529411764705882,14919886,23091084
216885,216886,0.9251700680272109,23100282,23100285
216903,216904,0.9612403100775194,23104338,23104418
214985,216951,0.9752066115702479,22749409,23110085
214985,216978,0.967479674796748,22749409,23112688
217009,217012,0.8935574229691877,23115128,23115798
216758,217023,0.9212598425196851,23081386,23117187
217051,217057,0.8655913978494624,23119022,23119273
217088,217093,0.9012345679012346,23122314,23123150
217107,217108,0.926605504587156,23125623,23125624
213023,217183,0.8923076923076924,22432459,23138276
214849,217189,0.8955223880597015,22704192,23139632
128978,217202,0.984375,14166483,23141553
209380,217222,0.8571428571428571,21779813,23150276
58856,217257,0.8793103448275862,10045229,23156278
81891,217257,0.875268817204301,11321568,23156278
81891,217260,0.9080962800875274,11321568,23156442
216774,217263,0.9206349206349206,23082454,23157141
217023,217263,0.9133858267716536,23117187,23157141
217261,217264,0.8581560283687943,23157026,23157206
206243,217270,0.8582677165354331,21302283,23158637
166926,217297,0.918918918918919,16715640,23161367
217348,217349,0.927536231884058,23167762,23167765
203016,217353,0.8507462686567164,20874219,23168576
128250,217368,0.8656716417910447,14148865,23170404
199572,217370,0.8955223880597015,20323585,23171484
217088,217436,0.974025974025974,23122314,23201323
217456,217457,0.958904109589041,23202440,23202441
216218,217463,0.9257731958762887,23016270,23202871
217465,217466,0.9423868312757202,23202907,23202954
191828,217468,0.8779443254817987,19511495,23202983
193058,217468,0.8568507157464212,19653312,23202983
217465,217469,0.9032258064516129,23202907,23202996
76565,217470,0.8913043478260869,11022887,23203020
217465,217471,0.8955823293172691,23202907,23203043
217465,217472,0.9344262295081968,23202907,23203100
217465,217473,0.9068825910931174,23202907,23203165
217481,217482,0.9164179104477612,23204089,23204094
217489,217490,0.8527918781725888,23204868,23204965
217492,217494,0.9765258215962441,23205080,23205171
217492,217495,0.9811320754716981,23205080,23205208
217492,217496,0.9811320754716981,23205080,23205244
207325,217508,0.8870967741935484,21492255,23209089
217551,217553,0.9121621621621622,23213991,23214209
210062,217556,0.8515625,21901174,23214707
216489,217558,0.9226044226044227,23045898,23214931
205652,217559,0.8509803921568627,21235658,23214968
216774,217582,0.9206349206349206,23082454,23217749
216753,217590,0.8914728682170543,23080816,23218750
183086,217607,0.8507462686567164,18425493,23220817
138538,217634,0.8955223880597015,14821665,23222899
198251,217737,0.8695652173913043,20155068,23252047
216522,217743,0.8571428571428571,23050469,23252330
216467,217749,0.8676470588235294,23044429,23252497
217380,217767,0.9761273209549072,23190383,23253409
217590,217781,0.90625,23218750,23255784
143659,217796,0.8656716417910447,15144991,23257680
216774,217837,0.8615384615384616,23082454,23262973
216753,217842,0.9212598425196851,23080816,23263210
217841,217846,0.9586776859504132,23263178,23263363
217846,217851,0.8522427440633246,23263363,23263587
217849,217851,0.9118457300275482,23263491,23263587
217846,217853,0.8670076726342711,23263363,23263729
216720,217863,0.851063829787234,23077346,23264682
143659,217870,0.8656716417910447,15144991,23265438
217897,217901,0.9606299212598425,23268980,23269546
217897,217912,0.9384615384615385,23268980,23270976
128197,217916,0.8529411764705882,14146195,23271283
217920,217921,0.8721804511278195,23272190,23272194
216218,217955,0.9535864978902954,23016270,23277679
216218,217956,0.9257731958762887,23016270,23277877
216720,217967,0.8787878787878788,23077346,23279871
217979,217980,0.9441340782122905,23281070,23281073
210319,217987,0.8571428571428571,21942493,23282028
217415,217989,0.9492481203007519,23199625,23282230
217415,217990,0.9438202247191011,23199625,23282231
63888,217992,0.9651162790697675,10309289,23282273
63888,217994,0.9651162790697675,10309289,23282396
63888,217996,0.9540229885057471,10309289,23282550
210496,217997,0.898876404494382,21980410,23282626
216720,218000,0.8947368421052632,23077346,23282796
217415,218007,0.9364485981308411,23199625,23283720
217415,218008,0.943502824858757,23199625,23283873
217415,218009,0.9545454545454546,23199625,23283875
217127,218021,0.9432314410480349,23128905,23286900
214985,218040,0.9193548387096774,22749409,23294466
214985,218084,0.9916666666666667,22749409,23297006
152751,218089,0.8591549295774648,15690797,23297280
218111,218112,0.9449035812672176,23301145,23301419
194110,218116,0.864321608040201,19778535,23302071
216774,218137,0.905511811023622,23082454,23305524
114472,218139,0.8813559322033898,13315645,23306112
146111,218144,0.855072463768116,15280110,23306563
212231,218145,0.8955223880597015,22322175,23306565
218157,218158,0.9441624365482234,23307928,23308078
217897,218166,0.8731343283582089,23268980,23309761
118082,218233,0.8852459016393442,13522555,23319133
218231,218235,0.8684807256235828,23319020,23319310
218253,218254,0.8869565217391304,23322148,23322366
218253,218255,0.9026548672566371,23322148,23322464
218253,218257,0.8947368421052632,23322148,23322626
218253,218259,0.8947368421052632,23322148,23322767
176113,218260,0.8823529411764706,17560860,23322772
203016,218262,0.8805970149253731,20874219,23322903
218295,218296,0.9629629629629629,23327267,23327268
195535,218346,0.8529411764705882,19945619,23336122
218347,218348,0.8601398601398601,23336162,23336166
216546,218395,0.863013698630137,23053785,23339986
216547,218395,0.8796296296296297,23054002,23339986
216720,218395,0.8899082568807339,23077346,23339986
218258,218448,0.8869565217391304,23322668,23346833
218258,218451,0.8793103448275862,23322668,23347054
218258,218453,0.8869565217391304,23322668,23347259
63888,218465,0.9431818181818182,10309289,23349010
63888,218469,0.9540229885057471,10309289,23349170
178828,218471,0.8645833333333334,17871348,23349438
63888,218477,0.9651162790697675,10309289,23349755
63888,218478,0.9651162790697675,10309289,23349976
198251,218505,0.8955223880597015,20155068,23352733
200315,218528,0.8955223880597015,20395241,23385236
216547,218539,0.8538812785388128,23054002,23404702
218530,218539,0.8699551569506726,23392489,23404702
218542,218543,0.9767054908485857,23423660,23423661
211381,218544,0.9767441860465116,22193794,23423770
218622,218623,0.927007299270073,23438449,23438450
218625,218629,0.9298245614035088,23438838,23439501
218653,218657,0.8758620689655172,23442416,23442829
217556,218679,0.8588235294117647,23214707,23445906
218687,218688,0.9759615384615384,23446572,23446847
218695,218696,0.88,23447947,23448119
194115,218721,0.86,19778819,23450367
194110,218722,0.8557213930348259,19778535,23450628
218698,218735,0.896551724137931,23448240,23452315
218698,218748,0.9233449477351916,23448240,23454672
218762,218764,0.9213483146067416,23455962,23456371
218767,218773,0.9166666666666666,23456633,23456933
218771,218775,0.971830985915493,23456893,23457090
218767,218778,0.9016393442622951,23456633,23457220
218735,218781,0.8518518518518519,23452315,23457638
152088,218783,0.8618677042801557,15632083,23457813
218786,218787,0.9562841530054644,23457928,23457935
218790,218793,0.9705882352941176,23458018,23458449
218790,218794,0.9265175718849841,23458018,23458591
55186,218795,0.978021978021978,9831974,23458683
218825,218826,0.852760736196319,23461026,23461189
218253,218833,0.8947368421052632,23322148,23461527
218253,218835,0.9026548672566371,23322148,23461653
218253,218838,0.8947368421052632,23322148,23461784
218253,218839,0.8869565217391304,23322148,23461888
218905,218906,0.9326424870466321,23476430,23476431
214985,218918,0.967479674796748,22749409,23477677
180612,218948,0.8621118012422361,18223203,23480782
218759,218957,0.9523809523809523,23455651,23481688
216547,218993,0.8883720930232558,23054002,23487189
216546,219019,0.8761467889908257,23053785,23490839
216720,219043,1.0,23077346,23494313
219041,219045,0.8935483870967742,23494029,23494431
219041,219046,0.9147540983606557,23494029,23494615
219053,219054,0.8804780876494024,23495058,23495172
219058,219059,0.9227642276422764,23496033,23496035
55186,219086,0.9041095890410958,9831974,23501578
103424,219093,0.8913043478260869,12636325,23512019
63888,219095,0.9021739130434783,10309289,23512118
63888,219096,0.9222222222222223,10309289,23512194
219098,219099,0.9453781512605042,23512479,23512640
219098,219100,0.9414225941422594,23512479,23512743
63888,219109,0.9021739130434783,10309289,23516177
153756,219125,0.8656716417910447,15745210,23519760
216560,219141,0.876,23056192,23521356
219140,219141,0.874251497005988,23521352,23521356
219019,219158,0.855072463768116,23490839,23523973
63888,219189,0.8829787234042553,10309289,23527681
219200,219201,0.978021978021978,23528968,23528971
129058,219267,0.8888888888888888,14191485,23537108
217551,219275,0.8666666666666667,23213991,23538261
204826,219358,0.855072463768116,21146938,23555553
144560,219366,0.898876404494382,15181488,23556495
127302,219369,0.8586956521739131,14087434,23556937
105428,219373,0.9811320754716981,12768921,23557353
219259,219396,0.893491124260355,23535676,23562350
219423,219424,0.9878048780487805,23564394,23564395
219426,219428,0.9260355029585798,23564743,23564751
217551,219432,0.8666666666666667,23213991,23565006
172521,219441,0.8823529411764706,17240717,23566130
194110,219459,0.8557213930348259,19778535,23567846
219531,219543,0.9166666666666666,23575255,23576044
194110,219560,0.87,19778535,23578068
132592,219617,0.8636363636363636,14410983,23585020
210531,219632,0.8854625550660793,21985908,23587542
219259,219655,0.893491124260355,23535676,23591107
219673,219674,0.8941798941798942,23595516,23595633
219679,219682,0.8577777777777778,23595933,23596084
219715,219716,0.9182282793867121,23647364,23647365
103081,219725,0.8617021276595744,12618647,23648855
210319,219735,0.8571428571428571,21942493,23649688
210319,219741,0.8571428571428571,21942493,23650231
127302,219756,0.9518072289156626,14087434,23651326
218571,219760,0.8804347826086957,23428248,23651434
219785,219787,0.9573170731707317,23652652,23652676
99273,219788,0.8927038626609443,12383518,23652683
219821,219824,0.9166666666666666,23655222,23655320
184736,219842,0.8939393939393939,18610817,23662133
219891,219892,0.8575851393188855,23673648,23673649
218698,219913,0.8677966101694915,23448240,23677402
218566,219938,0.9354838709677419,23427801,23682352
192719,219939,0.8857142857142857,19592184,23682468
206768,219940,0.8690476190476191,21424879,23682537
112744,219945,0.9475728155339805,13210833,23683232
112744,219951,0.9217557251908397,13210833,23684418
127302,219972,0.8941176470588236,14087434,23689123
219978,219983,0.8771929824561403,23689978,23689979
220041,220042,0.9,23702093,23702095
216720,220045,0.8518518518518519,23077346,23703198
216720,220046,0.8884120171673819,23077346,23703481
216546,220047,0.852017937219731,23053785,23703565
216720,220048,0.875,23077346,23703596
216720,220050,0.8734177215189873,23077346,23703630
216720,220082,0.8626609442060086,23077346,23712242
220087,220092,0.8636363636363636,23713231,23713495
206245,220101,0.8611111111111112,21302387,23716099
186270,220104,0.8529411764705882,18832042,23716762
216720,220134,0.9285714285714286,23077346,23720541
217964,220134,0.8535564853556485,23279624,23720541
175241,220138,0.9036608863198459,17835287,23721083
210319,220158,0.8571428571428571,21942493,23739798
220166,220167,0.9184027777777778,23742970,23742973
210496,220170,0.8586956521739131,21980410,23744256
99273,220213,0.8905579399141631,12383518,23751979
220222,220227,0.9230769230769231,23753212,23753318
220230,220232,0.9027777777777778,23753817,23754342
219828,220246,1.0,23655632,23757970
220255,220259,0.9320113314447592,23759250,23759655
220305,220306,0.8813559322033898,23766520,23766526
190632,220308,0.8823529411764706,19241650,23766726
175241,220325,0.9129593810444874,17835287,23769743
205579,220354,0.9438202247191011,21229173,23774710
220365,220367,0.9029850746268657,23775832,23776106
218395,220398,0.852017937219731,23339986,23785745
218539,220399,0.8590909090909091,23404702,23785805
217863,220400,0.8571428571428571,23264682,23785859
216546,220401,0.880184331797235,23053785,23786519
216546,220409,0.9065420560747663,23053785,23787345
220411,220412,0.8883720930232558,23787423,23787520
216546,220423,0.8506787330316742,23053785,23789210
216547,220426,0.85,23054002,23789282
220429,220430,0.9564032697547684,23790094,23790245
220474,220475,0.8571428571428571,23801363,23801364
218000,220483,0.8516949152542372,23282796,23803176
219019,220500,0.8829268292682927,23490839,23806960
197469,220508,0.8571428571428571,20095213,23807527
196898,220513,0.9230769230769231,20049107,23807686
186330,220577,0.9261744966442953,18835506,23813041
220411,220595,0.9902439024390244,23787423,23815177
220600,220601,0.8769230769230769,23815784,23815786
218395,220611,0.9195979899497487,23339986,23817540
55275,220629,0.8793103448275862,9841659,23820134
220638,220639,0.9095022624434389,23821473,23821597
220411,220645,0.9663461538461539,23787423,23822442
220649,220650,0.9,23823755,23823757
220666,220667,0.858139534883721,23828328,23828329
210319,220679,0.8571428571428571,21942493,23832748
220692,220705,0.9273570324574961,23836754,23838578
220692,220714,0.9715189873417721,23836754,23839861
206245,220755,0.884,21302387,23843558
210065,220755,0.8666666666666667,21901334,23843558
220806,220807,0.9153439153439153,23872449,23872450
220806,220808,0.9358288770053476,23872449,23872512
220806,220809,0.9153439153439153,23872449,23872554
220806,220810,0.9157894736842105,23872449,23872704
220806,220812,0.9057591623036649,23872449,23872760
220806,220813,0.8963730569948186,23872449,23872912
220806,220814,0.9010416666666666,23872449,23873032
220857,220858,0.8842652795838751,23880224,23880267
56239,220872,0.899135446685879,9893799,23882778
220936,220937,0.9502487562189055,23894331,23894332
220985,220986,0.8855218855218855,23901786,23901954
120962,220990,0.8727272727272727,13705117,23902443
221037,221038,0.9310344827586207,23911199,23911200
221050,221052,0.888135593220339,23914410,23914921
221056,221059,0.8968609865470852,23915793,23916097
221064,221070,0.9507389162561576,23917815,23918304
221064,221073,0.9545454545454546,23917815,23918460
216720,221116,0.9082969432314411,23077346,23924982
218539,221117,0.8738738738738738,23404702,23925409
218000,221118,0.8669527896995708,23282796,23925470
216720,221119,0.8678414096916299,23077346,23925777
218539,221120,0.8584070796460177,23404702,23925909
216546,221133,0.863013698630137,23053785,23927786
219032,221133,0.8526785714285714,23493088,23927786
217863,221146,0.8597285067873304,23264682,23928888
217967,221150,0.8793103448275862,23279871,23929100
173092,221168,1.0,17269440,23934121
210531,221256,0.881578947368421,21985908,23946733
219215,221256,0.851528384279476,23530272,23946733
221284,221285,0.8823529411764706,23949180,23949181
221286,221287,0.8879668049792531,23949219,23949395
141172,221331,0.9393939393939394,14991240,23953394
221318,221333,0.8677248677248677,23952627,23953534
221318,221336,0.8770053475935828,23952627,23954178
221337,221340,0.8860759493670886,23954307,23954898
221358,221359,0.8756476683937824,23957116,23957118
218539,221384,0.8660714285714286,23404702,23965992
218000,221387,0.8706896551724138,23282796,23966717
218539,221391,0.8699551569506726,23404702,23967000
217964,221392,0.8647540983606558,23279624,23967092
217964,221398,0.8693877551020408,23279624,23967512
216720,221399,0.8808510638297873,23077346,23967573
214522,221401,0.8571428571428571,22664093,23967866
220422,221411,0.9484536082474226,23789171,23968899
220500,221411,0.8719211822660099,23806960,23968899
219358,221440,0.855072463768116,23555553,23974679
210319,221447,0.8571428571428571,21942493,23975103
214522,221459,0.8651685393258427,22664093,23976915
217401,221459,0.8651685393258427,23198741,23976915
217407,221459,0.8651685393258427,23199279,23976915
220710,221482,0.9375,23839156,23981532
221476,221482,0.8573573573573574,23980325,23981532
220692,221486,0.957345971563981,23836754,23981950
218000,221540,0.8701298701298701,23282796,23994270
217503,221558,0.8709677419354839,23205906,23995943
206727,221573,0.855072463768116,21420541,23997415
218395,221577,0.8622222222222222,23339986,23997937
221574,221584,0.8543689320388349,23997754,23998736
216547,221598,0.8646288209606987,23054002,24002707
218000,221599,0.8701298701298701,23282796,24002835
221601,221603,0.9364069952305246,24003286,24003476
219158,221610,0.883177570093458,23523973,24012270
221629,221630,0.9444444444444444,24017067,24017153
206931,221633,0.8507462686567164,21445903,24019389
171596,221634,0.8507462686567164,17172359,24019437
219158,221677,0.96875,23523973,24028582
221688,221691,0.987220447284345,24030275,24030522
221688,221693,0.9747634069400631,24030275,24030674
221713,221715,0.949238578680203,24113385,24113435
216459,221759,0.8569157392686805,23043947,24119583
216502,221763,0.861244019138756,23047185,24119763
221787,221789,0.9282700421940928,24122005,24122196
221792,221793,0.8842975206611571,24122452,24122542
219821,221804,0.9661016949152542,23655222,24123095
221829,221830,0.9307359307359307,24130563,24130566
221837,221840,0.926984126984127,24131363,24131512
221837,221843,0.9171974522292994,24131363,24131996
221837,221845,0.8753894080996885,24131363,24132170
191861,221867,0.9268817204301075,19514244,24137209
221872,221873,0.8618421052631579,24138259,24138262
221893,221894,0.8763636363636363,24143429,24143433
221914,221915,0.9814814814814815,24146727,24146730
129592,221937,0.875,14223178,24148538
207789,221962,0.9166666666666666,21563481,24151951
221970,221971,0.9408866995073891,24153502,24153505
216720,221983,0.8888888888888888,23077346,24155149
221984,221985,0.8600823045267489,24155232,24155234
218395,221986,0.8622222222222222,23339986,24155346
218395,221987,0.8622222222222222,23339986,24155396
216720,221993,0.8734177215189873,23077346,24156051
218000,221994,0.8577586206896551,23282796,24156196
221983,221995,0.8663793103448276,24155149,24156287
218395,221996,0.8737864077669902,23339986,24156493
129592,222000,0.875,14223178,24156741
218395,222006,0.8543689320388349,23339986,24157421
129527,222008,0.875,14218400,24157639
216720,222018,0.8661087866108786,23077346,24158355
216720,222021,0.8649789029535865,23077346,24158588
216547,222024,0.8623853211009175,23054002,24158865
221996,222027,0.8598130841121495,24156493,24159087
221983,222029,0.8663793103448276,24155149,24159807
220046,222032,0.8512396694214877,23703481,24159895
222039,222040,0.9802955665024631,24161857,24161859
218395,222041,0.8571428571428571,23339986,24161863
221983,222043,0.8820960698689956,24155149,24162175
222024,222045,0.8508771929824561,24158865,24162502
222043,222047,0.8617886178861789,24162175,24162597
222080,222081,0.8508771929824561,24167768,24167769
222112,222113,0.8620689655172413,24174946,24174947
222126,222127,0.9327217125382263,24176420,24176423
222146,222147,0.9736842105263158,24178765,24179047
222148,222149,0.9104477611940298,24179179,24179182
222146,222151,0.9691119691119691,24178765,24179401
175108,222174,0.9644268774703557,17469681,24182328
217967,222176,0.8782608695652174,23279871,24182493
218539,222192,0.8738738738738738,23404702,24184831
218395,222195,0.8603603603603603,23339986,24184910
222201,222210,0.9365079365079365,24185584,24186448
222216,222217,0.8837209302325582,24186914,24186916
218395,222241,0.8603603603603603,23339986,24190000
218395,222243,0.8603603603603603,23339986,24190163
216720,222256,0.8571428571428571,23077346,24192284
216720,222257,0.8658008658008658,23077346,24192382
203460,222270,0.8526785714285714,20980544,24194293
215564,222270,0.8502202643171806,22820559,24194293
218539,222276,0.8738738738738738,23404702,24194591
222274,222277,0.8592592592592593,24194504,24194690
218395,222278,0.8603603603603603,23339986,24194692
222284,222285,0.9090909090909091,24195946,24195950
216720,222314,0.875,23077346,24201830
217967,222315,0.8535564853556485,23279871,24201960
218395,222318,0.8888888888888888,23339986,24202231
216720,222321,0.85,23077346,24203354
217967,222322,0.8558558558558559,23279871,24203433
222330,222331,0.86,24204993,24204996
210319,222337,0.8571428571428571,21942493,24206341
59504,222352,0.8883495145631068,10068304,24208072
83887,222352,0.8532110091743119,11447287,24208072
222350,222356,0.8807339449541285,24207792,24208323
222352,222356,0.9004739336492891,24208072,24208323
222257,222359,0.8559670781893004,24192382,24208554
216720,222360,0.9422222222222222,23077346,24208591
218539,222361,0.8508771929824561,23404702,24208651
218395,222363,0.8508771929824561,23339986,24209235
216720,222364,0.8516949152542372,23077346,24209278
217967,222368,0.8565400843881856,23279871,24210939
210319,222382,0.8571428571428571,21942493,24214353
207597,222408,0.8787878787878788,21532781,24222889
218000,222428,0.8669527896995708,23282796,24229717
218539,222429,0.8660714285714286,23404702,24229783
217380,222462,0.8513853904282116,23190383,24244031
216720,222468,0.864406779661017,23077346,24248020
180637,222480,0.8955223880597015,18224558,24255127
219158,222514,0.863013698630137,23523973,24288563
216546,222515,0.8648648648648649,23053785,24288818
222470,222515,0.8552631578947368,24248514,24288818
218395,222519,0.8533333333333334,23339986,24291224
218539,222520,0.8660714285714286,23404702,24291396
133938,222588,0.8727272727272727,14526979,24400324
217872,222601,0.8932038834951457,23265455,24408170
115877,222645,0.875,13401677,24456929
222670,222671,0.8848039215686274,24473013,24473017
215181,222696,0.8515625,22771668,24480720
218574,222698,0.8619718309859155,23428477,24481971
216720,222709,0.8506224066390041,23077346,24486013
146111,222720,0.855072463768116,15280110,24506166
211882,222723,0.8791208791208791,22290586,24508215
222740,222742,0.9437869822485208,24525273,24525867
85217,222744,0.9099099099099099,11523712,24527653
222770,222771,0.9905660377358491,24618244,24618342
222775,222776,1.0,24624391,24624525
88593,222793,0.8879310344827587,11770943,24641688
19636,222855,0.8696319018404908,8432078,24725406
